<?xml version="1.0" encoding="UTF-8"?>
<clinical_study rank="62">
  <!-- This xml conforms to an XML Schema at:
    https://clinicaltrials.gov/ct2/html/images/info/public.xsd -->
  <required_header>
    <download_date>ClinicalTrials.gov processed this data on May 26, 2023</download_date>
    <link_text>Link to the current ClinicalTrials.gov record.</link_text>
    <url>https://clinicaltrials.gov/show/NCT01830933</url>
  </required_header>
  <id_info>
    <org_study_id>150B-0158</org_study_id>
    <nct_id>NCT01830933</nct_id>
    <nct_alias>NCT01836250</nct_alias>
  </id_info>
  <brief_title>Breast Cancer Risk Reduction: A Patient Doctor Intervention</brief_title>
  <acronym>BreastCARE</acronym>
  <official_title>Breast Cancer Risk Reduction: A Patient Doctor Intervention</official_title>
  <sponsors>
    <lead_sponsor>
      <agency>University of California, San Francisco</agency>
      <agency_class>Other</agency_class>
    </lead_sponsor>
    <collaborator>
      <agency>Susan G. Komen Breast Cancer Foundation</agency>
      <agency_class>Other</agency_class>
    </collaborator>
    <collaborator>
      <agency>California Breast Cancer Research Program</agency>
      <agency_class>Other</agency_class>
    </collaborator>
  </sponsors>
  <source>University of California, San Francisco</source>
  <oversight_info>
    <has_dmc>Yes</has_dmc>
  </oversight_info>
  <brief_summary>
    <textblock>
      The proposed research combines the scientific advances in breast cancer research with health&#xD;
      information technology (IT) to design a personalized intervention that assesses breast cancer&#xD;
      risk for women, disseminates important breast health information, and facilitates discussion&#xD;
      of breast cancer risk reduction practices. Our goal is to implement a tablet-PC (personal&#xD;
      computer) based breast cancer risk education (BreastCare) intervention in the primary care&#xD;
      setting that estimates a woman's individual risk for breast cancer and provides her and her&#xD;
      physician with personalized breast cancer risk information and recommendations for action.&#xD;
    </textblock>
  </brief_summary>
  <overall_status>Completed</overall_status>
  <start_date>June 2011</start_date>
  <completion_date type="Actual">December 2012</completion_date>
  <primary_completion_date type="Actual">August 2012</primary_completion_date>
  <phase>N/A</phase>
  <study_type>Interventional</study_type>
  <has_expanded_access>No</has_expanded_access>
  <study_design_info>
    <allocation>Randomized</allocation>
    <intervention_model>Parallel Assignment</intervention_model>
    <primary_purpose>Prevention</primary_purpose>
    <masking>Single (Participant)</masking>
  </study_design_info>
  <primary_outcome>
    <measure>Knowledge of Breast Cancer Risk Factors</measure>
    <time_frame>one week post-initial visit (approximately one week)</time_frame>
    <description>Risk knowledge was assessed using a post-survey. Participants could have scored 0-100 (with 0 meaning no correct answers, and 100 is all correct answers). This outcome was measured through a survey. Breast cancer risk knowledge was based on a series of eight questions in the survey. O</description>
  </primary_outcome>
  <primary_outcome>
    <measure>Percentage of Participants With Correct Perception of Risk</measure>
    <time_frame>baseline, one week post-initial visit (approximately one week)</time_frame>
    <description>This outcome was measured through a survey. Women were asked what they thought about their risk of getting breast cancer was compared to other women of the same age.</description>
  </primary_outcome>
  <primary_outcome>
    <measure>Percentage of Participants Who Had a Discussion of Breast Cancer Risk</measure>
    <time_frame>one week post-initial visit (approximately one week)</time_frame>
    <description>Self-reported discussion of breast cancer risk with physicians.</description>
  </primary_outcome>
  <primary_outcome>
    <measure>Percentage of Participants Who Reported Discussion of Mammography Screening</measure>
    <time_frame>up to 14 months</time_frame>
    <description>Self reported discussion of mammography with physician.</description>
  </primary_outcome>
  <number_of_arms>2</number_of_arms>
  <enrollment type="Actual">1235</enrollment>
  <condition>Breast Cancer</condition>
  <arm_group>
    <arm_group_label>BreastCARE Intervention</arm_group_label>
    <arm_group_type>Experimental</arm_group_type>
    <description>Intervention Clinic Patients: The RA will welcome the patient upon arrival at the clinic and again explain study procedures and field any questions. The RA will have the patient sign the HIPAA authorization form and then demonstrate how to enter information and answer questions on the tablet-PC and the patient will indicate their consent electronically before beginning the assessment.&#xD;
Intervention Patient Report. Once the patient completes the BreastCare Computer survey, the program will immediately generate a personal feedback report containing information about her risk factors and recommendations to reduce her risk. This report will be printed and given to the patietns before she meets with her doctor.</description>
  </arm_group>
  <arm_group>
    <arm_group_label>BreastCARE Comparison</arm_group_label>
    <arm_group_type>No Intervention</arm_group_type>
    <description>Patients will be randomized into the intervention or comparison groups at the time of recruitment. Block-randomization will be used to assign patients to intervention or comparison groups.&#xD;
Comparison Clinic Patients. Contact and baseline interview procedures will be the same for patients from the comparison clinics, however there will be no computer assessment at the time of their clinic visit. An RA will meet the patient 10 minutes prior to her appointment time to obtain written HIPAA authorization.</description>
  </arm_group>
  <intervention>
    <intervention_type>Other</intervention_type>
    <intervention_name>BreastCARE</intervention_name>
    <description>Physician Report. At the time of an individual participant's visit to her primary care physician and her completion of the assessment tool, her physician will receive a physician report. The physician report is designed to facilitate communication about breast cancer risk during the primary care visit and to provide tailored risk reduction recommendations.</description>
    <arm_group_label>BreastCARE Intervention</arm_group_label>
  </intervention>
  <eligibility>
    <criteria>
      <textblock>
        Inclusion Criteria:&#xD;
&#xD;
          1. Patient component:&#xD;
&#xD;
               -  Women who visit the General Internal Medicine (GIM) practices at SFGH and UCSF&#xD;
                  during the study period&#xD;
&#xD;
               -  Between the ages of 40 and 74&#xD;
&#xD;
               -  Self-identify as Asian American, Spanish- and English-speaking Latinas, African&#xD;
                  American, or White&#xD;
&#xD;
               -  Have no history of breast cancer are eligible to participate.&#xD;
&#xD;
          2. Physician component: Primary care physicians currently practicing at the GIM clinics&#xD;
             at SFGH and UCSF&#xD;
&#xD;
        Exclusion Criteria:&#xD;
&#xD;
          1. Patient component: Women whose physicians object to their participation in the study&#xD;
&#xD;
          2. Physician component: No exclusion criteria for physicians&#xD;
      </textblock>
    </criteria>
    <gender>All</gender>
    <minimum_age>40 Years</minimum_age>
    <maximum_age>74 Years</maximum_age>
    <healthy_volunteers>No</healthy_volunteers>
  </eligibility>
  <overall_official>
    <last_name>Celia P Kaplan, DrPH, MA</last_name>
    <role>Principal Investigator</role>
    <affiliation>University of California, San Francisco</affiliation>
  </overall_official>
  <location>
    <facility>
      <name>San Francisco General Hospital (SFGH)</name>
      <address>
        <city>San Francisco</city>
        <state>California</state>
        <zip>94110</zip>
        <country>United States</country>
      </address>
    </facility>
  </location>
  <location>
    <facility>
      <name>University of California, San Francisco Mt. Zion campus</name>
      <address>
        <city>San Francisco</city>
        <state>California</state>
        <zip>94143</zip>
        <country>United States</country>
      </address>
    </facility>
  </location>
  <location_countries>
    <country>United States</country>
  </location_countries>
  <verification_date>August 2014</verification_date>
  <study_first_submitted>April 10, 2013</study_first_submitted>
  <study_first_submitted_qc>April 10, 2013</study_first_submitted_qc>
  <study_first_posted type="Estimate">April 12, 2013</study_first_posted>
  <results_first_submitted>May 15, 2013</results_first_submitted>
  <results_first_submitted_qc>May 15, 2013</results_first_submitted_qc>
  <results_first_posted type="Estimate">May 16, 2013</results_first_posted>
  <last_update_submitted>August 14, 2014</last_update_submitted>
  <last_update_submitted_qc>August 14, 2014</last_update_submitted_qc>
  <last_update_posted type="Estimate">August 19, 2014</last_update_posted>
  <responsible_party>
    <responsible_party_type>Sponsor</responsible_party_type>
  </responsible_party>
  <keyword>Breast cancer concern, breast cancer risk perception, breast cancer risk</keyword>
  <condition_browse>
    <!-- CAUTION:  The following MeSH terms are assigned with an imperfect algorithm            -->
    <mesh_term>Breast Neoplasms</mesh_term>
  </condition_browse>

  <clinical_results>

    <participant_flow>
      <group_list>
        <group group_id="P1">
          <title>Usual Care</title>
          <description>Usual Care is the comparison Clinic Patients, where there is no change in their standard or usual care.</description>
        </group>
        <group group_id="P2">
          <title>BreastCARE Intervention</title>
          <description>Intervention Clinic Patients: The participants will answer questions on the tablet-PC to calculate their breast cancer risk.&#xD;
Intervention Patient Report. Once the patient completes the BreastCare Computer survey, the program will immediately generate a personal feedback report containing information about her risk factors and recommendations to reduce her risk. This report will be printed and given to the patients before she meets with her doctor.&#xD;
BreastCARE : The physician will receive a physician report that contains information similar to the patient report.</description>
        </group>
      </group_list>
      <period_list>
        <period>
          <title>Overall Study</title>
          <milestone_list>
            <milestone>
              <title>STARTED</title>
              <participants_list>
                <participants group_id="P1" count="823"/>
                <participants group_id="P2" count="812"/>
              </participants_list>
            </milestone>
            <milestone>
              <title>Completed Meet-up</title>
              <participants_list>
                <participants group_id="P1" count="675"/>
                <participants group_id="P2" count="603"/>
              </participants_list>
            </milestone>
            <milestone>
              <title>COMPLETED</title>
              <participants_list>
                <participants group_id="P1" count="655"/>
                <participants group_id="P2" count="580"/>
              </participants_list>
            </milestone>
            <milestone>
              <title>NOT COMPLETED</title>
              <participants_list>
                <participants group_id="P1" count="168"/>
                <participants group_id="P2" count="232"/>
              </participants_list>
            </milestone>
          </milestone_list>
        </period>
      </period_list>
    </participant_flow>

    <baseline>
      <population>Number of participants who completed follow-up.</population>
      <group_list>
        <group group_id="B1">
          <title>Usual Care</title>
          <description>Usual Care is the comparison Clinic Patients, where there is no change in their standard or usual care.</description>
        </group>
        <group group_id="B2">
          <title>BreastCARE Intervention</title>
          <description>Intervention Clinic Patients: The participants will answer questions on the tablet-PC to calculate their breast cancer risk.&#xD;
Intervention Patient Report. Once the patient completes the BreastCare Computer survey, the program will immediately generate a personal feedback report containing information about her risk factors and recommendations to reduce her risk. This report will be printed and given to the patients before she meets with her doctor.&#xD;
BreastCARE : The physician will receive a physician report that contains information similar to the patient report.</description>
        </group>
        <group group_id="B3">
          <title>Total</title>
          <description>Total of all reporting groups</description>
        </group>
      </group_list>
      <analyzed_list>
        <analyzed>
          <units>Participants</units>
          <scope>Overall</scope>
          <count_list>
            <count group_id="B1" value="655"/>
            <count group_id="B2" value="580"/>
            <count group_id="B3" value="1235"/>
          </count_list>
        </analyzed>
      </analyzed_list>
      <measure_list>
        <measure>
          <title>Age, Customized</title>
          <units>participants</units>
          <param>Number</param>
          <class_list>
            <class>
              <title>&lt;50 years</title>
              <category_list>
                <category>
                  <measurement_list>
                    <measurement group_id="B1" value="183"/>
                    <measurement group_id="B2" value="182"/>
                    <measurement group_id="B3" value="365"/>
                  </measurement_list>
                </category>
              </category_list>
            </class>
            <class>
              <title>51-65 years</title>
              <category_list>
                <category>
                  <measurement_list>
                    <measurement group_id="B1" value="362"/>
                    <measurement group_id="B2" value="300"/>
                    <measurement group_id="B3" value="662"/>
                  </measurement_list>
                </category>
              </category_list>
            </class>
            <class>
              <title>&gt;65 years</title>
              <category_list>
                <category>
                  <measurement_list>
                    <measurement group_id="B1" value="110"/>
                    <measurement group_id="B2" value="98"/>
                    <measurement group_id="B3" value="208"/>
                  </measurement_list>
                </category>
              </category_list>
            </class>
          </class_list>
        </measure>
        <measure>
          <title>Sex: Female, Male</title>
          <units>Participants</units>
          <param>Count of Participants</param>
          <class_list>
            <class>
              <category_list>
                <category>
                  <title>Female</title>
                  <measurement_list>
                    <measurement group_id="B1" value="655"/>
                    <measurement group_id="B2" value="580"/>
                    <measurement group_id="B3" value="1235"/>
                  </measurement_list>
                </category>
                <category>
                  <title>Male</title>
                  <measurement_list>
                    <measurement group_id="B1" value="0"/>
                    <measurement group_id="B2" value="0"/>
                    <measurement group_id="B3" value="0"/>
                  </measurement_list>
                </category>
              </category_list>
            </class>
          </class_list>
        </measure>
        <measure>
          <title>Race/Ethnicity, Customized</title>
          <units>participants</units>
          <param>Number</param>
          <class_list>
            <class>
              <title>Non-Latina White</title>
              <category_list>
                <category>
                  <measurement_list>
                    <measurement group_id="B1" value="229"/>
                    <measurement group_id="B2" value="202"/>
                    <measurement group_id="B3" value="431"/>
                  </measurement_list>
                </category>
              </category_list>
            </class>
            <class>
              <title>Latina</title>
              <category_list>
                <category>
                  <measurement_list>
                    <measurement group_id="B1" value="144"/>
                    <measurement group_id="B2" value="141"/>
                    <measurement group_id="B3" value="285"/>
                  </measurement_list>
                </category>
              </category_list>
            </class>
            <class>
              <title>Black/ African American</title>
              <category_list>
                <category>
                  <measurement_list>
                    <measurement group_id="B1" value="150"/>
                    <measurement group_id="B2" value="125"/>
                    <measurement group_id="B3" value="275"/>
                  </measurement_list>
                </category>
              </category_list>
            </class>
            <class>
              <title>Asian or Pacific Islander</title>
              <category_list>
                <category>
                  <measurement_list>
                    <measurement group_id="B1" value="123"/>
                    <measurement group_id="B2" value="105"/>
                    <measurement group_id="B3" value="228"/>
                  </measurement_list>
                </category>
              </category_list>
            </class>
            <class>
              <title>Native American or Other</title>
              <category_list>
                <category>
                  <measurement_list>
                    <measurement group_id="B1" value="9"/>
                    <measurement group_id="B2" value="7"/>
                    <measurement group_id="B3" value="16"/>
                  </measurement_list>
                </category>
              </category_list>
            </class>
          </class_list>
        </measure>
        <measure>
          <title>Region of Enrollment</title>
          <units>participants</units>
          <param>Number</param>
          <class_list>
            <class>
              <title>United States</title>
              <category_list>
                <category>
                  <measurement_list>
                    <measurement group_id="B1" value="655"/>
                    <measurement group_id="B2" value="580"/>
                    <measurement group_id="B3" value="1235"/>
                  </measurement_list>
                </category>
              </category_list>
            </class>
          </class_list>
        </measure>
      </measure_list>
    </baseline>

    <outcome_list>
      <outcome>
        <type>Primary</type>
        <title>Knowledge of Breast Cancer Risk Factors</title>
        <description>Risk knowledge was assessed using a post-survey. Participants could have scored 0-100 (with 0 meaning no correct answers, and 100 is all correct answers). This outcome was measured through a survey. Breast cancer risk knowledge was based on a series of eight questions in the survey. O</description>
        <time_frame>one week post-initial visit (approximately one week)</time_frame>
        <group_list>
          <group group_id="O1">
            <title>Usual Care</title>
            <description>Usual Care is the comparison Clinic Patients, where there is no change in their standard or usual care.</description>
          </group>
          <group group_id="O2">
            <title>BreastCARE Intervention</title>
            <description>Intervention Clinic Patients: The participants will answer questions on the tablet-PC to calculate their breast cancer risk.&#xD;
Intervention Patient Report. Once the patient completes the BreastCare Computer survey, the program will immediately generate a personal feedback report containing information about her risk factors and recommendations to reduce her risk. This report will be printed and given to the patients before she meets with her doctor.&#xD;
BreastCARE : The physician will receive a physician report that contains information similar to the patient report.</description>
          </group>
        </group_list>
        <measure>
          <title>Knowledge of Breast Cancer Risk Factors</title>
          <description>Risk knowledge was assessed using a post-survey. Participants could have scored 0-100 (with 0 meaning no correct answers, and 100 is all correct answers). This outcome was measured through a survey. Breast cancer risk knowledge was based on a series of eight questions in the survey. O</description>
          <units>units on a scale</units>
          <param>Mean</param>
          <dispersion>Standard Deviation</dispersion>
          <analyzed_list>
            <analyzed>
              <units>Participants</units>
              <scope>Measure</scope>
              <count_list>
                <count group_id="O1" value="655"/>
                <count group_id="O2" value="580"/>
              </count_list>
            </analyzed>
          </analyzed_list>
          <class_list>
            <class>
              <category_list>
                <category>
                  <measurement_list>
                    <measurement group_id="O1" value="48.9" spread="24.3"/>
                    <measurement group_id="O2" value="56.4" spread="24.3"/>
                  </measurement_list>
                </category>
              </category_list>
            </class>
          </class_list>
        </measure>
      </outcome>
      <outcome>
        <type>Primary</type>
        <title>Percentage of Participants With Correct Perception of Risk</title>
        <description>This outcome was measured through a survey. Women were asked what they thought about their risk of getting breast cancer was compared to other women of the same age.</description>
        <time_frame>baseline, one week post-initial visit (approximately one week)</time_frame>
        <group_list>
          <group group_id="O1">
            <title>Usual Care</title>
            <description>Usual Care is the comparison Clinic Patients, where there is no change in their standard or usual care.</description>
          </group>
          <group group_id="O2">
            <title>BreastCARE Intervention</title>
            <description>Intervention Clinic Patients: The participants will answer questions on the tablet-PC to calculate their breast cancer risk.&#xD;
Intervention Patient Report. Once the patient completes the BreastCare Computer survey, the program will immediately generate a personal feedback report containing information about her risk factors and recommendations to reduce her risk. This report will be printed and given to the patients before she meets with her doctor.&#xD;
BreastCARE : The physician will receive a physician report that contains information similar to the patient report.</description>
          </group>
        </group_list>
        <measure>
          <title>Percentage of Participants With Correct Perception of Risk</title>
          <description>This outcome was measured through a survey. Women were asked what they thought about their risk of getting breast cancer was compared to other women of the same age.</description>
          <units>percentage of participants</units>
          <param>Number</param>
          <analyzed_list>
            <analyzed>
              <units>Participants</units>
              <scope>Measure</scope>
              <count_list>
                <count group_id="O1" value="655"/>
                <count group_id="O2" value="580"/>
              </count_list>
            </analyzed>
          </analyzed_list>
          <class_list>
            <class>
              <title>Baseline</title>
              <category_list>
                <category>
                  <measurement_list>
                    <measurement group_id="O1" value="69.9"/>
                    <measurement group_id="O2" value="65.9"/>
                  </measurement_list>
                </category>
              </category_list>
            </class>
            <class>
              <title>Final (one week post-intial visit)</title>
              <category_list>
                <category>
                  <measurement_list>
                    <measurement group_id="O1" value="73.3"/>
                    <measurement group_id="O2" value="71.1"/>
                  </measurement_list>
                </category>
              </category_list>
            </class>
          </class_list>
        </measure>
      </outcome>
      <outcome>
        <type>Primary</type>
        <title>Percentage of Participants Who Had a Discussion of Breast Cancer Risk</title>
        <description>Self-reported discussion of breast cancer risk with physicians.</description>
        <time_frame>one week post-initial visit (approximately one week)</time_frame>
        <group_list>
          <group group_id="O1">
            <title>Usual Care</title>
            <description>Usual Care is the comparison Clinic Patients, where there is no change in their standard or usual care.</description>
          </group>
          <group group_id="O2">
            <title>BreastCARE Intervention</title>
            <description>Intervention Clinic Patients: The participants will answer questions on the tablet-PC to calculate their breast cancer risk.&#xD;
Intervention Patient Report. Once the patient completes the BreastCare Computer survey, the program will immediately generate a personal feedback report containing information about her risk factors and recommendations to reduce her risk. This report will be printed and given to the patients before she meets with her doctor.&#xD;
BreastCARE : The physician will receive a physician report that contains information similar to the patient report.</description>
          </group>
        </group_list>
        <measure>
          <title>Percentage of Participants Who Had a Discussion of Breast Cancer Risk</title>
          <description>Self-reported discussion of breast cancer risk with physicians.</description>
          <units>percentage of participants</units>
          <param>Number</param>
          <analyzed_list>
            <analyzed>
              <units>Participants</units>
              <scope>Measure</scope>
              <count_list>
                <count group_id="O1" value="655"/>
                <count group_id="O2" value="580"/>
              </count_list>
            </analyzed>
          </analyzed_list>
          <class_list>
            <class>
              <category_list>
                <category>
                  <measurement_list>
                    <measurement group_id="O1" value="15"/>
                    <measurement group_id="O2" value="41"/>
                  </measurement_list>
                </category>
              </category_list>
            </class>
          </class_list>
        </measure>
      </outcome>
      <outcome>
        <type>Primary</type>
        <title>Percentage of Participants Who Reported Discussion of Mammography Screening</title>
        <description>Self reported discussion of mammography with physician.</description>
        <time_frame>up to 14 months</time_frame>
        <group_list>
          <group group_id="O1">
            <title>Usual Care</title>
            <description>Usual Care is the comparison Clinic Patients, where there is no change in their standard or usual care.</description>
          </group>
          <group group_id="O2">
            <title>BreastCARE Intervention</title>
            <description>Intervention Clinic Patients: The participants will answer questions on the tablet-PC to calculate their breast cancer risk.&#xD;
Intervention Patient Report. Once the patient completes the BreastCare Computer survey, the program will immediately generate a personal feedback report containing information about her risk factors and recommendations to reduce her risk. This report will be printed and given to the patients before she meets with her doctor.&#xD;
BreastCARE : The physician will receive a physician report that contains information similar to the patient report.</description>
          </group>
        </group_list>
        <measure>
          <title>Percentage of Participants Who Reported Discussion of Mammography Screening</title>
          <description>Self reported discussion of mammography with physician.</description>
          <units>percentage of participants</units>
          <param>Number</param>
          <analyzed_list>
            <analyzed>
              <units>Participants</units>
              <scope>Measure</scope>
              <count_list>
                <count group_id="O1" value="655"/>
                <count group_id="O2" value="580"/>
              </count_list>
            </analyzed>
          </analyzed_list>
          <class_list>
            <class>
              <category_list>
                <category>
                  <measurement_list>
                    <measurement group_id="O1" value="51.6"/>
                    <measurement group_id="O2" value="61.5"/>
                  </measurement_list>
                </category>
              </category_list>
            </class>
          </class_list>
        </measure>
      </outcome>
    </outcome_list>

    <reported_events>
      <group_list>
        <group group_id="E1">
          <title>Usual Care</title>
          <description>Usual Care is the comparison Clinic Patients, where there is no change in their standard or usual care.</description>
        </group>
        <group group_id="E2">
          <title>BreastCARE Intervention</title>
          <description>Intervention Clinic Patients: The participants will answer questions on the tablet-PC to calculate their breast cancer risk.&#xD;
Intervention Patient Report. Once the patient completes the BreastCare Computer survey, the program will immediately generate a personal feedback report containing information about her risk factors and recommendations to reduce her risk. This report will be printed and given to the patients before she meets with her doctor.&#xD;
BreastCARE : The physician will receive a physician report that contains information similar to the patient report.</description>
        </group>
      </group_list>
      <serious_events>
        <category_list>
          <category>
            <title>Total</title>
            <event_list>
              <event>
                <sub_title>Total, serious adverse events</sub_title>
                <counts group_id="E1" subjects_affected="0" subjects_at_risk="655"/>
                <counts group_id="E2" subjects_affected="0" subjects_at_risk="580"/>
              </event>
            </event_list>
          </category>
        </category_list>
      </serious_events>
      <other_events>
        <frequency_threshold>0</frequency_threshold>
        <category_list>
          <category>
            <title>Total</title>
            <event_list>
              <event>
                <sub_title>Total, other adverse events</sub_title>
                <counts group_id="E1" subjects_affected="0" subjects_at_risk="655"/>
                <counts group_id="E2" subjects_affected="0" subjects_at_risk="580"/>
              </event>
            </event_list>
          </category>
        </category_list>
      </other_events>
    </reported_events>

    <certain_agreements>
      <pi_employee>Principal Investigators are NOT employed by the organization sponsoring the study.</pi_employee>
      <restrictive_agreement>There is NOT an agreement between Principal Investigators and the Sponsor (or its agents) that restricts the PI's rights to discuss or publish trial results after the trial is completed. </restrictive_agreement>
    </certain_agreements>
    <point_of_contact>
      <name_or_title>Celia P. Kaplan, Professor</name_or_title>
      <organization>University of California, San Francisco</organization>
      <phone>415-502-5601</phone>
      <email>celia.kaplan@ucsf.edu</email>
    </point_of_contact>
  </clinical_results>
</clinical_study>

