<?xml version="1.0" encoding="UTF-8"?>
<clinical_study rank="149">
  <!-- This xml conforms to an XML Schema at:
    https://clinicaltrials.gov/ct2/html/images/info/public.xsd -->
  <required_header>
    <download_date>ClinicalTrials.gov processed this data on May 26, 2023</download_date>
    <link_text>Link to the current ClinicalTrials.gov record.</link_text>
    <url>https://clinicaltrials.gov/show/NCT00854789</url>
  </required_header>
  <id_info>
    <org_study_id>03-20012</org_study_id>
    <nct_id>NCT00854789</nct_id>
  </id_info>
  <brief_title>Safety and Efficacy Study of HER2/Neu (E75) Vaccine in Breast Cancer</brief_title>
  <official_title>Phase Ib Trial of HER2/Neu Peptide (E75) Vaccine in Node Negative Breast Cancer Patients</official_title>
  <sponsors>
    <lead_sponsor>
      <agency>COL George Peoples, MD, FACS</agency>
      <agency_class>U.S. Fed</agency_class>
    </lead_sponsor>
    <collaborator>
      <agency>Uniformed Services University of the Health Sciences</agency>
      <agency_class>U.S. Fed</agency_class>
    </collaborator>
  </sponsors>
  <source>Walter Reed Army Medical Center</source>
  <oversight_info>
    <has_dmc>No</has_dmc>
  </oversight_info>
  <brief_summary>
    <textblock>
      The objectives of this study are the following:&#xD;
&#xD;
        1. To assess safety and document local and systemic toxicity to the peptide vaccine (E75)&#xD;
           in node-negative breast cancer patients.&#xD;
&#xD;
        2. To determine the optimal dose of the immunoadjuvant, GM-CSF, necessary to elicit an in&#xD;
           vivo cellular immune response to the peptide vaccine yet limit toxicity.&#xD;
&#xD;
        3. To determine the optimal inoculation schedule to elicit an in vivo cellular immune&#xD;
           response to the peptide vaccine.&#xD;
&#xD;
        4. To correlate the efficiency of eliciting an in vivo cellular immune response to the&#xD;
           peptide vaccine with the degree of HER2/neu expression in the patient's tumor.&#xD;
    </textblock>
  </brief_summary>
  <detailed_description>
    <textblock>
      Breast cancer is the most common malignancy and second most common cause of cancer-specific&#xD;
      death among women in the United States. Despite advances in the diagnosis and treatment of&#xD;
      breast cancer, one third of the women who develop the disease will die of the disease,&#xD;
      accounting for approximately 46,300 deaths/year. While good primary therapies are available&#xD;
      to treat early stage breast cancer, there is a substantial failure rate to these therapies in&#xD;
      more advanced disease.&#xD;
&#xD;
      Advances in the understanding of the immune response to cancer have led to the genesis of&#xD;
      immunotherapeutic approaches. Specifically, the development of anti-cancer vaccines holds&#xD;
      promise as an adjuvant and preventive therapy for patients after primary surgical and medical&#xD;
      treatment for breast cancer, but who are at a high risk for recurrence. While patients with&#xD;
      hormone receptor positive tumors have the option to undergo hormonal therapy, recurrence is&#xD;
      especially high among estrogen receptor/progesterone receptor (ER/PR) negative patients. For&#xD;
      these patients, currently there is no good treatment option after completion of primary&#xD;
      therapy; close surveillance and watchful waiting is the standard. It is this population of&#xD;
      patients that we have targeted with a vaccine strategy to induce cellular immunity.&#xD;
&#xD;
      In our first vaccine study, (WU # 00-2005: Phase Ib Trial of HER2/neu Peptide (E75) Vaccine&#xD;
      in Breast Cancer Patients at High Risk for Recurrence after Surgical and Medical Therapies)&#xD;
      we have vaccinated node-positive, HER2/neu-positive breast cancer patients with an&#xD;
      immunogenic peptide from the HER2/neu protein mixed with a FDA-approved immunoadjuvant,&#xD;
      GM-CSF. The study is still enrolling patients, but to date the vaccine has been safe with&#xD;
      very limited toxicity and has been very effective at inducing an immune response to the&#xD;
      vaccinated peptide. However, it is too early to determine if this immunity will be protective&#xD;
      against disease recurrence.&#xD;
&#xD;
      However, with the early immunologic success of the trial, we now intend to more thoroughly&#xD;
      study the optimal dose and schedule of vaccinations necessary to efficiently raise immunity&#xD;
      against the peptide. In order to study these permeations, we will need to vaccinate&#xD;
      significantly more patients; therefore, we propose to vaccinate node-negative breast patients&#xD;
      since 75-80% of patients present with early stage breast cancer. Furthermore, we intend to&#xD;
      vaccinate patients regardless of their HER2/neu status in order to determine the impact of&#xD;
      prior exposure to this antigen on our ability to raise immunity against HER2/neu. Are&#xD;
      patients with prior exposure to HER2/neu sensitized or tolerized to this antigen? This&#xD;
      question must be answered in order to determine the usefulness of this vaccine as truly&#xD;
      preventive in a cancer-naïve population.&#xD;
    </textblock>
  </detailed_description>
  <overall_status>Completed</overall_status>
  <start_date>December 2002</start_date>
  <completion_date type="Actual">March 2013</completion_date>
  <primary_completion_date type="Actual">May 2012</primary_completion_date>
  <phase>Phase 1</phase>
  <study_type>Interventional</study_type>
  <has_expanded_access>No</has_expanded_access>
  <study_design_info>
    <allocation>Randomized</allocation>
    <intervention_model>Parallel Assignment</intervention_model>
    <primary_purpose>Prevention</primary_purpose>
    <masking>None (Open Label)</masking>
  </study_design_info>
  <primary_outcome>
    <measure>The primary endpoints are the safety and optimal dosing of the vaccine to induce an in vivo peptide-specific immune response.</measure>
    <time_frame>Time period needed to determine the maximum tolerated and optimal biologic doses (30 days after each monthly dose)</time_frame>
  </primary_outcome>
  <secondary_outcome>
    <measure>Time to recurrence is measured as a secondary outcome measure.</measure>
    <time_frame>30 days after each monthly vaccine, then per standard of care for breast cancer.</time_frame>
  </secondary_outcome>
  <number_of_arms>2</number_of_arms>
  <enrollment type="Actual">95</enrollment>
  <condition>Breast Cancer</condition>
  <arm_group>
    <arm_group_label>Vaccine</arm_group_label>
    <arm_group_type>Experimental</arm_group_type>
    <description>HLA-A2+ and HLA-A3+ patients are administered the E75+GM-CSF vaccine.</description>
  </arm_group>
  <arm_group>
    <arm_group_label>Control/observation</arm_group_label>
    <arm_group_type>No Intervention</arm_group_type>
    <description>HLA-A2- and HLA-A3- patients are prospectively followed for disease recurrence. Control patients are not vaccinated.</description>
  </arm_group>
  <intervention>
    <intervention_type>Biological</intervention_type>
    <intervention_name>E75 + GM-CSF vaccine</intervention_name>
    <description>The 1 ml by volume vaccine is administered intradermally in 0.5 ml inoculums at two different sites within 5 cm of each other on an extremity. Vaccinations will be given according to the schedule the patient has been assigned and will be administered in the same lymph node draining area (same arm or thigh). In addition, an optional booster inoculation as requested by previously vaccinated patients will be offered every 6 months for the duration of the protocol. The dose will be determined by the PI based on the patient's response to the initial vaccination series.</description>
    <arm_group_label>Vaccine</arm_group_label>
  </intervention>
  <eligibility>
    <criteria>
      <textblock>
        Inclusion Criteria:&#xD;
&#xD;
          1. Breast cancer and negative lymph nodes&#xD;
&#xD;
          2. HLA-A2+ and/or HLA-A3+ to receive the vaccine. HLA-A2-, HLA-A3- patients will be&#xD;
             eligible to be included in the control group.&#xD;
&#xD;
          3. Immunologically intact with a good performance status (defined below).&#xD;
&#xD;
          4. Without evidence of disease.&#xD;
&#xD;
          5. Patients may enroll while receiving appropriate hormonal therapy for their disease.&#xD;
&#xD;
          6. Completion of all standard first-line therapies (but may still be on hormonal therapy)&#xD;
&#xD;
        Exclusion Criteria:&#xD;
&#xD;
          1. HLA-A2- and/or HLA-A3- patients will not be vaccinated&#xD;
&#xD;
          2. Anergic by the Mantoux panel of recall antigens&#xD;
&#xD;
          3. Receiving immunosuppressive therapy&#xD;
&#xD;
          4. In poor health (Karnofsky &lt;60%, ECOG &gt;2)&#xD;
&#xD;
          5. Tbili &gt;1.5 mg/dL and creatinine&gt;2 mg/dL&#xD;
&#xD;
          6. Pregnancy (urine HCG)&#xD;
&#xD;
          7. Active metastatic disease&#xD;
&#xD;
          8. Involved in other experimental protocols (unless approval is first obtained by the&#xD;
             other study PI)&#xD;
&#xD;
          9. Refusal of standard therapies&#xD;
      </textblock>
    </criteria>
    <gender>All</gender>
    <minimum_age>18 Years</minimum_age>
    <maximum_age>N/A</maximum_age>
    <healthy_volunteers>No</healthy_volunteers>
  </eligibility>
  <overall_official>
    <last_name>George E Peoples, MD</last_name>
    <role>Principal Investigator</role>
    <affiliation>Cancer Vaccine Development Program</affiliation>
  </overall_official>
  <location>
    <facility>
      <name>Walter Reed Army Medical Center</name>
      <address>
        <city>Washington</city>
        <state>District of Columbia</state>
        <zip>20307-5001</zip>
        <country>United States</country>
      </address>
    </facility>
  </location>
  <location>
    <facility>
      <name>Windber Medical Center</name>
      <address>
        <city>Windber</city>
        <state>Pennsylvania</state>
        <zip>15963</zip>
        <country>United States</country>
      </address>
    </facility>
  </location>
  <location_countries>
    <country>United States</country>
  </location_countries>
  <reference>
    <citation>Mittendorf EA, Storrer CE, Shriver CD, Ponniah S, Peoples GE. Investigating the combination of trastuzumab and HER2/neu peptide vaccines for the treatment of breast cancer. Ann Surg Oncol. 2006 Aug;13(8):1085-98. doi: 10.1245/ASO.2006.03.069. Epub 2006 Jul 24.</citation>
    <PMID>16865596</PMID>
  </reference>
  <reference>
    <citation>Dehqanzada ZA, Storrer CE, Hueman MT, Foley RJ, Harris KA, Jama YH, Kao TC, Shriver CD, Ponniah S, Peoples GE. Correlations between serum monocyte chemotactic protein-1 levels, clinical prognostic factors, and HER-2/neu vaccine-related immunity in breast cancer patients. Clin Cancer Res. 2006 Jan 15;12(2):478-86. doi: 10.1158/1078-0432.CCR-05-1425.</citation>
    <PMID>16428490</PMID>
  </reference>
  <reference>
    <citation>Woll MM, Fisher CM, Ryan GB, Gurney JM, Storrer CE, Ioannides CG, Shriver CD, Moul JW, McLeod DG, Ponniah S, Peoples GE. Direct measurement of peptide-specific CD8+ T cells using HLA-A2:Ig dimer for monitoring the in vivo immune response to a HER2/neu vaccine in breast and prostate cancer patients. J Clin Immunol. 2004 Jul;24(4):449-61. doi: 10.1023/B:JOCI.0000029117.10791.98.</citation>
    <PMID>15163902</PMID>
  </reference>
  <results_reference>
    <citation>Peoples GE, Gurney JM, Hueman MT, Woll MM, Ryan GB, Storrer CE, Fisher C, Shriver CD, Ioannides CG, Ponniah S. Clinical trial results of a HER2/neu (E75) vaccine to prevent recurrence in high-risk breast cancer patients. J Clin Oncol. 2005 Oct 20;23(30):7536-45. doi: 10.1200/JCO.2005.03.047. Epub 2005 Sep 12.</citation>
    <PMID>16157940</PMID>
  </results_reference>
  <results_reference>
    <citation>Mittendorf EA, Gurney JM, Storrer CE, Shriver CD, Ponniah S, Peoples GE. Vaccination with a HER2/neu peptide induces intra- and inter-antigenic epitope spreading in patients with early stage breast cancer. Surgery. 2006 Mar;139(3):407-18. doi: 10.1016/j.surg.2005.06.059.</citation>
    <PMID>16546506</PMID>
  </results_reference>
  <results_reference>
    <citation>Hueman MT, Stojadinovic A, Storrer CE, Dehqanzada ZA, Gurney JM, Shriver CD, Ponniah S, Peoples GE. Analysis of naive and memory CD4 and CD8 T cell populations in breast cancer patients receiving a HER2/neu peptide (E75) and GM-CSF vaccine. Cancer Immunol Immunother. 2007 Feb;56(2):135-46. doi: 10.1007/s00262-006-0188-9. Epub 2006 Jun 17.</citation>
    <PMID>16783576</PMID>
  </results_reference>
  <results_reference>
    <citation>Dehqanzada ZA, Storrer CE, Hueman MT, Foley RJ, Harris KA, Jama YH, Shriver CD, Ponniah S, Peoples GE. Assessing serum cytokine profiles in breast cancer patients receiving a HER2/neu vaccine using Luminex technology. Oncol Rep. 2007 Mar;17(3):687-94.</citation>
    <PMID>17273752</PMID>
  </results_reference>
  <results_reference>
    <citation>Stojadinovic A, Mittendorf EA, Holmes JP, Amin A, Hueman MT, Ponniah S, Peoples GE. Quantification and phenotypic characterization of circulating tumor cells for monitoring response to a preventive HER2/neu vaccine-based immunotherapy for breast cancer: a pilot study. Ann Surg Oncol. 2007 Dec;14(12):3359-68. doi: 10.1245/s10434-007-9538-x. Epub 2007 Sep 29.</citation>
    <PMID>17906897</PMID>
  </results_reference>
  <results_reference>
    <citation>Peoples GE, Holmes JP, Hueman MT, Mittendorf EA, Amin A, Khoo S, Dehqanzada ZA, Gurney JM, Woll MM, Ryan GB, Storrer CE, Craig D, Ioannides CG, Ponniah S. Combined clinical trial results of a HER2/neu (E75) vaccine for the prevention of recurrence in high-risk breast cancer patients: U.S. Military Cancer Institute Clinical Trials Group Study I-01 and I-02. Clin Cancer Res. 2008 Feb 1;14(3):797-803. doi: 10.1158/1078-0432.CCR-07-1448.</citation>
    <PMID>18245541</PMID>
  </results_reference>
  <results_reference>
    <citation>Amin A, Benavides LC, Holmes JP, Gates JD, Carmichael MG, Hueman MT, Mittendorf EA, Storrer CE, Jama YH, Craig D, Stojadinovic A, Ponniah S, Peoples GE. Assessment of immunologic response and recurrence patterns among patients with clinical recurrence after vaccination with a preventive HER2/neu peptide vaccine: from US Military Cancer Institute Clinical Trials Group Study I-01 and I-02. Cancer Immunol Immunother. 2008 Dec;57(12):1817-25. doi: 10.1007/s00262-008-0509-2. Epub 2008 Apr 8.</citation>
    <PMID>18392824</PMID>
  </results_reference>
  <results_reference>
    <citation>Mittendorf EA, Holmes JP, Ponniah S, Peoples GE. The E75 HER2/neu peptide vaccine. Cancer Immunol Immunother. 2008 Oct;57(10):1511-21. doi: 10.1007/s00262-008-0540-3. Epub 2008 Jun 7.</citation>
    <PMID>18536917</PMID>
  </results_reference>
  <results_reference>
    <citation>Holmes JP, Gates JD, Benavides LC, Hueman MT, Carmichael MG, Patil R, Craig D, Mittendorf EA, Stojadinovic A, Ponniah S, Peoples GE. Optimal dose and schedule of an HER-2/neu (E75) peptide vaccine to prevent breast cancer recurrence: from US Military Cancer Institute Clinical Trials Group Study I-01 and I-02. Cancer. 2008 Oct 1;113(7):1666-75. doi: 10.1002/cncr.23772.</citation>
    <PMID>18726994</PMID>
  </results_reference>
  <results_reference>
    <citation>Holmes JP, Clifton GT, Patil R, Benavides LC, Gates JD, Stojadinovic A, Mittendorf EA, Ponniah S, Peoples GE. Use of booster inoculations to sustain the clinical effect of an adjuvant breast cancer vaccine: from US Military Cancer Institute Clinical Trials Group Study I-01 and I-02. Cancer. 2011 Feb 1;117(3):463-71. doi: 10.1002/cncr.25586. Epub 2010 Sep 15.</citation>
    <PMID>20845479</PMID>
  </results_reference>
  <results_reference>
    <citation>Patil R, Clifton GT, Holmes JP, Amin A, Carmichael MG, Gates JD, Benavides LH, Hueman MT, Ponniah S, Peoples GE. Clinical and immunologic responses of HLA-A3+ breast cancer patients vaccinated with the HER2/neu-derived peptide vaccine, E75, in a phase I/II clinical trial. J Am Coll Surg. 2010 Feb;210(2):140-7. doi: 10.1016/j.jamcollsurg.2009.10.022. Epub 2009 Dec 22.</citation>
    <PMID>20113933</PMID>
  </results_reference>
  <results_reference>
    <citation>Mittendorf EA, Clifton GT, Holmes JP, Clive KS, Patil R, Benavides LC, Gates JD, Sears AK, Stojadinovic A, Ponniah S, Peoples GE. Clinical trial results of the HER-2/neu (E75) vaccine to prevent breast cancer recurrence in high-risk patients: from US Military Cancer Institute Clinical Trials Group Study I-01 and I-02. Cancer. 2012 May 15;118(10):2594-602. doi: 10.1002/cncr.26574. Epub 2011 Oct 11.</citation>
    <PMID>21989902</PMID>
  </results_reference>
  <results_reference>
    <citation>Benavides LC, Sears AK, Gates JD, Clifton GT, Clive KS, Carmichael MG, Holmes JP, Mittendorf EA, Ponniah S, Peoples GE. Comparison of different HER2/neu vaccines in adjuvant breast cancer trials: implications for dosing of peptide vaccines. Expert Rev Vaccines. 2011 Feb;10(2):201-10. doi: 10.1586/erv.10.167.</citation>
    <PMID>21332269</PMID>
  </results_reference>
  <results_reference>
    <citation>Benavides LC, Gates JD, Carmichael MG, Patil R, Holmes JP, Hueman MT, Mittendorf EA, Craig D, Stojadinovic A, Ponniah S, Peoples GE. The impact of HER2/neu expression level on response to the E75 vaccine: from U.S. Military Cancer Institute Clinical Trials Group Study I-01 and I-02. Clin Cancer Res. 2009 Apr 15;15(8):2895-904. doi: 10.1158/1078-0432.CCR-08-1126. Epub 2009 Apr 7. Erratum In: Clin Cancer Res. 2009 Sep 1;15(17):5601. Patel, Ritesh [corrected to Patil, Ritesh].</citation>
    <PMID>19351776</PMID>
  </results_reference>
  <results_reference>
    <citation>Hueman MT, Stojadinovic A, Storrer CE, Foley RJ, Gurney JM, Shriver CD, Ponniah S, Peoples GE. Levels of circulating regulatory CD4+CD25+ T cells are decreased in breast cancer patients after vaccination with a HER2/neu peptide (E75) and GM-CSF vaccine. Breast Cancer Res Treat. 2006 Jul;98(1):17-29. doi: 10.1007/s10549-005-9108-5. Epub 2006 Jun 7.</citation>
    <PMID>16758122</PMID>
  </results_reference>
  <verification_date>March 2020</verification_date>
  <study_first_submitted>March 2, 2009</study_first_submitted>
  <study_first_submitted_qc>March 2, 2009</study_first_submitted_qc>
  <study_first_posted type="Estimate">March 3, 2009</study_first_posted>
  <last_update_submitted>March 28, 2020</last_update_submitted>
  <last_update_submitted_qc>March 28, 2020</last_update_submitted_qc>
  <last_update_posted type="Actual">March 31, 2020</last_update_posted>
  <responsible_party>
    <responsible_party_type>Sponsor-Investigator</responsible_party_type>
    <investigator_affiliation>Walter Reed Army Medical Center</investigator_affiliation>
    <investigator_full_name>COL George Peoples, MD, FACS</investigator_full_name>
    <investigator_title>Chief, Surgical Oncology, Brooke Army Medical Center; Director and Principal Investigator, Cancer Vaccine Development Program</investigator_title>
  </responsible_party>
  <keyword>Breast cancer</keyword>
  <condition_browse>
    <!-- CAUTION:  The following MeSH terms are assigned with an imperfect algorithm            -->
    <mesh_term>Breast Neoplasms</mesh_term>
  </condition_browse>
  <!-- Results have not yet been posted for this study                                          -->
</clinical_study>

