<?xml version="1.0" encoding="UTF-8"?>
<clinical_study rank="396">
  <!-- This xml conforms to an XML Schema at:
    https://clinicaltrials.gov/ct2/html/images/info/public.xsd -->
  <required_header>
    <download_date>ClinicalTrials.gov processed this data on May 26, 2023</download_date>
    <link_text>Link to the current ClinicalTrials.gov record.</link_text>
    <url>https://clinicaltrials.gov/show/NCT02491697</url>
  </required_header>
  <id_info>
    <org_study_id>CZ1H-BC-001</org_study_id>
    <nct_id>NCT02491697</nct_id>
  </id_info>
  <brief_title>Immunotherapy Combined With Capecitabine Versus Capecitabine Monotherapy in Advanced Breast Cancer</brief_title>
  <official_title>Randomized Controlled Trial Comparing Dendritic Cells Co-cultured With Cytokine-induced Killer Cells Immunotherapy Combined With Capecitabine Versus Capecitabine Monotherapy in Advanced Breast Cancer</official_title>
  <sponsors>
    <lead_sponsor>
      <agency>The First People's Hospital of Changzhou</agency>
      <agency_class>Other</agency_class>
    </lead_sponsor>
  </sponsors>
  <source>The First People's Hospital of Changzhou</source>
  <oversight_info>
    <has_dmc>No</has_dmc>
  </oversight_info>
  <brief_summary>
    <textblock>
      The prognosis of advanced breast cancer does not improve much recently although varies of&#xD;
      adjuvant drugs have been tried.Dendritic cells co-cultured with cytokine-induced killer&#xD;
      cells(DC-CIK) immunotherapy has been proved to improve survival in several cancers, but its&#xD;
      role in advanced breast cancer stains unclear. The purpose of this study is to evaluate the&#xD;
      efficacy and safety of DC-CIK immunotherapy combined with capecitabine versus capecitabine&#xD;
      monotherapy for the treatment of advanced breast cancer.&#xD;
    </textblock>
  </brief_summary>
  <detailed_description>
    <textblock>
      1.400 patients with advanced breast cancer should be definitively diagnosis based on&#xD;
      histopathology, according to the 7th American Joint Committee on Cancer(AJCC) Cancer Staging&#xD;
      Manual.&#xD;
&#xD;
      2.All patients will be randomly divided into group A（DC-CIK immunotherapy combined with&#xD;
      capecitabine ) or group B（capecitabine monotherapy).&#xD;
&#xD;
      3.Patients in group A will receive 4 cycles of DC-CIK treatment (every 1 year) and&#xD;
      capecitabine(continuous).Patients in group B will receive only capecitabine&#xD;
      monotherapy(continuous) .&#xD;
&#xD;
      4.The response is assessed using Response Evaluation Criteria in Solid Tumor Group (RECIST)&#xD;
      guidelines.&#xD;
    </textblock>
  </detailed_description>
  <overall_status>Active, not recruiting</overall_status>
  <start_date>February 2016</start_date>
  <completion_date type="Anticipated">August 2033</completion_date>
  <primary_completion_date type="Anticipated">August 2030</primary_completion_date>
  <phase>Phase 2</phase>
  <study_type>Interventional</study_type>
  <has_expanded_access>No</has_expanded_access>
  <study_design_info>
    <allocation>Randomized</allocation>
    <intervention_model>Parallel Assignment</intervention_model>
    <primary_purpose>Treatment</primary_purpose>
    <masking>None (Open Label)</masking>
  </study_design_info>
  <primary_outcome>
    <measure>Overall Survival(OS)</measure>
    <time_frame>1 year</time_frame>
  </primary_outcome>
  <secondary_outcome>
    <measure>Disease-free survival</measure>
    <time_frame>6 months</time_frame>
  </secondary_outcome>
  <other_outcome>
    <measure>Number of participants with side effects</measure>
    <time_frame>1 week</time_frame>
    <description>The side effect was evaluated according to WHO standards, including diarrhea, nausea, vomiting, hand-foot syndrome and neutropenia.</description>
  </other_outcome>
  <other_outcome>
    <measure>Clinical benefit response ( composite)</measure>
    <time_frame>2 months</time_frame>
    <description>complete response(CR),partial response(PR),stable disease(SD)and progressive disease(PD).</description>
  </other_outcome>
  <number_of_arms>2</number_of_arms>
  <enrollment type="Anticipated">400</enrollment>
  <condition>Breast Cancer</condition>
  <arm_group>
    <arm_group_label>Capecitabine Monotherapy</arm_group_label>
    <arm_group_type>Active Comparator</arm_group_type>
    <description>Patients with advanced breast cancer accept capecitabine monotherapy.&#xD;
Drug: Capecitabine</description>
  </arm_group>
  <arm_group>
    <arm_group_label>DC-CIK Immunotherapy+Capecitabine</arm_group_label>
    <arm_group_type>Experimental</arm_group_type>
    <description>Biological/Vaccine: DC-CIK DC-CIK immunotherapy combined with capecitabine are used to treat advanced breast cancer.&#xD;
Drug: Capecitabine</description>
  </arm_group>
  <intervention>
    <intervention_type>Biological</intervention_type>
    <intervention_name>DC-CIK Immunotherapy</intervention_name>
    <description>DC-CIK cells are used to treat advanced breast cancer with capecitabine.</description>
    <arm_group_label>DC-CIK Immunotherapy+Capecitabine</arm_group_label>
    <other_name>DC-CIK</other_name>
  </intervention>
  <intervention>
    <intervention_type>Drug</intervention_type>
    <intervention_name>Capecitabine Monotherapy</intervention_name>
    <description>All patients receive capecitabine monotherapy (2500 mg/m2 twice daily) for 2 weeks followed by a 1-week rest period.And the treatment is repeated every 3 weeks.</description>
    <arm_group_label>Capecitabine Monotherapy</arm_group_label>
    <arm_group_label>DC-CIK Immunotherapy+Capecitabine</arm_group_label>
    <other_name>Capecitabine</other_name>
  </intervention>
  <eligibility>
    <criteria>
      <textblock>
        Inclusion Criteria:&#xD;
&#xD;
          -  Histologically confirmed with advanced breast cancer.&#xD;
&#xD;
          -  Eastern Cooperative Oncology Group (ECOG) performance status was 0 - 2.&#xD;
&#xD;
          -  Hemoglobin≥10.0g/dL, Neutrophil count≥1.5×10^9/L, Platelet count≥75×10^9/L; total&#xD;
             bilirubin(TBIL)≤1.5×ULN; alkaline phosphatase(AKP), aspartate&#xD;
             aminotransferase(AST),ALT≤2.5×ULN(without metastasis of the liver),&#xD;
             AKP,AST,ALT≤5×ULN(with metastasis of the liver); BUN≤1.5×ULN, Cr≤1.5×ULN.&#xD;
&#xD;
          -  Patient received 1-2 kinds of cytotoxic chemotherapy previously.&#xD;
&#xD;
          -  Patient never received capecitabine or other oral fluorouracil.&#xD;
&#xD;
        Exclusion Criteria:&#xD;
&#xD;
          -  Patients who are suffering from serious organ dysfunction.&#xD;
&#xD;
          -  HIV positive or other immunodeficiency disease.&#xD;
&#xD;
          -  Patients who had used long time or are using immunosuppressant drugs.&#xD;
&#xD;
          -  Patients who had active infection.&#xD;
&#xD;
          -  Patients who were allergic to fluorouracil.&#xD;
&#xD;
          -  Pregnant or lactating women.&#xD;
&#xD;
          -  History of other malignancies.&#xD;
&#xD;
          -  Other situations that the researchers considered unsuitable for this study.&#xD;
      </textblock>
    </criteria>
    <gender>All</gender>
    <minimum_age>18 Years</minimum_age>
    <maximum_age>75 Years</maximum_age>
    <healthy_volunteers>No</healthy_volunteers>
  </eligibility>
  <verification_date>July 2015</verification_date>
  <study_first_submitted>July 1, 2015</study_first_submitted>
  <study_first_submitted_qc>July 7, 2015</study_first_submitted_qc>
  <study_first_posted type="Estimate">July 8, 2015</study_first_posted>
  <last_update_submitted>February 21, 2016</last_update_submitted>
  <last_update_submitted_qc>February 21, 2016</last_update_submitted_qc>
  <last_update_posted type="Estimate">February 23, 2016</last_update_posted>
  <responsible_party>
    <responsible_party_type>Sponsor</responsible_party_type>
  </responsible_party>
  <keyword>DC-CIK</keyword>
  <keyword>Breast cancer</keyword>
  <keyword>Capecitabine</keyword>
  <condition_browse>
    <!-- CAUTION:  The following MeSH terms are assigned with an imperfect algorithm            -->
    <mesh_term>Breast Neoplasms</mesh_term>
  </condition_browse>
  <intervention_browse>
    <!-- CAUTION:  The following MeSH terms are assigned with an imperfect algorithm            -->
    <mesh_term>Capecitabine</mesh_term>
  </intervention_browse>
  <!-- Results have not yet been posted for this study                                          -->
</clinical_study>

