<?xml version="1.0" encoding="UTF-8"?>
<clinical_study rank="241">
  <!-- This xml conforms to an XML Schema at:
    https://clinicaltrials.gov/ct2/html/images/info/public.xsd -->
  <required_header>
    <download_date>ClinicalTrials.gov processed this data on May 26, 2023</download_date>
    <link_text>Link to the current ClinicalTrials.gov record.</link_text>
    <url>https://clinicaltrials.gov/show/NCT03591848</url>
  </required_header>
  <id_info>
    <org_study_id>K171005J</org_study_id>
    <secondary_id>2017-A03008-45</secondary_id>
    <nct_id>NCT03591848</nct_id>
  </id_info>
  <brief_title>Pilot Study of a Web-based Decision Aid for Young Women With Breast Cancer, During the Proposal for Preservation of Fertility</brief_title>
  <acronym>DECISIF</acronym>
  <official_title>Evaluation of an Online Decision Support Tool for Young Women With Breast Cancer During the Proposal for Preservation of Fertility</official_title>
  <sponsors>
    <lead_sponsor>
      <agency>Assistance Publique - Hôpitaux de Paris</agency>
      <agency_class>Other</agency_class>
    </lead_sponsor>
  </sponsors>
  <source>Assistance Publique - Hôpitaux de Paris</source>
  <oversight_info>
    <has_dmc>No</has_dmc>
    <is_fda_regulated_drug>No</is_fda_regulated_drug>
    <is_fda_regulated_device>No</is_fda_regulated_device>
  </oversight_info>
  <brief_summary>
    <textblock>
      Comparative study of two information modalities during the care course, aiming to propose the&#xD;
      preservation of fertility to young women with breast cancer (but not yet under treatment):&#xD;
      standard oral information during the PF consultation vs. an online decision support tool,&#xD;
      consulted prior to the PF consultation, during which the standard oral information is&#xD;
      provided.&#xD;
    </textblock>
  </brief_summary>
  <detailed_description>
    <textblock>
      In recent decades, the incidence of breast cancer has increased significantly among young&#xD;
      women. Between 1980 and 2012, there was an increase of 59% and 53% in the 30-39 age group and&#xD;
      the 40-49 age group, respectively. However, both diagnostic and therapeutic advances made it&#xD;
      possible to significantly reduce mortality, at the cost of potentially deleterious&#xD;
      chemotherapeutic treatments for reproductive function. These treatments may therefore be the&#xD;
      cause of a chronic pathology &quot;infertility&quot; that may negatively impact the quality of life of&#xD;
      young breast cancer survivors.&#xD;
&#xD;
      Since 2004, in France, the preservation of fertility (PF) is part of the different laws of&#xD;
      bioethics. The latest cancer plans have highlighted the importance of quality of life in&#xD;
      patients cured of cancer. For young women, this often involves the possibility of accessing&#xD;
      maternity, using their own gametes. Thus, access to an onco fertility consultation should be&#xD;
      systematically proposed, ideally before the initiation of any cancer treatment.&#xD;
&#xD;
      While the importance of oncofertility consultations is now recognized, they raise a certain&#xD;
      number of ethical questions, particularly as to the nature of the information to be&#xD;
      transmitted, whether it is generalizable or not, and how it is delivered and supported.&#xD;
&#xD;
      Very little data on the value of decision support tools in PF for women with breast cancer&#xD;
      are available, while the concept of &quot;shared medical decision&quot; is becoming increasingly&#xD;
      important in the doctor-patient relationship.&#xD;
&#xD;
      The only available studies have shown that these tools can reduce the level of decisional&#xD;
      conflict and regret over fertility-related treatment options, and improve knowledge about&#xD;
      fertility and satisfaction among young women.&#xD;
&#xD;
      This study aims to compare two modalities of delivery of information to breast cancer&#xD;
      patients (not yet under treatment): standard oral information during the prevention of&#xD;
      fertility (PF) consultation vs. an online decision support tool, consulted prior to the PF&#xD;
      consultation, during which the standard oral information is provided.&#xD;
    </textblock>
  </detailed_description>
  <overall_status>Completed</overall_status>
  <start_date type="Actual">September 9, 2018</start_date>
  <completion_date type="Actual">March 17, 2020</completion_date>
  <primary_completion_date type="Actual">March 17, 2020</primary_completion_date>
  <phase>N/A</phase>
  <study_type>Interventional</study_type>
  <has_expanded_access>No</has_expanded_access>
  <study_design_info>
    <allocation>Randomized</allocation>
    <intervention_model>Parallel Assignment</intervention_model>
    <primary_purpose>Supportive Care</primary_purpose>
    <masking>Single (Participant)</masking>
  </study_design_info>
  <primary_outcome>
    <measure>Multidimensional Measure of Informed Choice (MMIC)</measure>
    <time_frame>1 day (During the PF consultation)</time_frame>
    <description>Measure of patient autonomy for making decision, according to the Multidimensional Measure of Informed Choice (MMIC).&#xD;
A series of closed questions (based on the Osgoog's scale) on their feelings about this fertility preservation approach, describing attitudes in regards to &quot;good / bad&quot;, &quot;important / unimportant&quot;, &quot;unhelpful&quot; good thing / bad thing, &quot;&quot; pleasant / unpleasant &quot;and&quot; useful / useless &quot;. Responses go from &quot;very positive&quot; (1) to &quot;very negative&quot; (7).</description>
  </primary_outcome>
  <secondary_outcome>
    <measure>Decisional Conflict Scale Measure on</measure>
    <time_frame>1 day (at the end of the PF consultation)</time_frame>
    <description>patient's decision-making discomfort, specific support needs for decision-making, the quality of decision making, the impact of supportive interventions on health decision-making.</description>
  </secondary_outcome>
  <secondary_outcome>
    <measure>Anxiety</measure>
    <time_frame>1 day ( at the end of the PF consultation)</time_frame>
    <description>: the 6 items of State and Trait Anxiety Inventory [55] [56], a reliable and sensitive measure of anxiety will be used to assess emotional disturbance. It consists of 6 items, indicating the lowest level of anxiety (1 = not at all) and 4 the highest (4 = very much), with a reverse rating items. The items are summated multiplied by 20 and divided by 6. Patients with scores&gt; 50 are considered to have a high level of anxiety.</description>
  </secondary_outcome>
  <number_of_arms>2</number_of_arms>
  <enrollment type="Actual">186</enrollment>
  <condition>Breast Cancer</condition>
  <arm_group>
    <arm_group_label>DECISIF</arm_group_label>
    <arm_group_type>Experimental</arm_group_type>
    <description>Exposed to an online support decision tool, in addition of the standard oral information</description>
  </arm_group>
  <arm_group>
    <arm_group_label>IRIS</arm_group_label>
    <arm_group_type>Active Comparator</arm_group_type>
    <description>Exposed to a standard oral information</description>
  </arm_group>
  <intervention>
    <intervention_type>Behavioral</intervention_type>
    <intervention_name>Online support decision tool</intervention_name>
    <description>Online support decision tool, in addition of the standard oral information</description>
    <arm_group_label>DECISIF</arm_group_label>
  </intervention>
  <intervention>
    <intervention_type>Behavioral</intervention_type>
    <intervention_name>standard oral information</intervention_name>
    <description>standard oral information</description>
    <arm_group_label>DECISIF</arm_group_label>
    <arm_group_label>IRIS</arm_group_label>
  </intervention>
  <eligibility>
    <criteria>
      <textblock>
        Inclusion Criteria:&#xD;
&#xD;
          -  18-40 years women&#xD;
&#xD;
          -  with breast cancer&#xD;
&#xD;
          -  cancer treatment not started, no antecedent of chemotherapy&#xD;
&#xD;
          -  speaking French&#xD;
&#xD;
          -  affiliated in Social Insurance&#xD;
&#xD;
        Exclusion Criteria:&#xD;
&#xD;
          -  recurrence of breast cancer&#xD;
&#xD;
          -  metastatic breast cancer&#xD;
&#xD;
          -  pregnancy in progress&#xD;
&#xD;
          -  Adults protected (wardship, guardianship, protection of justice)&#xD;
      </textblock>
    </criteria>
    <gender>Female</gender>
    <minimum_age>18 Years</minimum_age>
    <maximum_age>40 Years</maximum_age>
    <healthy_volunteers>No</healthy_volunteers>
  </eligibility>
  <overall_official>
    <last_name>Michaël GRYNBERG, PhD</last_name>
    <role>Principal Investigator</role>
    <affiliation>Assistance Publique - Hôpitaux de Paris</affiliation>
  </overall_official>
  <location>
    <facility>
      <name>Reproduction medicine and fertility preservation ANTOINE BECLERE Hospital</name>
      <address>
        <city>Clamart</city>
        <zip>92140</zip>
        <country>France</country>
      </address>
    </facility>
  </location>
  <location_countries>
    <country>France</country>
  </location_countries>
  <verification_date>December 2020</verification_date>
  <study_first_submitted>July 9, 2018</study_first_submitted>
  <study_first_submitted_qc>July 18, 2018</study_first_submitted_qc>
  <study_first_posted type="Actual">July 19, 2018</study_first_posted>
  <last_update_submitted>January 7, 2021</last_update_submitted>
  <last_update_submitted_qc>January 7, 2021</last_update_submitted_qc>
  <last_update_posted type="Actual">January 8, 2021</last_update_posted>
  <responsible_party>
    <responsible_party_type>Sponsor</responsible_party_type>
  </responsible_party>
  <keyword>Breast cancer</keyword>
  <keyword>Preservation of fertility</keyword>
  <keyword>Online support decision tool</keyword>
  <condition_browse>
    <!-- CAUTION:  The following MeSH terms are assigned with an imperfect algorithm            -->
    <mesh_term>Breast Neoplasms</mesh_term>
  </condition_browse>
  <patient_data>
    <sharing_ipd>No</sharing_ipd>
  </patient_data>
  <!-- Results have not yet been posted for this study                                          -->
</clinical_study>

