<?xml version="1.0" encoding="UTF-8"?>
<clinical_study rank="280">
  <!-- This xml conforms to an XML Schema at:
    https://clinicaltrials.gov/ct2/html/images/info/public.xsd -->
  <required_header>
    <download_date>ClinicalTrials.gov processed this data on May 26, 2023</download_date>
    <link_text>Link to the current ClinicalTrials.gov record.</link_text>
    <url>https://clinicaltrials.gov/show/NCT01322412</url>
  </required_header>
  <id_info>
    <org_study_id>I10 009 / SAPA</org_study_id>
    <nct_id>NCT01322412</nct_id>
  </id_info>
  <brief_title>Adapted Physical Activity Effect and Fatigue in Patients With Breast Cancer</brief_title>
  <acronym>SAPA</acronym>
  <official_title>Adapted Physical Activity Effect on Aerobic Function and Fatigue in Patients With Breast Cancer Treated in Adjuvant Phase</official_title>
  <sponsors>
    <lead_sponsor>
      <agency>University Hospital, Limoges</agency>
      <agency_class>Other</agency_class>
    </lead_sponsor>
  </sponsors>
  <source>University Hospital, Limoges</source>
  <oversight_info>
    <has_dmc>No</has_dmc>
  </oversight_info>
  <brief_summary>
    <textblock>
      Physical exercise has been identified as a major item of many chronic diseases and cancer&#xD;
      rehabilitation.&#xD;
&#xD;
      Therefore, physical activity for health is a valid and relevant way to improve quality of&#xD;
      life and to manage cancer patient fatigue. The aim of the study is the assessment of the&#xD;
      effects of a physical activity retraining program on aerobic capacity, strength and fatigue,&#xD;
      in a breast cancer population treated by adjuvant chemotherapy.&#xD;
    </textblock>
  </brief_summary>
  <detailed_description>
    <textblock>
      Physical exercise has been identified as a major item of many chronic diseases and cancer&#xD;
      rehabilitation. It contributes to an improvement in the quality of life and to a decrease in&#xD;
      the current treatment side effects and mortality. Cancer in association with treatment&#xD;
      toxicity and an inactive lifestyle lead to a fall in physical capability and causes problems&#xD;
      in daily activities. The physical capacity and the tolerance for exercise fall simultaneously&#xD;
      leading to a deconditioning vicious circle which increases physical, psychological and&#xD;
      emotional symptoms of fatigue. Therefore, physical activity for health is a valid and&#xD;
      relevant way to improve quality of life and to manage cancer patient fatigue. The aim of the&#xD;
      study is the assessment of the effects of a physical activity retraining program on aerobic&#xD;
      capacity, strength and fatigue, in a breast cancer population treated by adjuvant&#xD;
      chemotherapy.&#xD;
&#xD;
      A total of 44 subjects is required. The programme is organised as follows: Arm A (aerobic and&#xD;
      strength training) and during the 27 weeks of treatment (chemotherapy and radiotherapy); Arm&#xD;
      B (control group). This study includes 3 assessments phases (T0: before adjuvant&#xD;
      chemotherapy; T1 (week 27) and T2: final evaluation at the 54th week). These assessments&#xD;
      include: cardiopulmonary exercise test including maximal oxygen uptake test (VO2max),&#xD;
      six-minute walk test, muscular testing, assessment of physical activity (IPAQ questionnaire),&#xD;
      fatigue (MFI20 questionnaire), quality of life (EORTC QLQ C30), anxiety and depression&#xD;
      symptoms (HADS) and nutritional evaluation: BMI and total body photonic absorption.&#xD;
    </textblock>
  </detailed_description>
  <overall_status>Completed</overall_status>
  <start_date>May 2011</start_date>
  <completion_date type="Actual">July 2013</completion_date>
  <primary_completion_date type="Actual">May 2013</primary_completion_date>
  <study_type>Observational</study_type>
  <has_expanded_access>No</has_expanded_access>
  <study_design_info>
    <observational_model>Other</observational_model>
    <time_perspective>Prospective</time_perspective>
  </study_design_info>
  <primary_outcome>
    <measure>main criterion is exercise tolerance at 27 weeks, measured by VO2 max, following a physical activity (PA) programme</measure>
    <time_frame>27 weeks</time_frame>
  </primary_outcome>
  <secondary_outcome>
    <measure>Assessment at 27 and 54 weeks between the 2 groups of muscle function.</measure>
    <time_frame>54 weeks</time_frame>
  </secondary_outcome>
  <number_of_groups>2</number_of_groups>
  <enrollment type="Actual">44</enrollment>
  <condition>Breast Cancer</condition>
  <arm_group>
    <arm_group_label>Arm A : physical activity program</arm_group_label>
    <description>Arm A : physical activity program (aerobic and strength training) during the 27 weeks of treatment (chemotherapy and radiotherapy) and conventional follow-up during 27 weeks</description>
  </arm_group>
  <arm_group>
    <arm_group_label>Arm B : conventional management</arm_group_label>
    <description>Arm B : conventional management during and after treatment</description>
  </arm_group>
  <eligibility>
    <study_pop>
      <textblock>
        adjuvant breast cancer&#xD;
      </textblock>
    </study_pop>
    <sampling_method>Probability Sample</sampling_method>
    <criteria>
      <textblock>
        Inclusion Criteria:&#xD;
&#xD;
          -  females between 18 and 75 years of age&#xD;
&#xD;
          -  signed written informed consent&#xD;
&#xD;
          -  willing to take part in the trial and to follow the instructions&#xD;
&#xD;
          -  breast tumour, histologically documented&#xD;
&#xD;
          -  patients who have undergone curative surgery&#xD;
&#xD;
          -  patients for whom a 6-treatment course of adjuvant chemotherapy (3FEC100 + taxanes)&#xD;
             and radiotherapy has been scheduled&#xD;
&#xD;
          -  patients with HER2-negative cancer.&#xD;
&#xD;
        Exclusion Criteria:&#xD;
&#xD;
          -  metastatic cancer&#xD;
&#xD;
          -  other primary tumours&#xD;
&#xD;
          -  disability preventing a proper understanding of the instructions for the trial&#xD;
&#xD;
          -  chemotherapy strictly contra-indicated&#xD;
&#xD;
          -  patients who are subject to a court protection, wardship or guardianship order&#xD;
&#xD;
          -  uncontrolled hypertension&#xD;
&#xD;
          -  family history of sudden death in a first-degree relative&#xD;
&#xD;
          -  unstabilised heart disease&#xD;
&#xD;
          -  current treatment with beta-blockers&#xD;
&#xD;
          -  chronic or acute pulmonary disease associated with dyspnoea upon moderate effort&#xD;
&#xD;
          -  uncontrolled thyroid dysfunction&#xD;
&#xD;
          -  uncontrolled diabetes&#xD;
&#xD;
          -  any other serious conditions that are unstabilised, disabling or in which physical&#xD;
             exercise is contra-indicated&#xD;
&#xD;
          -  unable to attend for follow-up throughout the duration of the study&#xD;
&#xD;
          -  ventricular ejection fraction (vef) &lt; 50%, pregnancy or suckling.&#xD;
      </textblock>
    </criteria>
    <gender>Female</gender>
    <minimum_age>18 Years</minimum_age>
    <maximum_age>75 Years</maximum_age>
    <healthy_volunteers>No</healthy_volunteers>
  </eligibility>
  <overall_official>
    <last_name>Vincent FRANCOIS, MD</last_name>
    <role>Principal Investigator</role>
    <affiliation>University Hospital, Limoges</affiliation>
  </overall_official>
  <location>
    <facility>
      <name>Limoges University Hospital</name>
      <address>
        <city>Limoges</city>
        <zip>87042</zip>
        <country>France</country>
      </address>
    </facility>
  </location>
  <location_countries>
    <country>France</country>
  </location_countries>
  <results_reference>
    <citation>Cornette T, Vincent F, Mandigout S, Antonini MT, Leobon S, Labrunie A, Venat L, Lavau-Denes S, Tubiana-Mathieu N. Effects of home-based exercise training on VO2 in breast cancer patients under adjuvant or neoadjuvant chemotherapy (SAPA): a randomized controlled trial. Eur J Phys Rehabil Med. 2016 Apr;52(2):223-32. Epub 2015 May 19.</citation>
    <PMID>25986222</PMID>
  </results_reference>
  <verification_date>March 2011</verification_date>
  <study_first_submitted>March 23, 2011</study_first_submitted>
  <study_first_submitted_qc>March 23, 2011</study_first_submitted_qc>
  <study_first_posted type="Estimate">March 24, 2011</study_first_posted>
  <last_update_submitted>August 17, 2018</last_update_submitted>
  <last_update_submitted_qc>August 17, 2018</last_update_submitted_qc>
  <last_update_posted type="Actual">August 21, 2018</last_update_posted>
  <responsible_party>
    <responsible_party_type>Sponsor</responsible_party_type>
  </responsible_party>
  <keyword>Adapted physical activity</keyword>
  <keyword>breast cancer</keyword>
  <condition_browse>
    <!-- CAUTION:  The following MeSH terms are assigned with an imperfect algorithm            -->
    <mesh_term>Breast Neoplasms</mesh_term>
  </condition_browse>
  <!-- Results have not yet been posted for this study                                          -->
</clinical_study>

