{"protocolSection":{"identificationModule":{"nctId":"NCT03096054","orgStudyIdInfo":{"id":"CRUKD/17/004"},"secondaryIdInfos":[{"id":"2016-001245-80","type":"EUDRACT_NUMBER"}],"organization":{"fullName":"Cancer Research UK","class":"OTHER"},"briefTitle":"A CR-UK Phase I Trial of LY3143921","officialTitle":"A Cancer Research UK (CR-UK) Phase I Trial of LY3143921 a Cdc7 Inhibitor in Adult Patients With Advanced Solid Tumours"},"statusModule":{"statusVerifiedDate":"2022-07","overallStatus":"ACTIVE_NOT_RECRUITING","expandedAccessInfo":{"hasExpandedAccess":false},"startDateStruct":{"date":"2017-06-21","type":"ACTUAL"},"primaryCompletionDateStruct":{"date":"2023-07-31","type":"ESTIMATED"},"completionDateStruct":{"date":"2023-07-31","type":"ESTIMATED"},"studyFirstSubmitDate":"2017-03-15","studyFirstSubmitQcDate":"2017-03-24","studyFirstPostDateStruct":{"date":"2017-03-30","type":"ACTUAL"},"lastUpdateSubmitDate":"2022-07-26","lastUpdatePostDateStruct":{"date":"2022-07-27","type":"ACTUAL"}},"sponsorCollaboratorsModule":{"responsibleParty":{"type":"SPONSOR"},"leadSponsor":{"name":"Cancer Research UK","class":"OTHER"}},"oversightModule":{"oversightHasDmc":true,"isFdaRegulatedDrug":false,"isFdaRegulatedDevice":false},"descriptionModule":{"briefSummary":"This clinical study is looking at a drug called LY3143921 hydrate (a Cdc7 inhibitor) in adult patients with advanced solid tumours. The main aims are to find out the maximum dose of LY3143921 hydrate that can be given safely to patients, more about the potential side effects and how they can be treated","detailedDescription":"This clinical study is looking at a drug called LY3143921 hydrate (a Cdc7 inhibitor). Cdc7 helps our cells replicate correctly. In normal cells, Cdc7 is usually found at a low level, but can reach higher levels in cancer cells. This is often the case in certain types of solid tumour cancers, which we will focus on in this study. It is thought that giving LY3143921 hydrate will block the function of Cdc7 and will affect cancer cells by stopping their replication and causing them to die. LY3143921 hydrate looks promising in laboratory studies and studies in animals.\n\nThis clinical study has two parts:\n\nPart 1 - a 'dose escalation' phase where groups of patients will receive increasing doses of LY3143921 hydrate to find a safe dose and a dose that best targets the cancer cells. This part of the trial is now closed.\n\nPart 2 - an 'expansion' phase where a larger group of patients will receive the highest dose of LY3143921 hydrate considered to be safe from Part 1, to find out more about how the drug is working."},"conditionsModule":{"conditions":["a. Colorectal Cancer","b. High Grade Serous Ovarian Cancer","c. Non Small-cell Lung Cancer (Squamous Cell Variant)","d. Squamous Carcinoma of the Oesophagus","e. Squamous Carcinoma of the Head and Neck (HPV Negative)","f. Urothelial Cancer","g. Breast Cancer (Triple Negative Type)","h. Pancreatic Cancer"]},"designModule":{"studyType":"INTERVENTIONAL","phases":["PHASE1"],"designInfo":{"allocation":"NON_RANDOMIZED","interventionModel":"SEQUENTIAL","primaryPurpose":"TREATMENT","maskingInfo":{"masking":"NONE"}},"enrollmentInfo":{"count":69,"type":"ACTUAL"}},"armsInterventionsModule":{"armGroups":[{"label":"Part 1 a dose escalation","type":"EXPERIMENTAL","description":"Phase where groups of patients will receive increasing doses of LY3143921 hydrate to find a safe dose and a dose that best targets the cancer cells.","interventionNames":["Drug: LY3143921 hydrate"]},{"label":"Part 2 an expansion","type":"EXPERIMENTAL","description":"Phase where a larger group of patients will receive the highest dose of LY3143921 hydrate considered to be safe from Part 1, to find out more about how the drug is working.","interventionNames":["Drug: LY3143921 hydrate"]}],"interventions":[{"type":"DRUG","name":"LY3143921 hydrate","interventionMappedName":[],"description":"LY3143921 hydrate will be administered orally on a daily schedule. Each cycle of treatment will consist of 21 days, and patients may initially receive up to 12 cycles. If the patient is benefitting, they may continue beyond 12 cycles.","armGroupLabels":["Part 1 a dose escalation","Part 2 an expansion"]}]},"outcomesModule":{"primaryOutcomes":[{"measure":"Determination of the maximal dose","description":"Determining the maximal dose at which no more than one patient out of up to six patients at the same dose level experience a highly probably or probably drug related DLT and determining the schedule of administration at which the MTD is established.\n\nDetermining causality of each AE to LY3143921 hydrate and grading severity according to NCI -CTCAE Version 4.02.","timeFrame":"28 days including the single dose on Cycle 1 Day-7"}],"secondaryOutcomes":[{"measure":"Determine the Cmax","description":"LY3143921 hydrate levels will be measured in serum by liquid chromatography mass spectrometry (LCMS) according to agreed standard operating procedures (SOPs) and validated methods.","timeFrame":"Up to 21 time points from first dose"},{"measure":"Determine the Tmax","description":"LY3143921 hydrate levels will be measured in serum by liquid chromatography mass spectrometry (LCMS) according to agreed standard operating procedures (SOPs) and validated methods.","timeFrame":"Up to 21 time points from first dose"},{"measure":"Determine the area under the curve (AUC)","description":"LY3143921 hydrate levels will be measured in serum by liquid chromatography mass spectrometry (LCMS) according to agreed standard operating procedures (SOPs) and validated methods.","timeFrame":"Up to 21 time points from first dose"},{"measure":"Determine the plasma halflife,","description":"LY3143921 hydrate levels will be measured in serum by liquid chromatography mass spectrometry (LCMS) according to agreed standard operating procedures (SOPs) and validated methods.","timeFrame":"Up to 21 time points from first dose"},{"measure":"Determine the volume of distribution","description":"LY3143921 hydrate levels will be measured in serum by liquid chromatography mass spectrometry (LCMS) according to agreed standard operating procedures (SOPs) and validated methods.","timeFrame":"Up to 21 time points from first dose"},{"measure":"Determine the clearance of LY3143921 hydrate","description":"LY3143921 hydrate levels will be measured in serum by liquid chromatography mass spectrometry (LCMS) according to agreed standard operating procedures (SOPs) and validated methods.","timeFrame":"Up to 21 time points from first dose"},{"measure":"Determine the response rate","description":"Free survival rate of patients treated with LY3143921 hydrate according to the Response","timeFrame":"Database lock- 4 weeks after the last patient last"},{"measure":"Determine the median progression","description":"Free survival rate of patients treated with LY3143921 hydrate according to the Response Evaluation Criteria in Solid Tumours (RECIST) version 1.1","timeFrame":"Database lock- 4 weeks after the last patient last"}]},"eligibilityModule":{"eligibilityCriteria":"Inclusion Criteria\n\n1. Histologically proven advanced or metastatic solid tumours, refractory to conventional treatment, or for which no conventional therapy exists or is declined by the patient.\n\n   For Phase Ia (dose escalation): Enriched for patients with tumours commonly associated with p53 mutation or loss of function:\n   1. Colorectal cancer (CRC)\n   2. High grade serous ovarian cancer (HGSOC)\n   3. Non small-cell lung cancer (NSCLC, squamous cell variant)\n   4. Squamous carcinoma of the oesophagus\n   5. Squamous carcinoma of the head and neck (HPV negative)\n   6. Urothelial cancer\n   7. Breast cancer (triple negative type)\n   8. Pancreatic cancer\n\n   For Phase Ib (expansion cohorts): Cohort 1: patients with metastatic CRC; Cohort 2: patients with squamous NSCLC and Cohort 3: patients with solid tumours commonly associated with p53 mutation or loss of function (as described above for the Phase 1a part of the trial).\n   * Consent for pre-treatment and post-treatment fresh tumour biopsy samples in a minimum of six patients in expansion Cohorts 1 and 3, optional for all other patients.\n   * Consent for pre and post treatment skin punch biopsy\n2. Life expectancy of at least 12 weeks.\n3. Written (signed and dated) informed consent and be capable of co-operating with treatment and follow-up.\n4. World Health Organisation (WHO) performance status of 0 or 1\n5. Haematological and biochemical indices within the ranges shown below:\n\n   Laboratory Test Value required\n   * Haemoglobin (Hb) ≥ 9.0 g/dL (no prior transfusion) or ≥ 10.0 g/dL (transfusion within last 4 weeks)\n   * Absolute neutrophil count ≥1.5 x 10\\^9/L\n   * Platelet count ≥100 x 10\\^9/L\n   * Serum bilirubin ≤1.5 x upper limit of normal (ULN)\n   * Alanine amino-transferase (ALT) and aspartate amino-transferase (AST) ≤ 2.5 x (ULN) (or ≤5 x ULN in the presence of liver metastasis)\n\n   Either:\n   * Calculated creatinine clearance (using the Wright or C\\&G formula) \\> 50 mL/min\n   * INR or PTT\\*\\* ≤1.5 x ULN\n   * Albumin ≥ 80% of the lower limit of normal\n\n     * \\*\\*Therapeutic INR values (2.0-3.0) are acceptable to confirm eligibility for patients who are taking concomitant warfarin\n6. Age 18 years or over.\n7. Consent must be given for use of archived tumour samples for all patients.\n8. Disease must be either evaluable or measurable using RECIST v1.1 criteria.\n\nExclusion Criteria:\n\n1. Systemic anti-cancer therapy (with the exception of life-long hormone suppression such as luteinising hormone-releasing hormone (LHRH) agents in prostate cancer) or another investigational agent during the previous 4 weeks (6 weeks for nitrosureas, Mitomycin-C) is not permitted. Previous use of radiotherapy is permitted except where there has been a large volume of bone marrow irradiated or where the irradiated lesion is the only one suitable for RECIST measurability.\n2. Ongoing toxic manifestations of previous treatments (Grade 2 or greater according to NCI-CTCAE v4.02) with the exception of alopecia or certain Grade 2 toxicities, which in the opinion of the investigator and Sponsor should not exclude the patient - these should be discussed on a case by case basis.\n3. Symptomatic brain metastases or spinal cord compression.\n4. Significant baseline hypotension (\\<90mmgHg systolic or \\<50 mmHg diastolic).\n5. Uncontrolled hypertension (\\>160mmHg/100mmHg).\n6. Patients with a known left ventricular ejection fraction (LVEF) \\<50%. An echocardiogram (ECHO) must be performed in all patients.\n7. Women of child-bearing potential3 (or are already pregnant or lactating). However, those patients who meet the following points are considered eligible:\n\n   * Have a negative serum or urine pregnancy test before enrolment and;\n   * Agree to use two forms of contraception (one effective form plus a barrier method) \\[oral, injected or implanted hormonal contraception and condom; intra-uterine device and condom; diaphragm with spermicidal gel and condom\\] or agree to sexual abstinence4, effective from the first administration of LY3143921 hydrate, throughout the trial and for six months afterwards.\n8. Male patients with partners of child-bearing potential. However, those patients who meet the following points are considered eligible:\n\n   * Agree to take measures not to father children by using a barrier method of contraception \\[condom plus spermicide\\] or to sexual abstinence4 effective from the first administration of LY3143921 hydrate, throughout the trial and for six months afterwards.\n   * Men with partners of child-bearing potential must also be willing to ensure that their partner uses an effective method of contraception for the same duration for example, hormonal contraception, intra-uterine device, diaphragm with spermicidal gel or sexual abstinence.\n   * Men with pregnant or lactating partners must be advised to use barrier method contraception (for example, condom plus spermicidal gel) to prevent exposure of the foetus or neonate.\n9. No major surgery within 4 weeks prior to the patient receiving Cycle 1 Day-7 (for dose escalation) or C1 Day1 (for dose expansion). If minor surgery has been performed within 2 weeks of the start of trial treatment then patients must have recovered, and the sponsor and CI should be notified of the nature of this and agree to patient inclusion.\n10. At high medical risk because of non-malignant systemic disease including active uncontrolled infection.\n11. Known to be serologically positive for Hepatitis B, Hepatitis C or Human Immunodeficiency Virus (HIV) (mandatory testing not required).\n12. Significant cardiovascular disease as defined by:\n\n    1. History of congestive heart failure requiring therapy\n    2. History of unstable angina pectoris or myocardial infarction up to 6 months prior to trial entry\n    3. Presence of severe valvular heart disease\n    4. Presence of a ventricular arrhythmia requiring treatment\n13. Past history of corneal ulceration, dry eye syndrome, glaucoma. Contact lenses should also be avoided during participation in the trial.\n14. Any other condition which in the Investigator's opinion would not make the patient a good candidate for the clinical trial.\n15. Is a participant or plans to participate in another interventional clinical trial, whilst taking part in this Phase I study of LY3143921 hydrate. Participation in an observational trial or interventional clinical trial which does not involve administration of an IMP and which would not place an unacceptable burden on the patient in the opinion of the Investigator and Medical Advisor would be acceptable.","healthyVolunteers":false,"sex":"ALL","minimumAge":"18 Years","stdAges":["ADULT","OLDER_ADULT"]},"contactsLocationsModule":{"locations":[{"facility":"Cancer Centre, Belfast City Hospital","city":"Belfast","zip":"BT9 7AB","country":"United Kingdom","geoPoint":{"lat":54.59682,"lon":-5.92541}},{"facility":"Western General Hospital","city":"Edinburgh","zip":"EH4 2XU","country":"United Kingdom","geoPoint":{"lat":55.95206,"lon":-3.19648}},{"facility":"Beatson West of Scotland Cancer Centre","city":"Glasgow","zip":"G12 0YN","country":"United Kingdom","geoPoint":{"lat":55.86515,"lon":-4.25763}},{"facility":"Northern Centre for Cancer Care","city":"Newcastle Upon Tyne","zip":"NE7 7DN","country":"United Kingdom","geoPoint":{"lat":54.97328,"lon":-1.61396}}],"locations_nested":[{"facility":"Cancer Centre, Belfast City Hospital","city":"Belfast","zip":"BT9 7AB","country":"United Kingdom","geoPoint":{"lat":54.59682,"lon":-5.92541}},{"facility":"Western General Hospital","city":"Edinburgh","zip":"EH4 2XU","country":"United Kingdom","geoPoint":{"lat":55.95206,"lon":-3.19648}},{"facility":"Beatson West of Scotland Cancer Centre","city":"Glasgow","zip":"G12 0YN","country":"United Kingdom","geoPoint":{"lat":55.86515,"lon":-4.25763}},{"facility":"Northern Centre for Cancer Care","city":"Newcastle Upon Tyne","zip":"NE7 7DN","country":"United Kingdom","geoPoint":{"lat":54.97328,"lon":-1.61396}}]},"ipdSharingStatementModule":{"ipdSharing":"NO"}},"derivedSection":{"miscInfoModule":{"versionHolder":"2023-07-03","modelPredictions":{"bmiLimits":{"minBmi":0.00,"maxBmi":101.00}}},"conditionBrowseModule":{"meshes":[{"id":"D000002277","term":"Carcinoma"},{"id":"D000004938","term":"Esophageal Neoplasms"},{"id":"D000002294","term":"Carcinoma, Squamous Cell"}],"ancestors":[{"id":"D000009375","term":"Neoplasms, Glandular and Epithelial"},{"id":"D000009370","term":"Neoplasms by Histologic Type"},{"id":"D000009369","term":"Neoplasms"},{"id":"D000009371","term":"Neoplasms by Site"},{"id":"D000005770","term":"Gastrointestinal Neoplasms"},{"id":"D000004067","term":"Digestive System Neoplasms"},{"id":"D000004066","term":"Digestive System Diseases"},{"id":"D000005767","term":"Gastrointestinal Diseases"},{"id":"D000006258","term":"Head and Neck Neoplasms"},{"id":"D000004935","term":"Esophageal Diseases"},{"id":"D000018307","term":"Neoplasms, Squamous Cell"}],"browseLeaves":[{"id":"M12800","name":"Pancreatic Neoplasms","relevance":"LOW"},{"id":"M4910","name":"Breast Neoplasms","relevance":"LOW"},{"id":"M5224","name":"Carcinoma","asFound":"Carcinoma","relevance":"HIGH"},{"id":"M5240","name":"Carcinoma, Squamous Cell","asFound":"Squamous Carcinoma","relevance":"HIGH"},{"id":"M10862","name":"Lung Neoplasms","relevance":"LOW"},{"id":"M5236","name":"Carcinoma, Non-Small-Cell Lung","relevance":"LOW"},{"id":"M12664","name":"Ovarian Neoplasms","relevance":"LOW"},{"id":"M1704","name":"Carcinoma, Ovarian Epithelial","relevance":"LOW"},{"id":"M7778","name":"Esophageal Neoplasms","asFound":"Carcinoma of the esophagus","relevance":"HIGH"},{"id":"M12010","name":"Neoplasms, Glandular and Epithelial","relevance":"LOW"},{"id":"M12005","name":"Neoplasms by Histologic Type","relevance":"LOW"},{"id":"M6946","name":"Digestive System Neoplasms","relevance":"LOW"},{"id":"M8576","name":"Gastrointestinal Neoplasms","relevance":"LOW"},{"id":"M8573","name":"Gastrointestinal Diseases","relevance":"LOW"},{"id":"M6945","name":"Digestive System Diseases","relevance":"LOW"},{"id":"M9038","name":"Head and Neck Neoplasms","relevance":"LOW"},{"id":"M7775","name":"Esophageal Diseases","relevance":"LOW"},{"id":"M20141","name":"Neoplasms, Squamous Cell","relevance":"LOW"},{"id":"T4387","name":"Pancreatic Cancer","asFound":"Pancreatic Cancer","relevance":"HIGH"},{"id":"T4352","name":"Ovarian Cancer","asFound":"Ovarian Cancer","relevance":"HIGH"},{"id":"T4354","name":"Ovarian Epithelial Cancer","relevance":"LOW"},{"id":"T2141","name":"Esophageal Cancer","asFound":"Carcinoma of the esophagus","relevance":"HIGH"}],"browseBranches":[{"abbrev":"BC04","name":"Neoplasms"},{"abbrev":"BC06","name":"Digestive System Diseases"},{"abbrev":"BC19","name":"Gland and Hormone Related Diseases"},{"abbrev":"All","name":"All Conditions"},{"abbrev":"BC17","name":"Skin and Connective Tissue Diseases"},{"abbrev":"BC08","name":"Respiratory Tract (Lung and Bronchial) Diseases"},{"abbrev":"BXS","name":"Urinary Tract, Sexual Organs, and Pregnancy Conditions"},{"abbrev":"Rare","name":"Rare Diseases"}]},"interventionBrowseModule":{}},"hasResults":false}