<?xml version="1.0" encoding="UTF-8"?>
<clinical_study rank="311">
  <!-- This xml conforms to an XML Schema at:
    https://clinicaltrials.gov/ct2/html/images/info/public.xsd -->
  <required_header>
    <download_date>ClinicalTrials.gov processed this data on May 26, 2023</download_date>
    <link_text>Link to the current ClinicalTrials.gov record.</link_text>
    <url>https://clinicaltrials.gov/show/NCT02390427</url>
  </required_header>
  <id_info>
    <org_study_id>15-024</org_study_id>
    <nct_id>NCT02390427</nct_id>
  </id_info>
  <brief_title>Phase Ib Dose-escalation Trial of Taselisib (GDC-0032) in Combination With Anti-HER2 Therapies in Participants With Advanced HER2+ Breast Cancer</brief_title>
  <official_title>Phase Ib Dose-escalation Trial of Taselisib (GDC-0032) in Combination With Anti-HER2 Therapies in Participants With Advanced HER2+ Breast Cancer</official_title>
  <sponsors>
    <lead_sponsor>
      <agency>Otto Metzger, MD</agency>
      <agency_class>Other</agency_class>
    </lead_sponsor>
    <collaborator>
      <agency>Genentech, Inc.</agency>
      <agency_class>Industry</agency_class>
    </collaborator>
  </sponsors>
  <source>Dana-Farber Cancer Institute</source>
  <oversight_info>
    <has_dmc>Yes</has_dmc>
  </oversight_info>
  <brief_summary>
    <textblock>
      This research study is a way of gaining new knowledge about the combination of Taselisib with&#xD;
      other drugs in the treatment of metastatic breast cancer. Taselisib is an investigational&#xD;
      drug which works by blocking a protein called PI3K (phosphoinositide 3-kinase) that helps&#xD;
      cancer cells grow. This drug has been used in laboratory experiments and information from&#xD;
      these studies suggests that this drug may help to prevent or slow the growth of cancer cells.&#xD;
      The main purpose of this study is to find the appropriate dose of Taselisib to be used with&#xD;
      other drugs in further clinical studies. This is an open-label, 3+3 dose-escalation phase Ib&#xD;
      study to identify the Maximum Tolerated Dose(s) (MTD) and to identify the recommended phase 2&#xD;
      dose (RP2D) of Taselisib. This study will be conducted in 4 separate arms. (A-D).&#xD;
    </textblock>
  </brief_summary>
  <detailed_description>
    <textblock>
      This study is divided in two parts, a combination dose finding escalation part (Part 1) and a&#xD;
      dose combination expansion part (Part 2). Participants will enter only one Part (either 1 or&#xD;
      2) and receive study drugs from only one combindation of study drugs, know as arms, as&#xD;
      assigned by the main study physician. The study includes four different arms as listed below:&#xD;
&#xD;
        -  Arm A: Taselisib with Trastuzumab emtansine (also called T-DM1)&#xD;
&#xD;
        -  Arm B: Taselisib with Trastuzumab emtansine and Pertuzumab&#xD;
&#xD;
        -  Arm C: Taselisib with Pertuzumab and Trastuzumab&#xD;
&#xD;
        -  Arm D: Taselisib with Pertuzumab, Trastuzumab, and Paclitaxel&#xD;
&#xD;
      Part 1: Since we are looking for the highest dose of Taselisib that can be administered&#xD;
      safely without severe or unmanageable side effects in participants that have breast cancer,&#xD;
      not everyone who participates in Part 1 of this research study will receive the same dose of&#xD;
      the Taselisib. The dose participants get will depend on the number of participants who have&#xD;
      been enrolled in the study before and how well they have tolerated their doses.&#xD;
&#xD;
      Each combination dose will only be given to a group of 3 - 6 participants. The results from&#xD;
      each group will be reviewed and depending on the results, a different combination dose or&#xD;
      schedule may be investigated in the next group of participants or the same combination dose&#xD;
      taken by a participant may be repeated with the next group of participants to investigate&#xD;
      these results further (a different schedule means that instead of taking doses once every&#xD;
      day, participants may take them only on some days in the week).&#xD;
&#xD;
      Part 2: The doses in this part will be based on the best combination doses from Part 1. This&#xD;
      part will look at the potential side effects and see how your cancer responds to the drug.&#xD;
    </textblock>
  </detailed_description>
  <overall_status>Active, not recruiting</overall_status>
  <start_date type="Actual">April 20, 2015</start_date>
  <completion_date type="Anticipated">December 2023</completion_date>
  <primary_completion_date type="Actual">December 2022</primary_completion_date>
  <phase>Phase 1</phase>
  <study_type>Interventional</study_type>
  <has_expanded_access>No</has_expanded_access>
  <study_design_info>
    <allocation>Non-Randomized</allocation>
    <intervention_model>Parallel Assignment</intervention_model>
    <primary_purpose>Treatment</primary_purpose>
    <masking>None (Open Label)</masking>
  </study_design_info>
  <primary_outcome>
    <measure>Maximum Tolerated Dose (MTD) of Taselisib in combination with anti-HER2 therapy(ies) and/or paclitaxel.</measure>
    <time_frame>28 Days</time_frame>
  </primary_outcome>
  <secondary_outcome>
    <measure>Clinical Benefit Rate (CBR) for efficacy of Taselisib in combination with anti-HER2 therapy(ies) and/or paclitaxel.</measure>
    <time_frame>&gt; or = 6 Months</time_frame>
    <description>Defined as complete response (CR) + partial response (PR) + stable disease (SD) using RECIST 1.1</description>
  </secondary_outcome>
  <secondary_outcome>
    <measure>Progression Free Survival (PFS) for efficacy of Taselisib in combination with anti-HER2 therapy(ies) and/or paclitaxel.</measure>
    <time_frame>2 Years</time_frame>
    <description>Defined as the time from the date of the first dose of study treatment until the date of first documentation of progressive disease (PD) or death from any cause (whichever occurs first)</description>
  </secondary_outcome>
  <secondary_outcome>
    <measure>Overall Survival for efficacy of Taselisib in combination with anti-HER2 therapy(ies) and/or paclitaxel.</measure>
    <time_frame>2 Years</time_frame>
    <description>Defined as the time from the date of the first dose of study treatment until the date of death from any cause</description>
  </secondary_outcome>
  <secondary_outcome>
    <measure>Occurrence of AEs and SAEs during treatment with Taselisib in combination with anti-HER2 therapy(ies) and/or paclitaxel.</measure>
    <time_frame>2 Years</time_frame>
    <description>Defined with CTCAE version 4.0</description>
  </secondary_outcome>
  <secondary_outcome>
    <measure>Occurrence of dose delays or holds</measure>
    <time_frame>More than 7 Days</time_frame>
    <description>Defined as a delay or hold of one of the study agents for more than 7 days</description>
  </secondary_outcome>
  <secondary_outcome>
    <measure>Occurrence of dose reductions</measure>
    <time_frame>2 Years</time_frame>
  </secondary_outcome>
  <secondary_outcome>
    <measure>Dose Limiting Toxicity of Taselisib in combination with anti-HER2 therapy(ies) and/or paclitaxel.</measure>
    <time_frame>28 Days</time_frame>
    <description>Defined as a toxicity within the DLT Assessment Window.</description>
  </secondary_outcome>
  <number_of_arms>4</number_of_arms>
  <enrollment type="Actual">68</enrollment>
  <condition>Metastatic Breast Cancer</condition>
  <condition>Recurrent Breast Cancer</condition>
  <arm_group>
    <arm_group_label>Arm A</arm_group_label>
    <arm_group_type>Experimental</arm_group_type>
    <description>Arm A&#xD;
- Taselisib with Trastuzumab emtansine (also called T-DM1)&#xD;
Taselisib administered orally, daily in each treatment cycle (3 weeks).&#xD;
Trastuzumab emtansine (also called T-DM1) administered once via IV per treatment cycle (3 weeks).</description>
  </arm_group>
  <arm_group>
    <arm_group_label>Arm B</arm_group_label>
    <arm_group_type>Experimental</arm_group_type>
    <description>Arm B&#xD;
-Taselisib with T-DM1 and Pertuzumab&#xD;
Taselisib is administered oral, daily or every other day per treatment cycle (3 weeks).&#xD;
Trastuzumab emtansine (also called T-DM1) administered once via IV per treatment cycle (3 weeks).&#xD;
Pertuzumab- administered once via IV per treatment cycle (3 weeks).</description>
  </arm_group>
  <arm_group>
    <arm_group_label>Arm C</arm_group_label>
    <arm_group_type>Experimental</arm_group_type>
    <description>Arm C:&#xD;
Taselisib with Pertuzumab and Trastuzumab&#xD;
Cohort C will not open without additional authorization from Genentech&#xD;
Taselisib is administered oral, daily in each treatment cycle (3 weeks).&#xD;
Trastuzumab administered once via IV per treatment cycle (3 weeks).&#xD;
Pertuzumab- administered once via IV per treatment cycle (3 weeks).</description>
  </arm_group>
  <arm_group>
    <arm_group_label>Arm D</arm_group_label>
    <arm_group_type>Experimental</arm_group_type>
    <description>Arm D&#xD;
Taselisib with Pertuzumab, Trastuzumab, and Paclitaxel&#xD;
Cohort will not be opened without additional authorization from Genentech&#xD;
Taselisib- administered oral, daily in each treatment cycle (3 weeks).&#xD;
Pertuzumab- administered once via IV per treatment cycle (3 weeks).&#xD;
Trastuzumab administered once via IV per treatment cycle (3 weeks).&#xD;
Paclitaxel- administered via IV, weekly for 3 weeks within each cycle.</description>
  </arm_group>
  <intervention>
    <intervention_type>Drug</intervention_type>
    <intervention_name>Taselisib</intervention_name>
    <arm_group_label>Arm A</arm_group_label>
    <arm_group_label>Arm B</arm_group_label>
    <arm_group_label>Arm C</arm_group_label>
    <arm_group_label>Arm D</arm_group_label>
    <other_name>GCD-0032</other_name>
  </intervention>
  <intervention>
    <intervention_type>Drug</intervention_type>
    <intervention_name>Trastuzumab emtansine</intervention_name>
    <arm_group_label>Arm A</arm_group_label>
    <arm_group_label>Arm B</arm_group_label>
    <other_name>T-DM1</other_name>
    <other_name>Kadcyla</other_name>
  </intervention>
  <intervention>
    <intervention_type>Drug</intervention_type>
    <intervention_name>Pertuzumab</intervention_name>
    <arm_group_label>Arm B</arm_group_label>
    <arm_group_label>Arm C</arm_group_label>
    <arm_group_label>Arm D</arm_group_label>
    <other_name>Perjeta</other_name>
  </intervention>
  <intervention>
    <intervention_type>Drug</intervention_type>
    <intervention_name>Trastuzumab</intervention_name>
    <arm_group_label>Arm C</arm_group_label>
    <arm_group_label>Arm D</arm_group_label>
    <other_name>Herceptin</other_name>
  </intervention>
  <intervention>
    <intervention_type>Drug</intervention_type>
    <intervention_name>Paclitaxel</intervention_name>
    <arm_group_label>Arm D</arm_group_label>
    <other_name>Taxol</other_name>
    <other_name>Onxal</other_name>
  </intervention>
  <eligibility>
    <criteria>
      <textblock>
        Inclusion Criteria:&#xD;
&#xD;
          -  Metastatic, locally advanced , or locally recurrent breast cancer&#xD;
&#xD;
          -  Histologically confirmed HER2+ invasive breast cancer&#xD;
&#xD;
          -  Measurable or non-measurable disease per RECIST v1.1&#xD;
&#xD;
          -  Prior therapy - Prior trastuzumab, lapatinib, pertuzumab, and trastuzumab emtansine&#xD;
             (T-DM1) are allowed. Patients who have received prior therapy with Taselisib&#xD;
             (GDC-0032) or BYL-719 are excluded. There is no limit on the number of prior lines of&#xD;
             therapy.&#xD;
&#xD;
          -  ECOG performance status 0 or 1&#xD;
&#xD;
          -  Normal organ and marrow function as defined below:&#xD;
&#xD;
               -  Absolute neutrophil count ≥ 1,500/mm3&#xD;
&#xD;
               -  Platelets ≥100,000/mm3&#xD;
&#xD;
               -  Total bilirubin &lt; 1.5 X institutional upper limit of normal. For patients with&#xD;
                  Gilbert syndrome, the direct bilirubin should be within the institutional normal&#xD;
                  range&#xD;
&#xD;
               -  AST (SGOT) and ALT (SGPT) &lt; 2.5 X institutional upper limit of normal&#xD;
&#xD;
               -  Serum creatinine ≤ 1.5 x ULN or creatinine clearance ≥ 50 mL/min&#xD;
&#xD;
               -  Fasting glucose ≤ 120 mg/dL and HbA1c &lt; 7%&#xD;
&#xD;
          -  Left ventricular ejection fraction ≥ 50%&#xD;
&#xD;
          -  Women of childbearing potential (including those who have had a tubal ligation) must&#xD;
             have a documented negative pregnancy test within 14 days prior to planned initiation&#xD;
             of Taselisib.&#xD;
&#xD;
          -  Ability to understand and the willingness to sign a written informed consent document.&#xD;
&#xD;
          -  For Part 2: patients must have tissue that is amenable to biopsy and must be willing&#xD;
             to undergo research biopsy. Patients who undergo an attempted research biopsy&#xD;
             procedure for the purpose of this protocol, and in whom inadequate tissue is obtained,&#xD;
             are not required to undergo a repeat biopsy in order to continue on protocol.&#xD;
&#xD;
        Exclusion Criteria:&#xD;
&#xD;
          -  Anti-cancer therapy within 2 weeks prior to entering the study or those who have not&#xD;
             recovered from acute adverse events due to agents administered more than 2 weeks&#xD;
             earlier. Palliative radiation to bony metastases ≥2 weeks prior to study entry is&#xD;
             allowed.&#xD;
&#xD;
          -  Prior treatment with a PI3 kinase, AKT or mTOR inhibitor in which the patient&#xD;
             experienced a Grade ≥3 drug related adverse event or otherwise would be at increased&#xD;
             risk for additional PI3K related toxicity&#xD;
&#xD;
          -  Currently receiving any other investigational agents. Treatment with an&#xD;
             investigational agent within 2 weeks prior to planned initiation of study therapy is&#xD;
             allowed provided that any drug related toxicity has completely resolved&#xD;
&#xD;
          -  Major surgical procedure within 4 weeks prior to planned initiation of study therapy&#xD;
&#xD;
          -  Significant traumatic injury within 3 weeks prior to planned initiation of study&#xD;
             therapy&#xD;
&#xD;
          -  Known untreated brain metastases are excluded. History of treated CNS metastases is&#xD;
             okay, provided the following criteria are met:&#xD;
&#xD;
               -  Disease outside the CNS is present.&#xD;
&#xD;
               -  No evidence of interim progression between the completion of CNS directed therapy&#xD;
                  and the screening radiographic study&#xD;
&#xD;
               -  No history of intracranial hemorrhage or spinal cord hemorrhage&#xD;
&#xD;
               -  Not requiring anti-convulsants for symptomatic control&#xD;
&#xD;
               -  Minimum of 3 weeks between completion of CNS radiotherapy and Cycle 1 Day 1 and&#xD;
                  recovery from significant (Grade ≥ 3) acute toxicity with no ongoing requirement&#xD;
                  for corticosteroid&#xD;
&#xD;
          -  History of allergic reactions or hypersensitivity attributed to compounds of similar&#xD;
             chemical or biologic composition to the Taselisib drug formulation or other agents&#xD;
             used in this study.&#xD;
&#xD;
          -  Receiving any medications or substances that are inhibitors of CYP3A4.&#xD;
&#xD;
          -  Malabsorption syndrome or other condition that would interfere with enteral absorption&#xD;
&#xD;
          -  Active small or large intestine inflammation such as Crohn's disease or ulcerative&#xD;
             colitis&#xD;
&#xD;
          -  Type 1 or 2 diabetes requiring anti hyperglycemic medication (e.g. metformin,&#xD;
             glipizide, insulin)&#xD;
&#xD;
          -  Leptomeningeal disease as the only manifestation of the current malignancy&#xD;
&#xD;
          -  Congenital long QT syndrome or QTc &gt; 500 msec&#xD;
&#xD;
          -  Active congestive heart failure or ventricular arrhythmia requiring medication&#xD;
&#xD;
          -  Uncontrolled ascites requiring weekly large volume paracentesis for 2 consecutive&#xD;
             weeks prior to initiation of study treatment&#xD;
&#xD;
          -  Active infection requiring intravenous (IV) antibiotics&#xD;
&#xD;
          -  Patients requiring any daily supplemental oxygen&#xD;
&#xD;
          -  Uncontrolled hypomagnesemia, hypokalemia or hypocalcemia, defined as values below the&#xD;
             lower limit of normal (LLN) for the institution despite adequate electrolyte&#xD;
             supplementation or management&#xD;
&#xD;
          -  Symptomatic hypercalcemia requiring continued use of bisphosphonate or denosumab&#xD;
             therapy&#xD;
&#xD;
          -  Clinically significant history of liver disease, including viral or other hepatitis,&#xD;
             current alcohol abuse, or cirrhosis&#xD;
&#xD;
          -  Grade ≥2 peripheral neuropathy&#xD;
&#xD;
          -  Any other diseases, active or uncontrolled intercurrent illness including, but not&#xD;
             limited to, ongoing or active infection, symptomatic congestive heart failure,&#xD;
             unstable angina pectoris, pulmonary dysfunction, metabolic dysfunction, psychiatric&#xD;
             illness/social situations, physical examination finding, or clinical laboratory&#xD;
             finding that would limit compliance with study requirements.&#xD;
&#xD;
          -  Women of childbearing potential (&lt; 1 year amenorrheic) or sexually active males who&#xD;
             are not employing adequate contraception (or practicing complete abstinence).&#xD;
&#xD;
               -  Female patients of childbearing potential must commit to using a reliable and&#xD;
                  appropriate method of contraception until at least 7 months after the end of last&#xD;
                  dose of study treatment.&#xD;
&#xD;
               -  Male patients with a partner of childbearing potential must agree to use a&#xD;
                  barrier method of contraception (condom) in addition to having their partner use&#xD;
                  another contraceptive method during the trial and for 7 months after the last&#xD;
                  dose of study treatment.&#xD;
&#xD;
          -  Pregnant women and women who are lactating.&#xD;
&#xD;
          -  Known human immunodeficiency virus (HIV) infection&#xD;
&#xD;
          -  Inability or unwillingness to swallow pills&#xD;
      </textblock>
    </criteria>
    <gender>All</gender>
    <minimum_age>18 Years</minimum_age>
    <maximum_age>N/A</maximum_age>
    <healthy_volunteers>No</healthy_volunteers>
  </eligibility>
  <overall_official>
    <last_name>Otto Metzger, MD</last_name>
    <role>Principal Investigator</role>
    <affiliation>Dana Farber Cancer Insitute</affiliation>
  </overall_official>
  <location>
    <facility>
      <name>Massachusetts General Hospital</name>
      <address>
        <city>Boston</city>
        <state>Massachusetts</state>
        <zip>02114</zip>
        <country>United States</country>
      </address>
    </facility>
  </location>
  <location>
    <facility>
      <name>Dana Farber Cancer Institute</name>
      <address>
        <city>Boston</city>
        <state>Massachusetts</state>
        <zip>02215</zip>
        <country>United States</country>
      </address>
    </facility>
  </location>
  <location>
    <facility>
      <name>Sarah Cannon Research Institute</name>
      <address>
        <city>Nashville</city>
        <state>Tennessee</state>
        <zip>37203</zip>
        <country>United States</country>
      </address>
    </facility>
  </location>
  <location_countries>
    <country>United States</country>
  </location_countries>
  <verification_date>February 2023</verification_date>
  <study_first_submitted>March 11, 2015</study_first_submitted>
  <study_first_submitted_qc>March 11, 2015</study_first_submitted_qc>
  <study_first_posted type="Estimate">March 17, 2015</study_first_posted>
  <last_update_submitted>February 15, 2023</last_update_submitted>
  <last_update_submitted_qc>February 15, 2023</last_update_submitted_qc>
  <last_update_posted type="Actual">February 17, 2023</last_update_posted>
  <responsible_party>
    <responsible_party_type>Sponsor-Investigator</responsible_party_type>
    <investigator_affiliation>Dana-Farber Cancer Institute</investigator_affiliation>
    <investigator_full_name>Otto Metzger, MD</investigator_full_name>
    <investigator_title>Sponsor Investigator</investigator_title>
  </responsible_party>
  <keyword>Metastatic Breast Cancer</keyword>
  <keyword>Advanced Breast Cancer</keyword>
  <keyword>Recurrent Breast Cancer</keyword>
  <condition_browse>
    <!-- CAUTION:  The following MeSH terms are assigned with an imperfect algorithm            -->
    <mesh_term>Breast Neoplasms</mesh_term>
  </condition_browse>
  <intervention_browse>
    <!-- CAUTION:  The following MeSH terms are assigned with an imperfect algorithm            -->
    <mesh_term>Paclitaxel</mesh_term>
    <mesh_term>Maytansine</mesh_term>
    <mesh_term>Ado-Trastuzumab Emtansine</mesh_term>
    <mesh_term>Trastuzumab</mesh_term>
    <mesh_term>Pertuzumab</mesh_term>
  </intervention_browse>
  <!-- Results have not yet been posted for this study                                          -->
</clinical_study>

