<?xml version="1.0" encoding="UTF-8"?>
<clinical_study rank="152">
  <!-- This xml conforms to an XML Schema at:
    https://clinicaltrials.gov/ct2/html/images/info/public.xsd -->
  <required_header>
    <download_date>ClinicalTrials.gov processed this data on May 26, 2023</download_date>
    <link_text>Link to the current ClinicalTrials.gov record.</link_text>
    <url>https://clinicaltrials.gov/show/NCT02764541</url>
  </required_header>
  <id_info>
    <org_study_id>16-052</org_study_id>
    <nct_id>NCT02764541</nct_id>
  </id_info>
  <brief_title>Palbociclib and Endocrine Therapy for LObular Breast Cancer Preoperative Study (PELOPS)</brief_title>
  <official_title>Palbociclib and Endocrine Therapy for LObular Breast Cancer Preoperative Study (PELOPS): A Randomized Phase II Study of Palbociclib With Letrozole Versus Letrozole Alone for Invasive Lobular Carcinoma and Invasive Ductal Carcinoma</official_title>
  <sponsors>
    <lead_sponsor>
      <agency>Dana-Farber Cancer Institute</agency>
      <agency_class>Other</agency_class>
    </lead_sponsor>
    <collaborator>
      <agency>Pfizer</agency>
      <agency_class>Industry</agency_class>
    </collaborator>
  </sponsors>
  <source>Dana-Farber Cancer Institute</source>
  <oversight_info>
    <has_dmc>Yes</has_dmc>
  </oversight_info>
  <brief_summary>
    <textblock>
      This research study is evaluating how well Breast Cancer responds to preoperative treatment&#xD;
      with Endocrine treatment in combination with a drug called Palbociclib or Endocrine treatment&#xD;
      alone as possible treatments for Hormone Receptor Positive Breast Cancer.&#xD;
    </textblock>
  </brief_summary>
  <detailed_description>
    <textblock>
      This is an open label phase II neoadjuvant clinical trial of Palbociclib in combination with&#xD;
      endocrine therapy for hormone receptor positive early-stage breast cancer. The planned sample&#xD;
      size is 180 participants. The study includes a &quot;window treatment&quot; phase followed by a&#xD;
      treatment phase. In the window phase, participants will be treated with a two-week course of&#xD;
      tamoxifen (Arm A) or letrozole (Arm B). In the treatment phase participants will be&#xD;
      randomized to receive endocrine therapy in combination with palbociclib (Arm C) or endocrine&#xD;
      therapy alone (Arm D) for a total duration of 24 weeks. Premenopausal patients with either&#xD;
      invasive lobular or ductal carcinoma will be eligible to enroll directly into the treatment&#xD;
      phase of the study. The study has two co-primary objectives: 1) To evaluate the difference in&#xD;
      anti-proliferative activity of letrozole versus tamoxifen measured by changes in Ki67 from&#xD;
      baseline to research biopsy (day 15) within cohorts of hormone receptor positive breast&#xD;
      cancer for patients with invasive lobular and ductal carcinoma. 2) To evaluate the pathologic&#xD;
      complete response (pCR) of endocrine therapy plus palbociclib and of endocrine therapy alone&#xD;
      in breast cancer patients diagnosed with hormone receptor positive invasive breast cancer.&#xD;
    </textblock>
  </detailed_description>
  <overall_status>Active, not recruiting</overall_status>
  <start_date type="Actual">May 24, 2016</start_date>
  <completion_date type="Anticipated">April 2031</completion_date>
  <primary_completion_date type="Actual">February 2022</primary_completion_date>
  <phase>Phase 2</phase>
  <study_type>Interventional</study_type>
  <has_expanded_access>No</has_expanded_access>
  <study_design_info>
    <allocation>Randomized</allocation>
    <intervention_model>Parallel Assignment</intervention_model>
    <primary_purpose>Treatment</primary_purpose>
    <masking>None (Open Label)</masking>
  </study_design_info>
  <primary_outcome>
    <measure>Window Phase:To evaluate the difference in anti-proliferative activity of letrozole versus tamoxifen within cohorts of hormone receptor positive breast cancer for patients with invasive lobular and ductal carcinoma.</measure>
    <time_frame>2 years</time_frame>
    <description>Anti-proliferative activity will be calculated by the fold-change in percent of Ki67 from baseline and Day 15 research biopsy samples.</description>
  </primary_outcome>
  <primary_outcome>
    <measure>Treatment Phase: To evaluate the pathologic complete response (pCR) of endocrine therapy plus palbociclib and of endocrine therapy alone in breast cancer patients diagnosed with hormone receptor positive invasive breast cancer</measure>
    <time_frame>2 Years</time_frame>
    <description>Pathologic response will be reported as the Residual Cancer Burden (RCB). RCB will be calculated using the MD Anderson Residual Cancer Burden calculator.</description>
  </primary_outcome>
  <secondary_outcome>
    <measure>Overrall Response Rate</measure>
    <time_frame>2 years</time_frame>
  </secondary_outcome>
  <secondary_outcome>
    <measure>Progressive Free Survival</measure>
    <time_frame>2 years</time_frame>
  </secondary_outcome>
  <secondary_outcome>
    <measure>Overall Survival</measure>
    <time_frame>2 years</time_frame>
  </secondary_outcome>
  <number_of_arms>4</number_of_arms>
  <enrollment type="Actual">195</enrollment>
  <condition>Breast Cancer</condition>
  <arm_group>
    <arm_group_label>Arm A Tamoxifen followed by Endocrine Therapy</arm_group_label>
    <arm_group_type>Experimental</arm_group_type>
    <description>Tamoxifen is given in the Window of Treatment phase for 2 weeks followed by Endocrine Therapy for 24 weeks.</description>
  </arm_group>
  <arm_group>
    <arm_group_label>Arm B Letrozole Followed By Endocrine Therapy</arm_group_label>
    <arm_group_type>Experimental</arm_group_type>
    <description>Letrozole is given in the Window of Treatment phase for 2 weeks followed by Endocrine Therapy for 24 weeks.</description>
  </arm_group>
  <arm_group>
    <arm_group_label>Tamoxifen Followed By Endocrine Therapy and Palbociclib</arm_group_label>
    <arm_group_type>Experimental</arm_group_type>
    <description>Tamoxifen is given in the Window of Treatment phase for 2 weeks followed by Endocrine Therapy in combination with Palbociclib for 24 weeks.</description>
  </arm_group>
  <arm_group>
    <arm_group_label>Letrozole Followed By Endocrine Therapy and Palbociclib</arm_group_label>
    <arm_group_type>Experimental</arm_group_type>
    <description>Letrozole is given in the Window of Treatment phase for 2 weeks followed by Endocrine Therapy in combination with Palbociclib for 24 weeks.</description>
  </arm_group>
  <intervention>
    <intervention_type>Drug</intervention_type>
    <intervention_name>Letrozole</intervention_name>
    <arm_group_label>Arm B Letrozole Followed By Endocrine Therapy</arm_group_label>
    <arm_group_label>Letrozole Followed By Endocrine Therapy and Palbociclib</arm_group_label>
    <other_name>Femara</other_name>
  </intervention>
  <intervention>
    <intervention_type>Drug</intervention_type>
    <intervention_name>Tamoxifen</intervention_name>
    <arm_group_label>Arm A Tamoxifen followed by Endocrine Therapy</arm_group_label>
    <arm_group_label>Tamoxifen Followed By Endocrine Therapy and Palbociclib</arm_group_label>
    <other_name>Soltanox</other_name>
  </intervention>
  <intervention>
    <intervention_type>Drug</intervention_type>
    <intervention_name>Palbociclib</intervention_name>
    <arm_group_label>Letrozole Followed By Endocrine Therapy and Palbociclib</arm_group_label>
    <arm_group_label>Tamoxifen Followed By Endocrine Therapy and Palbociclib</arm_group_label>
    <other_name>Ibrance</other_name>
  </intervention>
  <intervention>
    <intervention_type>Drug</intervention_type>
    <intervention_name>Endocrine Therapy</intervention_name>
    <arm_group_label>Arm A Tamoxifen followed by Endocrine Therapy</arm_group_label>
    <arm_group_label>Arm B Letrozole Followed By Endocrine Therapy</arm_group_label>
    <arm_group_label>Letrozole Followed By Endocrine Therapy and Palbociclib</arm_group_label>
    <arm_group_label>Tamoxifen Followed By Endocrine Therapy and Palbociclib</arm_group_label>
    <other_name>Nolvadex</other_name>
  </intervention>
  <eligibility>
    <criteria>
      <textblock>
        Inclusion Criteria:&#xD;
&#xD;
          -  Patients must have Stage I to III histologically confirmed invasive carcinoma of the&#xD;
             breast. A minimum tumor size of at least 1.5 cm determined by physical exam or imaging&#xD;
             (whichever is larger) is required.&#xD;
&#xD;
          -  Patients must have histologically confirmed hormone receptor positive (ER and/or PR),&#xD;
             HER2 negative, invasive breast cancer. ER, PR and HER2 measurements should be&#xD;
             performed according to institutional guidelines, in a CLIA-approved setting in the US&#xD;
             or certified laboratories for Non-US regions. Cut-off values for positive/negative&#xD;
             staining should be in accordance with current ASCO/CAP (American Society of Clinical&#xD;
             Oncology/College of American Pathologists) guidelines. Central confirmation is not&#xD;
             required for ER, PR, or HER statuses.&#xD;
&#xD;
          -  Patients with equivocal HER2 in situ hybridization results according to current&#xD;
             ASCO/CAP guidelines are allowed, as long as the clinician has determined that they&#xD;
             should be treated as HER2 negative.&#xD;
&#xD;
          -  For the window phase: Patients must have histologically confirmed invasive lobular&#xD;
             carcinoma or invasive ductal carcinoma. No central confirmation of histological&#xD;
             subtype is necessary for enrollment.&#xD;
&#xD;
          -  For the treatment phase: Patients with any histological subtype are eligible.&#xD;
&#xD;
          -  Women 18 years of age. Men are not eligible.&#xD;
&#xD;
          -  ECOG performance status 0 or 1&#xD;
&#xD;
          -  Required laboratory values:&#xD;
&#xD;
               -  Absolute neutrophil count ≥ 1,500/mm3&#xD;
&#xD;
               -  Platelets ≥ 100,000/mm3&#xD;
&#xD;
               -  Hemoglobin ≥ 10g/dL&#xD;
&#xD;
               -  Total serum bilirubin ≤ ULN; or total bilirubin ≤ 3.0 × ULN with direct bilirubin&#xD;
                  within normal range in patients with documented Gilbert's Syndrome&#xD;
&#xD;
               -  Aspartate amino transferase (AST or SGOT) and alanine amino transferase (ALT or&#xD;
                  SGPT) ≤ 2.0 × institutional ULN&#xD;
&#xD;
               -  Serum creatinine within normal institutional limits or creatinine clearance ≥ 60&#xD;
                  mL/min/1.73 m2 for patients with serum creatinine levels above institutional ULN&#xD;
&#xD;
          -  Postmenopausal patients defined as no spontaneous menses ≥1 year (12 months) or post&#xD;
             bilateral surgical oophorectomy. Premenopausal patients are eligible to participate&#xD;
             provided they are considered in chemical menopause. Premenopausal patients should&#xD;
             receive ongoing treatment with LHRH agonists (goserolin or leuprolide). Premenopausal&#xD;
             patients must be enrolled directly into the treatment phase of the study.&#xD;
&#xD;
          -  Patient must agree to the required research biopsies at baseline and after the&#xD;
             two-week treatment with endocrine therapy in the initial part of the study (&quot;window&#xD;
             phase&quot;); or at baseline and after two-week treated with endocrine therapy plus or&#xD;
             minus palbociclib for those patients enrolled directly into the treatment phase of the&#xD;
             study.&#xD;
&#xD;
          -  Patients must be able and willing to swallow and retain oral medication without a&#xD;
             condition that would interfere with enteric absorption.&#xD;
&#xD;
          -  Breast imaging should include imaging of the ipsilateral axilla. For subjects with a&#xD;
             clinically negative axilla, a sentinel lymph node biopsy will be performed either&#xD;
             before or after preoperative therapy at the discretion of the subject's physicians.&#xD;
             For subjects with a clinically positive axilla, a needle aspiration, core biopsy or&#xD;
             SLN procedure will be performed to determine the presence of metastatic disease in the&#xD;
             lymph nodes.&#xD;
&#xD;
          -  Patients with multifocal or multicentric disease are eligible if the treating&#xD;
             clinician has determined the patient should be treated as ER+ and HER2- negative.&#xD;
&#xD;
          -  Bilateral breast cancers are allowed if the treating clinician has determined the&#xD;
             patient should be treated as ER+ and HER2- negative.&#xD;
&#xD;
          -  Serum or urine pregnancy test must be negative in women judged premenopausal within 7&#xD;
             days of randomization, or in women with amenorrhea of less than 12 months at time of&#xD;
             randomization. Pregnancy testing does not need to be pursued in patients who are&#xD;
             judged as postmenopausal before randomization, as determined by local practice, or who&#xD;
             have undergone bilateral oophorectomy, total hysterectomy, or bilateral tubal&#xD;
             ligation.&#xD;
&#xD;
          -  Premenopausal patients must agree to use adequate contraception for the duration of&#xD;
             protocol treatment and for 6 months after the last treatment with palbociclib.&#xD;
             Adequate contraception is defined as one highly effective form (i.e. abstinence, male&#xD;
             or female sterilization) OR two effective forms (e.g. non-hormonal IUD and&#xD;
             condom/occlusive cap with spermicidal foam / gel / film / cream/ suppository).&#xD;
             Hormonal contraceptive methods are not allowed.&#xD;
&#xD;
          -  Patients with a history of ipsilateral or contralateral DCIS are eligible.&#xD;
&#xD;
          -  Patients may concurrently receive bisphosphonates or rank ligand inhibitors while on&#xD;
             this study if necessary for treatment or prevention of osteopenia or osteoporosis.&#xD;
             Prior treatment with LHRH agonists is allowed for premenopausal women. Topical vaginal&#xD;
             estrogen therapy is allowable.&#xD;
&#xD;
          -  Ability to understand and the willingness to sign a written informed consent document.&#xD;
&#xD;
        Exclusion Criteria:&#xD;
&#xD;
          -  Concurrent therapy with other Investigational Products.&#xD;
&#xD;
          -  Prior therapy with any CDK inhibitor.&#xD;
&#xD;
          -  Patients with Stage IV breast cancer are not eligible. Baseline staging to document&#xD;
             absence of metastatic disease is not required, however is recommended as determined by&#xD;
             institutional practice (in patients where there may be a reasonable suspicion of&#xD;
             advanced disease e.g., large tumors, clinically positive axillary lymph nodes, signs&#xD;
             and symptoms). If performed, reports of these examinations must be available.&#xD;
             Examination type for staging, i.e. X-ray, sonography, bone scans, CT, MRI, and/or&#xD;
             PET-CT, is at the discretion of the investigator.&#xD;
&#xD;
          -  History of allergic reactions attributed to compounds of chemical or biologic&#xD;
             composition similar to palbociclib.&#xD;
&#xD;
          -  Patients receiving any medications or substances that are potent inhibitors or&#xD;
             inducers of CYP3A isoenzymes within 7 days of randomization&#xD;
&#xD;
          -  Uncontrolled illness including, but not limited to, ongoing or active infection,&#xD;
             symptomatic congestive heart failure, unstable angina pectoris, cardiac arrhythmia,&#xD;
             diabetes, or psychiatric illness/social situations that would limit compliance with&#xD;
             study requirements. Ability to comply with study requirements is to be assessed by&#xD;
             each investigator at the time of screening for study participation.&#xD;
&#xD;
          -  Pregnant women, or women of childbearing potential without a negative pregnancy test&#xD;
             (serum or urine) within 7 days prior to randomization, irrespective of the method of&#xD;
             contraception used, are excluded from this study because the effect of palbociclib on&#xD;
             a developing fetus is unknown. Breastfeeding must be discontinued prior to study&#xD;
             entry.&#xD;
&#xD;
          -  Patients with a history of any malignancy are ineligible except for the following&#xD;
             circumstances:&#xD;
&#xD;
               -  Patients with a malignancy history other than invasive breast cancer are eligible&#xD;
                  if they have no active malignancy and are deemed by the investigator to be at low&#xD;
                  risk for recurrence of that malignancy.&#xD;
&#xD;
               -  Patients with the following cancers are eligible: ductal carcinoma in situ of the&#xD;
                  breast, cervical cancer in situ, and non-metastatic non-melanomatous skin&#xD;
                  cancers.&#xD;
&#xD;
          -  Patients on combination antiretroviral therapy, i.e. those who are HIV-positive, are&#xD;
             ineligible because of the potential for pharmacokinetic interactions or increased&#xD;
             immunosuppression with palbociclib. HIV testing is not required, but patients must not&#xD;
             be known to be HIV-positive.&#xD;
&#xD;
          -  Patients receiving concurrent exogenous hormone therapy (hormone replacement therapy,&#xD;
             oral or any other hormonal contraceptives such as hormonal contraceptive coil are not&#xD;
             eligible.&#xD;
&#xD;
          -  Patients are not eligible if they have previously received endocrine therapy within 5&#xD;
             years prior to diagnosis of the current malignancy. This includes use for prophylactic&#xD;
             reasons, including treatment of osteoporosis or cancer prevention with tamoxifen,&#xD;
             raloxifene, or AI.&#xD;
      </textblock>
    </criteria>
    <gender>Female</gender>
    <minimum_age>18 Years</minimum_age>
    <maximum_age>N/A</maximum_age>
    <healthy_volunteers>No</healthy_volunteers>
  </eligibility>
  <overall_official>
    <last_name>Otto Metzger, MD</last_name>
    <role>Principal Investigator</role>
    <affiliation>Dana-Farber Cancer Institute</affiliation>
  </overall_official>
  <location>
    <facility>
      <name>Stamford Hospital</name>
      <address>
        <city>Stamford</city>
        <state>Connecticut</state>
        <zip>06904</zip>
        <country>United States</country>
      </address>
    </facility>
  </location>
  <location>
    <facility>
      <name>Eastern Maine Medical Center</name>
      <address>
        <city>Brewer</city>
        <state>Maine</state>
        <zip>04412</zip>
        <country>United States</country>
      </address>
    </facility>
  </location>
  <location>
    <facility>
      <name>Dana-Farber at St. Elizabeth's Medical Center</name>
      <address>
        <city>Boston</city>
        <state>Massachusetts</state>
        <zip>02135</zip>
        <country>United States</country>
      </address>
    </facility>
  </location>
  <location>
    <facility>
      <name>Beth Israel Deaconess Medical Center</name>
      <address>
        <city>Boston</city>
        <state>Massachusetts</state>
        <zip>02215</zip>
        <country>United States</country>
      </address>
    </facility>
  </location>
  <location>
    <facility>
      <name>Dana-Farber Cancer Institute</name>
      <address>
        <city>Boston</city>
        <state>Massachusetts</state>
        <zip>02215</zip>
        <country>United States</country>
      </address>
    </facility>
  </location>
  <location>
    <facility>
      <name>DF/BWCC at Milford Regional Medical Center</name>
      <address>
        <city>Milford</city>
        <state>Massachusetts</state>
        <zip>01757</zip>
        <country>United States</country>
      </address>
    </facility>
  </location>
  <location>
    <facility>
      <name>DF/BWCC in clinical affiliation with South Shore Hospital</name>
      <address>
        <city>South Weymouth</city>
        <state>Massachusetts</state>
        <zip>02190</zip>
        <country>United States</country>
      </address>
    </facility>
  </location>
  <location>
    <facility>
      <name>Lifespan</name>
      <address>
        <city>Providence</city>
        <state>Rhode Island</state>
        <zip>02903</zip>
        <country>United States</country>
      </address>
    </facility>
  </location>
  <location>
    <facility>
      <name>Sarah Cannon Research Institute</name>
      <address>
        <city>Nashville</city>
        <state>Tennessee</state>
        <zip>37203</zip>
        <country>United States</country>
      </address>
    </facility>
  </location>
  <location>
    <facility>
      <name>Vanderbilt University Medical Center</name>
      <address>
        <city>Nashville</city>
        <state>Tennessee</state>
        <zip>37232</zip>
        <country>United States</country>
      </address>
    </facility>
  </location>
  <location>
    <facility>
      <name>MD Anderson Cancer Center</name>
      <address>
        <city>Houston</city>
        <state>Texas</state>
        <zip>77030</zip>
        <country>United States</country>
      </address>
    </facility>
  </location>
  <location_countries>
    <country>United States</country>
  </location_countries>
  <verification_date>July 2022</verification_date>
  <study_first_submitted>May 4, 2016</study_first_submitted>
  <study_first_submitted_qc>May 5, 2016</study_first_submitted_qc>
  <study_first_posted type="Estimate">May 6, 2016</study_first_posted>
  <last_update_submitted>July 15, 2022</last_update_submitted>
  <last_update_submitted_qc>July 15, 2022</last_update_submitted_qc>
  <last_update_posted type="Actual">July 18, 2022</last_update_posted>
  <responsible_party>
    <responsible_party_type>Principal Investigator</responsible_party_type>
    <investigator_affiliation>Dana-Farber Cancer Institute</investigator_affiliation>
    <investigator_full_name>Otto Metzger</investigator_full_name>
    <investigator_title>Otto Metzger, MD</investigator_title>
  </responsible_party>
  <keyword>Breast Cancer</keyword>
  <keyword>Invasive Lobular Carcinoma</keyword>
  <condition_browse>
    <!-- CAUTION:  The following MeSH terms are assigned with an imperfect algorithm            -->
    <mesh_term>Breast Neoplasms</mesh_term>
  </condition_browse>
  <intervention_browse>
    <!-- CAUTION:  The following MeSH terms are assigned with an imperfect algorithm            -->
    <mesh_term>Tamoxifen</mesh_term>
    <mesh_term>Letrozole</mesh_term>
    <mesh_term>Palbociclib</mesh_term>
  </intervention_browse>
  <patient_data>
    <sharing_ipd>No</sharing_ipd>
  </patient_data>
  <provided_document_section>
    <provided_document>
      <document_type>Informed Consent Form</document_type>
      <document_has_protocol>No</document_has_protocol>
      <document_has_icf>Yes</document_has_icf>
      <document_has_sap>No</document_has_sap>
      <document_date>January 14, 2020</document_date>
      <document_url>https://ClinicalTrials.gov/ProvidedDocs/41/NCT02764541/ICF_000.pdf</document_url>
    </provided_document>
  </provided_document_section>
  <pending_results>
    <submitted>February 15, 2023</submitted>
    <returned>March 14, 2023</returned>
    <submitted>April 18, 2023</submitted>
    <returned>May 10, 2023</returned>
  </pending_results>
  <!-- Results have not yet been posted for this study                                          -->
</clinical_study>

