<?xml version="1.0" encoding="UTF-8"?>
<clinical_study rank="68">
  <!-- This xml conforms to an XML Schema at:
    https://clinicaltrials.gov/ct2/html/images/info/public.xsd -->
  <required_header>
    <download_date>ClinicalTrials.gov processed this data on May 26, 2023</download_date>
    <link_text>Link to the current ClinicalTrials.gov record.</link_text>
    <url>https://clinicaltrials.gov/show/NCT05770713</url>
  </required_header>
  <id_info>
    <org_study_id>A5481178</org_study_id>
    <nct_id>NCT05770713</nct_id>
  </id_info>
  <brief_title>A Real-life Study to Learn About the Use and Effects of the CDK4/6 Inhibitors in Canadian Patients With Breast Cancer.</brief_title>
  <official_title>Treatment Patterns And Clinical Outcomes Among Patients Receiving CDK4/6 Inhibitors Combinations For HR+/HER2- Advanced/Metastatic Breast Cancer In A Canadian Real World Setting</official_title>
  <sponsors>
    <lead_sponsor>
      <agency>Pfizer</agency>
      <agency_class>Industry</agency_class>
    </lead_sponsor>
  </sponsors>
  <source>Pfizer</source>
  <brief_summary>
    <textblock>
      CDK4/6 inhibitors are approved medicines indicated for the treatment of a kind of&#xD;
      advanced/metastatic breast cancer, called hormone receptors positive (HR+)/ Human epidermal&#xD;
      growth factor receptor 2 negative (HER2-) disease. They are given orally in combination with&#xD;
      hormonal therapies.&#xD;
&#xD;
      The purpose of this study is to better understand how the CDK4/6 inhibitors combinations are&#xD;
      used in real-life conditions and their clinical impact for the treatment of Canadian patients&#xD;
      affected by (HR+)/ (HER2-) advanced breast cancer (ABC) or metastatic breast cancer (MBC).&#xD;
&#xD;
      Female patients aged 18 years old or more presenting the following conditions will be&#xD;
      selected for the study:&#xD;
&#xD;
        -  HR+/HER2- breast cancer diagnosis with confirmed metastatic or advanced disease&#xD;
&#xD;
        -  Diagnosis of ABC/MBC between 01 January 2016 and 01 July 2021&#xD;
&#xD;
        -  Treatment with CDK4/6 inhibitor&#xD;
&#xD;
      Information will be collected from one single Canadian institution, on each selected&#xD;
      real-life patient treated with CDK4/6 inhibitors.&#xD;
    </textblock>
  </brief_summary>
  <overall_status>Completed</overall_status>
  <start_date type="Actual">October 12, 2022</start_date>
  <completion_date type="Actual">February 28, 2023</completion_date>
  <primary_completion_date type="Actual">February 28, 2023</primary_completion_date>
  <study_type>Observational</study_type>
  <has_expanded_access>No</has_expanded_access>
  <study_design_info>
    <observational_model>Cohort</observational_model>
    <time_perspective>Retrospective</time_perspective>
  </study_design_info>
  <primary_outcome>
    <measure>Number of Participants With HR+/HER2-ABC/MBC receiving palbociclib combination treatment</measure>
    <time_frame>01 Jan 2016 through 01 Oct 2021</time_frame>
    <description>To characterize real world treatment patterns among patients with HR+/HER2-ABC/MBC receiving palbociclib combination treatment (non-steroidal AI (NSAI) [letrozole or anastrozole], or fulvestrant).</description>
  </primary_outcome>
  <secondary_outcome>
    <measure>Number of patients with pre-CDK4/6i treatment patterns and sequencing in ABC/MBC</measure>
    <time_frame>01 Jan 2016 through 01 Oct 2021</time_frame>
    <description>To explore treatment patterns and sequencing before the introduction of CDK4/6 inhibitor.</description>
  </secondary_outcome>
  <secondary_outcome>
    <measure>Number of patients with post-CDK4/6i treatment patterns and sequencing in ABC/MBC</measure>
    <time_frame>01 Jan 2016 through 01 Oct 2021</time_frame>
    <description>To explore treatment patterns and sequencing after introduction of CDK4/6 inhibitors</description>
  </secondary_outcome>
  <number_of_groups>1</number_of_groups>
  <enrollment type="Actual">48</enrollment>
  <condition>Breast Cancer</condition>
  <arm_group>
    <arm_group_label>Female patients with HR+/HER2- ABC/MBC who received a CDK4/6i based therapy for their ABC/MBC.</arm_group_label>
    <description>Female patients who received an oral treatment of CDK4/6i based therapy for their ABC/MBC.</description>
  </arm_group>
  <eligibility>
    <study_pop>
      <textblock>
        Female patients diagnosed with HR+/HER2- ABC/MBC who received a CDK4/6 inhibitor at Sinai&#xD;
        Health, Canada during the study period.&#xD;
      </textblock>
    </study_pop>
    <sampling_method>Non-Probability Sample</sampling_method>
    <criteria>
      <textblock>
        Inclusion Criteria:&#xD;
&#xD;
          -  HR+/HER2- breast cancer diagnosis with confirmed metastatic or advanced disease&#xD;
&#xD;
          -  Diagnosed with ABC/MBC between 01 Jan 2016 and 01 July 2021&#xD;
&#xD;
          -  Treatment with CDK4/6 inhibitor&#xD;
&#xD;
        Exclusion Criteria:&#xD;
&#xD;
          -  Patient does not have ABC/MBC&#xD;
&#xD;
          -  Patient has indicated HR- or HER2+ status&#xD;
&#xD;
          -  Patient received a CDK4/6i as part of a clinical trial&#xD;
      </textblock>
    </criteria>
    <gender>Female</gender>
    <gender_based>Yes</gender_based>
    <minimum_age>18 Years</minimum_age>
    <maximum_age>N/A</maximum_age>
    <healthy_volunteers>No</healthy_volunteers>
  </eligibility>
  <overall_official>
    <last_name>Pfizer CT.gov Call Center</last_name>
    <role>Study Director</role>
    <affiliation>Pfizer</affiliation>
  </overall_official>
  <location>
    <facility>
      <name>Pfizer Canada</name>
      <address>
        <city>Kirkland</city>
        <state>Quebec</state>
        <zip>H9J2M5</zip>
        <country>Canada</country>
      </address>
    </facility>
  </location>
  <location_countries>
    <country>Canada</country>
  </location_countries>
  <link>
    <url>https://pmiform.com/clinical-trial-info-request?StudyID=A5481178</url>
    <description>To obtain contact information for a study center near you, click here.</description>
  </link>
  <verification_date>April 2023</verification_date>
  <study_first_submitted>March 5, 2023</study_first_submitted>
  <study_first_submitted_qc>March 5, 2023</study_first_submitted_qc>
  <study_first_posted type="Actual">March 15, 2023</study_first_posted>
  <last_update_submitted>April 20, 2023</last_update_submitted>
  <last_update_submitted_qc>April 20, 2023</last_update_submitted_qc>
  <last_update_posted type="Actual">April 21, 2023</last_update_posted>
  <responsible_party>
    <responsible_party_type>Sponsor</responsible_party_type>
  </responsible_party>
  <keyword>metastatic breast cancer</keyword>
  <keyword>advanced breast cancer</keyword>
  <keyword>HR+/HER2-</keyword>
  <condition_browse>
    <!-- CAUTION:  The following MeSH terms are assigned with an imperfect algorithm            -->
    <mesh_term>Breast Neoplasms</mesh_term>
  </condition_browse>
  <patient_data>
    <sharing_ipd>No</sharing_ipd>
    <ipd_description>Pfizer will provide access to individual de-identified participant data and related study documents (e.g. protocol, Statistical Analysis Plan (SAP), Clinical Study Report (CSR)) upon request from qualified researchers, and subject to certain criteria, conditions, and exceptions. Further details on Pfizer's data sharing criteria and process for requesting access can be found at: https://www.pfizer.com/science/clinical_trials/trial_data_and_results/data_requests.</ipd_description>
  </patient_data>
  <!-- Results have not yet been posted for this study                                          -->
</clinical_study>

