<?xml version="1.0" encoding="UTF-8"?>
<clinical_study rank="290">
  <!-- This xml conforms to an XML Schema at:
    https://clinicaltrials.gov/ct2/html/images/info/public.xsd -->
  <required_header>
    <download_date>ClinicalTrials.gov processed this data on May 26, 2023</download_date>
    <link_text>Link to the current ClinicalTrials.gov record.</link_text>
    <url>https://clinicaltrials.gov/show/NCT04270149</url>
  </required_header>
  <id_info>
    <org_study_id>Pro00104868</org_study_id>
    <nct_id>NCT04270149</nct_id>
  </id_info>
  <brief_title>Cancer Peptides Plus GM-CSF and Adjuvant in Breast Cancer</brief_title>
  <official_title>A Phase I Study of Cancer Peptides Plus GM-CSF and Adjuvant Following Completion of Prescribed Systemic Therapy of Estrogen Receptor Positive Breast Cancer</official_title>
  <sponsors>
    <lead_sponsor>
      <agency>Herbert Lyerly</agency>
      <agency_class>Other</agency_class>
    </lead_sponsor>
  </sponsors>
  <source>Duke University</source>
  <oversight_info>
    <has_dmc>No</has_dmc>
    <is_fda_regulated_drug>Yes</is_fda_regulated_drug>
    <is_fda_regulated_device>No</is_fda_regulated_device>
  </oversight_info>
  <brief_summary>
    <textblock>
      This is a phase I study looking at the safety of cancer peptides combined with adjuvant and&#xD;
      GM-CSF in subjects with estrogen receptor (ESR) positive breast cancer. The primary objective&#xD;
      of the study is to determine the safety of of the peptide vaccine. The secondary objective is&#xD;
      to evaluate the immune response to the vaccine. The peptides used in this vaccine are derived&#xD;
      from the estrogen receptor and are combined with the adjuvant Montanide ISA and GM-CSF to&#xD;
      enhance their immune response. A peptide vaccine of these peptides may improve outcomes of&#xD;
      patients with endocrine resistant breast cancer.&#xD;
    </textblock>
  </brief_summary>
  <overall_status>Recruiting</overall_status>
  <start_date type="Actual">September 1, 2020</start_date>
  <completion_date type="Anticipated">August 1, 2025</completion_date>
  <primary_completion_date type="Anticipated">September 1, 2023</primary_completion_date>
  <phase>Phase 1</phase>
  <study_type>Interventional</study_type>
  <has_expanded_access>No</has_expanded_access>
  <study_design_info>
    <allocation>N/A</allocation>
    <intervention_model>Single Group Assignment</intervention_model>
    <primary_purpose>Other</primary_purpose>
    <masking>None (Open Label)</masking>
  </study_design_info>
  <primary_outcome>
    <measure>Number of Adverse Events</measure>
    <time_frame>44 days</time_frame>
    <description>Safety</description>
  </primary_outcome>
  <secondary_outcome>
    <measure>detection of ESR mutant-specific memory T cells against at least one of the 5 immunizing peptides by Cytof analysis</measure>
    <time_frame>2 years</time_frame>
    <description>Detection of memory T cells</description>
  </secondary_outcome>
  <number_of_arms>1</number_of_arms>
  <enrollment type="Anticipated">18</enrollment>
  <condition>Breast Cancer</condition>
  <arm_group>
    <arm_group_label>ESR1 peptide vaccine</arm_group_label>
    <arm_group_type>Experimental</arm_group_type>
    <description>200 mcg ESR1 peptides plus 1ml Montanide and 100 mcg GM-CSF administered subcutaneously weeks 0, 1, 2, 4, 5, 6 for a total of 6 injections.</description>
  </arm_group>
  <intervention>
    <intervention_type>Biological</intervention_type>
    <intervention_name>ESR1 peptide vaccine</intervention_name>
    <description>ESR1 peptides plus Montanide and GM-CSF</description>
    <arm_group_label>ESR1 peptide vaccine</arm_group_label>
  </intervention>
  <eligibility>
    <criteria>
      <textblock>
        Inclusion Criteria:&#xD;
&#xD;
          -  Patients with histologically confirmed, resected, breast cancer with one of the&#xD;
             following characteristics:&#xD;
&#xD;
        pT3 or greater T stage with any N stage and M0 pTxN+M0 (i.e., N1,2 or 3)&#xD;
&#xD;
          -  HLA A0201+ and tumor is ER+&#xD;
&#xD;
          -  Patients must have completed any standard chemotherapy recommended by their physician.&#xD;
             There must be at least 4 weeks from their last dose of chemotherapy (or surgery if no&#xD;
             chemotherapy was given) prior to the first dose of study vaccine. There should be no&#xD;
             more than 5 years from the time of completion of any chemotherapy, surgery or HER2&#xD;
             targeted therapy. Ongoing endocrine therapies are permitted as long as they have been&#xD;
             administered for at least 3 months prior to study enrollment.&#xD;
&#xD;
          -  Age ≥ 18 years.&#xD;
&#xD;
          -  Heme: WBC ≥ 3000/microliter, hemoglobin ≥ 9 g/dL, platelets ≥ 80,000/microliter.&#xD;
&#xD;
          -  Adequate, renal and hepatic function with serum creatinine &lt; 1.5 mg/dL, bilirubin &lt;&#xD;
             1.5 mg/dL (except a bilirubin of &lt;2.0 will be permitted for patents with Gilbert's&#xD;
             syndrome), SGOT/SGPT &lt; 2 x upper limit of normal.&#xD;
&#xD;
          -  Ability to understand and provide signed informed consent that fulfills Institutional&#xD;
             Review Board's guidelines.&#xD;
&#xD;
        Exclusion Criteria:&#xD;
&#xD;
          -  Subjects with concurrent chemotherapy, radiation therapy, or immunotherapy are&#xD;
             excluded. There must be at least 4 weeks between these prior therapy and study&#xD;
             treatment. Subjects must have recovered from all acute toxicities from prior&#xD;
             treatment. Peripheral neuropathy grade 1 due to prior therapy will be permitted.&#xD;
&#xD;
          -  Subjects may not have history of distant metastases.&#xD;
&#xD;
          -  Subjects with a history of autoimmune disease, such as but not restricted to,&#xD;
             inflammatory bowel disease, systemic lupus erythematosus, ankylosing spondylitis,&#xD;
             scleroderma, or multiple sclerosis. A positive ANA (anti-nuclear antibody) test&#xD;
             without other evidence of autoimmune disease will not exclude a subject for this&#xD;
             study. A prior history of autoimmune hypothyroidism will not exclude a subject.&#xD;
&#xD;
          -  Subjects with serious intercurrent chronic or acute illness, such as cardiac disease,&#xD;
             (NYHA class III or IV), hepatic disease, or other illness considered by the Principal&#xD;
             Investigator as unwarranted high risk for investigational drug treatment.&#xD;
&#xD;
          -  Subjects with a medical or psychological impediment to probable compliance with the&#xD;
&#xD;
          -  Concurrent (or within the last 5 years) second malignancy other than non-melanoma skin&#xD;
             cancer, cervical carcinoma in situ, controlled carcinoma in situ of the cervix, or&#xD;
             controlled superficial bladder cancer.&#xD;
&#xD;
          -  Presence of an active acute or chronic infection including: an urinary tract&#xD;
             infection, HIV (as determined by ELISA and confirmed by Western Blot) or viral&#xD;
             hepatitis (as determined by HBsAg and Hepatitis C serology). Subjects with HIV are&#xD;
             excluded based on immuno-suppression, which may render them unable to respond to the&#xD;
             vaccine; subjects with chronic hepatitis are excluded because of concern that&#xD;
             hepatitis could be exacerbated by the injections.&#xD;
&#xD;
          -  Subjects on steroid therapy (or other immuno-suppressives, such as azathioprine or&#xD;
             cyclosporin A) are excluded on the basis of potential immune suppression. Subjects&#xD;
             must have had 6 weeks of discontinuation of any steroid therapy (except that used as&#xD;
             pre-medication for chemotherapy or contrast-enhanced studies) prior to enrollment.&#xD;
&#xD;
          -  Subjects with allergies to any component of the vaccine&#xD;
&#xD;
          -  Pregnant or nursing mothers.&#xD;
&#xD;
          -  Subjects with acute or chronic skin disorders that will interfere with peptide&#xD;
             injection into the skin of the extremities or subsequent assessment of potential skin&#xD;
             reactions will be excluded.&#xD;
&#xD;
          -  Splenectomy&#xD;
      </textblock>
    </criteria>
    <gender>All</gender>
    <minimum_age>18 Years</minimum_age>
    <maximum_age>N/A</maximum_age>
    <healthy_volunteers>No</healthy_volunteers>
  </eligibility>
  <overall_contact>
    <last_name>Amy Hobeika, PhD</last_name>
    <phone>919 684 6112</phone>
    <email>AMY.HOBEIKA@DUKE.EDU</email>
  </overall_contact>
  <overall_contact_backup>
    <last_name>Stacy Murray, BA, CCRP</last_name>
    <phone>(919) 684-7983</phone>
    <email>Stacy.Murray@duke.edu</email>
  </overall_contact_backup>
  <location>
    <facility>
      <name>Duke University Medical Center</name>
      <address>
        <city>Durham</city>
        <state>North Carolina</state>
        <zip>27710</zip>
        <country>United States</country>
      </address>
    </facility>
    <status>Recruiting</status>
    <contact>
      <last_name>H. Kim Lyerly, MD</last_name>
      <phone>919-684-0132</phone>
      <email>kim.lyerly@duke.edu</email>
    </contact>
  </location>
  <location_countries>
    <country>United States</country>
  </location_countries>
  <verification_date>May 2023</verification_date>
  <study_first_submitted>February 12, 2020</study_first_submitted>
  <study_first_submitted_qc>February 12, 2020</study_first_submitted_qc>
  <study_first_posted type="Actual">February 17, 2020</study_first_posted>
  <last_update_submitted>May 17, 2023</last_update_submitted>
  <last_update_submitted_qc>May 17, 2023</last_update_submitted_qc>
  <last_update_posted type="Actual">May 18, 2023</last_update_posted>
  <responsible_party>
    <responsible_party_type>Sponsor-Investigator</responsible_party_type>
    <investigator_affiliation>Duke University</investigator_affiliation>
    <investigator_full_name>Herbert Lyerly</investigator_full_name>
    <investigator_title>Professor</investigator_title>
  </responsible_party>
  <keyword>breast cancer</keyword>
  <keyword>estrogen receptor</keyword>
  <keyword>peptide vaccine</keyword>
  <keyword>immunotherapy</keyword>
  <condition_browse>
    <!-- CAUTION:  The following MeSH terms are assigned with an imperfect algorithm            -->
    <mesh_term>Breast Neoplasms</mesh_term>
  </condition_browse>
  <patient_data>
    <sharing_ipd>No</sharing_ipd>
  </patient_data>
  <!-- Results have not yet been posted for this study                                          -->
</clinical_study>

