<?xml version="1.0" encoding="UTF-8"?>
<clinical_study rank="72">
  <!-- This xml conforms to an XML Schema at:
    https://clinicaltrials.gov/ct2/html/images/info/public.xsd -->
  <required_header>
    <download_date>ClinicalTrials.gov processed this data on May 26, 2023</download_date>
    <link_text>Link to the current ClinicalTrials.gov record.</link_text>
    <url>https://clinicaltrials.gov/show/NCT02884284</url>
  </required_header>
  <id_info>
    <org_study_id>15HLSEIN01</org_study_id>
    <nct_id>NCT02884284</nct_id>
  </id_info>
  <brief_title>Prospective and Retrospective Breast Cancer Database</brief_title>
  <official_title>Creation of a Prospective and Retrospective Breast Cancer Database</official_title>
  <sponsors>
    <lead_sponsor>
      <agency>Institut Claudius Regaud</agency>
      <agency_class>Other</agency_class>
    </lead_sponsor>
  </sponsors>
  <source>Institut Claudius Regaud</source>
  <oversight_info>
    <has_dmc>No</has_dmc>
  </oversight_info>
  <brief_summary>
    <textblock>
      In order to accelerate border crossing between basic research and clinical research in breast&#xD;
      cancer, it is necessary to easily use clinical and biological data. That is the reason why it&#xD;
      is very important to create a clinical, biological and pathologic beast cancer database,&#xD;
      mainly prospective but also retrospective. All data are from patients treated in Toulouse&#xD;
      Centre.&#xD;
&#xD;
      The scientific community will easily have access to clinical and biological informations&#xD;
      through a centralized, structured database , leading to optimize patients with breast cancer&#xD;
      treatment.&#xD;
    </textblock>
  </brief_summary>
  <overall_status>Recruiting</overall_status>
  <start_date>February 2015</start_date>
  <completion_date type="Anticipated">December 2025</completion_date>
  <primary_completion_date type="Anticipated">January 2025</primary_completion_date>
  <study_type>Observational</study_type>
  <has_expanded_access>No</has_expanded_access>
  <study_design_info>
    <time_perspective>Prospective</time_perspective>
  </study_design_info>
  <primary_outcome>
    <measure>Database of patients with breast cancer</measure>
    <time_frame>10 years</time_frame>
  </primary_outcome>
  <enrollment type="Anticipated">10000</enrollment>
  <condition>Breast Cancer</condition>
  <intervention>
    <intervention_type>Other</intervention_type>
    <intervention_name>clinical biological database collection</intervention_name>
  </intervention>
  <biospec_retention>Samples With DNA</biospec_retention>
  <biospec_descr>
    <textblock>
      blood samples and tumor samples of patients treated for breast cancer&#xD;
    </textblock>
  </biospec_descr>
  <eligibility>
    <study_pop>
      <textblock>
        Female patient with breast cancer of any stage&#xD;
      </textblock>
    </study_pop>
    <sampling_method>Non-Probability Sample</sampling_method>
    <criteria>
      <textblock>
        Inclusion Criteria:&#xD;
&#xD;
          -  Female patient&#xD;
&#xD;
          -  Histologically confirmed breast cancer of any stage&#xD;
&#xD;
          -  Affiliated to a social security system in france&#xD;
&#xD;
          -  Who signed the informed consent&#xD;
&#xD;
        Exclusion Criteria:&#xD;
&#xD;
          -  Any psychiatric or medical condition that would make the patient unable to give a&#xD;
             signed informed consent&#xD;
      </textblock>
    </criteria>
    <gender>Female</gender>
    <minimum_age>18 Years</minimum_age>
    <maximum_age>N/A</maximum_age>
    <healthy_volunteers>No</healthy_volunteers>
  </eligibility>
  <overall_official>
    <last_name>Florence DALENC, MD</last_name>
    <role>Principal Investigator</role>
    <affiliation>Institut claudius regaud Toulouse ONCOPOLE</affiliation>
  </overall_official>
  <overall_contact>
    <last_name>Florence DALENC, MD</last_name>
    <phone>5 31 15 51 22</phone>
    <phone_ext>33</phone_ext>
    <email>dalenc.florence@iuct-oncopole.fr</email>
  </overall_contact>
  <location>
    <facility>
      <name>Institut claudius regaud IUCT ONCOPOLE</name>
      <address>
        <city>Toulouse</city>
        <zip>31059</zip>
        <country>France</country>
      </address>
    </facility>
    <status>Recruiting</status>
    <contact>
      <last_name>Florence DALENC, MD</last_name>
      <phone>5 31 15 51 22</phone>
      <phone_ext>33</phone_ext>
      <email>dalenc.florence@iuct-oncopole.fr</email>
    </contact>
  </location>
  <location_countries>
    <country>France</country>
  </location_countries>
  <verification_date>August 2016</verification_date>
  <study_first_submitted>July 28, 2016</study_first_submitted>
  <study_first_submitted_qc>August 25, 2016</study_first_submitted_qc>
  <study_first_posted type="Estimate">August 31, 2016</study_first_posted>
  <last_update_submitted>August 25, 2016</last_update_submitted>
  <last_update_submitted_qc>August 25, 2016</last_update_submitted_qc>
  <last_update_posted type="Estimate">August 31, 2016</last_update_posted>
  <responsible_party>
    <responsible_party_type>Sponsor</responsible_party_type>
  </responsible_party>
  <keyword>breast cancer</keyword>
  <keyword>database</keyword>
  <condition_browse>
    <!-- CAUTION:  The following MeSH terms are assigned with an imperfect algorithm            -->
    <mesh_term>Breast Neoplasms</mesh_term>
  </condition_browse>
  <patient_data>
    <sharing_ipd>No</sharing_ipd>
  </patient_data>
  <!-- Results have not yet been posted for this study                                          -->
</clinical_study>

