<?xml version="1.0" encoding="UTF-8"?>
<clinical_study rank="374">
  <!-- This xml conforms to an XML Schema at:
    https://clinicaltrials.gov/ct2/html/images/info/public.xsd -->
  <required_header>
    <download_date>ClinicalTrials.gov processed this data on May 26, 2023</download_date>
    <link_text>Link to the current ClinicalTrials.gov record.</link_text>
    <url>https://clinicaltrials.gov/show/NCT03568448</url>
  </required_header>
  <id_info>
    <org_study_id>INST 1607</org_study_id>
    <nct_id>NCT03568448</nct_id>
  </id_info>
  <brief_title>Monitoring Response to Neoadjuvant Chemotherapy in HER2 Negative Breast Cancer Using High-speed MR Spectroscopic Imaging</brief_title>
  <official_title>Monitoring Response to Neoadjuvant Chemotherapy (NAC) in HER2 Negative Breast Cancer (HNBC) Using High-speed MR Spectroscopic Imaging (MRSI)</official_title>
  <sponsors>
    <lead_sponsor>
      <agency>New Mexico Cancer Care Alliance</agency>
      <agency_class>Other</agency_class>
    </lead_sponsor>
  </sponsors>
  <source>New Mexico Cancer Care Alliance</source>
  <oversight_info>
    <is_fda_regulated_drug>No</is_fda_regulated_drug>
    <is_fda_regulated_device>No</is_fda_regulated_device>
  </oversight_info>
  <brief_summary>
    <textblock>
      The study will assess whether changes in total choline concentration [tCho] during&#xD;
      neoadjuvant chemotherapy (NAC) are predictive of pathologic complete response (pCR) in&#xD;
      patients with HER2 negative breast cancer (HNBC) appropriate for NAC, and compare these&#xD;
      findings with dynamic contrast enhanced magnetic resonance imaging (DCE-MRI). The objective&#xD;
      is to assess the predictive value of changes in the concentration and spatial extent of tCho&#xD;
      within the tumor during NAC.&#xD;
    </textblock>
  </brief_summary>
  <detailed_description>
    <textblock>
      The primary objective of the study is to assess the correlation of serial high-speed MRSI of&#xD;
      [tCho] with pCR following NAC in women with HNBC. The endpoint is the pCR.&#xD;
&#xD;
      Hypothesis 1: Changes in [tCho] early during NAC (from 24 hours after the start of the first&#xD;
      cycle until the start of the 2nd cycle of NAC) are predictive of pathologic response (using&#xD;
      quantitative metrics of Residual Cancer Burden (RCB)1 and/or CPS+EG score 2 and radiologic&#xD;
      response (change in lesion size on DCE-MRI).&#xD;
&#xD;
      Hypothesis 2: Decreases in [tCho] within the tumor precede decreases in tumor volume on&#xD;
      DCE-MRI, thus enabling earlier discrimination between responders from non-responders. The&#xD;
      primary objective of the study is to assess the correlation of serial high-speed magnetic&#xD;
      resonance spectroscopic imaging (MRSI) of [tCho] with pCR following NAC for HNBC. The&#xD;
      secondary objective is to compare the time course of [tCho] on serial high-speed MRSI and&#xD;
      tumor volume on serial DCE-MRI for predicting early NAC treatment response in HNBC.&#xD;
&#xD;
      Subjects' participation will start approximately 2 weeks before initiation of neoadjuvant&#xD;
      therapy and end after surgery.&#xD;
&#xD;
      Patients will undergo up to 5 MRI scans in total as 2 are clinical MRIs and 3 are research&#xD;
      scans. The clinical pretreatment MRI scan and a post treatment MRI scan are standard and will&#xD;
      be ordered at the discretion of the treating provider.The post treatment MRI is done after&#xD;
      clinical response and before surgery. This helps guide the surgeon about what amount of&#xD;
      tissue should be removed at surgery. The minimum time between clinical and research MRI scans&#xD;
      is 24 hours.&#xD;
&#xD;
      The 3 research MRIs will be performed on a 3T Siemens scanner equipped with 16 channel&#xD;
      Hologic breast coil. Breast anatomy will be imaged using a bilateral localizer, an axial T&#xD;
      2-weighted turbo-spin-echo scan, and a fat-suppressed T1-weighted sagittal gradient echo&#xD;
      scan. Dynamic non-fat-suppressed T1-weighted axial 3D GRE scans are collected before and with&#xD;
      20s delay at four time points after Gd-HP-DO3A administration (total scan time: 7.5 min).&#xD;
      Subtraction images are created using the pre-contrast image as the mask. A diffusion weighted&#xD;
      multi-slice EPI scan will be performed to compute apparent diffusion coefficient (ADC) maps&#xD;
      online (total scan time: 3:14 min). An axial low-resolution multi-slice multi-echo gradient&#xD;
      echo scan will be performed to compute field maps for slice and laterality specific&#xD;
      auto-shimming. Spectroscopic imaging will be performed using 3D PEPSI.&#xD;
&#xD;
      The MR measurement protocol will be performed at 3 time points: (1) prior to treatment&#xD;
      typically several days before NAC (ideally 24h before NAC) (MRSI, DW-MRI, DCE-MRI), (2) 20-52&#xD;
      hours after the beginning of the first cycle of NAC (MRSI, DW-MRI), and (3) between the first&#xD;
      and second cycle of NAC (MRSI, DW-MRI, DCE-MRI).&#xD;
&#xD;
      Surgery will be performed within 3 to 12 weeks of last chemotherapy. RCB will be obtained&#xD;
      from the final pathologic findings.&#xD;
    </textblock>
  </detailed_description>
  <overall_status>Recruiting</overall_status>
  <start_date type="Actual">April 16, 2018</start_date>
  <completion_date type="Anticipated">December 31, 2024</completion_date>
  <primary_completion_date type="Anticipated">December 31, 2023</primary_completion_date>
  <study_type>Observational</study_type>
  <has_expanded_access>No</has_expanded_access>
  <study_design_info>
    <observational_model>Cohort</observational_model>
    <time_perspective>Prospective</time_perspective>
  </study_design_info>
  <primary_outcome>
    <measure>Assess the correlation of serial high-speed MRSI of [tCho] with pCR following NAC</measure>
    <time_frame>Patient will begin participation 2 weeks prior to initiation of NAC and will complete participation at the time of surgery, estimated to be 4-6 months total participation duration.</time_frame>
    <description>In this study changes in total choline concentration [tCho] during neoadjuvant chemotherapy (NAC) will be evaluated by performing a high-speed magnetic resonance spectroscopic imaging (MRSI) at baseline prior to first cycle NAC, after first cycle NAC, and prior to second cycle NAC.</description>
  </primary_outcome>
  <secondary_outcome>
    <measure>Assess the correlation of serial high-speed MRSI of [tCho] with response to NAC</measure>
    <time_frame>Patient will begin participation 2 weeks prior to initiation of NAC and will complete participation at the time of surgery, estimated to be 4-6 months total participation duration.</time_frame>
    <description>The endpoint is response as assessed by the validated quantitative metrics of Residual Cancer Burden (RCB) and/or CPS+EG score.</description>
  </secondary_outcome>
  <secondary_outcome>
    <measure>Compare the time course of [tCho] on serial high-speed MRSI and tumor volume on serial DCE-MRI for predicting early NAC treatment response</measure>
    <time_frame>Patient will begin participation 2 weeks prior to initiation of NAC and will complete participation at the time of surgery, estimated to be 4-6 months total participation duration.</time_frame>
    <description>Outcome measured will be total choline concentration [tCho] as assessed via serial high-speed magnetic resonance spectroscopic imaging (MRSI) .</description>
  </secondary_outcome>
  <enrollment type="Anticipated">30</enrollment>
  <condition>HER2 Negative Breast Cancer</condition>
  <intervention>
    <intervention_type>Other</intervention_type>
    <intervention_name>Response monitoring (no intervention)</intervention_name>
    <description>Response monitoring (no intervention)</description>
  </intervention>
  <eligibility>
    <study_pop>
      <textblock>
        Eligible female breast cancer patients receiving treatment at the University of New Mexico&#xD;
        Comprehensive Cancer Center.&#xD;
      </textblock>
    </study_pop>
    <sampling_method>Non-Probability Sample</sampling_method>
    <criteria>
      <textblock>
        Inclusion Criteria:&#xD;
&#xD;
          -  Have a biopsy proven HER2 negative (by IHC or FISH) breast cancer per standard&#xD;
             clinical criteria (per ASCO-CAP guidelines). Although patients with hormone-receptor&#xD;
             positive (ER+ and/or PR+) disease will be included, patients with tumor features&#xD;
             indicative of luminal A intrinsic sub-type will be excluded from this study. Excluding&#xD;
             features are:&#xD;
&#xD;
               -  Patients with Grade 1 breast cancers, as assessed by local standard criteria,&#xD;
                  will be excluded from participation.&#xD;
&#xD;
               -  Patients with strongly ER AND PR positive breast cancer, defined as &gt;75% positive&#xD;
                  staging for BOTH markers by IHC, will be excluded from participation.&#xD;
&#xD;
          -  Stage of disease that is appropriate for standard NAC (any combination of T2 to T4, N0&#xD;
             to N3 that would comprise stage IIA to IIIB disease). Patients with inflammatory&#xD;
             carcinoma or stage IIIC disease who are deemed inoperable at the outset, but&#xD;
             appropriate for NAC are excluded in this study since there is no guarantee they can be&#xD;
             converted to operability following NAC; thus precluding assessment of pCR.&#xD;
&#xD;
          -  Medically fit for NAC as per good clinical practice and per the treating physician's&#xD;
             judgment.&#xD;
&#xD;
          -  Age &gt; or = to 18 years AND able to provide informed consent.&#xD;
&#xD;
          -  Women of childbearing potential must be willing and able to use effective means of&#xD;
             contraception. A female of childbearing potential is any woman who has not undergone a&#xD;
             hysterectomy or bilateral oophorectomy or has not had menses at any time in the&#xD;
             preceding 12 consecutive months.&#xD;
&#xD;
          -  Able to undergo standard clinical MRI exams PLUS additional 30 minutes longer (total&#xD;
             scan time is 50 to 60 minutes).&#xD;
&#xD;
        Exclusion Criteria:&#xD;
&#xD;
          -  Pregnant or lactating women.&#xD;
&#xD;
          -  Body contains foreign items posing an issue of MRI safety, such as intra-ocular&#xD;
             metallic foreign bodies, MRI incompatible devices such as pacemakers and cochlear&#xD;
             implants, and other MRI incompatible devices.&#xD;
&#xD;
          -  Obesity (Body Mass Index [BMI] &gt; 40) or inability to fit into the standard MRI gantry.&#xD;
&#xD;
          -  Suffer from back pain, claustrophobia, seizures, panic disorder and/or other medical&#xD;
             disorders severe enough that would prevent them from completing a standard clinical&#xD;
             MRI study (30 min) + 30 mins for the research scans. If applicable, patients may take&#xD;
             a mild anxiolytic (e.g., lorazepam) if deemed appropriate by their treating physician.&#xD;
&#xD;
          -  Patients with stage IV disease (gross metastasis or documented M1 disease) and stage&#xD;
             of disease excluded above.&#xD;
      </textblock>
    </criteria>
    <gender>Female</gender>
    <minimum_age>18 Years</minimum_age>
    <maximum_age>N/A</maximum_age>
    <healthy_volunteers>No</healthy_volunteers>
  </eligibility>
  <overall_official>
    <last_name>Stefan Posse, PhD</last_name>
    <role>Principal Investigator</role>
    <affiliation>University of New Mexico Comprehensive Cancer Center</affiliation>
  </overall_official>
  <overall_contact>
    <last_name>Stefan Posse, PhD</last_name>
    <phone>505-925-6087</phone>
    <email>sposse@unm.edu</email>
  </overall_contact>
  <location>
    <facility>
      <name>University of New Mexico Comprehensive Cancer Center</name>
      <address>
        <city>Albuquerque</city>
        <state>New Mexico</state>
        <zip>87131</zip>
        <country>United States</country>
      </address>
    </facility>
    <status>Recruiting</status>
    <contact>
      <last_name>Stefan Posse, PhD</last_name>
      <phone>505-925-6087</phone>
      <email>sposse@unm.edu</email>
    </contact>
    <investigator>
      <last_name>Stefan Posse, PhD</last_name>
      <role>Principal Investigator</role>
    </investigator>
    <investigator>
      <last_name>Ursa Brown-Glaberman, MD</last_name>
      <role>Sub-Investigator</role>
    </investigator>
  </location>
  <location_countries>
    <country>United States</country>
  </location_countries>
  <verification_date>April 2022</verification_date>
  <study_first_submitted>May 30, 2018</study_first_submitted>
  <study_first_submitted_qc>June 13, 2018</study_first_submitted_qc>
  <study_first_posted type="Actual">June 26, 2018</study_first_posted>
  <last_update_submitted>April 21, 2022</last_update_submitted>
  <last_update_submitted_qc>April 21, 2022</last_update_submitted_qc>
  <last_update_posted type="Actual">April 22, 2022</last_update_posted>
  <responsible_party>
    <responsible_party_type>Sponsor</responsible_party_type>
  </responsible_party>
  <keyword>HER2 negative breast cancer</keyword>
  <condition_browse>
    <!-- CAUTION:  The following MeSH terms are assigned with an imperfect algorithm            -->
    <mesh_term>Breast Neoplasms</mesh_term>
  </condition_browse>
  <patient_data>
    <sharing_ipd>No</sharing_ipd>
  </patient_data>
  <!-- Results have not yet been posted for this study                                          -->
</clinical_study>

