{"protocolSection":{"identificationModule":{"nctId":"NCT01957020","orgStudyIdInfo":{"id":"200806017R"},"organization":{"fullName":"National Taiwan University Hospital","class":"OTHER"},"briefTitle":"Stereotactic Directional Vacuum-Assisted Breast Biopsy","officialTitle":"The Diagnostic Accuracy of Stereotactic Directional Vacuum-Assisted Breast Biopsy"},"statusModule":{"statusVerifiedDate":"2013-10","overallStatus":"COMPLETED","expandedAccessInfo":{"hasExpandedAccess":false},"startDateStruct":{"date":"2008-06"},"primaryCompletionDateStruct":{"date":"2008-12","type":"ACTUAL"},"completionDateStruct":{"date":"2009-01","type":"ACTUAL"},"studyFirstSubmitDate":"2013-09-23","studyFirstSubmitQcDate":"2013-09-30","studyFirstPostDateStruct":{"date":"2013-10-08","type":"ESTIMATED"},"lastUpdateSubmitDate":"2013-10-13","lastUpdatePostDateStruct":{"date":"2013-10-16","type":"ESTIMATED"}},"sponsorCollaboratorsModule":{"responsibleParty":{"type":"SPONSOR"},"leadSponsor":{"name":"National Taiwan University Hospital","class":"OTHER"}},"oversightModule":{},"descriptionModule":{"briefSummary":"Stereotactic directional vacuum-assisted breast biopsy (ST DVAB) is a standard biopsy procedure for suspicious findings on mammograms in Western countries for more than 10 years \\[1-3\\], it has replaced the needle localization (NLOC) excisional biopsy for the lesions alike and was reported to feature a high sensitivity, very low delayed false-negative rate (less than 2%)\\[4,5\\]. Moreover, it causes less scarring, less psychologic stress to patients and less morbidity compared with needle localization excisional biopsy \\[6,7\\]. However, its sensitivity, accuracy has seldom been reported in Asian countries \\[8\\] , since most Asian women have different breast parenchyma pattern, different breast cancer prevalence. Therefore, we retrospectively reviewed outcomes of the two groups of patients receiving either ST DVAB or NLOC excisional biopsy, trying to investigate if ST DVAB can be an effective alternative to NLOC excisional biopsy in our country."},"conditionsModule":{"conditions":["Breast Cancer","Stereotactic Directional Vacuum-assisted Breast Biopsy","Female","Adult Patients"]},"designModule":{"studyType":"OBSERVATIONAL","patientRegistry":false,"designInfo":{"observationalModel":"CASE_ONLY","timePerspective":"RETROSPECTIVE"},"enrollmentInfo":{"count":130,"type":"ACTUAL"}},"outcomesModule":{"primaryOutcomes":[{"measure":"The sensitivity of stereotactic vacuum assisted breast biopsy for breast cancer diagnosis","description":"the aforementioned outcome measure-\"sensitivity\"- is the probability of the stereotactic vaccum assisted breast biopsy can correctly diagnose the breast cancer. And according to statistical definition, it is defined as- for those breast cancer cases, how many of them can be correctly diagnosed by stereotactic breast biopsy.","timeFrame":"up to 5 years ( July 2008 to June 2013)"}]},"eligibilityModule":{"eligibilityCriteria":"Inclusion Criteria:\n\n* The indication for ST DVAB was lesions with suspicious nature for malignancy seen on mammograms which biopsy is necessitated for tissue proof, or probably benign or benign appearing lesions seen on mammograms but patients or clinicians requested biopsy\n\nExclusion Criteria:\n\n-","healthyVolunteers":true,"sex":"FEMALE","minimumAge":"30 Years","maximumAge":"80 Years","stdAges":["ADULT","OLDER_ADULT"],"studyPopulation":"asymptomatic women with mammographic screening, and with suspicious findings on mammography.","samplingMethod":"NON_PROBABILITY_SAMPLE"}},"derivedSection":{"miscInfoModule":{"versionHolder":"2023-07-03","modelPredictions":{"bmiLimits":{"minBmi":0.00,"maxBmi":101.00}}},"conditionBrowseModule":{"browseLeaves":[{"id":"M4910","name":"Breast Neoplasms","relevance":"LOW"}],"browseBranches":[{"abbrev":"BC04","name":"Neoplasms"},{"abbrev":"BC17","name":"Skin and Connective Tissue Diseases"},{"abbrev":"All","name":"All Conditions"}]},"interventionBrowseModule":{}},"hasResults":false}