<?xml version="1.0" encoding="UTF-8"?>
<clinical_study rank="361">
  <!-- This xml conforms to an XML Schema at:
    https://clinicaltrials.gov/ct2/html/images/info/public.xsd -->
  <required_header>
    <download_date>ClinicalTrials.gov processed this data on May 26, 2023</download_date>
    <link_text>Link to the current ClinicalTrials.gov record.</link_text>
    <url>https://clinicaltrials.gov/show/NCT05445050</url>
  </required_header>
  <id_info>
    <org_study_id>351-19</org_study_id>
    <secondary_id>DRKS00023954</secondary_id>
    <nct_id>NCT05445050</nct_id>
  </id_info>
  <brief_title>mULM to Support Breast Cancer Diagnosis and Therapy</brief_title>
  <official_title>Development of Motion-Model Ultrasound Localization Microscopy to Support Breast Cancer Diagnosis and Therapy Monitoring in Patients</official_title>
  <sponsors>
    <lead_sponsor>
      <agency>RWTH Aachen University</agency>
      <agency_class>Other</agency_class>
    </lead_sponsor>
  </sponsors>
  <source>RWTH Aachen University</source>
  <oversight_info>
    <is_fda_regulated_drug>No</is_fda_regulated_drug>
    <is_fda_regulated_device>No</is_fda_regulated_device>
  </oversight_info>
  <brief_summary>
    <textblock>
      The goal of this project is to adapt the super-resolution ultrasound imaging technology&#xD;
      motion-model Ultrasound Localization Microscopy (mULM) to clinical application. In this&#xD;
      exploratory patient study a scan protocol will be established to subsequently investigate&#xD;
      whether mULM allows the assessment of the tumor response to neoadjuvant chemotherapy in&#xD;
      participants with a primary breast cancer diagnosis as well as for the differentiation of&#xD;
      benign and malignant breast tumors in participants with lesions of unknown dignity.&#xD;
    </textblock>
  </brief_summary>
  <detailed_description>
    <textblock>
      This study on the clinical translation of the super-resolution ultrasound imaging technique&#xD;
      motion-model ultrasound localization microscopy (mULM) is composed of three parts. First, an&#xD;
      ultrasound scan protocol will be developed by providing patients with primary breast&#xD;
      carcinoma with an ultrasound scan to assess the size, location, and structure of the tumor.&#xD;
      Images in the form of B-mode ultrasound, elastography, and contrast ultrasound will be&#xD;
      obtained, and mini-movies of the CEUS examinations will be evaluated in a post-processing&#xD;
      step. There, individual microbubbles of the ultrasound contrast agent will be identified and&#xD;
      tracked to reconstruct the microvasculature of the tumor lesions. Participants will each&#xD;
      receive 2 different doses of the clinically approved ultrasound contrast agent SonoVue®. The&#xD;
      morphological and functional parameters obtained through the post-processing with the mULM&#xD;
      algorithm are then analyzed and subsequently validated with histological examinations.&#xD;
      Finally, the ultrasound examination protocol will be optimized and the corresponding dosage&#xD;
      of the ultrasound contrast agent determined.&#xD;
&#xD;
      The examination protocol established in the first section will subsequently be applied to&#xD;
      patients with primary breast carcinoma receiving neoadjuvant chemotherapy. Contrast-enhanced&#xD;
      ultrasonography will be performed at three time points during the chemotherapy cycles and&#xD;
      will be performed to assess tumor perfusion through application of the mULM-algorithm. The&#xD;
      dosage of contrast agent is based on the dosage found in the previous part of the study. The&#xD;
      CEUS examination is followed by the infusion of the chemotherapeutic agent. After completion&#xD;
      of neoadjuvant chemotherapy, surgical resection of the tumor and microscopic examination of&#xD;
      the tissue are performed according to guidelines.&#xD;
&#xD;
      In the final part of the study, patients with suspected breast tumor lesions are examined.&#xD;
      They will first receive non-contrast-enhanced diagnostic ultrasound (B-mode and&#xD;
      elastography). A contrast-enhanced ultrasound examination is performed on the largest lesion.&#xD;
      To further develop the mULM methodology, this is performed as both 2D and 3D acquisition. The&#xD;
      dosage of the contrast agent examination is again based on the optimal dosage found in the&#xD;
      first study part. This ultrasound procedure is followed by guideline-guided biopsy for&#xD;
      histologic clarification of the tumors, assessing dignity, hormone receptor as well as and&#xD;
      HER2/neu status, proliferation rate, and vessel density.&#xD;
    </textblock>
  </detailed_description>
  <overall_status>Recruiting</overall_status>
  <start_date type="Actual">April 26, 2021</start_date>
  <completion_date type="Anticipated">December 2023</completion_date>
  <primary_completion_date type="Anticipated">December 2023</primary_completion_date>
  <phase>N/A</phase>
  <study_type>Interventional</study_type>
  <has_expanded_access>No</has_expanded_access>
  <study_design_info>
    <allocation>N/A</allocation>
    <intervention_model>Single Group Assignment</intervention_model>
    <primary_purpose>Diagnostic</primary_purpose>
    <masking>None (Open Label)</masking>
  </study_design_info>
  <primary_outcome>
    <measure>Relative blood volume</measure>
    <time_frame>Study Part A &amp; C: approximately 1 day before surgical removal of tumor</time_frame>
    <description>Relative blood volume in % - describes the degree of vascularization - measured with mULM</description>
  </primary_outcome>
  <primary_outcome>
    <measure>Blood flow</measure>
    <time_frame>Study Part A &amp; C: approximately 1 day before surgical removal of tumor</time_frame>
    <description>Blood flow in mm/s - measured with mULM</description>
  </primary_outcome>
  <primary_outcome>
    <measure>Change of relative blood volume</measure>
    <time_frame>Study Part B: at the beginning of (approximately 1 hour before) first, second and fourth cycle of neoadjuvant chemotherapeutic treatment (each cycle is 14 days)</time_frame>
    <description>Change of relative blood volume in %</description>
  </primary_outcome>
  <primary_outcome>
    <measure>Change of blood flow</measure>
    <time_frame>Study Part B: at the beginning of (approximately 1 hour before) first, second and fourth cycle of neoadjuvant chemotherapeutic treatment (each cycle is 14 days)</time_frame>
    <description>Change of blood flow in mm/s</description>
  </primary_outcome>
  <secondary_outcome>
    <measure>Change of tumor size</measure>
    <time_frame>Study Part B: at the beginning of (approximately 1 hour before) first, second and fourth cycle of neoadjuvant chemotherapeutic treatment (each cycle is 14 days)</time_frame>
    <description>Change of tumor size determined based on ultrasound B-mode imaging</description>
  </secondary_outcome>
  <number_of_arms>1</number_of_arms>
  <enrollment type="Anticipated">74</enrollment>
  <condition>Primary Breast Cancer</condition>
  <arm_group>
    <arm_group_label>clinical application of mULM to support breast cancer diagnosis and therapy</arm_group_label>
    <arm_group_type>Other</arm_group_type>
    <description>The study arm includes three parts A, B and C. In part A, the scan protocol, including the injection of the clinically approved contrast agent SonoVue® and the data acquisition time range, is optimized based on the mULM measurements of participants with primary breast cancer.&#xD;
The following part B consists of 2D-mULM measurements applied to triple-negative breast cancer patients throughout their neoadjuvant chemotherapy cycles with the aim to evaluate to which degree 2D-mULM allows for an assessment of the tumor response during therapy.&#xD;
In the last part C, participants with neoplasms of uncertain dignity will be investigated by 2D- and 3D-mULM measurements and the accuracy of differentiation between the lesions assessed.</description>
  </arm_group>
  <intervention>
    <intervention_type>Diagnostic Test</intervention_type>
    <intervention_name>Application and measurement of tumor vascularization using diagnostic contrast enhanced ultrasound (CEUS)</intervention_name>
    <description>Part A: performing CEUS with the contrast agent SonoVue® at two different doses and two different injection speeds in participants with primary breast cancer&#xD;
Part B: performing CEUS with the contrast agent SonoVue® using the established protocol from part A in participants undergoing neodajuvant chemotherapy&#xD;
Part C: performing CEUS with the contrast agent SonoVue® using the established protocol from part A in participants with lesions of unknown dignity</description>
    <arm_group_label>clinical application of mULM to support breast cancer diagnosis and therapy</arm_group_label>
  </intervention>
  <eligibility>
    <criteria>
      <textblock>
        Inclusion Criteria:&#xD;
&#xD;
          -  written informed consent&#xD;
&#xD;
          -  age ≥ 18 yrs&#xD;
&#xD;
          -  histologically confirmed primary breast cancer including all intrinsic subtypes (study&#xD;
             parts A and B)&#xD;
&#xD;
          -  highly suspected primary breast cancer (study part C)&#xD;
&#xD;
          -  treatment with neoadjuvant chemotherapy (study part B)&#xD;
&#xD;
          -  persons who are legally competent and mentally able to follow the instructions of the&#xD;
             study team&#xD;
&#xD;
        Exclusion Criteria:&#xD;
&#xD;
          -  younger than 18 years&#xD;
&#xD;
          -  hypersensitivity / allergy to sulfur hexafluoride, Macrogol 4000,&#xD;
             distearoylphosphatidylcholine, dipalmitoylphosphatidylglycerol-sodium, palmitic acid&#xD;
&#xD;
          -  right-left shunt,&#xD;
&#xD;
          -  signs of cardiovascular instability&#xD;
&#xD;
          -  acute endocarditis&#xD;
&#xD;
          -  artificial heart valves&#xD;
&#xD;
          -  acute systemic inflammation and/or sepsis&#xD;
&#xD;
          -  overactive coagulation status and/or recent thromboembolic events&#xD;
&#xD;
          -  end stage of liver and kidney diseases&#xD;
&#xD;
          -  severe pulmonary hypertension (pulmonary arterial pressure &gt; 90 mmHg)&#xD;
&#xD;
          -  uncontrolled systemic hypertension&#xD;
&#xD;
          -  acute respiratory distress syndrome&#xD;
&#xD;
          -  pregnancy&#xD;
&#xD;
          -  commitment of the patient to any resident institution by order of any court or&#xD;
             authority&#xD;
&#xD;
          -  expectation of missing compliance&#xD;
&#xD;
          -  alcohol or drug abuse&#xD;
&#xD;
          -  patients who are in a relationship of dependence or in a working relationship to the&#xD;
             sponsor, the investigator or his representative&#xD;
      </textblock>
    </criteria>
    <gender>Female</gender>
    <minimum_age>18 Years</minimum_age>
    <maximum_age>N/A</maximum_age>
    <healthy_volunteers>Accepts Healthy Volunteers</healthy_volunteers>
  </eligibility>
  <overall_official>
    <last_name>Elmar Stickeler, Prof Dr. med</last_name>
    <role>Principal Investigator</role>
    <affiliation>RWTH Aachen University Hospital</affiliation>
  </overall_official>
  <overall_contact>
    <last_name>Elmar Stickeler, Prof Dr. med</last_name>
    <phone>+492418088400</phone>
    <email>estickeler@ukaachen.de</email>
  </overall_contact>
  <overall_contact_backup>
    <last_name>Fabian Kiessling, Prof Dr. med</last_name>
    <phone>+49 241 80 80117</phone>
    <email>fkiessling@ukaachen.de</email>
  </overall_contact_backup>
  <location>
    <facility>
      <name>Department of Gynecology and Obstetrics Universitätsklinikum Aachen, AöR</name>
      <address>
        <city>Aachen</city>
        <state>NRW</state>
        <zip>52074</zip>
        <country>Germany</country>
      </address>
    </facility>
    <status>Recruiting</status>
    <contact>
      <last_name>Elmar Stickeler</last_name>
      <phone>+492418088400</phone>
      <email>estickeler@ukaachen.de</email>
    </contact>
  </location>
  <location_countries>
    <country>Germany</country>
  </location_countries>
  <verification_date>June 2022</verification_date>
  <study_first_submitted>May 27, 2022</study_first_submitted>
  <study_first_submitted_qc>June 29, 2022</study_first_submitted_qc>
  <study_first_posted type="Actual">July 6, 2022</study_first_posted>
  <last_update_submitted>June 29, 2022</last_update_submitted>
  <last_update_submitted_qc>June 29, 2022</last_update_submitted_qc>
  <last_update_posted type="Actual">July 6, 2022</last_update_posted>
  <responsible_party>
    <responsible_party_type>Principal Investigator</responsible_party_type>
    <investigator_affiliation>RWTH Aachen University</investigator_affiliation>
    <investigator_full_name>Elmar Stickeler</investigator_full_name>
    <investigator_title>Univ.-Prof. Dr. med. Elmar Stickeler, RWTH Aachen University</investigator_title>
  </responsible_party>
  <keyword>breast cancer</keyword>
  <keyword>neoadjuvant chemotherapy</keyword>
  <keyword>ultrasound</keyword>
  <keyword>microbubbles</keyword>
  <condition_browse>
    <!-- CAUTION:  The following MeSH terms are assigned with an imperfect algorithm            -->
    <mesh_term>Breast Neoplasms</mesh_term>
  </condition_browse>
  <patient_data>
    <sharing_ipd>No</sharing_ipd>
    <ipd_description>The study results will be published in at least one scientific article.</ipd_description>
  </patient_data>
  <!-- Results have not yet been posted for this study                                          -->
</clinical_study>

