<?xml version="1.0" encoding="UTF-8"?>
<clinical_study rank="98">
  <!-- This xml conforms to an XML Schema at:
    https://clinicaltrials.gov/ct2/html/images/info/public.xsd -->
  <required_header>
    <download_date>ClinicalTrials.gov processed this data on May 26, 2023</download_date>
    <link_text>Link to the current ClinicalTrials.gov record.</link_text>
    <url>https://clinicaltrials.gov/show/NCT05024591</url>
  </required_header>
  <id_info>
    <org_study_id>oddie2</org_study_id>
    <nct_id>NCT05024591</nct_id>
  </id_info>
  <brief_title>Artificial Intelligence for breaST canceR scrEening in mAMmography (AI-STREAM)</brief_title>
  <official_title>Artificial Intelligence for breaST canceR scrEening in mAMmography (AI-STREAM): A Prospective, Multicenter Cohort Study</official_title>
  <sponsors>
    <lead_sponsor>
      <agency>Kyung Hee University Hospital at Gangdong</agency>
      <agency_class>Other</agency_class>
    </lead_sponsor>
    <collaborator>
      <agency>Korea Health Industry Development Institute</agency>
      <agency_class>Other</agency_class>
    </collaborator>
  </sponsors>
  <source>Kyung Hee University Hospital at Gangdong</source>
  <oversight_info>
    <has_dmc>Yes</has_dmc>
    <is_fda_regulated_drug>No</is_fda_regulated_drug>
    <is_fda_regulated_device>No</is_fda_regulated_device>
  </oversight_info>
  <brief_summary>
    <textblock>
      This prospective study aims to generate real-world evidence on the overall benefits and&#xD;
      disadvantages of using Lunit INSIGHT MMG AI based CADe/x for breast cancer detection in a&#xD;
      population-based breast cancer screening program in Korea.&#xD;
    </textblock>
  </brief_summary>
  <detailed_description>
    <textblock>
      1. Several challenges have been identified in breast cancer screening: 1) Some breast&#xD;
           cancer cases not identified through screening; 2) Excessive recalls for further testing;&#xD;
           3) Low sensitivity in dense breasts; 4) Inter-reader variability. AI-based CADe/x has&#xD;
           been shown to improve radiologist performance and provides results equivalent or&#xD;
           superior to those from radiologists alone.&#xD;
&#xD;
        2. This multicenter, prospective study involves women who visit sites for breast cancer&#xD;
           screening in Korea. Women eligible for national cancer screening in the relevant year&#xD;
           who read the study participant recruitment brochure and read and sign the Participant&#xD;
           Information Sheet and Informed Consent Form will be recruited into this study.&#xD;
           Approximately 32,714 participants will be enrolled from February 2021 through December&#xD;
           2022 at five study sites in Korea.&#xD;
&#xD;
        3. In Korea, a single radiologist performs mammogram readings. If recall is required (per&#xD;
           usual care), further diagnostic work-up will be conducted to confirm cancer detected at&#xD;
           screening. The national cancer registry databases will be reviewed in 2026 and 2027.&#xD;
           Available findings will be recorded for all participants regardless of their screening&#xD;
           status to identify study participants with breast cancer diagnosis within one year and&#xD;
           within two years from screening.&#xD;
&#xD;
        4. In primary outcome measurement, as part of the standard screening procedure, mammograms&#xD;
           will be read and recorded by a breast radiologist without AI-CADe/x, and then with&#xD;
           AI-based CADe/x. [Set1]&#xD;
&#xD;
        5. In secondary outcome measurement, mammograms from the same participants as Set 1 will be&#xD;
           read and recorded by a general radiologist without AI-based CADe/x, and then with&#xD;
           AI-based CADe/x. [Set 2] In additional secondary outcome measurement, arbitration&#xD;
           reading will be conducted by another breast radiologist without AI-based CADe/x for&#xD;
           cases in which the reading results of the two radiologists without AI-based CADe/x in&#xD;
           Set 1 and Set 2 are inconsistent. [Set 3]&#xD;
&#xD;
        6. After completing the standard screening procedure in Set 1, several situational&#xD;
           comparison groups [Set2 and Set3] for comparison the diagnostic accuracy will be&#xD;
           performed independently and retrospectively The results from Set 2 and Set 3 will not&#xD;
           impact the clinical decision(s) associated with the care of the study participants.&#xD;
    </textblock>
  </detailed_description>
  <overall_status>Recruiting</overall_status>
  <start_date type="Actual">February 1, 2021</start_date>
  <completion_date type="Anticipated">December 31, 2024</completion_date>
  <primary_completion_date type="Anticipated">December 31, 2022</primary_completion_date>
  <study_type>Observational</study_type>
  <has_expanded_access>No</has_expanded_access>
  <study_design_info>
    <observational_model>Cohort</observational_model>
    <time_perspective>Prospective</time_perspective>
  </study_design_info>
  <primary_outcome>
    <measure>• Diagnostic accuracy with difference between breast radiologists with and without AI-based CADe/x</measure>
    <time_frame>12months after screening, 24months after screening</time_frame>
    <description>Diagnostic accuracy is assessed using cancer registry data as the reference group to calculate cancer detection rate [CDR], recall rate, sensitivity, positive predictive value</description>
  </primary_outcome>
  <secondary_outcome>
    <measure>• Diagnostic accuracy and difference of the following comparison groups with or without AI</measure>
    <time_frame>12months after screening, 24 months after screening</time_frame>
    <description>Between general radiologist with and without AI-based CADe/x&#xD;
Between breast radiologist arbitration reading and breast radiologist with AI-based CADe/x&#xD;
Between breast radiologist arbitration reading and general radiologist with AI-based CADe/x&#xD;
Between general radiologist with AI-based CADe/x and breast radiologist without AI-based CADe/x&#xD;
Between breast radiologist without AI-based CADe/x and stand-alone AI-based CADe/x&#xD;
Between general radiologist without AI-based CADe/x and stand-alone AI-based CADe/x&#xD;
Between breast radiologist with AI-based CADe/x and general radiologist with AI-based CADe/x&#xD;
Between breast radiologist without AI-based CADe/x and general radiologist without AI-based CADe/x&#xD;
Diagnostic accuracy is assessed using cancer registry data as the reference group to calculate CDR, recall rate, sensitivity, PPV, specificity, interval cancer rate, and AUROC.</description>
  </secondary_outcome>
  <number_of_groups>1</number_of_groups>
  <enrollment type="Anticipated">32714</enrollment>
  <condition>Breast Cancer</condition>
  <arm_group>
    <arm_group_label>same as study population</arm_group_label>
    <description>Use of AI-based CADe/x by breast radiologists</description>
  </arm_group>
  <intervention>
    <intervention_type>Device</intervention_type>
    <intervention_name>Lunit INSIGHT MMG CADe/x for medical imaging</intervention_name>
    <description>• A software that detects areas suspected of breast cancer using mammographic images, marks areas suspected of malignant lesions, and displays the probability of malignant lesions to assist with the interpreting physician's diagnosis</description>
    <arm_group_label>same as study population</arm_group_label>
  </intervention>
  <eligibility>
    <study_pop>
      <textblock>
        Participants of breast cancer screening in Korean women aged 40 years or older with average&#xD;
        risk of breast cancer.&#xD;
      </textblock>
    </study_pop>
    <sampling_method>Probability Sample</sampling_method>
    <criteria>
      <textblock>
        Inclusion Criteria:&#xD;
&#xD;
          -  Participants must meet all of the following inclusion criteria in order to be enrolled&#xD;
             in the study:&#xD;
&#xD;
          -  Be eligible for national cancer screening in the relevant year and visit the site for&#xD;
             breast cancer screening&#xD;
&#xD;
          -  Provide consent for study participation using the Informed Consent Form and complete a&#xD;
             Participant information Sheet&#xD;
&#xD;
        Exclusion Criteria:&#xD;
&#xD;
          -  Participants who meet any of the following criteria will be excluded from the study:&#xD;
&#xD;
          -  Has a history of or current breast cancer&#xD;
&#xD;
          -  Is currently pregnant or plans to become pregnant in the next 12 months&#xD;
&#xD;
          -  Has a history of breast surgery (mammoplasty or insertion of a foreign substance, such&#xD;
             as paraffin or silicon)&#xD;
&#xD;
          -  Has mammography for diagnostic purposes&#xD;
      </textblock>
    </criteria>
    <gender>Female</gender>
    <minimum_age>40 Years</minimum_age>
    <maximum_age>80 Years</maximum_age>
    <healthy_volunteers>No</healthy_volunteers>
  </eligibility>
  <overall_official>
    <last_name>Yun-Woo Chang, MD, PhD</last_name>
    <role>Study Director</role>
    <affiliation>Soonchunhyang University Hospital, Seoul</affiliation>
  </overall_official>
  <overall_contact>
    <last_name>Yun-Woo Chang, MD, PhD</last_name>
    <phone>82-02-710-3250</phone>
    <email>ywchang@schmc.ac.kr</email>
  </overall_contact>
  <overall_contact_backup>
    <last_name>Jungkyu Ryu, MD, PhD</last_name>
    <email>oddie2@naver.com</email>
  </overall_contact_backup>
  <location>
    <facility>
      <name>Department of Radiology, CHA bundang Medical Center</name>
      <address>
        <city>Seongnam-si</city>
        <country>Korea, Republic of</country>
      </address>
    </facility>
    <status>Recruiting</status>
    <contact>
      <last_name>Kyung hee Ko, MD, PhD</last_name>
      <email>yourheeya@gmail.com</email>
    </contact>
  </location>
  <location>
    <facility>
      <name>Department of Radiology, Soonchunhyang University Hospital</name>
      <address>
        <city>Seoul</city>
        <zip>04401</zip>
        <country>Korea, Republic of</country>
      </address>
    </facility>
    <status>Recruiting</status>
    <contact>
      <last_name>Yun-Woo Chang, MD, PhD</last_name>
      <email>ywchang@schmc.ac.kr</email>
    </contact>
    <investigator>
      <last_name>Yun-Woo Chang, MD, PhD</last_name>
      <role>Principal Investigator</role>
    </investigator>
  </location>
  <location>
    <facility>
      <name>Department of Radiology, Konkuk University Medical Center</name>
      <address>
        <city>Seoul</city>
        <country>Korea, Republic of</country>
      </address>
    </facility>
    <status>Recruiting</status>
    <contact>
      <last_name>Nami Choi, MD, PhD</last_name>
      <email>nami0119@gmail.com</email>
    </contact>
  </location>
  <location>
    <facility>
      <name>Department of Radiology, Kyung Hee University Hospital at Gangdong</name>
      <address>
        <city>Seoul</city>
        <country>Korea, Republic of</country>
      </address>
    </facility>
    <status>Recruiting</status>
    <contact>
      <last_name>Jung Kyu Ryu, MD, PhD</last_name>
      <email>oddie2@naver.com</email>
    </contact>
    <investigator>
      <last_name>Jung Kyu Ryu, MD, PhD</last_name>
      <role>Principal Investigator</role>
    </investigator>
  </location>
  <location>
    <facility>
      <name>Department of Radiology, Nowon Eulgi Medical center</name>
      <address>
        <city>Seoul</city>
        <country>Korea, Republic of</country>
      </address>
    </facility>
    <status>Recruiting</status>
    <contact>
      <last_name>Jin Kyung An, MD, PhD</last_name>
      <email>jkan0831@eulji.ac.kr</email>
    </contact>
  </location>
  <location_countries>
    <country>Korea, Republic of</country>
  </location_countries>
  <reference>
    <citation>Kim HE, Kim HH, Han BK, Kim KH, Han K, Nam H, Lee EH, Kim EK. Changes in cancer detection and false-positive recall in mammography using artificial intelligence: a retrospective, multireader study. Lancet Digit Health. 2020 Mar;2(3):e138-e148. doi: 10.1016/S2589-7500(20)30003-0. Epub 2020 Feb 6.</citation>
    <PMID>33334578</PMID>
  </reference>
  <reference>
    <citation>Salim M, Wahlin E, Dembrower K, Azavedo E, Foukakis T, Liu Y, Smith K, Eklund M, Strand F. External Evaluation of 3 Commercial Artificial Intelligence Algorithms for Independent Assessment of Screening Mammograms. JAMA Oncol. 2020 Oct 1;6(10):1581-1588. doi: 10.1001/jamaoncol.2020.3321.</citation>
    <PMID>32852536</PMID>
  </reference>
  <verification_date>August 2021</verification_date>
  <study_first_submitted>August 13, 2021</study_first_submitted>
  <study_first_submitted_qc>August 21, 2021</study_first_submitted_qc>
  <study_first_posted type="Actual">August 27, 2021</study_first_posted>
  <last_update_submitted>August 21, 2021</last_update_submitted>
  <last_update_submitted_qc>August 21, 2021</last_update_submitted_qc>
  <last_update_posted type="Actual">August 27, 2021</last_update_posted>
  <responsible_party>
    <responsible_party_type>Principal Investigator</responsible_party_type>
    <investigator_affiliation>Kyung Hee University Hospital at Gangdong</investigator_affiliation>
    <investigator_full_name>Jung Kyu Ryu</investigator_full_name>
    <investigator_title>MD, PhD, Principal Investigator</investigator_title>
  </responsible_party>
  <keyword>breast cancer</keyword>
  <keyword>screening</keyword>
  <keyword>AI-based CADe/x</keyword>
  <condition_browse>
    <!-- CAUTION:  The following MeSH terms are assigned with an imperfect algorithm            -->
    <mesh_term>Breast Neoplasms</mesh_term>
  </condition_browse>
  <patient_data>
    <sharing_ipd>No</sharing_ipd>
  </patient_data>
  <!-- Results have not yet been posted for this study                                          -->
</clinical_study>

