<?xml version="1.0" encoding="UTF-8"?>
<clinical_study rank="18">
  <!-- This xml conforms to an XML Schema at:
    https://clinicaltrials.gov/ct2/html/images/info/public.xsd -->
  <required_header>
    <download_date>ClinicalTrials.gov processed this data on May 26, 2023</download_date>
    <link_text>Link to the current ClinicalTrials.gov record.</link_text>
    <url>https://clinicaltrials.gov/show/NCT05468034</url>
  </required_header>
  <id_info>
    <org_study_id>CTO-IUSCCC-0781</org_study_id>
    <nct_id>NCT05468034</nct_id>
  </id_info>
  <brief_title>Exercise in Metastatic Breast Cancer: EMBody</brief_title>
  <official_title>Exercise in Metastatic Breast Cancer: EMBody</official_title>
  <sponsors>
    <lead_sponsor>
      <agency>Indiana University</agency>
      <agency_class>Other</agency_class>
    </lead_sponsor>
  </sponsors>
  <source>Indiana University</source>
  <oversight_info>
    <has_dmc>Yes</has_dmc>
    <is_fda_regulated_drug>No</is_fda_regulated_drug>
    <is_fda_regulated_device>No</is_fda_regulated_device>
  </oversight_info>
  <brief_summary>
    <textblock>
      The purpose of this study is to study exercise in a novel population with indolent MBC (no&#xD;
      progression on current therapy in prior 12 months and not receiving cytotoxic chemotherapy).&#xD;
      The study team hypothesizes that delivering virtual, supervised, progressive intensity&#xD;
      aerobic and resistance training exercise for 16 weeks in this population will significantly&#xD;
      improve 1) cardiorespiratory fitness, functional status, and sarcopenia (low muscle mass),&#xD;
      all established predictors of survival, and 2) patient- reported outcomes.&#xD;
    </textblock>
  </brief_summary>
  <detailed_description>
    <textblock>
      This is a randomized, two arm, single-center study designed to compare the effect of exercise&#xD;
      versus usual care control on the clinical parameter of cardiorespiratory fitness, in patients&#xD;
      with metastatic breast cancer with indolent disease biology over a 16-week period. This study&#xD;
      will be enrolling up to 100 participants. Participants will be randomized 1:1 in blocks of 4&#xD;
      to the exercise intervention or usual care, stratified by frailty yes/no defined by baseline&#xD;
      SPPB score ≤ 8 or &gt; 8.&#xD;
&#xD;
      Primary Objective To compare the effect of a 16-week multimodality, virtually delivered&#xD;
      exercise intervention on cardiorespiratory fitness measured by a modified Bruce ramp protocol&#xD;
      treadmill test to usual care, in patients with indolent metastatic breast cancer.&#xD;
&#xD;
      Secondary Objectives&#xD;
&#xD;
        1. To compare the effect of exercise versus usual care on objective physical function&#xD;
           measured by the short physical performance battery (SBBP)&#xD;
&#xD;
        2. To compare the effect of exercise versus usual care on subjective physical functioning&#xD;
           measured by PROMIS-29 questionnaire&#xD;
&#xD;
        3. To compare the effect of exercise versus usual care on body composition, measured by&#xD;
           visceral adiposity, lean muscle mass, and muscle density on CT scans obtained as&#xD;
           standard of care using SliceOmatic software&#xD;
&#xD;
        4. To compare the effect of exercise versus usual care on objective physical activity&#xD;
           measured by accelerometer wear&#xD;
&#xD;
        5. To compare the effect of exercise versus usual care on patient reported outcomes,&#xD;
           including fatigue (BFI) and health related quality of life (PROMIS-29)&#xD;
&#xD;
        6. To determine the fidelity of the exercise intervention, measured by changes in measures&#xD;
           of constructs of habit and intention administered by questionnaire&#xD;
&#xD;
        7. To describe patient uptake and adherence with the intervention, measured by proportion&#xD;
           of approached patients who consent to the study, and proportion of assigned training&#xD;
           sessions attended by patients randomized to the exercise arm.&#xD;
    </textblock>
  </detailed_description>
  <overall_status>Recruiting</overall_status>
  <start_date type="Actual">April 26, 2023</start_date>
  <completion_date type="Anticipated">December 2027</completion_date>
  <primary_completion_date type="Anticipated">December 2027</primary_completion_date>
  <phase>Phase 2</phase>
  <study_type>Interventional</study_type>
  <has_expanded_access>No</has_expanded_access>
  <study_design_info>
    <allocation>Randomized</allocation>
    <intervention_model>Parallel Assignment</intervention_model>
    <primary_purpose>Supportive Care</primary_purpose>
    <masking>None (Open Label)</masking>
  </study_design_info>
  <primary_outcome>
    <measure>Change in cardiorespiratory fitness</measure>
    <time_frame>baseline, 16 weeks</time_frame>
    <description>Measured by minutes on the treadmill</description>
  </primary_outcome>
  <secondary_outcome>
    <measure>physical performance battery</measure>
    <time_frame>baseline, 8, and 16 weeks</time_frame>
    <description>total score on short physical performance battery</description>
  </secondary_outcome>
  <secondary_outcome>
    <measure>Mean quality of life, as measured by the Patient-Reported Outcomes Measurement Information System-29</measure>
    <time_frame>baseline, 8, and 16 weeks</time_frame>
    <description>Likert-scaled questionnaire, with response scores ranging from 1 to 5. Scores alternate from 1 or 5 being the lowest value.</description>
  </secondary_outcome>
  <secondary_outcome>
    <measure>muscle mass</measure>
    <time_frame>baseline, and 16 weeks</time_frame>
    <description>measured by mg/kg2 on HU on CT scans</description>
  </secondary_outcome>
  <secondary_outcome>
    <measure>muscle density</measure>
    <time_frame>baseline, and 16 weeks</time_frame>
    <description>measured by mg/kg2 on HU on CT scans</description>
  </secondary_outcome>
  <secondary_outcome>
    <measure>adipose mass</measure>
    <time_frame>baseline, and 16 weeks</time_frame>
    <description>measured by mg/kg2 on HU on CT scans</description>
  </secondary_outcome>
  <secondary_outcome>
    <measure>Change in physical activity minutes</measure>
    <time_frame>baseline to post 16-week intervention</time_frame>
    <description>measured by accelerometer data</description>
  </secondary_outcome>
  <secondary_outcome>
    <measure>Change in steps per day</measure>
    <time_frame>baseline to post 16-week intervention</time_frame>
    <description>measured by accelerometer data</description>
  </secondary_outcome>
  <secondary_outcome>
    <measure>Mean fatigue score as measured by the basic fatigue inventory (BFI)</measure>
    <time_frame>baseline, and16-weeks</time_frame>
    <description>Likert-scaled questionnaire, with response scores ranging from 0 to 10, with 10 being the worse response.</description>
  </secondary_outcome>
  <secondary_outcome>
    <measure>Change intention and habits, as measured by the Behavioral Theory Scales</measure>
    <time_frame>baseline, and 16-weeks</time_frame>
    <description>Likert-scaled questionnaire, measured with a 5-point Likert scale with response options ranging from &quot;strongly disagree&quot; to &quot;strongly agree.&quot; Total scores are summed in the range of 40 to 200, with a higher score indicating stronger motivation that could predict exercise behavior.</description>
  </secondary_outcome>
  <secondary_outcome>
    <measure>Uptake of the study</measure>
    <time_frame>date open to accrual until closed to accrual, up to 5 years</time_frame>
    <description>the proportion of total patients approached, screened, and ultimately completing the baseline assessments</description>
  </secondary_outcome>
  <secondary_outcome>
    <measure>Adherence with the intervention defined</measure>
    <time_frame>baseline to post 16-week intervention</time_frame>
    <description>the proportion of scheduled sessions attended by participants randomized to the exercise intervention arm</description>
  </secondary_outcome>
  <secondary_outcome>
    <measure>change in patient-reported functional limitations, as measured by a functional limitations scale</measure>
    <time_frame>baseline, and16-weeks</time_frame>
    <description>mean score of 5 question scale, where participants responses are either scored 0 or 1, with &quot;some difficulty&quot; a 1 and &quot;no difficulty&quot; as a 0.</description>
  </secondary_outcome>
  <number_of_arms>2</number_of_arms>
  <enrollment type="Anticipated">100</enrollment>
  <condition>Breast Cancer</condition>
  <condition>Indolent Metastatic Breast Cancer</condition>
  <arm_group>
    <arm_group_label>Exercise Intervention</arm_group_label>
    <arm_group_type>Experimental</arm_group_type>
    <description>Eligible and consented participants randomized to the exercise arm (EX) will work with an exercise trainer 3x weekly for 16 weeks. Training sessions are 60 min. Schedules are determined by participant and trainer with oversight by the study team, ideally occurring at similar times each day in line with IBC theory. Each training session will be delivered virtually over a HIPAA compliant IU Health Zoom platform. The virtual exercise sessions include 3 parts: cardiovascular exercise, resistance training, and balance or stretching exercise. During sessions, patients will wear provided heart rate monitors with a training goal of moderate intensity, defined as 40-60% of heart rate reserve. Based on the participant's rate of perceived exertion (RPE), heart rate, and individual response during each session, trainers will follow an algorithm designed by the PI and collaborators to progress or regress intensity level. Participant will attend a class on creating and maintaining behavior changes.</description>
  </arm_group>
  <arm_group>
    <arm_group_label>Usual Care</arm_group_label>
    <arm_group_type>No Intervention</arm_group_type>
    <description>Participants randomized to usual care (UC) will receive care per their treatment team. UC participants are encouraged to exercise but will not be provided components of the intervention. Participants in the UC arm will be given usual care handouts at baseline from the American College of Sports Medicine.</description>
  </arm_group>
  <intervention>
    <intervention_type>Behavioral</intervention_type>
    <intervention_name>Exercise Intervention</intervention_name>
    <description>Eligible and consented participants randomized to the exercise arm (EX) will work with an exercise trainer 3x weekly for 16 weeks. Training sessions are 60 min. Schedules are determined by participant and trainer with oversight by the study team, ideally occurring at similar times each day in line with IBC theory. Each training session will be delivered virtually over a HIPAA compliant IU Health Zoom platform. The virtual exercise sessions include 3 parts: cardiovascular exercise, resistance training, and balance or stretching exercise. During sessions, patients will wear provided heart rate monitors with a training goal of moderate intensity, defined as 40-60% of heart rate reserve. Based on the participant's rate of perceived exertion (RPE), heart rate, and individual response during each session, trainers will follow an algorithm designed by the PI and collaborators to progress or regress intensity level. Participant will attend a class on creating and maintaining behavior changes.</description>
    <arm_group_label>Exercise Intervention</arm_group_label>
  </intervention>
  <eligibility>
    <criteria>
      <textblock>
        Inclusion Criteria:&#xD;
&#xD;
          1. Age ≥ 18 years&#xD;
&#xD;
          2. Diagnosis of metastatic breast cancer&#xD;
&#xD;
          3. No progression of disease in the 12 months prior to screening per the treating&#xD;
             investigator&#xD;
&#xD;
               1. If participant has changed treatments in the prior 12 months for reasons other&#xD;
                  than progressive disease, they remain eligible&#xD;
&#xD;
               2. Participants on no treatment or &quot;no evidence of disease&quot; but still with a&#xD;
                  diagnosis of metastatic breast cancer are eligible&#xD;
&#xD;
          4. ECOG performance status of 0-2&#xD;
&#xD;
          5. Participants must be able to march in place for 30 seconds. Assistance by holding onto&#xD;
             a chair is allowed.&#xD;
&#xD;
          6. Informed consent and authorization of the release of health information must be&#xD;
             obtained according to institutional guidelines&#xD;
&#xD;
          7. Currently not meeting physical activity guidelines (defined as less than 150 minutes&#xD;
             of moderate to vigorous exercise per week measured by the RPAQ questionnaire&#xD;
             administered during screening)&#xD;
&#xD;
        Exclusion Criteria:&#xD;
&#xD;
          1. Receiving cytotoxic chemotherapy at any point in the prior 12 months.&#xD;
&#xD;
               1. Participants receiving endocrine therapy are eligible.&#xD;
&#xD;
               2. Participants receiving targeted therapy or antibody therapy are eligible&#xD;
                  (examples including trastuzumab, pertuzumab, TDM-1, trastuzumab deruxtecan,&#xD;
                  sacituzumab govetecan, immunotherapy, CDK4/6 inhibitors, olaparib, alpelisib,&#xD;
                  etc.)&#xD;
&#xD;
          2. Any condition precluding supervised exercise participation. A letter from a physician&#xD;
             supporting participation can supercede this eligibility criteria.&#xD;
&#xD;
               -  NYHA class III or IV congestive heart failure&#xD;
&#xD;
               -  Uncontrolled angina&#xD;
&#xD;
               -  Myocardial infarction in the prior 12 months&#xD;
&#xD;
               -  Orthopedic surgery in the previous 3 months or plans for orthopedic surgery&#xD;
                  during the study period&#xD;
&#xD;
               -  Chronic uncontrolled pulmonary conditions such as uncontrolled asthma (symptoms &gt;&#xD;
                  2 days/week) or dyspnea requiring oxygen&#xD;
&#xD;
               -  Symptomatic peripheral vascular disease&#xD;
&#xD;
               -  Or any other comorbidity that would interfere with the ability to complete and&#xD;
                  comply with the protocol in the opinion of the investigator, including&#xD;
                  psychological illness.&#xD;
&#xD;
          3. Active, untreated brain metastases&#xD;
      </textblock>
    </criteria>
    <gender>All</gender>
    <minimum_age>18 Years</minimum_age>
    <maximum_age>N/A</maximum_age>
    <healthy_volunteers>No</healthy_volunteers>
  </eligibility>
  <overall_official>
    <last_name>Tarah Ballinger, MD</last_name>
    <role>Principal Investigator</role>
    <affiliation>Indiana University</affiliation>
  </overall_official>
  <overall_contact>
    <last_name>Jackson Richey</last_name>
    <phone>317-274-0922</phone>
    <email>jaerich@iupui.edu</email>
  </overall_contact>
  <overall_contact_backup>
    <last_name>Tarah Ballinger, MD</last_name>
    <email>tarab@iu.edu</email>
  </overall_contact_backup>
  <location>
    <facility>
      <name>IU Health West</name>
      <address>
        <city>Avon</city>
        <state>Indiana</state>
        <zip>46123</zip>
        <country>United States</country>
      </address>
    </facility>
    <status>Recruiting</status>
    <contact>
      <last_name>Jackson Richey</last_name>
      <phone>317-274-0922</phone>
      <email>jaerich@iupui.edu</email>
    </contact>
  </location>
  <location>
    <facility>
      <name>IU Health Joe and Shelly Schwarz Cancer Center</name>
      <address>
        <city>Carmel</city>
        <state>Indiana</state>
        <zip>46032</zip>
        <country>United States</country>
      </address>
    </facility>
    <status>Recruiting</status>
    <contact>
      <last_name>Jackson Richey</last_name>
      <phone>317-274-0922</phone>
      <email>jaerich@iupui.edu</email>
    </contact>
  </location>
  <location>
    <facility>
      <name>Indiana University Melvin &amp; Bren Simon Cancer Center</name>
      <address>
        <city>Indianapolis</city>
        <state>Indiana</state>
        <zip>46202</zip>
        <country>United States</country>
      </address>
    </facility>
    <status>Recruiting</status>
    <contact>
      <last_name>Jackson Richey</last_name>
      <phone>317-274-0922</phone>
      <email>jaerich@iupui.edu</email>
    </contact>
    <investigator>
      <last_name>Tarah Ballinger, MD</last_name>
      <role>Principal Investigator</role>
    </investigator>
  </location>
  <location>
    <facility>
      <name>Sidney and Lois Eskenazi Hospital</name>
      <address>
        <city>Indianapolis</city>
        <state>Indiana</state>
        <zip>46202</zip>
        <country>United States</country>
      </address>
    </facility>
    <status>Recruiting</status>
    <contact>
      <last_name>Jackson Richey</last_name>
      <phone>317-274-0922</phone>
      <email>jaerich@iupui.edu</email>
    </contact>
  </location>
  <location_countries>
    <country>United States</country>
  </location_countries>
  <verification_date>May 2023</verification_date>
  <study_first_submitted>July 12, 2022</study_first_submitted>
  <study_first_submitted_qc>July 18, 2022</study_first_submitted_qc>
  <study_first_posted type="Actual">July 21, 2022</study_first_posted>
  <last_update_submitted>May 22, 2023</last_update_submitted>
  <last_update_submitted_qc>May 22, 2023</last_update_submitted_qc>
  <last_update_posted type="Actual">May 23, 2023</last_update_posted>
  <responsible_party>
    <responsible_party_type>Principal Investigator</responsible_party_type>
    <investigator_affiliation>Indiana University</investigator_affiliation>
    <investigator_full_name>Tarah J Ballinger, MD</investigator_full_name>
    <investigator_title>Assistant Professor of Clinical Medicine</investigator_title>
  </responsible_party>
  <keyword>breast cancer</keyword>
  <keyword>indolent metastatic breast cancer</keyword>
  <keyword>exercise</keyword>
  <condition_browse>
    <!-- CAUTION:  The following MeSH terms are assigned with an imperfect algorithm            -->
    <mesh_term>Breast Neoplasms</mesh_term>
  </condition_browse>
  <!-- Results have not yet been posted for this study                                          -->
</clinical_study>

