<?xml version="1.0" encoding="UTF-8"?>
<clinical_study rank="37">
  <!-- This xml conforms to an XML Schema at:
    https://clinicaltrials.gov/ct2/html/images/info/public.xsd -->
  <required_header>
    <download_date>ClinicalTrials.gov processed this data on May 26, 2023</download_date>
    <link_text>Link to the current ClinicalTrials.gov record.</link_text>
    <url>https://clinicaltrials.gov/show/NCT05747326</url>
  </required_header>
  <id_info>
    <org_study_id>m-VCAP1</org_study_id>
    <nct_id>NCT05747326</nct_id>
  </id_info>
  <brief_title>Oral Vinorelbine and Capecitabine in Advanced HER2-negative Breast Cancer</brief_title>
  <official_title>A Doublelet Metronomic Chemotherapeutic Regimen With Oral Vinorelbine and Capecitabine in Advanced HER2-negative Breast Cancer Patients: A Monocentric Retrospective Study in China</official_title>
  <sponsors>
    <lead_sponsor>
      <agency>Cancer Institute and Hospital, Chinese Academy of Medical Sciences</agency>
      <agency_class>Other</agency_class>
    </lead_sponsor>
  </sponsors>
  <source>Cancer Institute and Hospital, Chinese Academy of Medical Sciences</source>
  <oversight_info>
    <has_dmc>No</has_dmc>
    <is_fda_regulated_drug>No</is_fda_regulated_drug>
    <is_fda_regulated_device>No</is_fda_regulated_device>
  </oversight_info>
  <brief_summary>
    <textblock>
      This study was a prospective, single-arm, open-label phase II clinical trial conducted at&#xD;
      National cancer center in China.&#xD;
    </textblock>
  </brief_summary>
  <detailed_description>
    <textblock>
      Metronomic chemotherapy is a relatively low-dose, high-frequency, continuous application of&#xD;
      cytotoxic agents. Phase I/II VICTOR-1 studies have shown that the dual oral beat combination&#xD;
      of vincristine and capecitabine is highly active and well tolerated in patients with locally&#xD;
      advanced or metastatic breast cancer. The long-term efficacy of oral two-metronomic agents&#xD;
      (vinorelbine and capecitabine) in Chinese advanced HER-2 negative breast cancer patients&#xD;
      stays unclear. The current study was designed to explore the efficacy of oral two-metronomic&#xD;
      agents (vinorelbine and capecitabine) in advanced HER-2 negative patient China.&#xD;
    </textblock>
  </detailed_description>
  <overall_status>Recruiting</overall_status>
  <start_date type="Actual">January 1, 2022</start_date>
  <completion_date type="Anticipated">June 2023</completion_date>
  <primary_completion_date type="Anticipated">June 1, 2023</primary_completion_date>
  <phase>Phase 2</phase>
  <study_type>Interventional</study_type>
  <has_expanded_access>No</has_expanded_access>
  <study_design_info>
    <allocation>N/A</allocation>
    <intervention_model>Single Group Assignment</intervention_model>
    <intervention_model_description>This study was a prospective, single-arm, open-label phase II clinical trial conducted at National cancer center in China. The eligible patients were enrolled to receive oral metronomic vinorelbine 40 mg on day 1, day 3, day 5 every week (Monday, Wednesday, and Friday) and capecitabine 500mg three times daily (tid) after meals every 3 weeks. Until disease progression or unacceptable toxicity occurred, or the patient refused medication, vinorelbine and capecitabine were administered continuously without drug-free periods over 21-day cycles.</intervention_model_description>
    <primary_purpose>Treatment</primary_purpose>
    <masking>None (Open Label)</masking>
    <masking_description>Open Label</masking_description>
  </study_design_info>
  <primary_outcome>
    <measure>Progression-free Survival</measure>
    <time_frame>At 1 year</time_frame>
    <description>1-year progression-free survival (PFS1). Evidence of local recurrence, distant metastasis, or death from any cause within 1 year counted as events in the time-to-event Kaplan-Meier analysis of progression-free survival. Progression is defined using Response Evaluation Criteria In Solid Tumors Criteria (RECIST v1.0), as a 20% increase in the sum of the longest diameter of target lesions, or a measurable increase in a non-target lesion, or the appearance of new lesions</description>
  </primary_outcome>
  <secondary_outcome>
    <measure>Proportion of Confirmed Response, Defined as a Partial Response (PR) or Better</measure>
    <time_frame>Up to 1 year</time_frame>
    <description>Confirmed response will be evaluated using all cycles. The proportion of successes will be estimated by the number of successes divided by the total number of evaluable patients. Per Response Evaluation Criteria In Solid Tumors Criteria (RECIST v1.0) for target lesions and assessed by MRI: Complete Response (CR), Disappearance of all target lesions; Partial Response (PR), &gt;=30% decrease in the sum of the longest diameter of target lesions; Overall Response (OR) = CR + PR Confirmed response will be evaluated using all cycles. The proportion of successes will be estimated by the number of successes divided by the total number of evaluable patients. Per Response Evaluation Criteria In Solid Tumors Criteria (RECIST v1.0) for target lesions and assessed by MRI: Complete Response (CR), Disappearance of all target lesions; Partial Response (PR), &gt;=30% decrease in the sum of the longest diameter of target lesions; Overall Response (OR) = CR + PR</description>
  </secondary_outcome>
  <number_of_arms>1</number_of_arms>
  <enrollment type="Anticipated">30</enrollment>
  <condition>Breast Cancer</condition>
  <arm_group>
    <arm_group_label>Study group</arm_group_label>
    <arm_group_type>Experimental</arm_group_type>
    <description>The eligible patients were enrolled to receive oral metronomic vinorelbine 40 mg on day 1, day 3, day 5 every week (Monday, Wednesday, and Friday) and capecitabine 500mg three times daily (tid) after meals every 3 weeks. Until disease progression or unacceptable toxicity occurred, or the patient refused medication, vinorelbine and capecitabine were administered continuously without drug-free periods over 21-day cycles.</description>
  </arm_group>
  <intervention>
    <intervention_type>Drug</intervention_type>
    <intervention_name>oral vinorelbine and capecitabine</intervention_name>
    <description>The eligible patients were enrolled to receive oral metronomic vinorelbine 40 mg on day 1, day 3, day 5 every week (Monday, Wednesday, and Friday) and capecitabine 500mg three times daily (tid) after meals every 3 weeks. Until disease progression or unacceptable toxicity occurred, or the patient refused medication, vinorelbine and capecitabine were administered continuously without drug-free periods over 21-day cycles.</description>
    <arm_group_label>Study group</arm_group_label>
    <other_name>metronomic agents (vinorelbine and capecitabine )</other_name>
  </intervention>
  <eligibility>
    <criteria>
      <textblock>
        Inclusion Criteria:&#xD;
&#xD;
          -  female;&#xD;
&#xD;
          -  aged ≥ 18 years and ≤75 years;&#xD;
&#xD;
          -  histologically proved metastatic HER-2 negative breast cancer. HER2-negative status&#xD;
             determined by situ hybridization (FISH) or immunohistochemistry (IHC) (IHC 0, 1+, 2+&#xD;
             and/or FISH HER2 negative);&#xD;
&#xD;
          -  at least one measurable or evaluable lesion based on RECIST 1.1 criteria;&#xD;
&#xD;
          -  estimated life expectancy ≥ 3 months;&#xD;
&#xD;
          -  normal heart, liver, and kidney function;&#xD;
&#xD;
          -  Eastern Cooperative Oncology Group (ECOG) performance status (PS) of 0 or 1;&#xD;
&#xD;
          -  informed consent signed by the participants&#xD;
&#xD;
        Exclusion Criteria:&#xD;
&#xD;
          -  received neoadjuvant or adjuvant therapy containing vinorelbine or capecitabine within&#xD;
             one year prior to treatment initiation;&#xD;
&#xD;
          -  participated in other new drug clinical trials within 4 weeks before enrollment;&#xD;
&#xD;
          -  inflammatory breast cancer;&#xD;
&#xD;
          -  symptomatic visceral disease;&#xD;
&#xD;
          -  second primary malignancy;&#xD;
&#xD;
          -  mental disorder.&#xD;
      </textblock>
    </criteria>
    <gender>Female</gender>
    <minimum_age>18 Years</minimum_age>
    <maximum_age>75 Years</maximum_age>
    <healthy_volunteers>No</healthy_volunteers>
  </eligibility>
  <overall_official>
    <last_name>Binghe Xu</last_name>
    <role>Study Director</role>
    <affiliation>National Cancer Center/National Clinical Research Center for Cancer</affiliation>
  </overall_official>
  <overall_contact>
    <last_name>Qiao Li, Dr.</last_name>
    <phone>+8615910573527</phone>
    <phone_ext>87788819</phone_ext>
    <email>liqiaopumc@qq.com</email>
  </overall_contact>
  <overall_contact_backup>
    <last_name>Yue Chai, Dr.</last_name>
    <phone>13350804092</phone>
    <email>cy972628990@163.com</email>
  </overall_contact_backup>
  <location>
    <facility>
      <name>National Cancer Center/National Clinical Research Center for Cancer/Cancer Hospital</name>
      <address>
        <city>Beijing</city>
        <state>Beijing</state>
        <zip>00</zip>
        <country>China</country>
      </address>
    </facility>
    <status>Recruiting</status>
    <contact>
      <last_name>Qiao Li, Dr.</last_name>
      <phone>+8615910573527</phone>
      <email>liqiaopumc@qq.com</email>
    </contact>
    <contact_backup>
      <last_name>Yue Chai, Dr.</last_name>
      <phone>13350804092</phone>
      <email>cy972628990@163.com</email>
    </contact_backup>
  </location>
  <location_countries>
    <country>China</country>
  </location_countries>
  <verification_date>February 2023</verification_date>
  <study_first_submitted>February 17, 2023</study_first_submitted>
  <study_first_submitted_qc>February 27, 2023</study_first_submitted_qc>
  <study_first_posted type="Actual">February 28, 2023</study_first_posted>
  <last_update_submitted>February 27, 2023</last_update_submitted>
  <last_update_submitted_qc>February 27, 2023</last_update_submitted_qc>
  <last_update_posted type="Actual">February 28, 2023</last_update_posted>
  <responsible_party>
    <responsible_party_type>Sponsor</responsible_party_type>
  </responsible_party>
  <keyword>Breast Cancer</keyword>
  <keyword>metronomic treatment</keyword>
  <condition_browse>
    <!-- CAUTION:  The following MeSH terms are assigned with an imperfect algorithm            -->
    <mesh_term>Breast Neoplasms</mesh_term>
  </condition_browse>
  <intervention_browse>
    <!-- CAUTION:  The following MeSH terms are assigned with an imperfect algorithm            -->
    <mesh_term>Capecitabine</mesh_term>
    <mesh_term>Vinorelbine</mesh_term>
  </intervention_browse>
  <patient_data>
    <sharing_ipd>No</sharing_ipd>
    <ipd_description>Individual anonymized participant data will not be shared.</ipd_description>
  </patient_data>
  <!-- Results have not yet been posted for this study                                          -->
</clinical_study>

