<?xml version="1.0" encoding="UTF-8"?>
<clinical_study rank="203">
  <!-- This xml conforms to an XML Schema at:
    https://clinicaltrials.gov/ct2/html/images/info/public.xsd -->
  <required_header>
    <download_date>ClinicalTrials.gov processed this data on May 26, 2023</download_date>
    <link_text>Link to the current ClinicalTrials.gov record.</link_text>
    <url>https://clinicaltrials.gov/show/NCT01565499</url>
  </required_header>
  <id_info>
    <org_study_id>GEICAM/2011-02</org_study_id>
    <nct_id>NCT01565499</nct_id>
  </id_info>
  <brief_title>Neoadjuvant Treatment With Nab-paclitaxel for Patients With Stage II and III Luminal Breast Cancer</brief_title>
  <official_title>Phase II, Open-label, Non-randomized Study of Nab-paclitaxel for the Neoadjuvant Treatment of Patients With Stage II and III Luminal Breast Cancer</official_title>
  <sponsors>
    <lead_sponsor>
      <agency>Spanish Breast Cancer Research Group</agency>
      <agency_class>Other</agency_class>
    </lead_sponsor>
    <collaborator>
      <agency>Celgene</agency>
      <agency_class>Industry</agency_class>
    </collaborator>
  </sponsors>
  <source>Spanish Breast Cancer Research Group</source>
  <oversight_info>
    <has_dmc>No</has_dmc>
  </oversight_info>
  <brief_summary>
    <textblock>
      Multicenter, open label, non-randomized phase 2 trial to evaluate the efficacy and safety of&#xD;
      nab-paclitaxel in the neoadjuvant treatment of ER positive human epidermal growth factor&#xD;
      receptor 2 (HER2) negative patients amenable to receive neoadjuvant chemotherapy.&#xD;
    </textblock>
  </brief_summary>
  <detailed_description>
    <textblock>
      The primary objective of the trial is to determine the percentage of patients with poor&#xD;
      response [residual cancer burden III (RCB-III) rate] in contrast to good response [residual&#xD;
      cancer burden 0/I RCB-0/1] measured by the Symmans criteria [20] at surgery, in patients with&#xD;
      stage II-III luminal breast cancer treated with neoadjuvant nab-paclitaxel.&#xD;
&#xD;
      The primary endpoint of the study is to determine the residual cancer burden grade III&#xD;
      (RCB-III) after surgery.&#xD;
&#xD;
      The total number of patients to be included in this study is 78 patients.&#xD;
&#xD;
      The duration of the study, from first patient visit to last patient visit will be&#xD;
      approximately 90 months (Including follow-ups)&#xD;
    </textblock>
  </detailed_description>
  <overall_status>Completed</overall_status>
  <start_date type="Actual">April 17, 2012</start_date>
  <completion_date type="Actual">May 27, 2018</completion_date>
  <primary_completion_date type="Actual">June 1, 2014</primary_completion_date>
  <phase>Phase 2</phase>
  <study_type>Interventional</study_type>
  <has_expanded_access>No</has_expanded_access>
  <study_design_info>
    <allocation>N/A</allocation>
    <intervention_model>Single Group Assignment</intervention_model>
    <primary_purpose>Treatment</primary_purpose>
    <masking>None (Open Label)</masking>
  </study_design_info>
  <primary_outcome>
    <measure>The Residual Cancer Burden Grade III (RCB-III).</measure>
    <time_frame>After surgery, up to 4 months</time_frame>
    <description>The RCB-III was reported, including a 95% confidence interval. The estimate of the RCB-III was calculated as follows:&#xD;
Overall Response Rate = Number of patients with RCB-III / Intent to treat (ITT) population</description>
  </primary_outcome>
  <secondary_outcome>
    <measure>Pathologic Complete Response (pCR) Rate</measure>
    <time_frame>After surgery, up to 4 months</time_frame>
    <description>Objective Response was measured following the Response Evaluation Criteria In Solid Tumors (RECIST 1.1) criteria. For the purpose of this study a response is defined as the achievement of a complete or partial response measured by breast MRI.&#xD;
Pathological complete response (pCR) was evaluated following the Symmans method at the time of the definitive surgery. For the purpose of this study RCB-0 was considered a pCR.&#xD;
The pCR (RCB-0) rate (pCRR) was reported including a 95% confidence interval. The estimate of the pCR rate was calculated as follows by central laboratory:&#xD;
pCR Rate = Number of patients with pCR / ITT population.</description>
  </secondary_outcome>
  <secondary_outcome>
    <measure>Objective Response Rate (ORR) by Magnetic Resonance Imaging (MRI)</measure>
    <time_frame>After surgery, up to 4 months</time_frame>
    <description>The ORR was reported including a 95% confidence interval. The estimate of the ORR was determined according to RECIST 1.1 and measured by MRI and mammogram in patients treated with this regimen. ORR was calculated as follows:&#xD;
Overall Response Rate = Number of Complete Responses (CRs), Partial Responses (PRs) / ITT population</description>
  </secondary_outcome>
  <secondary_outcome>
    <measure>Objective Response Rate (ORR) by Mammogram</measure>
    <time_frame>After surgery, up to 4 months</time_frame>
    <description>The ORR was reported including a 95% confidence interval. The estimate of the ORR was determined according to RECIST 1.1 and measured by MRI and mammogram in patients treated with this regimen. ORR was calculated as follows:&#xD;
Overall Response Rate = Number of CRs, PRs / ITT population</description>
  </secondary_outcome>
  <secondary_outcome>
    <measure>Invasive Disease Free Survival (IDFS)</measure>
    <time_frame>Up to 6 years</time_frame>
    <description>IDFS was defined as the time (days) from the date of randomization until the date of objective recurrent disease (local, regional or distant), second primary invasive malignancy (breast or non-breast) or death from any cause. For patients not known to have died as of the data cut-off date and who do not have recurrent disease or second primary tumor, invasive disease-free survival will be censored at the last contact date. Ductal carcinoma in-situ (DCIS) will not be considered an event for the purpose of this analysis.</description>
  </secondary_outcome>
  <secondary_outcome>
    <measure>Rate of Conversion to Breast Conserving Surgery (BCS)</measure>
    <time_frame>After surgery, up to 4 months</time_frame>
    <description>The conversion from the initially planned mastectomy to BCS was reported including a 95% confidence interval. The estimate of the rate of conversion to BCS was calculated as follows:&#xD;
BCS rate = Number of patients with BCS / Number of patients with initially planned mastectomy.</description>
  </secondary_outcome>
  <secondary_outcome>
    <measure>The Number of Participants Who Experienced Adverse Events (AE)</measure>
    <time_frame>During treatment and until 30 days after the last dose of each patient study treatment</time_frame>
    <description>Incidence of adverse events by maximum CTCAE grade (v4.03; NCI 2010) that occur during the study treatment period or within 30 days of the last dose of study treatment, regardless of causality and according to the relationship to study drug as assessed by the investigator, were collected and evaluated.</description>
  </secondary_outcome>
  <secondary_outcome>
    <measure>Ki67 in Pre-treatment Tumor Samples as Tumor Predictive Marker of Nab-paclitaxel Response</measure>
    <time_frame>Baseline visit</time_frame>
    <description>Ki67 was analysed by immunohistochemistry following the American Society of Clinical Oncology and the College of American Pathologists guidelines. The cut-off considered for Ki67 expression was 20% of positively stained tumor cells.</description>
  </secondary_outcome>
  <secondary_outcome>
    <measure>Caveolin-1 in Pre-treatment Tumor Samples as Tumor Predictive Marker of Nab-paclitaxel Response</measure>
    <time_frame>Baseline visit</time_frame>
    <description>Caveolin (Cav)-1 was evaluated in the stroma and its expression was categorized in low, moderate, or high (tertile). The high expression of Cav-1 was considered as positive.</description>
  </secondary_outcome>
  <secondary_outcome>
    <measure>Secreted Protein, Acidic, Cysteine-rich (SPARC) in Pre-treatment Tumor Samples as Tumor Predictive Marker of Nab-paclitaxel Response</measure>
    <time_frame>Baseline visit</time_frame>
    <description>SPARC was evaluated for both tumor and stroma. Its expression was categorized as negative when the intensity was absent-to-weak (1), or moderate (11)-to-strong (111) with a proportion of stained cells &lt;10%. Immunolabeling was positive if the intensity was moderate (11)-to-strong (111) and the extent of staining was 10%.</description>
  </secondary_outcome>
  <secondary_outcome>
    <measure>Molecular Tumor Subtypes According to St. Gallen Criteria 2013 in Pre-treatment Tumor Samples as Predictive Marker of Nab-paclitaxel Response</measure>
    <time_frame>Baseline</time_frame>
    <description>Molecular subtypes were classified according to St. Gallen criteria 2013 and Prat et al. into Luminal A (ER+, Progesterone Receptor (PgR) &gt;20%, Human Epidermal growth factor Receptor 2 - (HER2), Ki67 &lt;14%), Luminal B1 (ER+, HER2-, PgR &gt;20% and/or Ki67 &lt;14%), Luminal B2 (ER+, HER2+, any PgR, any Ki67), TN (ER-, PgR-, HER2-), and HER2-enriched (ER-, PgR-, HER2+) subtypes.</description>
  </secondary_outcome>
  <number_of_arms>1</number_of_arms>
  <enrollment type="Actual">83</enrollment>
  <condition>Breast Cancer</condition>
  <arm_group>
    <arm_group_label>Nab-Paclitaxel</arm_group_label>
    <arm_group_type>Experimental</arm_group_type>
    <description>The patients will be included to receive 3 weekly nab-paclitaxel doses of 150 mg/m2 with one week of rest for 4 cycles.</description>
  </arm_group>
  <intervention>
    <intervention_type>Drug</intervention_type>
    <intervention_name>Nab-paclitaxel</intervention_name>
    <arm_group_label>Nab-Paclitaxel</arm_group_label>
    <other_name>Abraxane</other_name>
  </intervention>
  <eligibility>
    <criteria>
      <textblock>
        Inclusion Criteria:&#xD;
&#xD;
          1. Female patients with histologically confirmed diagnosis of primary unilateral invasive&#xD;
             early breast cancer with longest tumor size in breast ≥ 2cm, or &lt; 2 cm with axillary&#xD;
             involvement. In case of a multifocal tumor (tumor foci located in the same quadrant)&#xD;
             the largest lesion must be ≥ 2cm (unless axillary involvement) and is designated as&#xD;
             the &quot;target&quot; lesion for all subsequent tumor evaluations.&#xD;
&#xD;
          2. The breast tumors must be ER positive: more than 1% of stained tumor cells by&#xD;
             immuno-histochemistry (IHC), and HER2 negative: 0, or 1+ score by IHC, or 2+ with&#xD;
             fluorescence in situ hybridization (FISH)/chromogenic in situ hybridization (CISH)&#xD;
             negative for HER2 amplification (defined as a ratio of HER2/neu copies to chromosome&#xD;
             17 centromere (CEP17) signals &lt;1.8), according to the local laboratory).&#xD;
&#xD;
          3. Are clear candidates to receive chemotherapy by the investigator criteria.&#xD;
&#xD;
          4. Are at least 18 years of age.&#xD;
&#xD;
          5. Have at least one unidimensionally measurable lesion by RECIST [65] version 1.1,&#xD;
             measured by mammogram.&#xD;
&#xD;
          6. Have adequate performance status: Eastern Cooperative Oncology Group (ECOG) &lt;2&#xD;
&#xD;
          7. Have adequate renal and liver function and bone marrow reserve as follows:&#xD;
&#xD;
               -  Bone marrow: absolute neutrophil count (ANC) &gt; or = 1.500/mm3 (1.5 x 109/L);&#xD;
                  platelet count &gt; or = 100.000/mm3 (100.0 x 109/L); and hemoglobin &gt; or = 9 g/dL.&#xD;
&#xD;
               -  Hepatic: bilirubin &lt; or = 1.5 times the upper limit of normal (x ULN); alkaline&#xD;
                  phosphatase (ALP), aspartate transaminase (AST), and alanine transaminase (ALT) &lt;&#xD;
                  or = 2.5 * ULN and Albumin ≥ 2.5 g/dL.&#xD;
&#xD;
               -  Renal: serum creatinine &lt; 1.5 x ULN.&#xD;
&#xD;
          8. Exhibit patient compliance and geographic proximity that allow for adequate follow-up&#xD;
&#xD;
          9. Entry informed consent form signed by the patient.&#xD;
&#xD;
        Exclusion Criteria:&#xD;
&#xD;
          1. Inflammatory breast cancer (T4d) and supraclavicular lymph nodes (N3)&#xD;
&#xD;
          2. Synchronous contralateral or multicentric breast cancer.&#xD;
&#xD;
          3. Clinical or radiologic evidence of metastatic disease. Chest examination by x-ray or&#xD;
             CT-scan, abdominal examination by CT-scan, bone examination by bone scan as well as&#xD;
             other radiological methods in case of suspicion must be performed before enrollment in&#xD;
             order to rule out metastasis.&#xD;
&#xD;
          4. Second primary malignancy, except adequately treated carcinoma in situ of the cervix,&#xD;
             stage I colon cancer, non-invasive melanoma, basal or squamous cell carcinomas of the&#xD;
             skin, ipsilateral ductal carcinoma in-situ (DCIS) of the breast and lobular carcinoma&#xD;
             in-situ (LCIS) of the breast; unless that prior malignancy was diagnosed and&#xD;
             definitively treated more than 5 years ago with no subsequent evidence of recurrence.&#xD;
&#xD;
          5. Prior or concurrent anti-cancer therapy for current disease (hormone therapy,&#xD;
             chemotherapy, radiotherapy, immunotherapy, biological therapy other than the trial&#xD;
             therapies).&#xD;
&#xD;
          6. Concurrent treatment with any hormonal treatment either for osteoporosis or as&#xD;
             replacement therapy.&#xD;
&#xD;
          7. Patients with known hypersensitivity to nab-paclitaxel or any of its components.&#xD;
&#xD;
          8. Previous neuropathy grade &gt;1 according to the NCI-CTCAE vs 4.03 criteria&#xD;
&#xD;
          9. Have received treatment within the last 4 weeks with a drug that has not received&#xD;
             regulatory approval for any indication at the time of study entry.&#xD;
&#xD;
         10. Have any serious concomitant systemic disorder incompatible with the study (at the&#xD;
             discretion of investigator).&#xD;
&#xD;
         11. Patient is pregnant or breast feeding or planning to become pregnant within the six&#xD;
             months after the end of treatment. Women with child-bearing potential must be&#xD;
             performed a pregnancy serum or urine testing within 7 days prior to study entry&#xD;
             according to institutional standards and should use an adequate non-hormonal&#xD;
             contraceptive method (intra-uterine contraceptive device, barrier method of&#xD;
             contraception in conjunction with spermicidal jelly or surgically sterilized) during&#xD;
             treatment with study drugs and within the six months after the end of treatment.&#xD;
      </textblock>
    </criteria>
    <gender>Female</gender>
    <minimum_age>18 Years</minimum_age>
    <maximum_age>N/A</maximum_age>
    <healthy_volunteers>No</healthy_volunteers>
  </eligibility>
  <overall_official>
    <last_name>Study Director</last_name>
    <role>Study Director</role>
    <affiliation>Hospital General Universitario Gregorio Marañón</affiliation>
  </overall_official>
  <location>
    <facility>
      <name>Corporación Sanitaria Parc Taulí</name>
      <address>
        <city>Sabadell</city>
        <state>Barcelona</state>
        <zip>08208</zip>
        <country>Spain</country>
      </address>
    </facility>
  </location>
  <location>
    <facility>
      <name>Instituto Oncológico de Guipúzcoa</name>
      <address>
        <city>Donostia-San Sebastián</city>
        <state>Guipúzcoa</state>
        <zip>20012</zip>
        <country>Spain</country>
      </address>
    </facility>
  </location>
  <location>
    <facility>
      <name>Hospital Universitario de Canarias</name>
      <address>
        <city>La Laguna</city>
        <state>Santa Cruz De Tenerife</state>
        <zip>38320</zip>
        <country>Spain</country>
      </address>
    </facility>
  </location>
  <location>
    <facility>
      <name>Complejo Hospitalario Universitario A Coruña</name>
      <address>
        <city>A Coruña</city>
        <zip>15006</zip>
        <country>Spain</country>
      </address>
    </facility>
  </location>
  <location>
    <facility>
      <name>Hospital Clinic i Provincial</name>
      <address>
        <city>Barcelona</city>
        <zip>08036</zip>
        <country>Spain</country>
      </address>
    </facility>
  </location>
  <location>
    <facility>
      <name>Hospital de la Santa Creu i Sant Pau</name>
      <address>
        <city>Barcelona</city>
        <zip>08041</zip>
        <country>Spain</country>
      </address>
    </facility>
  </location>
  <location>
    <facility>
      <name>Complejo Hospitalario de Jaén</name>
      <address>
        <city>Jaén</city>
        <zip>23007</zip>
        <country>Spain</country>
      </address>
    </facility>
  </location>
  <location>
    <facility>
      <name>Hospital General Universitario Gregorio Marañón</name>
      <address>
        <city>Madrid</city>
        <zip>28007</zip>
        <country>Spain</country>
      </address>
    </facility>
  </location>
  <location>
    <facility>
      <name>Hospital La Paz</name>
      <address>
        <city>Madrid</city>
        <zip>28046</zip>
        <country>Spain</country>
      </address>
    </facility>
  </location>
  <location>
    <facility>
      <name>Hospital Universitario Morales Meseguer</name>
      <address>
        <city>Murcia</city>
        <zip>30008</zip>
        <country>Spain</country>
      </address>
    </facility>
  </location>
  <location>
    <facility>
      <name>Hospital Virgen de la Salud</name>
      <address>
        <city>Toledo</city>
        <zip>45004</zip>
        <country>Spain</country>
      </address>
    </facility>
  </location>
  <location>
    <facility>
      <name>Instituto Valenciano de Oncología</name>
      <address>
        <city>Valencia</city>
        <zip>46009</zip>
        <country>Spain</country>
      </address>
    </facility>
  </location>
  <location>
    <facility>
      <name>Hospital Miguel Servet</name>
      <address>
        <city>Zaragoza</city>
        <zip>50009</zip>
        <country>Spain</country>
      </address>
    </facility>
  </location>
  <location_countries>
    <country>Spain</country>
  </location_countries>
  <link>
    <url>http://www.geicam.org</url>
    <description>Sponsor's web</description>
  </link>
  <results_reference>
    <citation>Martin M, Chacon JI, Anton A, Plazaola A, Garcia-Martinez E, Segui MA, Sanchez-Rovira P, Palacios J, Calvo L, Esteban C, Espinosa E, Barnadas A, Batista N, Guerrero A, Munoz M, Romio E, Rodriguez-Martin C, Caballero R, Casas MI, Rojo F, Carrasco E, Antolin S. Neoadjuvant Therapy with Weekly Nanoparticle Albumin-Bound Paclitaxel for Luminal Early Breast Cancer Patients: Results from the NABRAX Study (GEICAM/2011-02), a Multicenter, Non-Randomized, Phase II Trial, with a Companion Biomarker Analysis. Oncologist. 2017 Nov;22(11):1301-1308. doi: 10.1634/theoncologist.2017-0052. Epub 2017 Jul 12.</citation>
    <PMID>28701571</PMID>
  </results_reference>
  <verification_date>March 2023</verification_date>
  <study_first_submitted>March 22, 2012</study_first_submitted>
  <study_first_submitted_qc>March 26, 2012</study_first_submitted_qc>
  <study_first_posted type="Estimate">March 28, 2012</study_first_posted>
  <results_first_submitted>October 1, 2020</results_first_submitted>
  <results_first_submitted_qc>October 26, 2020</results_first_submitted_qc>
  <results_first_posted type="Actual">November 18, 2020</results_first_posted>
  <last_update_submitted>March 3, 2023</last_update_submitted>
  <last_update_submitted_qc>March 3, 2023</last_update_submitted_qc>
  <last_update_posted type="Actual">March 30, 2023</last_update_posted>
  <responsible_party>
    <responsible_party_type>Sponsor</responsible_party_type>
  </responsible_party>
  <keyword>Neoadjuvant nab-paclitaxel luminal breast cancer</keyword>
  <condition_browse>
    <!-- CAUTION:  The following MeSH terms are assigned with an imperfect algorithm            -->
    <mesh_term>Breast Neoplasms</mesh_term>
  </condition_browse>
  <intervention_browse>
    <!-- CAUTION:  The following MeSH terms are assigned with an imperfect algorithm            -->
    <mesh_term>Paclitaxel</mesh_term>
  </intervention_browse>

  <clinical_results>

    <participant_flow>
      <pre_assignment_details>There are two patients that have not received any cycle and they are excluded of analysis by ITT criterium: One patient did not receive any cycle, ended treatment by investigator´s criterium and the other patient withdrawn informed consent before starting the treatment.</pre_assignment_details>
      <group_list>
        <group group_id="P1">
          <title>Nab-Paclitaxel</title>
          <description>The patients will be included to receive 3 weekly nab-paclitaxel doses of 150 mg/m2 with one week of rest for 4 cycles.&#xD;
Nab-paclitaxel</description>
        </group>
      </group_list>
      <period_list>
        <period>
          <title>Overall Study</title>
          <milestone_list>
            <milestone>
              <title>STARTED</title>
              <participants_list>
                <participants group_id="P1" count="83"/>
              </participants_list>
            </milestone>
            <milestone>
              <title>COMPLETED</title>
              <participants_list>
                <participants group_id="P1" count="75"/>
              </participants_list>
            </milestone>
            <milestone>
              <title>NOT COMPLETED</title>
              <participants_list>
                <participants group_id="P1" count="8"/>
              </participants_list>
            </milestone>
          </milestone_list>
          <drop_withdraw_reason_list>
            <drop_withdraw_reason>
              <title>Physician Decision</title>
              <participants_list>
                <participants group_id="P1" count="1"/>
              </participants_list>
            </drop_withdraw_reason>
            <drop_withdraw_reason>
              <title>Adverse Event</title>
              <participants_list>
                <participants group_id="P1" count="5"/>
              </participants_list>
            </drop_withdraw_reason>
            <drop_withdraw_reason>
              <title>Withdrawal by Subject</title>
              <participants_list>
                <participants group_id="P1" count="2"/>
              </participants_list>
            </drop_withdraw_reason>
          </drop_withdraw_reason_list>
        </period>
      </period_list>
    </participant_flow>

    <baseline>
      <population>From the 83 patients registered, there were 2 patients that had not received any cycle and they were excluded of analysis by Intent To Treat (ITT) criterium: One patient did not receive any cycle, ended treatment by investigator´s criterium and the other patient withdrawn informed consent before starting the treatment.</population>
      <group_list>
        <group group_id="B1">
          <title>Nab-Paclitaxel</title>
          <description>The patients will be included to receive 3 weekly nab-paclitaxel doses of 150 mg/m2 with one week of rest for 4 cycles.&#xD;
Nab-paclitaxel</description>
        </group>
      </group_list>
      <analyzed_list>
        <analyzed>
          <units>Participants</units>
          <scope>Overall</scope>
          <count_list>
            <count group_id="B1" value="81"/>
          </count_list>
        </analyzed>
      </analyzed_list>
      <measure_list>
        <measure>
          <title>Age</title>
          <units>years</units>
          <param>Median</param>
          <dispersion>Full Range</dispersion>
          <class_list>
            <class>
              <category_list>
                <category>
                  <measurement_list>
                    <measurement group_id="B1" value="47" lower_limit="28" upper_limit="75"/>
                  </measurement_list>
                </category>
              </category_list>
            </class>
          </class_list>
        </measure>
        <measure>
          <title>Sex: Female, Male</title>
          <units>Participants</units>
          <param>Count of Participants</param>
          <class_list>
            <class>
              <category_list>
                <category>
                  <title>Female</title>
                  <measurement_list>
                    <measurement group_id="B1" value="81"/>
                  </measurement_list>
                </category>
                <category>
                  <title>Male</title>
                  <measurement_list>
                    <measurement group_id="B1" value="0"/>
                  </measurement_list>
                </category>
              </category_list>
            </class>
          </class_list>
        </measure>
        <measure>
          <title>Race/Ethnicity, Customized</title>
          <units>Participants</units>
          <param>Count of Participants</param>
          <class_list>
            <class>
              <title>Caucasian</title>
              <category_list>
                <category>
                  <measurement_list>
                    <measurement group_id="B1" value="79"/>
                  </measurement_list>
                </category>
              </category_list>
            </class>
            <class>
              <title>Hispanic</title>
              <category_list>
                <category>
                  <measurement_list>
                    <measurement group_id="B1" value="2"/>
                  </measurement_list>
                </category>
              </category_list>
            </class>
          </class_list>
        </measure>
        <measure>
          <title>Menopausal Status</title>
          <units>Participants</units>
          <param>Count of Participants</param>
          <class_list>
            <class>
              <category_list>
                <category>
                  <title>Premenopausal</title>
                  <measurement_list>
                    <measurement group_id="B1" value="52"/>
                  </measurement_list>
                </category>
                <category>
                  <title>Postmenopausal</title>
                  <measurement_list>
                    <measurement group_id="B1" value="29"/>
                  </measurement_list>
                </category>
              </category_list>
            </class>
          </class_list>
        </measure>
        <measure>
          <title>Hormonal status</title>
          <units>Participants</units>
          <param>Count of Participants</param>
          <class_list>
            <class>
              <category_list>
                <category>
                  <title>Estrogen Receptor (ER) (+) and Progesterone R (+)</title>
                  <measurement_list>
                    <measurement group_id="B1" value="62"/>
                  </measurement_list>
                </category>
                <category>
                  <title>ER (+) and Progesterone R (-)</title>
                  <measurement_list>
                    <measurement group_id="B1" value="17"/>
                  </measurement_list>
                </category>
                <category>
                  <title>ER (+) and Progesterone R (Not available)</title>
                  <measurement_list>
                    <measurement group_id="B1" value="2"/>
                  </measurement_list>
                </category>
              </category_list>
            </class>
          </class_list>
        </measure>
        <measure>
          <title>Eastern Cooperative Oncology Group (ECOG) status</title>
          <description>ECOG score runs from 0 to 5, with 0 denoting perfect health and 5 death. ECOG 0: Asymptomatic ECOG 1: Symptomatic but completely ambulatory ECOG 2: Symptomatic, &lt;50% in bed during the day ECOG 3: Symptomatic, &gt;50% in bed, but not bedbound ECOG 4: Bedbound ECOG 5: Death</description>
          <units>Participants</units>
          <param>Count of Participants</param>
          <class_list>
            <class>
              <category_list>
                <category>
                  <title>ECOG 0</title>
                  <measurement_list>
                    <measurement group_id="B1" value="79"/>
                  </measurement_list>
                </category>
                <category>
                  <title>ECOG 1</title>
                  <measurement_list>
                    <measurement group_id="B1" value="2"/>
                  </measurement_list>
                </category>
              </category_list>
            </class>
          </class_list>
        </measure>
        <measure>
          <title>Clinical Tumor size</title>
          <description>Tumor (T) size describes the size of the tumour. Larger T is associated with inferior survival.&#xD;
TX: can't be assessed. Tis: ductal carcinoma in situ. T1: tumour is 2 centimetres (cm) across or less. T1mi: tumour is 0.1cm across or less T1a: tumour &gt;0.1 cm but &lt;0.5 cm T1b: tumour &gt;0.5 cm but &lt;1 cm T1c: tumour &gt;1 cm but &lt;2 cm T2: tumour &gt;2 cm but &lt;5 cm across T3: tumour &gt;5 cm across T4a: tumour has spread into the chest wall T4b: tumour has spread into the skin and the breast might be swollen T4c: tumour has spread to both the skin and the chest wall T4d: inflammatory carcinoma</description>
          <units>Participants</units>
          <param>Count of Participants</param>
          <class_list>
            <class>
              <category_list>
                <category>
                  <title>T1</title>
                  <measurement_list>
                    <measurement group_id="B1" value="9"/>
                  </measurement_list>
                </category>
                <category>
                  <title>T1c</title>
                  <measurement_list>
                    <measurement group_id="B1" value="8"/>
                  </measurement_list>
                </category>
                <category>
                  <title>T2</title>
                  <measurement_list>
                    <measurement group_id="B1" value="42"/>
                  </measurement_list>
                </category>
                <category>
                  <title>T3</title>
                  <measurement_list>
                    <measurement group_id="B1" value="18"/>
                  </measurement_list>
                </category>
                <category>
                  <title>T4a</title>
                  <measurement_list>
                    <measurement group_id="B1" value="1"/>
                  </measurement_list>
                </category>
                <category>
                  <title>T4b</title>
                  <measurement_list>
                    <measurement group_id="B1" value="3"/>
                  </measurement_list>
                </category>
              </category_list>
            </class>
          </class_list>
        </measure>
        <measure>
          <title>Clinical Nodal status</title>
          <description>Node (N) describes whether the cancer has spread to the Lymph Nodes (LN). Prognosis is better when cancer has not spread to the LN. The more LN that contain cancer, the poorer prognosis tends to be.&#xD;
NX: LN can't be assessed N0: no Cancer Cells (CC) N1: CC in the LN in the armpit but the nodes are not stuck to surrounding tissues.&#xD;
N2a: CC in the LN in the armpit, which are stuck to each other and to other structures.&#xD;
N2b: CC in the LN behind the breast bone. N3a: CC in LN below the collarbone. N3b: CC in LN in the armpit and behind the breastbone.</description>
          <units>Participants</units>
          <param>Count of Participants</param>
          <class_list>
            <class>
              <category_list>
                <category>
                  <title>N0</title>
                  <measurement_list>
                    <measurement group_id="B1" value="30"/>
                  </measurement_list>
                </category>
                <category>
                  <title>N1</title>
                  <measurement_list>
                    <measurement group_id="B1" value="43"/>
                  </measurement_list>
                </category>
                <category>
                  <title>N2</title>
                  <measurement_list>
                    <measurement group_id="B1" value="5"/>
                  </measurement_list>
                </category>
                <category>
                  <title>NX</title>
                  <measurement_list>
                    <measurement group_id="B1" value="3"/>
                  </measurement_list>
                </category>
              </category_list>
            </class>
          </class_list>
        </measure>
        <measure>
          <title>Clinical Stage</title>
          <description>Clinical Stages:&#xD;
Stage 0: Abnormal cells are present but have not spread to nearby tissue. Also called carcinoma in situ (CIS). CIS is not cancer, but it may become cancer.&#xD;
Stage I, Stage II, and Stage III: Cancer is present. The higher the number, the larger the cancer tumor and the more it has spread into nearby tissues.&#xD;
Stage IV: The cancer has spread to distant parts of the body.</description>
          <units>Participants</units>
          <param>Count of Participants</param>
          <class_list>
            <class>
              <category_list>
                <category>
                  <title>Stage I</title>
                  <measurement_list>
                    <measurement group_id="B1" value="4"/>
                  </measurement_list>
                </category>
                <category>
                  <title>Stage II</title>
                  <measurement_list>
                    <measurement group_id="B1" value="56"/>
                  </measurement_list>
                </category>
                <category>
                  <title>Stage III</title>
                  <measurement_list>
                    <measurement group_id="B1" value="18"/>
                  </measurement_list>
                </category>
                <category>
                  <title>Unknown</title>
                  <measurement_list>
                    <measurement group_id="B1" value="3"/>
                  </measurement_list>
                </category>
              </category_list>
            </class>
          </class_list>
        </measure>
        <measure>
          <title>Histopathologic Grade</title>
          <description>Cancer cells are given a Grade (G) when they are removed from the breast and checked under a microscope. The G is based on how much the cancer cells look like normal cells.&#xD;
G1 or well differentiated (score 3, 4, or 5): cells are slower-growing, and look more like normal breast tissue.&#xD;
G2 or moderately differentiated (score 6, 7): cells are growing at a speed of and look like cells somewhere between G1 and 3.&#xD;
G3 or poorly differentiated (score 8, 9): cells look very different from normal and will probably grow and spread faster.</description>
          <units>Participants</units>
          <param>Count of Participants</param>
          <class_list>
            <class>
              <category_list>
                <category>
                  <title>Grade 1</title>
                  <measurement_list>
                    <measurement group_id="B1" value="9"/>
                  </measurement_list>
                </category>
                <category>
                  <title>Grade 2</title>
                  <measurement_list>
                    <measurement group_id="B1" value="39"/>
                  </measurement_list>
                </category>
                <category>
                  <title>Grade 3</title>
                  <measurement_list>
                    <measurement group_id="B1" value="26"/>
                  </measurement_list>
                </category>
                <category>
                  <title>Unknown</title>
                  <measurement_list>
                    <measurement group_id="B1" value="7"/>
                  </measurement_list>
                </category>
              </category_list>
            </class>
          </class_list>
        </measure>
        <measure>
          <title>Breast Surgery Planned</title>
          <units>Participants</units>
          <param>Count of Participants</param>
          <class_list>
            <class>
              <category_list>
                <category>
                  <title>Mastectomy</title>
                  <measurement_list>
                    <measurement group_id="B1" value="50"/>
                  </measurement_list>
                </category>
                <category>
                  <title>Quadrantectomy</title>
                  <measurement_list>
                    <measurement group_id="B1" value="17"/>
                  </measurement_list>
                </category>
                <category>
                  <title>Lumpectomy</title>
                  <measurement_list>
                    <measurement group_id="B1" value="10"/>
                  </measurement_list>
                </category>
                <category>
                  <title>Not available</title>
                  <measurement_list>
                    <measurement group_id="B1" value="4"/>
                  </measurement_list>
                </category>
              </category_list>
            </class>
          </class_list>
        </measure>
      </measure_list>
    </baseline>

    <outcome_list>
      <outcome>
        <type>Primary</type>
        <title>The Residual Cancer Burden Grade III (RCB-III).</title>
        <description>The RCB-III was reported, including a 95% confidence interval. The estimate of the RCB-III was calculated as follows:&#xD;
Overall Response Rate = Number of patients with RCB-III / Intent to treat (ITT) population</description>
        <time_frame>After surgery, up to 4 months</time_frame>
        <population>From the 83 patients registered, there were 2 patients that had not received any cycle and they were excluded of analysis by Intent To Treat (ITT) criterium: One patient did not receive any cycle, ended treatment by investigator´s criterium and the other patient withdrawn informed consent before starting the treatment.&#xD;
Unknown: The RCB evaluation was available for 80 of the 81 treated patients (one patient received three cycles but refused further treatment and withdrew the informed consent).</population>
        <group_list>
          <group group_id="O1">
            <title>Nab-Paclitaxel</title>
            <description>The patients will be included to receive 3 weekly nab-paclitaxel doses of 150 mg/m2 with one week of rest for 4 cycles.&#xD;
Nab-paclitaxel</description>
          </group>
        </group_list>
        <measure>
          <title>The Residual Cancer Burden Grade III (RCB-III).</title>
          <description>The RCB-III was reported, including a 95% confidence interval. The estimate of the RCB-III was calculated as follows:&#xD;
Overall Response Rate = Number of patients with RCB-III / Intent to treat (ITT) population</description>
          <population>From the 83 patients registered, there were 2 patients that had not received any cycle and they were excluded of analysis by Intent To Treat (ITT) criterium: One patient did not receive any cycle, ended treatment by investigator´s criterium and the other patient withdrawn informed consent before starting the treatment.&#xD;
Unknown: The RCB evaluation was available for 80 of the 81 treated patients (one patient received three cycles but refused further treatment and withdrew the informed consent).</population>
          <units>Participants</units>
          <param>Count of Participants</param>
          <analyzed_list>
            <analyzed>
              <units>Participants</units>
              <scope>Measure</scope>
              <count_list>
                <count group_id="O1" value="81"/>
              </count_list>
            </analyzed>
          </analyzed_list>
          <class_list>
            <class>
              <category_list>
                <category>
                  <title>RCB III: Extensive residual disease (&gt;3.28)</title>
                  <measurement_list>
                    <measurement group_id="O1" value="23"/>
                  </measurement_list>
                </category>
                <category>
                  <title>RCB II: Moderate residual disease (1.36-3.28)</title>
                  <measurement_list>
                    <measurement group_id="O1" value="37"/>
                  </measurement_list>
                </category>
                <category>
                  <title>RCB I: Minimal residual disease (&gt;0-1.36)</title>
                  <measurement_list>
                    <measurement group_id="O1" value="14"/>
                  </measurement_list>
                </category>
                <category>
                  <title>RCB 0: No residual disease (0)</title>
                  <measurement_list>
                    <measurement group_id="O1" value="6"/>
                  </measurement_list>
                </category>
                <category>
                  <title>Unknown</title>
                  <measurement_list>
                    <measurement group_id="O1" value="1"/>
                  </measurement_list>
                </category>
              </category_list>
            </class>
          </class_list>
        </measure>
      </outcome>
      <outcome>
        <type>Secondary</type>
        <title>Pathologic Complete Response (pCR) Rate</title>
        <description>Objective Response was measured following the Response Evaluation Criteria In Solid Tumors (RECIST 1.1) criteria. For the purpose of this study a response is defined as the achievement of a complete or partial response measured by breast MRI.&#xD;
Pathological complete response (pCR) was evaluated following the Symmans method at the time of the definitive surgery. For the purpose of this study RCB-0 was considered a pCR.&#xD;
The pCR (RCB-0) rate (pCRR) was reported including a 95% confidence interval. The estimate of the pCR rate was calculated as follows by central laboratory:&#xD;
pCR Rate = Number of patients with pCR / ITT population.</description>
        <time_frame>After surgery, up to 4 months</time_frame>
        <population>From the 83 patients registered, there were 2 patients that had not received any cycle and they were excluded of analysis by Intent To Treat (ITT) criterium: One patient did not receive any cycle, ended treatment by investigator´s criterium and the other patient withdrawn informed consent before starting the treatment.</population>
        <group_list>
          <group group_id="O1">
            <title>Nab-Paclitaxel</title>
            <description>The patients will be included to receive 3 weekly nab-paclitaxel doses of 150 mg/m2 with one week of rest for 4 cycles.&#xD;
Nab-paclitaxel</description>
          </group>
        </group_list>
        <measure>
          <title>Pathologic Complete Response (pCR) Rate</title>
          <description>Objective Response was measured following the Response Evaluation Criteria In Solid Tumors (RECIST 1.1) criteria. For the purpose of this study a response is defined as the achievement of a complete or partial response measured by breast MRI.&#xD;
Pathological complete response (pCR) was evaluated following the Symmans method at the time of the definitive surgery. For the purpose of this study RCB-0 was considered a pCR.&#xD;
The pCR (RCB-0) rate (pCRR) was reported including a 95% confidence interval. The estimate of the pCR rate was calculated as follows by central laboratory:&#xD;
pCR Rate = Number of patients with pCR / ITT population.</description>
          <population>From the 83 patients registered, there were 2 patients that had not received any cycle and they were excluded of analysis by Intent To Treat (ITT) criterium: One patient did not receive any cycle, ended treatment by investigator´s criterium and the other patient withdrawn informed consent before starting the treatment.</population>
          <units>Participants</units>
          <param>Count of Participants</param>
          <analyzed_list>
            <analyzed>
              <units>Participants</units>
              <scope>Measure</scope>
              <count_list>
                <count group_id="O1" value="81"/>
              </count_list>
            </analyzed>
          </analyzed_list>
          <class_list>
            <class>
              <category_list>
                <category>
                  <measurement_list>
                    <measurement group_id="O1" value="6"/>
                  </measurement_list>
                </category>
              </category_list>
            </class>
          </class_list>
        </measure>
      </outcome>
      <outcome>
        <type>Secondary</type>
        <title>Objective Response Rate (ORR) by Magnetic Resonance Imaging (MRI)</title>
        <description>The ORR was reported including a 95% confidence interval. The estimate of the ORR was determined according to RECIST 1.1 and measured by MRI and mammogram in patients treated with this regimen. ORR was calculated as follows:&#xD;
Overall Response Rate = Number of Complete Responses (CRs), Partial Responses (PRs) / ITT population</description>
        <time_frame>After surgery, up to 4 months</time_frame>
        <population>From the 83 patients registered, there were 2 patients that had not received any cycle and they were excluded of analysis by Intent To Treat (ITT) criterium: One patient did not receive any cycle, ended treatment by investigator´s criterium and the other patient withdrawn informed consent before starting the treatment.</population>
        <group_list>
          <group group_id="O1">
            <title>Nab-Paclitaxel</title>
            <description>The patients will be included to receive 3 weekly nab-paclitaxel doses of 150 mg/m2 with one week of rest for 4 cycles.&#xD;
Nab-paclitaxel</description>
          </group>
        </group_list>
        <measure>
          <title>Objective Response Rate (ORR) by Magnetic Resonance Imaging (MRI)</title>
          <description>The ORR was reported including a 95% confidence interval. The estimate of the ORR was determined according to RECIST 1.1 and measured by MRI and mammogram in patients treated with this regimen. ORR was calculated as follows:&#xD;
Overall Response Rate = Number of Complete Responses (CRs), Partial Responses (PRs) / ITT population</description>
          <population>From the 83 patients registered, there were 2 patients that had not received any cycle and they were excluded of analysis by Intent To Treat (ITT) criterium: One patient did not receive any cycle, ended treatment by investigator´s criterium and the other patient withdrawn informed consent before starting the treatment.</population>
          <units>Participants</units>
          <param>Count of Participants</param>
          <analyzed_list>
            <analyzed>
              <units>Participants</units>
              <scope>Measure</scope>
              <count_list>
                <count group_id="O1" value="81"/>
              </count_list>
            </analyzed>
          </analyzed_list>
          <class_list>
            <class>
              <category_list>
                <category>
                  <measurement_list>
                    <measurement group_id="O1" value="62"/>
                  </measurement_list>
                </category>
              </category_list>
            </class>
          </class_list>
        </measure>
      </outcome>
      <outcome>
        <type>Secondary</type>
        <title>Objective Response Rate (ORR) by Mammogram</title>
        <description>The ORR was reported including a 95% confidence interval. The estimate of the ORR was determined according to RECIST 1.1 and measured by MRI and mammogram in patients treated with this regimen. ORR was calculated as follows:&#xD;
Overall Response Rate = Number of CRs, PRs / ITT population</description>
        <time_frame>After surgery, up to 4 months</time_frame>
        <population>From the 83 patients registered, there were 2 patients that had not received any cycle and they were excluded of analysis by Intent To Treat (ITT) criterium: One patient did not receive any cycle, ended treatment by investigator´s criterium and the other patient withdrawn informed consent before starting the treatment.</population>
        <group_list>
          <group group_id="O1">
            <title>Nab-Paclitaxel</title>
            <description>The patients will be included to receive 3 weekly nab-paclitaxel doses of 150 mg/m2 with one week of rest for 4 cycles.&#xD;
Nab-paclitaxel</description>
          </group>
        </group_list>
        <measure>
          <title>Objective Response Rate (ORR) by Mammogram</title>
          <description>The ORR was reported including a 95% confidence interval. The estimate of the ORR was determined according to RECIST 1.1 and measured by MRI and mammogram in patients treated with this regimen. ORR was calculated as follows:&#xD;
Overall Response Rate = Number of CRs, PRs / ITT population</description>
          <population>From the 83 patients registered, there were 2 patients that had not received any cycle and they were excluded of analysis by Intent To Treat (ITT) criterium: One patient did not receive any cycle, ended treatment by investigator´s criterium and the other patient withdrawn informed consent before starting the treatment.</population>
          <units>Participants</units>
          <param>Count of Participants</param>
          <analyzed_list>
            <analyzed>
              <units>Participants</units>
              <scope>Measure</scope>
              <count_list>
                <count group_id="O1" value="81"/>
              </count_list>
            </analyzed>
          </analyzed_list>
          <class_list>
            <class>
              <category_list>
                <category>
                  <measurement_list>
                    <measurement group_id="O1" value="49"/>
                  </measurement_list>
                </category>
              </category_list>
            </class>
          </class_list>
        </measure>
      </outcome>
      <outcome>
        <type>Secondary</type>
        <title>Invasive Disease Free Survival (IDFS)</title>
        <description>IDFS was defined as the time (days) from the date of randomization until the date of objective recurrent disease (local, regional or distant), second primary invasive malignancy (breast or non-breast) or death from any cause. For patients not known to have died as of the data cut-off date and who do not have recurrent disease or second primary tumor, invasive disease-free survival will be censored at the last contact date. Ductal carcinoma in-situ (DCIS) will not be considered an event for the purpose of this analysis.</description>
        <time_frame>Up to 6 years</time_frame>
        <population>From the 83 patients registered, there were 2 patients that had not received any cycle and they were excluded of analysis by Intent To Treat (ITT) criterium: One patient did not receive any cycle, ended treatment by investigator´s criterium and the other patient withdrawn informed consent before starting the treatment.</population>
        <group_list>
          <group group_id="O1">
            <title>Nab-Paclitaxel</title>
            <description>The patients will be included to receive 3 weekly nab-paclitaxel doses of 150 mg/m2 with one week of rest for 4 cycles.&#xD;
Nab-paclitaxel</description>
          </group>
        </group_list>
        <measure>
          <title>Invasive Disease Free Survival (IDFS)</title>
          <description>IDFS was defined as the time (days) from the date of randomization until the date of objective recurrent disease (local, regional or distant), second primary invasive malignancy (breast or non-breast) or death from any cause. For patients not known to have died as of the data cut-off date and who do not have recurrent disease or second primary tumor, invasive disease-free survival will be censored at the last contact date. Ductal carcinoma in-situ (DCIS) will not be considered an event for the purpose of this analysis.</description>
          <population>From the 83 patients registered, there were 2 patients that had not received any cycle and they were excluded of analysis by Intent To Treat (ITT) criterium: One patient did not receive any cycle, ended treatment by investigator´s criterium and the other patient withdrawn informed consent before starting the treatment.</population>
          <units>years</units>
          <param>Mean</param>
          <dispersion>Standard Deviation</dispersion>
          <analyzed_list>
            <analyzed>
              <units>Participants</units>
              <scope>Measure</scope>
              <count_list>
                <count group_id="O1" value="81"/>
              </count_list>
            </analyzed>
          </analyzed_list>
          <class_list>
            <class>
              <category_list>
                <category>
                  <measurement_list>
                    <measurement group_id="O1" value="4.89" spread="1.10"/>
                  </measurement_list>
                </category>
              </category_list>
            </class>
          </class_list>
        </measure>
      </outcome>
      <outcome>
        <type>Secondary</type>
        <title>Rate of Conversion to Breast Conserving Surgery (BCS)</title>
        <description>The conversion from the initially planned mastectomy to BCS was reported including a 95% confidence interval. The estimate of the rate of conversion to BCS was calculated as follows:&#xD;
BCS rate = Number of patients with BCS / Number of patients with initially planned mastectomy.</description>
        <time_frame>After surgery, up to 4 months</time_frame>
        <population>From the 83 patients registered, there were 2 patients that had not received any cycle and they were excluded of analysis by Intent To Treat (ITT) criterium: One patient did not receive any cycle, ended treatment by investigator´s criterium and the other patient withdrawn informed consent before starting the treatment.&#xD;
Mastectomy was de initial planned surgery for 50 patients.</population>
        <group_list>
          <group group_id="O1">
            <title>Nab-Paclitaxel</title>
            <description>The patients will be included to receive 3 weekly nab-paclitaxel doses of 150 mg/m2 with one week of rest for 4 cycles.&#xD;
Nab-paclitaxel</description>
          </group>
        </group_list>
        <measure>
          <title>Rate of Conversion to Breast Conserving Surgery (BCS)</title>
          <description>The conversion from the initially planned mastectomy to BCS was reported including a 95% confidence interval. The estimate of the rate of conversion to BCS was calculated as follows:&#xD;
BCS rate = Number of patients with BCS / Number of patients with initially planned mastectomy.</description>
          <population>From the 83 patients registered, there were 2 patients that had not received any cycle and they were excluded of analysis by Intent To Treat (ITT) criterium: One patient did not receive any cycle, ended treatment by investigator´s criterium and the other patient withdrawn informed consent before starting the treatment.&#xD;
Mastectomy was de initial planned surgery for 50 patients.</population>
          <units>Participants</units>
          <param>Count of Participants</param>
          <analyzed_list>
            <analyzed>
              <units>Participants</units>
              <scope>Measure</scope>
              <count_list>
                <count group_id="O1" value="50"/>
              </count_list>
            </analyzed>
          </analyzed_list>
          <class_list>
            <class>
              <category_list>
                <category>
                  <title>Breast-conserving surgery</title>
                  <measurement_list>
                    <measurement group_id="O1" value="20"/>
                  </measurement_list>
                </category>
                <category>
                  <title>No Breast-conserving surgery</title>
                  <measurement_list>
                    <measurement group_id="O1" value="30"/>
                  </measurement_list>
                </category>
              </category_list>
            </class>
          </class_list>
        </measure>
      </outcome>
      <outcome>
        <type>Secondary</type>
        <title>The Number of Participants Who Experienced Adverse Events (AE)</title>
        <description>Incidence of adverse events by maximum CTCAE grade (v4.03; NCI 2010) that occur during the study treatment period or within 30 days of the last dose of study treatment, regardless of causality and according to the relationship to study drug as assessed by the investigator, were collected and evaluated.</description>
        <time_frame>During treatment and until 30 days after the last dose of each patient study treatment</time_frame>
        <population>From the 83 patients registered, there were 2 patients that had not received any cycle and they were excluded of analysis by Intent To Treat (ITT) criterium: One patient did not receive any cycle, ended treatment by investigator´s criterium and the other patient withdrawn informed consent before starting the treatment.</population>
        <group_list>
          <group group_id="O1">
            <title>Nab-Paclitaxel</title>
            <description>The patients will be included to receive 3 weekly nab-paclitaxel doses of 150 mg/m2 with one week of rest for 4 cycles.&#xD;
Nab-paclitaxel</description>
          </group>
        </group_list>
        <measure>
          <title>The Number of Participants Who Experienced Adverse Events (AE)</title>
          <description>Incidence of adverse events by maximum CTCAE grade (v4.03; NCI 2010) that occur during the study treatment period or within 30 days of the last dose of study treatment, regardless of causality and according to the relationship to study drug as assessed by the investigator, were collected and evaluated.</description>
          <population>From the 83 patients registered, there were 2 patients that had not received any cycle and they were excluded of analysis by Intent To Treat (ITT) criterium: One patient did not receive any cycle, ended treatment by investigator´s criterium and the other patient withdrawn informed consent before starting the treatment.</population>
          <units>Participants</units>
          <param>Count of Participants</param>
          <analyzed_list>
            <analyzed>
              <units>Participants</units>
              <scope>Measure</scope>
              <count_list>
                <count group_id="O1" value="81"/>
              </count_list>
            </analyzed>
          </analyzed_list>
          <class_list>
            <class>
              <category_list>
                <category>
                  <measurement_list>
                    <measurement group_id="O1" value="81"/>
                  </measurement_list>
                </category>
              </category_list>
            </class>
          </class_list>
        </measure>
      </outcome>
      <outcome>
        <type>Secondary</type>
        <title>Ki67 in Pre-treatment Tumor Samples as Tumor Predictive Marker of Nab-paclitaxel Response</title>
        <description>Ki67 was analysed by immunohistochemistry following the American Society of Clinical Oncology and the College of American Pathologists guidelines. The cut-off considered for Ki67 expression was 20% of positively stained tumor cells.</description>
        <time_frame>Baseline visit</time_frame>
        <population>Of the 81 patients, 77 had available pretreatment tumors for biomarker central analysis. Of these 77, 5 were excluded (3 due to Triple Negative (TN) phenotype, 1 due to missing pathological response data, and 1 due to incomplete central biomarker data). Ki67 was determined in 72 tumors and correlated to RCB (DOI: 10.1634/theoncologist.2017-0052)</population>
        <group_list>
          <group group_id="O1">
            <title>Nab-Paclitaxel</title>
            <description>The patients will be included to receive 3 weekly nab-paclitaxel doses of 150 mg/m2 with one week of rest for 4 cycles.&#xD;
Nab-paclitaxel</description>
          </group>
        </group_list>
        <measure>
          <title>Ki67 in Pre-treatment Tumor Samples as Tumor Predictive Marker of Nab-paclitaxel Response</title>
          <description>Ki67 was analysed by immunohistochemistry following the American Society of Clinical Oncology and the College of American Pathologists guidelines. The cut-off considered for Ki67 expression was 20% of positively stained tumor cells.</description>
          <population>Of the 81 patients, 77 had available pretreatment tumors for biomarker central analysis. Of these 77, 5 were excluded (3 due to Triple Negative (TN) phenotype, 1 due to missing pathological response data, and 1 due to incomplete central biomarker data). Ki67 was determined in 72 tumors and correlated to RCB (DOI: 10.1634/theoncologist.2017-0052)</population>
          <units>Participants</units>
          <param>Count of Participants</param>
          <analyzed_list>
            <analyzed>
              <units>Participants</units>
              <scope>Measure</scope>
              <count_list>
                <count group_id="O1" value="72"/>
              </count_list>
            </analyzed>
          </analyzed_list>
          <class_list>
            <class>
              <category_list>
                <category>
                  <title>≥ 20 %</title>
                  <measurement_list>
                    <measurement group_id="O1" value="40"/>
                  </measurement_list>
                </category>
                <category>
                  <title>&lt; 20 %</title>
                  <measurement_list>
                    <measurement group_id="O1" value="32"/>
                  </measurement_list>
                </category>
              </category_list>
            </class>
          </class_list>
        </measure>
      </outcome>
      <outcome>
        <type>Secondary</type>
        <title>Caveolin-1 in Pre-treatment Tumor Samples as Tumor Predictive Marker of Nab-paclitaxel Response</title>
        <description>Caveolin (Cav)-1 was evaluated in the stroma and its expression was categorized in low, moderate, or high (tertile). The high expression of Cav-1 was considered as positive.</description>
        <time_frame>Baseline visit</time_frame>
        <population>83 patients registered, but 2 patients that had not received any cycle and they were excluded of analysis by Intent To Treat (ITT) criterium.&#xD;
Of the 81 patients, 77 had available pretreatment tumors for biomarker central analysis. Of these 77, 5 were excluded (3 due to Triple Negative (TN) phenotype, 1 due to missing pathological response data, and 1 due to incomplete central biomarker data). Cav-1 was determined in 72 tumors and correlated to RCB (DOI: 10.1634/theoncologist.2017-0052)</population>
        <group_list>
          <group group_id="O1">
            <title>Nab-Paclitaxel</title>
            <description>The patients will be included to receive 3 weekly nab-paclitaxel doses of 150 mg/m2 with one week of rest for 4 cycles.&#xD;
Nab-paclitaxel</description>
          </group>
        </group_list>
        <measure>
          <title>Caveolin-1 in Pre-treatment Tumor Samples as Tumor Predictive Marker of Nab-paclitaxel Response</title>
          <description>Caveolin (Cav)-1 was evaluated in the stroma and its expression was categorized in low, moderate, or high (tertile). The high expression of Cav-1 was considered as positive.</description>
          <population>83 patients registered, but 2 patients that had not received any cycle and they were excluded of analysis by Intent To Treat (ITT) criterium.&#xD;
Of the 81 patients, 77 had available pretreatment tumors for biomarker central analysis. Of these 77, 5 were excluded (3 due to Triple Negative (TN) phenotype, 1 due to missing pathological response data, and 1 due to incomplete central biomarker data). Cav-1 was determined in 72 tumors and correlated to RCB (DOI: 10.1634/theoncologist.2017-0052)</population>
          <units>Participants</units>
          <param>Count of Participants</param>
          <analyzed_list>
            <analyzed>
              <units>Participants</units>
              <scope>Measure</scope>
              <count_list>
                <count group_id="O1" value="72"/>
              </count_list>
            </analyzed>
          </analyzed_list>
          <class_list>
            <class>
              <category_list>
                <category>
                  <title>Positive</title>
                  <measurement_list>
                    <measurement group_id="O1" value="19"/>
                  </measurement_list>
                </category>
                <category>
                  <title>Negative</title>
                  <measurement_list>
                    <measurement group_id="O1" value="53"/>
                  </measurement_list>
                </category>
              </category_list>
            </class>
          </class_list>
        </measure>
      </outcome>
      <outcome>
        <type>Secondary</type>
        <title>Secreted Protein, Acidic, Cysteine-rich (SPARC) in Pre-treatment Tumor Samples as Tumor Predictive Marker of Nab-paclitaxel Response</title>
        <description>SPARC was evaluated for both tumor and stroma. Its expression was categorized as negative when the intensity was absent-to-weak (1), or moderate (11)-to-strong (111) with a proportion of stained cells &lt;10%. Immunolabeling was positive if the intensity was moderate (11)-to-strong (111) and the extent of staining was 10%.</description>
        <time_frame>Baseline visit</time_frame>
        <population>83 patients registered, but 2 patients that had not received any cycle and they were excluded of analysis by Intent To Treat (ITT) criterium.&#xD;
Of the 81 patients, 77 had available pretreatment tumors for biomarker central analysis. Of these 77, 5 were excluded (3 due to Triple Negative (TN) phenotype, 1 due to missing pathological response data, and 1 due to incomplete central biomarker data). SPARC was determined in 72 tumors and correlated to RCB (DOI: 10.1634/theoncologist.2017-0052)</population>
        <group_list>
          <group group_id="O1">
            <title>Nab-Paclitaxel</title>
            <description>The patients will be included to receive 3 weekly nab-paclitaxel doses of 150 mg/m2 with one week of rest for 4 cycles.&#xD;
Nab-paclitaxel</description>
          </group>
        </group_list>
        <measure>
          <title>Secreted Protein, Acidic, Cysteine-rich (SPARC) in Pre-treatment Tumor Samples as Tumor Predictive Marker of Nab-paclitaxel Response</title>
          <description>SPARC was evaluated for both tumor and stroma. Its expression was categorized as negative when the intensity was absent-to-weak (1), or moderate (11)-to-strong (111) with a proportion of stained cells &lt;10%. Immunolabeling was positive if the intensity was moderate (11)-to-strong (111) and the extent of staining was 10%.</description>
          <population>83 patients registered, but 2 patients that had not received any cycle and they were excluded of analysis by Intent To Treat (ITT) criterium.&#xD;
Of the 81 patients, 77 had available pretreatment tumors for biomarker central analysis. Of these 77, 5 were excluded (3 due to Triple Negative (TN) phenotype, 1 due to missing pathological response data, and 1 due to incomplete central biomarker data). SPARC was determined in 72 tumors and correlated to RCB (DOI: 10.1634/theoncologist.2017-0052)</population>
          <units>Participants</units>
          <param>Count of Participants</param>
          <analyzed_list>
            <analyzed>
              <units>Participants</units>
              <scope>Measure</scope>
              <count_list>
                <count group_id="O1" value="72"/>
              </count_list>
            </analyzed>
          </analyzed_list>
          <class_list>
            <class>
              <title>SPARC stroma</title>
              <category_list>
                <category>
                  <title>Positive</title>
                  <measurement_list>
                    <measurement group_id="O1" value="65"/>
                  </measurement_list>
                </category>
                <category>
                  <title>Negative</title>
                  <measurement_list>
                    <measurement group_id="O1" value="7"/>
                  </measurement_list>
                </category>
              </category_list>
            </class>
            <class>
              <title>SPARC tumor</title>
              <category_list>
                <category>
                  <title>Positive</title>
                  <measurement_list>
                    <measurement group_id="O1" value="7"/>
                  </measurement_list>
                </category>
                <category>
                  <title>Negative</title>
                  <measurement_list>
                    <measurement group_id="O1" value="65"/>
                  </measurement_list>
                </category>
              </category_list>
            </class>
          </class_list>
        </measure>
      </outcome>
      <outcome>
        <type>Secondary</type>
        <title>Molecular Tumor Subtypes According to St. Gallen Criteria 2013 in Pre-treatment Tumor Samples as Predictive Marker of Nab-paclitaxel Response</title>
        <description>Molecular subtypes were classified according to St. Gallen criteria 2013 and Prat et al. into Luminal A (ER+, Progesterone Receptor (PgR) &gt;20%, Human Epidermal growth factor Receptor 2 - (HER2), Ki67 &lt;14%), Luminal B1 (ER+, HER2-, PgR &gt;20% and/or Ki67 &lt;14%), Luminal B2 (ER+, HER2+, any PgR, any Ki67), TN (ER-, PgR-, HER2-), and HER2-enriched (ER-, PgR-, HER2+) subtypes.</description>
        <time_frame>Baseline</time_frame>
        <population>83 patients registered, but 2 patients that had not received any cycle and they were excluded of analysis by Intent To Treat (ITT) criterium.&#xD;
Of the 81 patients, 77 had available pretreatment tumors for biomarker central analysis. Of these 77, 5 were excluded (3 due to TN phenotype, 1 due to missing pathological response data, and 1 due to incomplete central biomarker data). Molecular subtypes was determined in 72 tumors and correlated to RCB (DOI: 10.1634/theoncologist.2017-0052)</population>
        <group_list>
          <group group_id="O1">
            <title>Nab-Paclitaxel</title>
            <description>The patients will be included to receive 3 weekly nab-paclitaxel doses of 150 mg/m2 with one week of rest for 4 cycles.&#xD;
Nab-paclitaxel</description>
          </group>
        </group_list>
        <measure>
          <title>Molecular Tumor Subtypes According to St. Gallen Criteria 2013 in Pre-treatment Tumor Samples as Predictive Marker of Nab-paclitaxel Response</title>
          <description>Molecular subtypes were classified according to St. Gallen criteria 2013 and Prat et al. into Luminal A (ER+, Progesterone Receptor (PgR) &gt;20%, Human Epidermal growth factor Receptor 2 - (HER2), Ki67 &lt;14%), Luminal B1 (ER+, HER2-, PgR &gt;20% and/or Ki67 &lt;14%), Luminal B2 (ER+, HER2+, any PgR, any Ki67), TN (ER-, PgR-, HER2-), and HER2-enriched (ER-, PgR-, HER2+) subtypes.</description>
          <population>83 patients registered, but 2 patients that had not received any cycle and they were excluded of analysis by Intent To Treat (ITT) criterium.&#xD;
Of the 81 patients, 77 had available pretreatment tumors for biomarker central analysis. Of these 77, 5 were excluded (3 due to TN phenotype, 1 due to missing pathological response data, and 1 due to incomplete central biomarker data). Molecular subtypes was determined in 72 tumors and correlated to RCB (DOI: 10.1634/theoncologist.2017-0052)</population>
          <units>Participants</units>
          <param>Count of Participants</param>
          <analyzed_list>
            <analyzed>
              <units>Participants</units>
              <scope>Measure</scope>
              <count_list>
                <count group_id="O1" value="72"/>
              </count_list>
            </analyzed>
          </analyzed_list>
          <class_list>
            <class>
              <category_list>
                <category>
                  <title>Luminal A</title>
                  <measurement_list>
                    <measurement group_id="O1" value="19"/>
                  </measurement_list>
                </category>
                <category>
                  <title>Luminal B1</title>
                  <measurement_list>
                    <measurement group_id="O1" value="53"/>
                  </measurement_list>
                </category>
              </category_list>
            </class>
          </class_list>
        </measure>
      </outcome>
    </outcome_list>

    <reported_events>
      <time_frame>All AEs occurring during the study and until the treatment discontinuation visit 30 days after the last study medication, an average of 4 months per participant</time_frame>
      <desc>From the 83 patients registered, there were 2 patients that had not received any cycle and they were excluded of analysis by Intent To Treat (ITT) criterium: One patient did not receive any cycle, ended treatment by investigator´s criterium and the other patient withdrawn informed consent before starting the treatment.</desc>
      <group_list>
        <group group_id="E1">
          <title>Nab-Paclitaxel</title>
          <description>The patients will be included to receive 3 weekly nab-paclitaxel doses of 150 mg/m2 with one week of rest for 4 cycles.&#xD;
Nab-paclitaxel</description>
        </group>
      </group_list>
      <serious_events>
        <default_vocab>NCI-CTCAE v 4.03</default_vocab>
        <default_assessment>Systematic Assessment</default_assessment>
        <category_list>
          <category>
            <title>Total</title>
            <event_list>
              <event>
                <sub_title>Total, all-cause mortality</sub_title>
                <counts group_id="E1" subjects_affected="4" subjects_at_risk="81"/>
              </event>
              <event>
                <sub_title>Total, serious adverse events</sub_title>
                <counts group_id="E1" subjects_affected="6" subjects_at_risk="81"/>
              </event>
            </event_list>
          </category>
          <category>
            <title>Gastrointestinal disorders</title>
            <event_list>
              <event>
                <sub_title>Colitis</sub_title>
                <description>Grade 2</description>
                <counts group_id="E1" subjects_affected="1" subjects_at_risk="81"/>
              </event>
            </event_list>
          </category>
          <category>
            <title>Nervous system disorders</title>
            <event_list>
              <event>
                <sub_title>Multiple Sclerosis Relapse</sub_title>
                <counts group_id="E1" subjects_affected="1" subjects_at_risk="81"/>
              </event>
              <event>
                <sub_title>Neurotoxicity</sub_title>
                <description>Grade 3</description>
                <counts group_id="E1" subjects_affected="2" subjects_at_risk="81"/>
              </event>
            </event_list>
          </category>
          <category>
            <title>Respiratory, thoracic and mediastinal disorders</title>
            <event_list>
              <event>
                <sub_title>Community-acquired pneumonia</sub_title>
                <counts group_id="E1" subjects_affected="1" subjects_at_risk="81"/>
              </event>
            </event_list>
          </category>
          <category>
            <title>Skin and subcutaneous tissue disorders</title>
            <event_list>
              <event>
                <sub_title>Local Infection Reservoir Area</sub_title>
                <counts group_id="E1" subjects_affected="1" subjects_at_risk="81"/>
              </event>
            </event_list>
          </category>
        </category_list>
      </serious_events>
      <other_events>
        <frequency_threshold>0</frequency_threshold>
        <default_vocab>NCI-CTCAE v 4.03</default_vocab>
        <default_assessment>Systematic Assessment</default_assessment>
        <category_list>
          <category>
            <title>Total</title>
            <event_list>
              <event>
                <sub_title>Total, other adverse events</sub_title>
                <counts group_id="E1" subjects_affected="81" subjects_at_risk="81"/>
              </event>
            </event_list>
          </category>
          <category>
            <title>Blood and lymphatic system disorders</title>
            <event_list>
              <event>
                <sub_title>Anemia</sub_title>
                <description>Grade 1</description>
                <counts group_id="E1" subjects_affected="58" subjects_at_risk="81"/>
              </event>
            </event_list>
          </category>
          <category>
            <title>Gastrointestinal disorders</title>
            <event_list>
              <event>
                <sub_title>Diarrhea</sub_title>
                <description>Grade 1</description>
                <counts group_id="E1" subjects_affected="23" subjects_at_risk="81"/>
              </event>
              <event>
                <sub_title>Mucositis Oral</sub_title>
                <description>Grade 1</description>
                <counts group_id="E1" subjects_affected="13" subjects_at_risk="81"/>
              </event>
              <event>
                <sub_title>Nausea</sub_title>
                <description>Grade 1</description>
                <counts group_id="E1" subjects_affected="23" subjects_at_risk="81"/>
              </event>
            </event_list>
          </category>
          <category>
            <title>General disorders</title>
            <event_list>
              <event>
                <sub_title>Fatigue</sub_title>
                <description>Grade 3</description>
                <counts group_id="E1" subjects_affected="3" subjects_at_risk="81"/>
              </event>
              <event>
                <sub_title>Fatigue</sub_title>
                <description>Grade 2</description>
                <counts group_id="E1" subjects_affected="19" subjects_at_risk="81"/>
              </event>
              <event>
                <sub_title>Fatigue</sub_title>
                <description>Grade 1</description>
                <counts group_id="E1" subjects_affected="39" subjects_at_risk="81"/>
              </event>
            </event_list>
          </category>
          <category>
            <title>Infections and infestations</title>
            <event_list>
              <event>
                <sub_title>Upper Respiratory Infection</sub_title>
                <description>Grade 3</description>
                <counts group_id="E1" subjects_affected="1" subjects_at_risk="81"/>
              </event>
              <event>
                <sub_title>Upper Respiratory Infection</sub_title>
                <description>Grade 2</description>
                <counts group_id="E1" subjects_affected="6" subjects_at_risk="81"/>
              </event>
              <event>
                <sub_title>Upper Respiratory Infection</sub_title>
                <description>Grade 1</description>
                <counts group_id="E1" subjects_affected="4" subjects_at_risk="81"/>
              </event>
            </event_list>
          </category>
          <category>
            <title>Investigations</title>
            <event_list>
              <event>
                <sub_title>Neutrophil Count Decreased</sub_title>
                <description>Grade 4</description>
                <counts group_id="E1" subjects_affected="3" subjects_at_risk="81"/>
              </event>
              <event>
                <sub_title>Neutrophil Count Decreased</sub_title>
                <description>Grade 3</description>
                <counts group_id="E1" subjects_affected="10" subjects_at_risk="81"/>
              </event>
              <event>
                <sub_title>Neutrophil count decreased</sub_title>
                <description>Grade 2</description>
                <counts group_id="E1" subjects_affected="22" subjects_at_risk="81"/>
              </event>
              <event>
                <sub_title>Neutrophil Count Decreased</sub_title>
                <description>Grade 1</description>
                <counts group_id="E1" subjects_affected="21" subjects_at_risk="81"/>
              </event>
              <event>
                <sub_title>White Blood Cell Decreased</sub_title>
                <description>Grade 3</description>
                <counts group_id="E1" subjects_affected="3" subjects_at_risk="81"/>
              </event>
              <event>
                <sub_title>White Blood Cell Decreased</sub_title>
                <description>Grade 2</description>
                <counts group_id="E1" subjects_affected="21" subjects_at_risk="81"/>
              </event>
              <event>
                <sub_title>White Blood Cell Decreased</sub_title>
                <description>Grade 1</description>
                <counts group_id="E1" subjects_affected="29" subjects_at_risk="81"/>
              </event>
              <event>
                <sub_title>Alanine Aminotransferase Increased</sub_title>
                <description>Grade 1</description>
                <counts group_id="E1" subjects_affected="30" subjects_at_risk="81"/>
              </event>
              <event>
                <sub_title>Aspartate Aminotransferase Increased</sub_title>
                <description>Grade 1</description>
                <counts group_id="E1" subjects_affected="13" subjects_at_risk="81"/>
              </event>
            </event_list>
          </category>
          <category>
            <title>Metabolism and nutrition disorders</title>
            <event_list>
              <event>
                <sub_title>Hyperglycemia</sub_title>
                <description>Grade 1</description>
                <counts group_id="E1" subjects_affected="17" subjects_at_risk="81"/>
              </event>
            </event_list>
          </category>
          <category>
            <title>Musculoskeletal and connective tissue disorders</title>
            <event_list>
              <event>
                <sub_title>Arthralgia</sub_title>
                <description>Grade 2</description>
                <counts group_id="E1" subjects_affected="7" subjects_at_risk="81"/>
              </event>
              <event>
                <sub_title>Arthralgia</sub_title>
                <description>Grade 1</description>
                <counts group_id="E1" subjects_affected="7" subjects_at_risk="81"/>
              </event>
              <event>
                <sub_title>Myalgia</sub_title>
                <description>Grade 2</description>
                <counts group_id="E1" subjects_affected="7" subjects_at_risk="81"/>
              </event>
              <event>
                <sub_title>Myalgia</sub_title>
                <description>Grade 1</description>
                <counts group_id="E1" subjects_affected="15" subjects_at_risk="81"/>
              </event>
            </event_list>
          </category>
          <category>
            <title>Nervous system disorders</title>
            <event_list>
              <event>
                <sub_title>Peripheral Sensory Neuropathy</sub_title>
                <description>Grade 2</description>
                <counts group_id="E1" subjects_affected="22" subjects_at_risk="81"/>
              </event>
              <event>
                <sub_title>Peripheral Sensory Neuropathy</sub_title>
                <description>Grade 1</description>
                <counts group_id="E1" subjects_affected="40" subjects_at_risk="81"/>
              </event>
              <event>
                <sub_title>Peripheral Sensory Neuropathy</sub_title>
                <description>Grade 3</description>
                <counts group_id="E1" subjects_affected="2" subjects_at_risk="81"/>
              </event>
            </event_list>
          </category>
          <category>
            <title>Reproductive system and breast disorders</title>
            <event_list>
              <event>
                <sub_title>Irregular Menstruation</sub_title>
                <description>Grade 2</description>
                <counts group_id="E1" subjects_affected="10" subjects_at_risk="81"/>
              </event>
              <event>
                <sub_title>Irregular Menstruation</sub_title>
                <description>Grade 1</description>
                <counts group_id="E1" subjects_affected="4" subjects_at_risk="81"/>
              </event>
            </event_list>
          </category>
          <category>
            <title>Skin and subcutaneous tissue disorders</title>
            <event_list>
              <event>
                <sub_title>Alopecia</sub_title>
                <description>Grade 2</description>
                <counts group_id="E1" subjects_affected="54" subjects_at_risk="81"/>
              </event>
              <event>
                <sub_title>Alopecia</sub_title>
                <description>Grade 1</description>
                <counts group_id="E1" subjects_affected="12" subjects_at_risk="81"/>
              </event>
              <event>
                <sub_title>Nail Changes</sub_title>
                <description>Grade 1</description>
                <counts group_id="E1" subjects_affected="12" subjects_at_risk="81"/>
              </event>
            </event_list>
          </category>
          <category>
            <title>Vascular disorders</title>
            <event_list>
              <event>
                <sub_title>Hypertension</sub_title>
                <description>Grade 3</description>
                <counts group_id="E1" subjects_affected="6" subjects_at_risk="81"/>
              </event>
              <event>
                <sub_title>Hypertension</sub_title>
                <description>Grade 2</description>
                <counts group_id="E1" subjects_affected="14" subjects_at_risk="81"/>
              </event>
              <event>
                <sub_title>Hypertension</sub_title>
                <description>Grade 1</description>
                <counts group_id="E1" subjects_affected="6" subjects_at_risk="81"/>
              </event>
            </event_list>
          </category>
        </category_list>
      </other_events>
    </reported_events>

    <certain_agreements>
      <pi_employee>Principal Investigators are NOT employed by the organization sponsoring the study.</pi_employee>
      <restrictive_agreement>The only disclosure restriction on the PI is that the sponsor can review results communications prior to public release and can embargo communications regarding trial results for a period that is less than or equal to 60 days. The sponsor cannot require changes to the communication and cannot extend the embargo.</restrictive_agreement>
    </certain_agreements>
    <point_of_contact>
      <name_or_title>Scientific Director / Medical Lead / Project Manager</name_or_title>
      <organization>Spanish Breast Cancer Research Group</organization>
      <phone>+34916592870</phone>
      <email>geicam@geicam.org</email>
    </point_of_contact>
  </clinical_results>
</clinical_study>

