<?xml version="1.0" encoding="UTF-8"?>
<clinical_study rank="380">
  <!-- This xml conforms to an XML Schema at:
    https://clinicaltrials.gov/ct2/html/images/info/public.xsd -->
  <required_header>
    <download_date>ClinicalTrials.gov processed this data on May 26, 2023</download_date>
    <link_text>Link to the current ClinicalTrials.gov record.</link_text>
    <url>https://clinicaltrials.gov/show/NCT00002998</url>
  </required_header>
  <id_info>
    <org_study_id>NCCTG-963251</org_study_id>
    <secondary_id>CDR0000065548</secondary_id>
    <nct_id>NCT00002998</nct_id>
  </id_info>
  <brief_title>Gemcitabine and Cisplatin in Treating Patients With Metastatic Breast Cancer</brief_title>
  <official_title>Phase II Study of Gemcitabine (GEMZAR) and Cisplatin (CDDP) in Advanced Breast Cancer</official_title>
  <sponsors>
    <lead_sponsor>
      <agency>Alliance for Clinical Trials in Oncology</agency>
      <agency_class>Other</agency_class>
    </lead_sponsor>
    <collaborator>
      <agency>National Cancer Institute (NCI)</agency>
      <agency_class>NIH</agency_class>
    </collaborator>
  </sponsors>
  <source>Alliance for Clinical Trials in Oncology</source>
  <oversight_info>
    <has_dmc>No</has_dmc>
  </oversight_info>
  <brief_summary>
    <textblock>
      RATIONALE: Drugs used in chemotherapy use different ways to stop tumor cells from dividing so&#xD;
      they stop growing or die. Combining more than one drug may kill more tumor cells.&#xD;
&#xD;
      PURPOSE: Phase II trial to study the effectiveness of gemcitabine and cisplatin in treating&#xD;
      patients with metastatic breast cancer that has not responded to systemic therapy.&#xD;
    </textblock>
  </brief_summary>
  <detailed_description>
    <textblock>
      OBJECTIVES: I. Assess the response rate of gemcitabine and cisplatin in the treatment of&#xD;
      metastatic breast cancer in patients who have failed one or two systemic regimens. II.&#xD;
      Determine time to progression and survival in these patients. III. Define further the&#xD;
      toxicity of this two-drug combination in these patients.&#xD;
&#xD;
      OUTLINE: This is a nonrandomized study. Patients receive gemcitabine IV over 30 minutes and&#xD;
      cisplatin IV over 1 hour on days 1, 8, and 15 every 28 days. Patients with complete response&#xD;
      may receive an additional 2 courses after attainment of complete response status. Treatment&#xD;
      continues in the absence of disease progression or unacceptable toxicities for a maximum of 8&#xD;
      courses. Patients are followed every 3 months for 2 years and then at 3 years after&#xD;
      treatment.&#xD;
    </textblock>
  </detailed_description>
  <overall_status>Completed</overall_status>
  <start_date>August 1997</start_date>
  <completion_date type="Actual">May 2006</completion_date>
  <primary_completion_date type="Actual">April 2005</primary_completion_date>
  <phase>Phase 2</phase>
  <study_type>Interventional</study_type>
  <has_expanded_access>No</has_expanded_access>
  <study_design_info>
    <allocation>N/A</allocation>
    <intervention_model>Single Group Assignment</intervention_model>
    <primary_purpose>Treatment</primary_purpose>
    <masking>None (Open Label)</masking>
  </study_design_info>
  <primary_outcome>
    <measure>Response rate</measure>
    <time_frame>Up to 5 years</time_frame>
  </primary_outcome>
  <secondary_outcome>
    <measure>time to progression</measure>
    <time_frame>Up to 5 years</time_frame>
  </secondary_outcome>
  <secondary_outcome>
    <measure>survival</measure>
    <time_frame>Up to 5 years</time_frame>
  </secondary_outcome>
  <number_of_arms>1</number_of_arms>
  <enrollment type="Actual">59</enrollment>
  <condition>Breast Cancer</condition>
  <arm_group>
    <arm_group_label>gemcitabine + cisplatin</arm_group_label>
    <arm_group_type>Experimental</arm_group_type>
    <description>Patients receive gemcitabine IV over 30 minutes and cisplatin IV over 1 hour on days 1, 8, and 15 every 28 days. Patients with complete response may receive an additional 2 courses after attainment of complete response status. Treatment continues in the absence of disease progression or unacceptable toxicities for a maximum of 8 courses. Patients are followed every 3 months for 2 years and then at 3 years after treatment.</description>
  </arm_group>
  <intervention>
    <intervention_type>Drug</intervention_type>
    <intervention_name>cisplatin</intervention_name>
    <arm_group_label>gemcitabine + cisplatin</arm_group_label>
  </intervention>
  <intervention>
    <intervention_type>Drug</intervention_type>
    <intervention_name>gemcitabine hydrochloride</intervention_name>
    <arm_group_label>gemcitabine + cisplatin</arm_group_label>
  </intervention>
  <eligibility>
    <criteria>
      <textblock>
        DISEASE CHARACTERISTICS: Histologic or cytologic confirmation of metastatic breast cancer&#xD;
        with two exceptions: -New or enlarging pulmonary nodules demonstrable on two chest&#xD;
        radiographs taken at least one month apart OR -Multiple characteristic lytic bone&#xD;
        metastasis or liver metastases Measurable indicator lesion Measurable metastatic disease&#xD;
        must be bidimensionally measurable except in the case of hepatomegaly that may be&#xD;
        unidimensionally measurable Patients receiving bisphosphonates must have a measurable&#xD;
        disease other than bone No CNS metastases unless controlled with prior surgery and/or&#xD;
        radiotherapy&#xD;
&#xD;
        PATIENT CHARACTERISTICS: Age: 18 and over Performance status: ECOG 0-2 Life expectancy:&#xD;
        Greater than 3 months Hematopoietic: WBC at least 3500/mm3 or absolute neutrophil count at&#xD;
        least 2000/mm3 Platelet count at least 100,000/mm3 Hepatic: Bilirubin no greater than 0.3&#xD;
        mg/dL above upper limit of normal limit (ULN) AST no greater than 3 times ULN Renal:&#xD;
        Creatinine no greater than 0.3 mg/dL above ULN Cardiovascular: No New York Heart&#xD;
        Association class III or IV heart disease Other: Physician-estimated oral caloric intake of&#xD;
        at least 1200 calories per day No uncontrolled infection or chronic debilitating disease&#xD;
        Not pregnant or nursing Women of childbearing potential must use adequate contraception&#xD;
&#xD;
        PRIOR CONCURRENT THERAPY: Biologic therapy: Not specified Chemotherapy: Must have&#xD;
        previously received 1 but no more than 2 chemotherapy regimens At least 1 prior regimen&#xD;
        administered for metastatic disease At least 1 prior regimen containing an anthracycline or&#xD;
        paclitaxel At least 4 weeks since prior chemotherapy Endocrine therapy: Not specified&#xD;
        Radiotherapy: At least 3 weeks since prior radiotherapy No prior strontium 89 radiotherapy&#xD;
        Prior radiotherapy must have been to less than 25% of bone marrow Surgery: At least 4 weeks&#xD;
        since any major surgery&#xD;
      </textblock>
    </criteria>
    <gender>All</gender>
    <minimum_age>18 Years</minimum_age>
    <maximum_age>N/A</maximum_age>
    <healthy_volunteers>No</healthy_volunteers>
  </eligibility>
  <overall_official>
    <last_name>Patrick A. Burch, MD</last_name>
    <role>Study Chair</role>
    <affiliation>Mayo Clinic</affiliation>
  </overall_official>
  <location>
    <facility>
      <name>CCOP - Scottsdale Oncology Program</name>
      <address>
        <city>Scottsdale</city>
        <state>Arizona</state>
        <zip>85259-5404</zip>
        <country>United States</country>
      </address>
    </facility>
  </location>
  <location>
    <facility>
      <name>CCOP - Carle Cancer Center</name>
      <address>
        <city>Urbana</city>
        <state>Illinois</state>
        <zip>61801</zip>
        <country>United States</country>
      </address>
    </facility>
  </location>
  <location>
    <facility>
      <name>CCOP - Cedar Rapids Oncology Project</name>
      <address>
        <city>Cedar Rapids</city>
        <state>Iowa</state>
        <zip>52403-1206</zip>
        <country>United States</country>
      </address>
    </facility>
  </location>
  <location>
    <facility>
      <name>CCOP - Iowa Oncology Research Association</name>
      <address>
        <city>Des Moines</city>
        <state>Iowa</state>
        <zip>10309-1016</zip>
        <country>United States</country>
      </address>
    </facility>
  </location>
  <location>
    <facility>
      <name>Siouxland Hematology-Oncology</name>
      <address>
        <city>Sioux City</city>
        <state>Iowa</state>
        <zip>51101-1733</zip>
        <country>United States</country>
      </address>
    </facility>
  </location>
  <location>
    <facility>
      <name>CCOP - Wichita</name>
      <address>
        <city>Wichita</city>
        <state>Kansas</state>
        <zip>67214-3882</zip>
        <country>United States</country>
      </address>
    </facility>
  </location>
  <location>
    <facility>
      <name>CCOP - Ochsner</name>
      <address>
        <city>New Orleans</city>
        <state>Louisiana</state>
        <zip>70121</zip>
        <country>United States</country>
      </address>
    </facility>
  </location>
  <location>
    <facility>
      <name>CCOP - Ann Arbor Regional</name>
      <address>
        <city>Ann Arbor</city>
        <state>Michigan</state>
        <zip>48106</zip>
        <country>United States</country>
      </address>
    </facility>
  </location>
  <location>
    <facility>
      <name>CCOP - Duluth</name>
      <address>
        <city>Duluth</city>
        <state>Minnesota</state>
        <zip>55805</zip>
        <country>United States</country>
      </address>
    </facility>
  </location>
  <location>
    <facility>
      <name>Mayo Clinic Cancer Center</name>
      <address>
        <city>Rochester</city>
        <state>Minnesota</state>
        <zip>55905</zip>
        <country>United States</country>
      </address>
    </facility>
  </location>
  <location>
    <facility>
      <name>CentraCare Clinic</name>
      <address>
        <city>Saint Cloud</city>
        <state>Minnesota</state>
        <zip>56303</zip>
        <country>United States</country>
      </address>
    </facility>
  </location>
  <location>
    <facility>
      <name>CCOP - Missouri Valley Cancer Consortium</name>
      <address>
        <city>Omaha</city>
        <state>Nebraska</state>
        <zip>68131</zip>
        <country>United States</country>
      </address>
    </facility>
  </location>
  <location>
    <facility>
      <name>Quain &amp; Ramstad Clinic, P.C.</name>
      <address>
        <city>Bismarck</city>
        <state>North Dakota</state>
        <zip>58501</zip>
        <country>United States</country>
      </address>
    </facility>
  </location>
  <location>
    <facility>
      <name>CCOP - Merit Care Hospital</name>
      <address>
        <city>Fargo</city>
        <state>North Dakota</state>
        <zip>58122</zip>
        <country>United States</country>
      </address>
    </facility>
  </location>
  <location>
    <facility>
      <name>Altru Health Systems</name>
      <address>
        <city>Grand Forks</city>
        <state>North Dakota</state>
        <zip>58201</zip>
        <country>United States</country>
      </address>
    </facility>
  </location>
  <location>
    <facility>
      <name>CCOP - Toledo Community Hospital Oncology Program</name>
      <address>
        <city>Toledo</city>
        <state>Ohio</state>
        <zip>43623-3456</zip>
        <country>United States</country>
      </address>
    </facility>
  </location>
  <location>
    <facility>
      <name>CCOP - Geisinger Clinical and Medical Center</name>
      <address>
        <city>Danville</city>
        <state>Pennsylvania</state>
        <zip>17822-2001</zip>
        <country>United States</country>
      </address>
    </facility>
  </location>
  <location>
    <facility>
      <name>Rapid City Regional Hospital</name>
      <address>
        <city>Rapid City</city>
        <state>South Dakota</state>
        <zip>57709</zip>
        <country>United States</country>
      </address>
    </facility>
  </location>
  <location>
    <facility>
      <name>CCOP - Sioux Community Cancer Consortium</name>
      <address>
        <city>Sioux Falls</city>
        <state>South Dakota</state>
        <zip>57105-1080</zip>
        <country>United States</country>
      </address>
    </facility>
  </location>
  <location>
    <facility>
      <name>Saskatchewan Cancer Agency</name>
      <address>
        <city>Regina</city>
        <state>Saskatchewan</state>
        <zip>S4S 6X3</zip>
        <country>Canada</country>
      </address>
    </facility>
  </location>
  <location_countries>
    <country>Canada</country>
    <country>United States</country>
  </location_countries>
  <results_reference>
    <citation>Burch PA, Mailliard JA, Hillman DW, Perez EA, Krook JE, Rowland KM, Veeder MH, Cannon MW, Ingle JN. Phase II study of gemcitabine plus cisplatin in patients with metastatic breast cancer: a North Central Cancer Treatment Group Trial. Am J Clin Oncol. 2005 Apr;28(2):195-200. doi: 10.1097/01.coc.0000144815.54746.d0.</citation>
    <PMID>15803016</PMID>
  </results_reference>
  <verification_date>July 2016</verification_date>
  <study_first_submitted>November 1, 1999</study_first_submitted>
  <study_first_submitted_qc>July 16, 2004</study_first_submitted_qc>
  <study_first_posted type="Estimate">July 19, 2004</study_first_posted>
  <last_update_submitted>July 12, 2016</last_update_submitted>
  <last_update_submitted_qc>July 12, 2016</last_update_submitted_qc>
  <last_update_posted type="Estimate">July 13, 2016</last_update_posted>
  <responsible_party>
    <responsible_party_type>Sponsor</responsible_party_type>
  </responsible_party>
  <keyword>stage IV breast cancer</keyword>
  <keyword>recurrent breast cancer</keyword>
  <condition_browse>
    <!-- CAUTION:  The following MeSH terms are assigned with an imperfect algorithm            -->
    <mesh_term>Breast Neoplasms</mesh_term>
  </condition_browse>
  <intervention_browse>
    <!-- CAUTION:  The following MeSH terms are assigned with an imperfect algorithm            -->
    <mesh_term>Gemcitabine</mesh_term>
  </intervention_browse>
  <!-- Results have not yet been posted for this study                                          -->
</clinical_study>

