{"protocolSection":{"identificationModule":{"nctId":"NCT01621659","orgStudyIdInfo":{"id":"TITAN 102"},"organization":{"fullName":"University of Alberta","class":"OTHER"},"briefTitle":"Multidisciplinary Team IntervenTion in CArdio-ONcology (TITAN Study)","officialTitle":"Multidisciplinary Team IntervenTion in CArdio-ONcology","acronym":"TITAN"},"statusModule":{"statusVerifiedDate":"2022-06","overallStatus":"ACTIVE_NOT_RECRUITING","expandedAccessInfo":{"hasExpandedAccess":false},"startDateStruct":{"date":"2014-05"},"primaryCompletionDateStruct":{"date":"2018-05-30","type":"ACTUAL"},"completionDateStruct":{"date":"2025-06-30","type":"ESTIMATED"},"studyFirstSubmitDate":"2012-06-04","studyFirstSubmitQcDate":"2012-06-13","studyFirstPostDateStruct":{"date":"2012-06-18","type":"ESTIMATED"},"lastUpdateSubmitDate":"2022-07-14","lastUpdatePostDateStruct":{"date":"2022-07-15","type":"ACTUAL"}},"sponsorCollaboratorsModule":{"responsibleParty":{"type":"SPONSOR"},"leadSponsor":{"name":"University of Alberta","class":"OTHER"}},"oversightModule":{"oversightHasDmc":false},"descriptionModule":{"briefSummary":"People with breast cancer often experience many short and long-term side effects as a result of both the cancer and the necessary treatments.\n\nReceiving extra assessments and care from teams of multiple health professionals has been shown to be helpful for people with other health problems, such as heart disease. These 'multidisciplinary' teams may include nurses, doctors, pharmacists, dietitians, exercise therapists, counselors, and other specialists. Currently, the investigators do not know if receiving extra assessments from a multidisciplinary team is helpful for people receiving cancer treatment.\n\nIn this study, the investigators hope to learn the effect of extra assessments and early interventions from teams of health care professionals in people diagnosed with cancer, during and after the treatment period.\n\nAfter initial assessments, participants will be randomized to multidisciplinary team intervention or usual care."},"conditionsModule":{"conditions":["Breast Cancer"],"keywords":["multidisciplinary team","exercise","nutrition","cardiology","physiotherapy","imaging"]},"designModule":{"studyType":"INTERVENTIONAL","phases":["PHASE2"],"designInfo":{"allocation":"RANDOMIZED","interventionModel":"PARALLEL","interventionModelDescription":"Supportive care intervention","primaryPurpose":"SUPPORTIVE_CARE","maskingInfo":{"masking":"SINGLE","whoMasked":["OUTCOMES_ASSESSOR"]}},"enrollmentInfo":{"count":80,"type":"ACTUAL"}},"armsInterventionsModule":{"armGroups":[{"label":"multidisciplinary team intervention","type":"EXPERIMENTAL","description":"Intervention arm receives regular assessments and treatments from cardiology team, clinical nutrition, pharmacist, exercise physiologist and physiotherapist","interventionNames":["Behavioral: Multidisciplinary team intervention"]},{"label":"Observational arm","type":"NO_INTERVENTION","description":"Participants randomized to observational arm will receive usual care."}],"interventions":[{"type":"BEHAVIORAL","name":"Multidisciplinary team intervention","description":"Intervention arm receives regular assessments and treatments from cardiology team, clinical nutrition, pharmacist, exercise physiologist and physiotherapist","armGroupLabels":["multidisciplinary team intervention"],"otherNames":["cardiology assessment and intervention","nutritional assessment and intervention","exercise assessment and training","pharmacist assessment and counseling","physiotherapy assessment and training"]}]},"outcomesModule":{"primaryOutcomes":[{"measure":"cardiac MRI","description":"left ventricular ejection fraction (LVEF)","timeFrame":"change from baseline to 12 months"}],"secondaryOutcomes":[{"measure":"serum biomarkers","description":"percent change in established biomarkers (troponin, BNP)","timeFrame":"change from baseline to 12 months"}],"otherOutcomes":[{"measure":"multidisciplinary team interventions","description":"nutrition, exercise, physiotherapy interventions","timeFrame":"change from baseline to 12 months"}]},"eligibilityModule":{"eligibilityCriteria":"Inclusion Criteria:\n\n* histologically confirmed malignancy (breast or lymphoma);\n* scheduled to receive anthracycline and/or trastuzumab-based chemotherapy;\n* age ≥ 18 years;\n* willing to attend follow-up visits.\n\nExclusion Criteria:\n\n* physical disability preventing exercise testing or DEXA scan;\n* psychiatric disease or disorder precluding informed consent;\n* participation in other cardiotoxicity or exercise intervention study;\n* contraindication to anti-cancer therapy, including known heart failure, cardiomyopathy, or baseline LVEF \\< 50%;\n* previous anthracycline or trastuzumab-based therapy;\n* previous radiotherapy to thorax.","healthyVolunteers":false,"sex":"ALL","minimumAge":"18 Years","stdAges":["ADULT","OLDER_ADULT"]},"contactsLocationsModule":{"locations":[{"facility":"Cross Cancer Institute","city":"Edmonton","state":"Alberta","zip":"T6G 1Z2","country":"Canada","geoPoint":{"lat":53.55014,"lon":-113.46871}}],"locations_nested":[{"facility":"Cross Cancer Institute","city":"Edmonton","state":"Alberta","zip":"T6G 1Z2","country":"Canada","geoPoint":{"lat":53.55014,"lon":-113.46871}}]},"referencesModule":{"references":[{"pmid":"27629548","type":"DERIVED","citation":"Pituskin E, Haykowsky M, McNeely M, Mackey J, Chua N, Paterson I. Rationale and design of the multidisciplinary team IntervenTion in cArdio-oNcology study (TITAN). BMC Cancer. 2016 Sep 15;16(1):733. doi: 10.1186/s12885-016-2761-8."}]}},"derivedSection":{"miscInfoModule":{"versionHolder":"2023-07-03","modelPredictions":{"bmiLimits":{"minBmi":0.00,"maxBmi":101.00}}},"conditionBrowseModule":{"browseLeaves":[{"id":"M4910","name":"Breast Neoplasms","relevance":"LOW"}],"browseBranches":[{"abbrev":"BC04","name":"Neoplasms"},{"abbrev":"BC17","name":"Skin and Connective Tissue Diseases"},{"abbrev":"All","name":"All Conditions"}]},"interventionBrowseModule":{}},"hasResults":false}