<?xml version="1.0" encoding="UTF-8"?>
<clinical_study rank="175">
  <!-- This xml conforms to an XML Schema at:
    https://clinicaltrials.gov/ct2/html/images/info/public.xsd -->
  <required_header>
    <download_date>ClinicalTrials.gov processed this data on May 26, 2023</download_date>
    <link_text>Link to the current ClinicalTrials.gov record.</link_text>
    <url>https://clinicaltrials.gov/show/NCT00770055</url>
  </required_header>
  <id_info>
    <org_study_id>CDR0000592835</org_study_id>
    <secondary_id>P30CA072720</secondary_id>
    <secondary_id>CINJ-000102</secondary_id>
    <secondary_id>CINJ-IRB-3879</secondary_id>
    <nct_id>NCT00770055</nct_id>
  </id_info>
  <brief_title>Internet Use Among Women With Recurrent Metastatic Breast Cancer</brief_title>
  <official_title>Internet Use Among Women With Recurrent Breast Cancer</official_title>
  <sponsors>
    <lead_sponsor>
      <agency>University of Medicine and Dentistry of New Jersey</agency>
      <agency_class>Other</agency_class>
    </lead_sponsor>
    <collaborator>
      <agency>National Cancer Institute (NCI)</agency>
      <agency_class>NIH</agency_class>
    </collaborator>
  </sponsors>
  <source>Rutgers, The State University of New Jersey</source>
  <oversight_info>
    <has_dmc>No</has_dmc>
  </oversight_info>
  <brief_summary>
    <textblock>
      RATIONALE: Gathering information about patients with breast cancer over time may help doctors&#xD;
      learn more about a patient's use of the internet to find information about treatment, symptom&#xD;
      management, and emotional support.&#xD;
&#xD;
      PURPOSE: This clinical trial is studying internet use among women with recurrent metastatic&#xD;
      breast cancer.&#xD;
    </textblock>
  </brief_summary>
  <detailed_description>
    <textblock>
      OBJECTIVES:&#xD;
&#xD;
        -  To document the proportion of women who use the internet to access treatment and symptom&#xD;
           management information and to seek emotional support after diagnosis of metastatic&#xD;
           recurrent breast cancer.&#xD;
&#xD;
        -  To evaluate the association of treatment stage and effectiveness with internet use.&#xD;
&#xD;
        -  To evaluate the association of individual differences in patients' demographics,&#xD;
           beliefs, emotional functioning, and social and professional support with internet use.&#xD;
&#xD;
        -  To evaluate the association of patients' use of the internet to seek resources with&#xD;
           their beliefs, emotional functioning, and relationship functioning.&#xD;
&#xD;
      OUTLINE: Patients undergo assessments consisting of paper and pencil questionnaires at four&#xD;
      time points. The timing of these assessments is linked to the patient's treatment course and&#xD;
      her presumed need to access internet resources for information on cancer, treatment, symptom&#xD;
      management, and emotional support. Patients who discontinue regular care at the Cancer&#xD;
      Institute of New Jersey site during the course of the study may complete study assessments&#xD;
      through phone interviews conducted by a member of the study team.&#xD;
&#xD;
      Patients undergo a baseline survey prior to deciding on a treatment course for their newly&#xD;
      progressive disease. Patients complete the first part of the survey to provide information on&#xD;
      demographics, beliefs about cancer, mood states, somatic symptoms, and available resources&#xD;
      for cancer information and emotional support. Patients complete the second part of the&#xD;
      survey, if they have used the internet previously to obtain information and resources about&#xD;
      cancer or if they have received cancer information that someone else located on the internet&#xD;
      for them, which inquires about patients' internet use, any internet resources they have&#xD;
      received from family members, friends, or other people they know, and their own evaluation of&#xD;
      these internet resources. Patients undergo the second study assessment after completion of&#xD;
      the first course of treatment and prior to initiating course 2 (i.e., 3 to 4 weeks after&#xD;
      initiating treatment). The third study assessment occurs within the first 2 weeks after the&#xD;
      medical oncologist's first evaluation of treatment response (i.e., 6-9 weeks after initiating&#xD;
      treatment). The fourth assessment occurs after the medical oncologist's second evaluation of&#xD;
      the patient's response to treatment, following tumor re-staging.&#xD;
&#xD;
      Patients complete several questionnaires during these assessments to provide information&#xD;
      about personal characteristics (demographics, physical and psychological well-being, beliefs&#xD;
      about cancer and treatment, optimism), social and healthcare networks (perceived social&#xD;
      support, social network composition, beliefs about treatment team), and outcomes (use of&#xD;
      non-internet cancer information, use of the internet for cancer resources, use of interactive&#xD;
      technologies, communication with treatment team and family, evaluation of internet&#xD;
      resources).&#xD;
&#xD;
      The following information is extracted from the patients' medical record: stage and node&#xD;
      status at primary diagnosis, previous oncology surgeries, previous adjuvant treatments,&#xD;
      current menopausal status, treatment at time of recurrence, disease free interval, site(s) of&#xD;
      metastasis, and response to current treatment.&#xD;
    </textblock>
  </detailed_description>
  <overall_status>Completed</overall_status>
  <start_date>November 2001</start_date>
  <completion_date type="Actual">January 2011</completion_date>
  <primary_completion_date type="Actual">February 2010</primary_completion_date>
  <phase>N/A</phase>
  <study_type>Interventional</study_type>
  <has_expanded_access>No</has_expanded_access>
  <study_design_info>
    <primary_purpose>Health Services Research</primary_purpose>
  </study_design_info>
  <primary_outcome>
    <measure>Use of non-internet cancer information</measure>
  </primary_outcome>
  <primary_outcome>
    <measure>Use of the internet for cancer resources</measure>
  </primary_outcome>
  <primary_outcome>
    <measure>Use of interactive technologies</measure>
  </primary_outcome>
  <primary_outcome>
    <measure>Communication with treatment team and family members</measure>
  </primary_outcome>
  <primary_outcome>
    <measure>Evaluation of internet resources</measure>
  </primary_outcome>
  <primary_outcome>
    <measure>Changes in internet use over the course of treatment</measure>
  </primary_outcome>
  <primary_outcome>
    <measure>Cross-sectional associations between patients' internet use and their individual, social, and professional network characteristics</measure>
  </primary_outcome>
  <primary_outcome>
    <measure>Internet use and changes in patients' beliefs and emotional functioning</measure>
  </primary_outcome>
  <enrollment type="Actual">70</enrollment>
  <condition>Breast Cancer</condition>
  <intervention>
    <intervention_type>Other</intervention_type>
    <intervention_name>medical chart review</intervention_name>
  </intervention>
  <intervention>
    <intervention_type>Other</intervention_type>
    <intervention_name>questionnaire administration</intervention_name>
  </intervention>
  <intervention>
    <intervention_type>Other</intervention_type>
    <intervention_name>survey administration</intervention_name>
  </intervention>
  <intervention>
    <intervention_type>Procedure</intervention_type>
    <intervention_name>psychosocial assessment and care</intervention_name>
  </intervention>
  <eligibility>
    <criteria>
      <textblock>
        DISEASE CHARACTERISTICS:&#xD;
&#xD;
          -  Diagnosis of recurrent breast cancer meeting either of the following criteria:&#xD;
&#xD;
               -  Newly diagnosed metastatic disease&#xD;
&#xD;
               -  Recently diagnosed as progressive disease after stable metastatic disease for at&#xD;
                  least 6 months&#xD;
&#xD;
                    -  Must have received the same treatment for metastatic breast cancer for at&#xD;
                       least 3 months&#xD;
&#xD;
                         -  Have received no treatment for progressive disease OR have begun&#xD;
                            treatment for progressive disease within the past month&#xD;
&#xD;
          -  Patient at the Cancer Institute of New Jersey in New Brunswick or Hamilton, New Jersey&#xD;
&#xD;
          -  Hormone receptor status not specified&#xD;
&#xD;
        PATIENT CHARACTERISTICS:&#xD;
&#xD;
          -  Menopausal status not specified&#xD;
&#xD;
          -  Able to speak and write English&#xD;
&#xD;
          -  Free of diseases and cognitive impairments that would interfere with comprehension of&#xD;
             the survey instruments or ability to provide informed consent&#xD;
&#xD;
        PRIOR CONCURRENT THERAPY:&#xD;
&#xD;
          -  See Disease Characteristics&#xD;
      </textblock>
    </criteria>
    <gender>Female</gender>
    <minimum_age>18 Years</minimum_age>
    <maximum_age>75 Years</maximum_age>
    <healthy_volunteers>No</healthy_volunteers>
  </eligibility>
  <overall_official>
    <last_name>Deborah Toppmeyer, MD</last_name>
    <role>Principal Investigator</role>
    <affiliation>Rutgers Cancer Institute of New Jersey</affiliation>
  </overall_official>
  <location>
    <facility>
      <name>Cancer Institute of New Jersey at UMDNJ - Robert Wood Johnson Medical School</name>
      <address>
        <city>New Brunswick</city>
        <state>New Jersey</state>
        <zip>08903</zip>
        <country>United States</country>
      </address>
    </facility>
  </location>
  <location_countries>
    <country>United States</country>
  </location_countries>
  <verification_date>January 2011</verification_date>
  <study_first_submitted>October 8, 2008</study_first_submitted>
  <study_first_submitted_qc>October 8, 2008</study_first_submitted_qc>
  <study_first_posted type="Estimate">October 9, 2008</study_first_posted>
  <last_update_submitted>January 27, 2011</last_update_submitted>
  <last_update_submitted_qc>January 27, 2011</last_update_submitted_qc>
  <last_update_posted type="Estimate">January 31, 2011</last_update_posted>
  <responsible_party>
    <name_title>Deborah Toppmeyer, MD</name_title>
    <organization>Cancer Institute of New Jersey at UMDNJ - Robert Wood Johnson Medical School</organization>
  </responsible_party>
  <keyword>stage IV breast cancer</keyword>
  <keyword>recurrent breast cancer</keyword>
  <condition_browse>
    <!-- CAUTION:  The following MeSH terms are assigned with an imperfect algorithm            -->
    <mesh_term>Breast Neoplasms</mesh_term>
  </condition_browse>
  <!-- Results have not yet been posted for this study                                          -->
</clinical_study>

