{"protocolSection":{"identificationModule":{"nctId":"NCT03107663","orgStudyIdInfo":{"id":"2015-22M2C-01.02"},"organization":{"fullName":"ImaginAb, Inc.","class":"INDUSTRY"},"briefTitle":"⁸⁹Zr-Df-IAB22M2C PET/CT in Patients With Selected Solid Malignancies or Hodgkin's Lymphoma","officialTitle":"A Phase I Study of Positron Emission Tomography (PET/CT) With ⁸⁹Zr-Df-IAB22M2C in Patients With Selected Solid Malignancies (Non Small Cell Lung Cancer (NSCLC), Small Cell Lung Cancer (SCLC), Squamous Cell Carcinoma Head and Neck (SqCCHN), Melanoma, Merkel Cell Tumor, Renal, Bladder, Hepatocellular, Triple Negative Breast, or Gastroesophageal Cancer) or Hodgkin's Lymphoma"},"statusModule":{"statusVerifiedDate":"2018-09","overallStatus":"COMPLETED","expandedAccessInfo":{"hasExpandedAccess":false},"startDateStruct":{"date":"2017-06-19","type":"ACTUAL"},"primaryCompletionDateStruct":{"date":"2018-08-16","type":"ACTUAL"},"completionDateStruct":{"date":"2018-08-16","type":"ACTUAL"},"studyFirstSubmitDate":"2017-01-16","studyFirstSubmitQcDate":"2017-04-04","studyFirstPostDateStruct":{"date":"2017-04-11","type":"ACTUAL"},"lastUpdateSubmitDate":"2018-09-17","lastUpdatePostDateStruct":{"date":"2018-09-18","type":"ACTUAL"}},"sponsorCollaboratorsModule":{"responsibleParty":{"type":"SPONSOR"},"leadSponsor":{"name":"ImaginAb, Inc.","class":"INDUSTRY"}},"oversightModule":{"oversightHasDmc":false,"isFdaRegulatedDrug":true,"isFdaRegulatedDevice":false},"descriptionModule":{"briefSummary":"To determine the safety and feasibility of 89Zr-Df-IAB22M2C as an immunoPET tracer; determine the best time window and protein dose for imaging; determine the pharmacokinetic (PK) and biodistribution of the probe; and to determine imaging parameters for optimal lymphoid and tumor visualization.","detailedDescription":"This is a phase I study of positron emission tomography (PET/CT) with ⁸⁹Zr-Df-IAB22M2C in patients with selected solid malignancies (NSCLC, SCLC, SqCCHN, melanoma, merkel cell tumor, renal, bladder, hepatocellular, triple negative breast, or gastroesophageal cancer) or Hodgkin's lymphoma. Up to 24 subjects are planned to be enrolled in this clinical study.\n\nThis phase 1 study is a dose escalation study of ⁸⁹Zr-Df-IAB22M2C to evaluate safety, tolerability, optimal time window and protein dose for imaging, biodistribution, radiation dosimetry, as well as the ability of ⁸⁹Zr-Df-IAB22M2C to detect CD8+ expressing T cells. The investigational imaging agent to be administered in this study will be 3.0 (±20%) mCi dose of ⁸⁹Zr-Df-IAB22M2C injected intravenously. Up to six cohorts of up to 6 patients each will be studied sequentially with dose escalation at 0.2 mg, 0.5 mg, 1.0 mg, 1.5 mg, 5.0 mg, and 10.0 mg total protein doses followed by an optimal dose expansion cohort. Safety as well as lymphoid visualization (LV) on imaging (i.e. signal in tumor and lymphoid organs including spleen, lymph nodes and bone marrow) will be evaluated to drive dose escalation/de-escalation.\n\nAt least 2 weeks will separate the ⁸⁹Zr-Df-IAB22M2C administration in the first patient and subsequent patients of each dose cohort to provide an opportunity to detect any acute reaction to the study drug and any adverse events. Tracer administration for subsequent patients in each cohort will be separated by a minimum of 24 hours\n\nEach patient will undergo five (5) post infusion PET/CT scans ( 1 - 2 hours, 6-8 hrs (optional), 24 ± 4 hours, 48 ± 4 hours and 92 - 144 hours).\n\nPharmacokinetic blood samples will be drawn at the following timepoints: pre-infusion; then post-infusion at 5-10 min, 30 (+/-10) min, 60 (+/- 10) min, 120 (+/- 10) min, 240 (+/- 10) min, 350-490 (+/- 10) min (optional), 24 hrs (visit 3), 48 hrs (visit 4), 92-144 hrs (visit 5). The imaging data collected across the dosing cohort and time series of PET/CT scans will assess biodistribution, dosimetry, and be used to recommend a protein dose and an optimal time window for imaging in future studies"},"conditionsModule":{"conditions":["Positron-Emission Tomography","Immunomodulation","Metastatic Solid Malignancies","Hodgkin Lymphoma"],"keywords":["PET/CT","Imaging","⁸⁹Zr-Df-IAB22M2C","CD8 + T Cells","Standard of Care"]},"designModule":{"studyType":"INTERVENTIONAL","phases":["PHASE1"],"designInfo":{"allocation":"NA","interventionModel":"SINGLE_GROUP","primaryPurpose":"DIAGNOSTIC","maskingInfo":{"masking":"NONE"}},"enrollmentInfo":{"count":15,"type":"ACTUAL"}},"armsInterventionsModule":{"armGroups":[{"label":"⁸⁹Zr-Df-IAB22M2C Infusion","type":"EXPERIMENTAL","description":"3.0 (±20%) mCi of ⁸⁹Zr-Df-IAB22M2C (with 0.2 mg, 0.5 mg, 1.0mg, 1.5 mg, 5.0 mg, or 10.0 mg of protein) will be administered intravenously over 5-10 minutes","interventionNames":["Drug: ⁸⁹Zr-Df-IAB22M2C Infusion"]}],"interventions":[{"type":"DRUG","name":"⁸⁹Zr-Df-IAB22M2C Infusion","description":"A single dose of 3.0 (±20%) mCi of ⁸⁹Zr-Df-IAB22M2C (with 0.2 mg, 0.5 mg, 1.0mg, 1.5 mg, 5.0 mg, or 10.0 mg of protein) will be administered intravenously over 5-10 minutes.","armGroupLabels":["⁸⁹Zr-Df-IAB22M2C Infusion"]}]},"outcomesModule":{"primaryOutcomes":[{"measure":"Safety and tolerability of ⁸⁹Zr-Df-IAB22M2C assessed by local and systemic signs and symptoms of infusion reactions,incidence of adverse events,changes in laboratory test results,dose limiting toxicities,vital signs and 12-lead electrocardiogram findings","timeFrame":"From infusion of ⁸⁹Zr-Df-IAB22M2C up to 12 weeks"}],"secondaryOutcomes":[{"measure":"Evaluate imaging time window with ⁸⁹Zr-Df-IAB22M2C","timeFrame":"From infusion of ⁸⁹Zr-Df-IAB22M2C through up to Day 6"},{"measure":"Evaluate protein dose for imaging with ⁸⁹Zr-Df-IAB22M2C","timeFrame":"From infusion of ⁸⁹Zr-Df-IAB22M2C through up to Day 6"},{"measure":"Evaluate the radioactive pharmacokinetics of ⁸⁹Zr-Df-IAB22M2C by determining the time-activity curves for serum (% injected dose/liter), AUC, clearance, volume of distribution, Tmax and Cmax.","description":"The data from the actual concentration and the parameters will be summarized descriptively and also presented as subject specific listings.","timeFrame":"From infusion of ⁸⁹Zr-Df-IAB22M2C through up to Day 6"},{"measure":"Evaluate the dosimetry of a single dose of ⁸⁹Zr-Df-IAB22M2C","description":"Dosimetry will be determined from the ⁸⁹Zr-Df-IAB22M2C PET/CT scans obtained during the course of this study at 1-2 hours, 6-8 hours (optional), 24 (± 4 hours), 48 (± 4 hours) hours and 92-144 hours post infusion in patients at the optimal dosing cohort. Regions of interest will be drawn at each PET/CT time point to capture target and major organ uptakes. Once all five PET/CT scans are analyzed, the biologic clearance will be evaluated from the \"dynamic\" sequence of the scans and the final estimated radiation dose calculated using the clearance seen in the images. The data for dosimetry also comes from Imaging Endpoints. Patterns of radiotracer uptake and estimates of semi-quantitative measurements, using typical SUV (Standardized uptake value) estimates (SUV max; SUV peak; SUV mean) will be presented. The data will be summarized descriptively and will also be presented as subject specific listings.","timeFrame":"From infusion of ⁸⁹Zr-Df-IAB22M2C through up to Day 6"}]},"eligibilityModule":{"eligibilityCriteria":"Inclusion Criteria:\n\n1. Patients with selected solid malignancies (NSCLC, SCLC, SqCCHN, melanoma, merkel cell tumor, renal, bladder, hepatocellular, triple negative breast, or gastroesophageal cancer) or Hodgkin's lymphoma\n2. At least 1 measurable lesion documented on CT/MRI (RECIST criteria 1.1)\n3. Eastern Cooperative Oncology Group (ECOG) performance status ≤ 2 (Appendix B: ECOG Scoring)\n4. Age ≥ 18 years\n5. Ability to understand the purposes and risks of the trial and has signed a IRB-approved informed consent form\n6. Willingness and ability to comply with all protocol required procedures\n7. For men and women of child-bearing potential, use of effective contraceptive methods during the study\n\nExclusion Criteria:\n\nPatients meeting any of the following criteria will not be eligible for study entry:\n\n1. Known infection with human immunodeficiency virus (HIV)\n2. Serious nonmalignant disease or conditions that in the opinion of the investigator and/or ImaginAb could compromise protocol objectives\n3. Patients who have had splenectomy.\n4. Patients who have any splenic disorders that in the opinion of the investigator and/or ImaginAb could compromise protocol objectives.\n5. Patients who are currently receiving any other investigational agent\n6. Pregnant women or nursing mothers\n7. Hepatic laboratory values:\n\n   1. Bilirubin \\> 1.5 x ULN (institutional upper limits of normal)\n   2. Albumin \\< 2 g/dL\n   3. Other local safety laboratory test results (clinical chemistry and hematology) are determined to be exclusionary by the Investigator.\n8. Known sensitivity to glutamic acid or glutamate.","healthyVolunteers":false,"sex":"ALL","minimumAge":"18 Years","stdAges":["ADULT","OLDER_ADULT"]},"contactsLocationsModule":{"locations":[{"facility":"Honor Health and Imaging Endpoints","city":"Scottsdale","state":"Arizona","zip":"85258","country":"United States","geoPoint":{"lat":33.50921,"lon":-111.89903}},{"facility":"Memorial Sloan Kettering Cancer Center","city":"New York","state":"New York","zip":"10065","country":"United States","geoPoint":{"lat":40.71427,"lon":-74.00597}},{"facility":"University of Pennsylvania","city":"Philadelphia","state":"Pennsylvania","zip":"19104","country":"United States","geoPoint":{"lat":39.95233,"lon":-75.16379}}],"locations_nested":[{"facility":"Honor Health and Imaging Endpoints","city":"Scottsdale","state":"Arizona","zip":"85258","country":"United States","geoPoint":{"lat":33.50921,"lon":-111.89903}},{"facility":"Memorial Sloan Kettering Cancer Center","city":"New York","state":"New York","zip":"10065","country":"United States","geoPoint":{"lat":40.71427,"lon":-74.00597}},{"facility":"University of Pennsylvania","city":"Philadelphia","state":"Pennsylvania","zip":"19104","country":"United States","geoPoint":{"lat":39.95233,"lon":-75.16379}}]},"referencesModule":{"references":[{"pmid":"34413145","type":"DERIVED","citation":"Farwell MD, Gamache RF, Babazada H, Hellmann MD, Harding JJ, Korn R, Mascioni A, Le W, Wilson I, Gordon MS, Wu AM, Ulaner GA, Wolchok JD, Postow MA, Pandit-Taskar N. CD8-Targeted PET Imaging of Tumor-Infiltrating T Cells in Patients with Cancer: A Phase I First-in-Humans Study of 89Zr-Df-IAB22M2C, a Radiolabeled Anti-CD8 Minibody. J Nucl Med. 2022 May;63(5):720-726. doi: 10.2967/jnumed.121.262485. Epub 2021 Aug 19."}]},"ipdSharingStatementModule":{"ipdSharing":"NO"}},"derivedSection":{"miscInfoModule":{"versionHolder":"2023-07-03","modelPredictions":{"bmiLimits":{"minBmi":0.00,"maxBmi":101.00}}},"conditionBrowseModule":{"meshes":[{"id":"D000008223","term":"Lymphoma"},{"id":"D000009369","term":"Neoplasms"},{"id":"D000006689","term":"Hodgkin Disease"}],"ancestors":[{"id":"D000009370","term":"Neoplasms by Histologic Type"},{"id":"D000008232","term":"Lymphoproliferative Disorders"},{"id":"D000008206","term":"Lymphatic Diseases"},{"id":"D000007160","term":"Immunoproliferative Disorders"},{"id":"D000007154","term":"Immune System Diseases"}],"browseLeaves":[{"id":"M10910","name":"Lymphoma","asFound":"Lymphoma","relevance":"HIGH"},{"id":"M5224","name":"Carcinoma","relevance":"LOW"},{"id":"M5240","name":"Carcinoma, Squamous Cell","relevance":"LOW"},{"id":"M11218","name":"Melanoma","relevance":"LOW"},{"id":"M10862","name":"Lung Neoplasms","relevance":"LOW"},{"id":"M5236","name":"Carcinoma, Non-Small-Cell Lung","relevance":"LOW"},{"id":"M28013","name":"Small Cell Lung Carcinoma","relevance":"LOW"},{"id":"M9441","name":"Hodgkin Disease","asFound":"Hodgkin Lymphoma","relevance":"HIGH"},{"id":"M17657","name":"Carcinoma, Merkel Cell","relevance":"LOW"},{"id":"M12005","name":"Neoplasms by Histologic Type","relevance":"LOW"},{"id":"M10915","name":"Lymphoproliferative Disorders","relevance":"LOW"},{"id":"M10893","name":"Lymphatic Diseases","relevance":"LOW"},{"id":"M9896","name":"Immunoproliferative Disorders","relevance":"LOW"},{"id":"M9890","name":"Immune System Diseases","relevance":"LOW"},{"id":"T3543","name":"Lymphosarcoma","asFound":"Lymphoma","relevance":"HIGH"},{"id":"T5271","name":"Small Cell Lung Cancer","relevance":"LOW"},{"id":"T2817","name":"Hodgkin Lymphoma","asFound":"Hodgkin Lymphoma","relevance":"HIGH"},{"id":"T3716","name":"Merkel Cell Carcinoma","relevance":"LOW"}],"browseBranches":[{"abbrev":"BC04","name":"Neoplasms"},{"abbrev":"BC15","name":"Blood and Lymph Conditions"},{"abbrev":"BC20","name":"Immune System Diseases"},{"abbrev":"All","name":"All Conditions"},{"abbrev":"BC08","name":"Respiratory Tract (Lung and Bronchial) Diseases"},{"abbrev":"BC01","name":"Infections"},{"abbrev":"Rare","name":"Rare Diseases"}]},"interventionBrowseModule":{}},"hasResults":false}