<?xml version="1.0" encoding="UTF-8"?>
<clinical_study rank="41">
  <!-- This xml conforms to an XML Schema at:
    https://clinicaltrials.gov/ct2/html/images/info/public.xsd -->
  <required_header>
    <download_date>ClinicalTrials.gov processed this data on May 26, 2023</download_date>
    <link_text>Link to the current ClinicalTrials.gov record.</link_text>
    <url>https://clinicaltrials.gov/show/NCT03285412</url>
  </required_header>
  <id_info>
    <org_study_id>17-232</org_study_id>
    <nct_id>NCT03285412</nct_id>
  </id_info>
  <brief_title>CDK 4/6 Inhibitor, Ribociclib, With Adjuvant Endocrine Therapy for ER-positive Breast Cancer</brief_title>
  <acronym>LEADER</acronym>
  <official_title>Phase II Study of CDK 4/6 Inhibitor, LEE011 (Ribociclib), in Combination With Adjuvant Endocrine Therapy at Varying Duration for ER-positive Breast Cancer (LEADER).</official_title>
  <sponsors>
    <lead_sponsor>
      <agency>Massachusetts General Hospital</agency>
      <agency_class>Other</agency_class>
    </lead_sponsor>
    <collaborator>
      <agency>Novartis</agency>
      <agency_class>Industry</agency_class>
    </collaborator>
  </sponsors>
  <source>Massachusetts General Hospital</source>
  <oversight_info>
    <has_dmc>Yes</has_dmc>
    <is_fda_regulated_drug>Yes</is_fda_regulated_drug>
    <is_fda_regulated_device>No</is_fda_regulated_device>
    <is_us_export>No</is_us_export>
  </oversight_info>
  <brief_summary>
    <textblock>
      This research study is studying a drug as a possible treatment for ER-positive Breast Cancer&#xD;
&#xD;
      The drug involved in this study is:&#xD;
&#xD;
      -Ribociclib&#xD;
    </textblock>
  </brief_summary>
  <detailed_description>
    <textblock>
      This research study is a Phase II clinical trial. Phase II clinical trials test the safety&#xD;
      and effectiveness of an investigational drug to learn whether the drug works in treating a&#xD;
      specific disease. &quot;Investigational&quot; means that the drug is being studied.&#xD;
&#xD;
      This research study is a study with endocrine therapy and CDK 4/6 inhibitor (ribociclib) for&#xD;
      early breast cancer. There is no placebo in this study. The study has two components -&#xD;
      pre-screening with ctDNA to detect minimal residual disease (pre-screening), and treatment&#xD;
      with ribociclib in combination with endocrine therapy (main portion).&#xD;
&#xD;
      The FDA (the U.S. Food and Drug Administration) has approved ribociclib in combination with&#xD;
      aromatase inhibitors as a treatment option for advanced/metastatic (stage IV) breast cancer.&#xD;
&#xD;
      In this research study, the investigators are evaluating efficacy of ribociclib in patients&#xD;
      who have MRD based on ctDNA.&#xD;
&#xD;
      Ribociclib is a drug designed to block certain proteins called cyclin-dependent protein&#xD;
      kinases 4 and 6 (CDK4/6). These proteins are needed for cells to divide and may also control&#xD;
      the ability of certain cancers to grow. The investigators believe that ribociclib may stop&#xD;
      the participant cancer cells from growing and dividing by blocking these CDK4/6 proteins.&#xD;
    </textblock>
  </detailed_description>
  <overall_status>Recruiting</overall_status>
  <start_date type="Actual">December 12, 2017</start_date>
  <completion_date type="Anticipated">October 2026</completion_date>
  <primary_completion_date type="Anticipated">October 2024</primary_completion_date>
  <phase>Phase 2</phase>
  <study_type>Interventional</study_type>
  <has_expanded_access>No</has_expanded_access>
  <study_design_info>
    <allocation>Randomized</allocation>
    <intervention_model>Parallel Assignment</intervention_model>
    <primary_purpose>Treatment</primary_purpose>
    <masking>None (Open Label)</masking>
  </study_design_info>
  <primary_outcome>
    <measure>ctDNA clearance</measure>
    <time_frame>12 Months</time_frame>
    <description>tumor ctDNA response after 12 cycles of adjuvant ribociclib in combination with endocrine therapy vs endocrine therapy alone in patients with localized post-menopausal breast cancer and elevated ctDNA.</description>
  </primary_outcome>
  <secondary_outcome>
    <measure>Comparison of Adverse Events</measure>
    <time_frame>2 years</time_frame>
    <description>compare the adverse effects, as assessed by CTCAE grading, in patients treated with endocrine therapy within 5 years versus those on endocrine therapy &gt; 5 years</description>
  </secondary_outcome>
  <secondary_outcome>
    <measure>Number of participants who have a switch in endocrine therapy</measure>
    <time_frame>2 years</time_frame>
    <description>determine how many patients have switch in endocrine therapy</description>
  </secondary_outcome>
  <secondary_outcome>
    <measure>Disease-free survival (DFS)</measure>
    <time_frame>2 years</time_frame>
    <description>Disease-Free Survival (PFS) is defined as the time from randomization (or registration) to evidence of disease recurrence or death due to any cause. Participants alive without disease recurrence are censored at date of last evaluation.</description>
  </secondary_outcome>
  <number_of_arms>2</number_of_arms>
  <enrollment type="Anticipated">120</enrollment>
  <condition>Breast Cancer</condition>
  <arm_group>
    <arm_group_label>Ribociclib + Endocrine Rx</arm_group_label>
    <arm_group_type>Experimental</arm_group_type>
    <description>Ribociclib will be administered. Endocrine therapy will be administered.</description>
  </arm_group>
  <arm_group>
    <arm_group_label>Endocrine Rx</arm_group_label>
    <arm_group_type>Active Comparator</arm_group_type>
    <description>Endocrine therapy will be administered.</description>
  </arm_group>
  <intervention>
    <intervention_type>Drug</intervention_type>
    <intervention_name>Ribociclib</intervention_name>
    <description>Ribociclib is a drug designed to block certain proteins called cyclin-dependent protein kinases 4 and 6 (CDK4/6). These proteins are needed for cells to divide and may also control the ability of certain cancers to grow.</description>
    <arm_group_label>Ribociclib + Endocrine Rx</arm_group_label>
    <other_name>Kisqali</other_name>
  </intervention>
  <intervention>
    <intervention_type>Other</intervention_type>
    <intervention_name>Endocrine therapy</intervention_name>
    <description>Hormone therapy</description>
    <arm_group_label>Endocrine Rx</arm_group_label>
    <arm_group_label>Ribociclib + Endocrine Rx</arm_group_label>
  </intervention>
  <eligibility>
    <criteria>
      <textblock>
        Inclusion Criteria:&#xD;
&#xD;
          -  Participants must have biopsy proven localized ER+ (≥ 10%), HER2 negative, invasive&#xD;
             breast cancer, with pathological stage (including post-neoadjuvant therapy) T1c-T4c,&#xD;
             any N, M0, by AJCC 7th edition staging. Invasive breast cancer must be ER+ in ≥10% of&#xD;
             the cells and HER2 negative (IHC 0 or 1+ and/or FISH negative with a ratio &lt;2) by&#xD;
             ASCO/CAP guidelines. For IHC 2+, the tumor must be FISH negative with a ratio &lt;2. PR&#xD;
             status must be performed. ER, PR and HER2 measurements should be performed according&#xD;
             to institutional (local) guidelines, in a CLIA-approved setting. Evaluation for&#xD;
             metastatic disease is not required in the absence of symptoms. Patients must have&#xD;
             completed definitive surgery for breast cancer.&#xD;
&#xD;
          -  Detectable ctDNA (separate pre-screening consent)&#xD;
&#xD;
          -  No prior history of other malignancies within past 5 year (besides breast cancer as&#xD;
             per 3.1.1). Individuals with the following cancers are eligible if diagnosed and&#xD;
             treated within the past 5 years: ductal carcinoma in situ of the breast, cervical&#xD;
             cancer in situ, and basal cell or squamous cell carcinoma of the skin. No concurrent&#xD;
             malignancy or other serious medical condition as deemed by the investigator.&#xD;
&#xD;
          -  Participants may or may not have received (neo)adjuvant chemotherapy, but must be at&#xD;
             least 30 days after last dose of chemotherapy and/or biological therapy, with no more&#xD;
             than grade 1 residual toxicity at the time of screening.&#xD;
&#xD;
          -  Participants may or may not have received adjuvant radiotherapy, but must be at least&#xD;
             30 days after last dose radiotherapy, with no more than grade 1 residual toxicity at&#xD;
             the time of screening.&#xD;
&#xD;
          -  Pre- and postmenopausal women are eligible. Premenopausal women must have a negative&#xD;
             serum or urine pregnancy test. Pregnancy testing does not need to be pursued in female&#xD;
             patients who are: age ≥ 60 years; or age &lt; 60 with intact uterus and amenorrhea for 12&#xD;
             consecutive months or more AND estrogen (estradiol) levels within postmenopausal&#xD;
             range; or status-post bilateral oophorectomy, total hysterectomy, or bilateral tubal&#xD;
             ligation.&#xD;
&#xD;
          -  QTc (Fredericia's formula) &lt; 470ms.&#xD;
&#xD;
          -  Must be ≥ 18 years of age.&#xD;
&#xD;
          -  No history of prior CDK 4/6 inhibitor use.&#xD;
&#xD;
          -  ECOG performance status 0-1 (Karnofsky ≥70%, see Appendix A)&#xD;
&#xD;
          -  Patients may enroll within 10 years of breast cancer diagnosis, as long as there is a&#xD;
             plan for at least 1 more year of adjuvant endocrine therapy.&#xD;
&#xD;
          -  Ability to understand and the willingness to sign a written informed consent document.&#xD;
             Patient must sign the Informed Consent (ICF) prior to any screening procedures being&#xD;
             performed and is able to comply with protocol requirements.&#xD;
&#xD;
          -  Participants must have been on adjuvant endocrine therapy, either tamoxifen or&#xD;
             aromatase inhibitor (AI), for at least 6 months without any significant adverse events&#xD;
             leading to drug interruption for more than 1 month, and must not have had any change&#xD;
             in endocrine therapy in the past 6 months (till date of trial consent). Prior use of&#xD;
             any AI, including letrozole, anastrozole or exemestane, or tamoxifen is allowed.&#xD;
&#xD;
          -  Patient has adequate bone marrow and organ function as defined by the following&#xD;
             laboratory values at screening:&#xD;
&#xD;
               -  Absolute neutrophil count ≥1.5 × 109/L&#xD;
&#xD;
               -  Platelets ≥100 × 109/L&#xD;
&#xD;
               -  Hemoglobin ≥9.0 g/dL&#xD;
&#xD;
               -  Potassium, total calcium (corrected for serum albumin), magnesium, sodium and&#xD;
                  phosphorus within normal limits for the institution or corrected to within normal&#xD;
                  limits with supplements before first dose of study medication&#xD;
&#xD;
               -  Serum creatinine &lt;1.5 mg/dL or creatinine clearance ≥50 mL/min&#xD;
&#xD;
               -  Alanine aminotransferase (ALT) and aspartate aminotransferase (AST) &lt;2.5 x ULN.&#xD;
&#xD;
               -  Total bilirubin &lt; ULN; or total bilirubin ≤3.0 x ULN or direct bilirubin ≤1.5 x&#xD;
                  ULN in patients with well-documented Gilbert's Syndrome.&#xD;
&#xD;
               -  Fasting plasma glucose &lt;140 mg/dL / 7.7 mmol/L..&#xD;
&#xD;
        Exclusion Criteria:&#xD;
&#xD;
          -  Participants who have had chemotherapy or radiotherapy within 4 weeks (6 weeks for&#xD;
             nitrosoureas or mitomycin C) prior to entering the study or those who have not&#xD;
             recovered from adverse events due to agents administered more than 4 weeks earlier.&#xD;
&#xD;
          -  Participants who are receiving any other investigational agents.&#xD;
&#xD;
          -  Participants with known brain metastases, or any other metastases from cancer.&#xD;
&#xD;
          -  Participants receiving any medications or substances that are inhibitors or inducers&#xD;
             of CYP3A4 are ineligible. Because the lists of these agents are constantly changing,&#xD;
             it is important to regularly consult a frequently-updated list such as&#xD;
             http://medicine.iupui.edu/clinpharm/ddis/table.aspx; medical reference texts such as&#xD;
             the Physicians' Desk Reference may also provide this information. As part of the&#xD;
             enrollment/informed consent procedures, the patient will be counseled on the risk of&#xD;
             interactions with other agents, and what to do if new medications need to be&#xD;
             prescribed or if the patient is considering a new over-the-counter medicine or herbal&#xD;
             product.&#xD;
&#xD;
          -  Uncontrolled inter-current illness including, but not limited to, ongoing or active&#xD;
             infection, symptomatic congestive heart failure, unstable angina pectoris, cardiac&#xD;
             arrhythmia, or psychiatric illness/social situations that would limit compliance with&#xD;
             study requirements. Patient has impairment of gastrointestinal (GI) function or GI&#xD;
             disease that may significantly alter the absorption of the study drugs (e.g.,&#xD;
             ulcerative diseases, uncontrolled nausea, vomiting, diarrhea, malabsorption syndrome,&#xD;
             or small bowel resection).&#xD;
&#xD;
          -  Clinically significant, uncontrolled heart disease and/or cardiac repolarization&#xD;
             abnormality including any of the following:&#xD;
&#xD;
               -  History of angina pectoris, symptomatic pericarditis, coronary artery bypass&#xD;
                  graft (CABG) or myocardial infarction within 6 months prior to study entry.&#xD;
&#xD;
               -  Documented cardiomyopathy.&#xD;
&#xD;
               -  Left Ventricular Ejection Fraction (LVEF) &lt;50% as determined by Multiple Gated&#xD;
                  acquisition (MUGA) scan or echocardiogram (ECHO) detected during screening.&#xD;
&#xD;
               -  History of cardiac failure, significant/symptomatic bradycardia, Long QT&#xD;
                  syndrome, family history of idiopathic sudden death or congenital long QT&#xD;
                  syndrome or any of the following:&#xD;
&#xD;
               -  Known risk to prolong the QT interval or induce Torsade's de Pointes.&#xD;
&#xD;
               -  Uncorrected hypomagnesemia or hypokalemia.&#xD;
&#xD;
               -  Systolic Blood Pressure (SBP) &gt;160 mmHg or &lt;90 mmHg.&#xD;
&#xD;
               -  Bradycardia (heart rate &lt;50 at rest), by ECG or pulse.&#xD;
&#xD;
               -  On screening, inability to determine the QTcF interval on the ECG (i.e.:&#xD;
                  unreadable or not interpretable) or QTcF &gt;450 screening ECG (based on a mean of 3&#xD;
                  ECGs).&#xD;
&#xD;
          -  History of hypersensitivity to ribociclib or any of its components.&#xD;
&#xD;
          -  HIV-positive participants on combination antiretroviral therapy are ineligible. These&#xD;
             participants are at increased risk of lethal infections when treated with&#xD;
             marrow-suppressive therapy. Appropriate studies will be undertaken in participants&#xD;
             receiving combination antiretroviral therapy when indicated.&#xD;
&#xD;
          -  Pregnant women are excluded from this study because the safety of ribociclib is not&#xD;
             established in pregnant women. For this reason and because CDK4/6 agents as well as&#xD;
             other therapeutic agents used in this trial are known to be teratogenic, women of&#xD;
             child-bearing potential (WOCBP) and men must agree to use adequate contraception&#xD;
             (hormonal or barrier method of birth control; abstinence) prior to study entry, for&#xD;
             the duration of treatment, and for at least 3 months after the completion of&#xD;
             treatment. Should a woman become pregnant or suspect she is pregnant while&#xD;
             participating in this study, she must inform her treating physician immediately. Prior&#xD;
             to study enrollment, WOCBP must be advised of the importance of avoiding pregnancy&#xD;
             during trial participation and the potential risk factors for an unintentional&#xD;
             pregnancy. In addition, men enrolled on this study should understand the risks to any&#xD;
             sexual partner of childbearing potential. All WOCBP must have a negative pregnancy&#xD;
             test within 72 hours prior to receiving the first dose of the investigational&#xD;
             agent(s). Registration may occur prior to this pregnancy test. If the pregnancy test&#xD;
             is positive, the patient must not receive protocol treatment and must not be enrolled&#xD;
             in the study. WOCBP is defined as follows: Any female who has experienced menarche and&#xD;
             who has not undergone successful surgical sterilization (hysterectomy, bilateral tubal&#xD;
             ligation, or a bilateral oophorectomy) or is not postmenopausal (defined as amenorrhea&#xD;
             &gt; 12 consecutive months, or women on hormone replacement therapy (HRT) with documented&#xD;
             plasma follicle-stimulating hormone (FSH) level &gt; 35 mIU/ml). Even women who are using&#xD;
             oral, implanted, or injectable contraceptive hormones or mechanical products&#xD;
             (diaphragm, condoms, spermicides) to prevent pregnancy or practicing abstinence or&#xD;
             where partner is sterile (e.g. vasectomy), should be considered to be a WOCBP.&#xD;
&#xD;
          -  Women of child-bearing potential, defined as all women physiologically capable of&#xD;
             becoming pregnant, unless they are using highly effective methods of contraception&#xD;
             throughout the study and for 8 weeks after study drug discontinuation. Women are&#xD;
             considered post-menopausal and not of child bearing potential if they have had 12&#xD;
             months of natural (spontaneous) amenorrhea with an appropriate clinical profile (e.g.&#xD;
             age appropriate, history of vasomotor symptoms) or have had surgical bilateral&#xD;
             oophorectomy (with or without hysterectomy) or tubal ligation at least six weeks ago.&#xD;
             In the case of oophorectomy alone, only when the reproductive status of the woman has&#xD;
             been confirmed by follow up hormone level assessment is she considered not of child&#xD;
             bearing potential. Highly effective contraception methods include:&#xD;
&#xD;
               -  Total abstinence when this is in line with the preferred and usual lifestyle of&#xD;
                  the patient. Periodic abstinence (e.g., calendar, ovulation, symptothermal,&#xD;
                  post-ovulation methods) and withdrawal are not acceptable methods of&#xD;
                  contraception&#xD;
&#xD;
               -  Female sterilization (have had surgical bilateral oophorectomy with or without&#xD;
                  hysterectomy), total hysterectomy, or tubal ligation at least six weeks before&#xD;
                  taking study treatment. In case of oophorectomy alone, only when the reproductive&#xD;
                  status of the woman has been confirmed by follow up hormone level assessment&#xD;
&#xD;
               -  Use of oral, injected or implanted hormonal methods of contraception or placement&#xD;
                  of an intrauterine device (IUD) or intrauterine system (IUS), or other forms of&#xD;
                  hormonal contraception that have comparable efficacy (failure rate &lt;1%), for&#xD;
                  example hormone vaginal ring or transdermal hormone contraception.&#xD;
&#xD;
               -  In case of use of oral contraception, women should have been stable on the same&#xD;
                  pill for a minimum of 3 months before taking study treatment. Note: While oral&#xD;
                  contraceptives are allowed, they should be used in conjunction with a barrier&#xD;
                  method of contraception due to unknown effect of drug-drug interaction&#xD;
      </textblock>
    </criteria>
    <gender>Female</gender>
    <minimum_age>18 Years</minimum_age>
    <maximum_age>N/A</maximum_age>
    <healthy_volunteers>No</healthy_volunteers>
  </eligibility>
  <overall_official>
    <last_name>Aditya Bardia, MD MPH</last_name>
    <role>Principal Investigator</role>
    <affiliation>Massachusetts General Hospital</affiliation>
  </overall_official>
  <overall_contact>
    <last_name>Aditya Bardia</last_name>
    <phone>617-726-5000</phone>
    <email>abardia1@partners.org</email>
  </overall_contact>
  <location>
    <facility>
      <name>Massachusetts General Hospital</name>
      <address>
        <city>Boston</city>
        <state>Massachusetts</state>
        <zip>02214</zip>
        <country>United States</country>
      </address>
    </facility>
    <status>Recruiting</status>
    <contact>
      <last_name>Aditya Bardia, MD, MPH</last_name>
      <phone>617-724-4000</phone>
      <email>Bardia.Aditya@mgh.harvard.edu</email>
    </contact>
    <investigator>
      <last_name>Aditya Bardia, MD, MPH</last_name>
      <role>Principal Investigator</role>
    </investigator>
  </location>
  <location>
    <facility>
      <name>Beth Israel Deaconess Medical Center</name>
      <address>
        <city>Boston</city>
        <state>Massachusetts</state>
        <zip>02215</zip>
        <country>United States</country>
      </address>
    </facility>
    <status>Recruiting</status>
    <contact>
      <last_name>Jaymin Patel, MD</last_name>
      <phone>617-667-2100</phone>
    </contact>
    <investigator>
      <last_name>Jaymin Patel, MD</last_name>
      <role>Principal Investigator</role>
    </investigator>
  </location>
  <location>
    <facility>
      <name>Mass General/North Shore Cancer Center</name>
      <address>
        <city>Danvers</city>
        <state>Massachusetts</state>
        <zip>01923</zip>
        <country>United States</country>
      </address>
    </facility>
    <status>Recruiting</status>
    <contact>
      <last_name>Therese Mulvey, MD</last_name>
      <phone>978-882-6060</phone>
      <email>TMMULVEY@PARTNERS.ORG</email>
    </contact>
    <investigator>
      <last_name>Therese Mulvey, MD</last_name>
      <role>Principal Investigator</role>
    </investigator>
  </location>
  <location_countries>
    <country>United States</country>
  </location_countries>
  <verification_date>January 2023</verification_date>
  <study_first_submitted>September 14, 2017</study_first_submitted>
  <study_first_submitted_qc>September 14, 2017</study_first_submitted_qc>
  <study_first_posted type="Actual">September 18, 2017</study_first_posted>
  <last_update_submitted>January 6, 2023</last_update_submitted>
  <last_update_submitted_qc>January 6, 2023</last_update_submitted_qc>
  <last_update_posted type="Actual">January 9, 2023</last_update_posted>
  <responsible_party>
    <responsible_party_type>Principal Investigator</responsible_party_type>
    <investigator_affiliation>Massachusetts General Hospital</investigator_affiliation>
    <investigator_full_name>Aditya Bardia</investigator_full_name>
    <investigator_title>Principal Investigator</investigator_title>
  </responsible_party>
  <keyword>Breast Cancer</keyword>
  <condition_browse>
    <!-- CAUTION:  The following MeSH terms are assigned with an imperfect algorithm            -->
    <mesh_term>Breast Neoplasms</mesh_term>
  </condition_browse>
  <patient_data>
    <sharing_ipd>No</sharing_ipd>
  </patient_data>
  <!-- Results have not yet been posted for this study                                          -->
</clinical_study>

