<?xml version="1.0" encoding="UTF-8"?>
<clinical_study rank="28">
  <!-- This xml conforms to an XML Schema at:
    https://clinicaltrials.gov/ct2/html/images/info/public.xsd -->
  <required_header>
    <download_date>ClinicalTrials.gov processed this data on May 26, 2023</download_date>
    <link_text>Link to the current ClinicalTrials.gov record.</link_text>
    <url>https://clinicaltrials.gov/show/NCT03375827</url>
  </required_header>
  <id_info>
    <org_study_id>17-398</org_study_id>
    <nct_id>NCT03375827</nct_id>
  </id_info>
  <brief_title>Feasibility of an Individualized Goals of Care Discussion Guide for Advanced Breast Cancer</brief_title>
  <official_title>Feasibility of an Individualized Goals of Care Discussion Guide for Advanced Breast Cancer</official_title>
  <sponsors>
    <lead_sponsor>
      <agency>Massachusetts General Hospital</agency>
      <agency_class>Other</agency_class>
    </lead_sponsor>
    <collaborator>
      <agency>Pfizer</agency>
      <agency_class>Industry</agency_class>
    </collaborator>
  </sponsors>
  <source>Massachusetts General Hospital</source>
  <oversight_info>
    <has_dmc>No</has_dmc>
    <is_fda_regulated_drug>No</is_fda_regulated_drug>
    <is_fda_regulated_device>No</is_fda_regulated_device>
  </oversight_info>
  <brief_summary>
    <textblock>
      This research study is evaluating whether asking patients to fill out a brief survey about&#xD;
      their goals and preferences for care and giving this survey to their clinician before the&#xD;
      next visit helps improve communication and decision-making in breast cancer care.&#xD;
    </textblock>
  </brief_summary>
  <detailed_description>
    <textblock>
      The purpose of this study is to understand patient preferences for communication and&#xD;
      decision-making for advanced breast cancer. The investigators want to better understand what&#xD;
      topics the participant wants their doctors and nurses to address with the participant in&#xD;
      clinic, and the investigators want to evaluate whether asking patients to fill out a brief&#xD;
      survey about their goals and preferences for care and giving this survey to their clinician&#xD;
      before the next visit is a good idea that helps to improve communication and decision-making&#xD;
      in breast cancer care.&#xD;
    </textblock>
  </detailed_description>
  <overall_status>Completed</overall_status>
  <start_date type="Actual">January 22, 2018</start_date>
  <completion_date type="Actual">April 29, 2019</completion_date>
  <primary_completion_date type="Actual">April 29, 2019</primary_completion_date>
  <phase>N/A</phase>
  <study_type>Interventional</study_type>
  <has_expanded_access>No</has_expanded_access>
  <study_design_info>
    <allocation>N/A</allocation>
    <intervention_model>Single Group Assignment</intervention_model>
    <primary_purpose>Health Services Research</primary_purpose>
    <masking>None (Open Label)</masking>
  </study_design_info>
  <primary_outcome>
    <measure>Recruitment rate</measure>
    <time_frame>2 years</time_frame>
    <description>The investigators will evaluate the primary hypothesis, that administration of the IGCDG in a breast oncology clinic is feasible, by evaluating the recruitment rate. Recruitment will be calculated as the number of patients who choose to participate divided by the number approached to enroll. A recruitment rate of greater than 50% will be deemed feasible. Each of the 3 distinct components of feasibility (recruitment rate, attrition rate, and change in distress) must be met for the administration of the Individualized Goals of Care Discussion Guide to be deemed feasible.</description>
  </primary_outcome>
  <primary_outcome>
    <measure>Attrition rate</measure>
    <time_frame>2 years</time_frame>
    <description>The investigators will evaluate the primary hypothesis, that administration of the IGCDG in a breast oncology clinic is feasible, by evaluating the attrition rate. Attrition will be calculated as the number of participants who to do not complete the follow-up survey divided by the number enrolled. An attrition rate of less than 32% will be deemed feasible. Each of the 3 distinct components of feasibility (recruitment rate, attrition rate, and change in distress) must be met for the administration of the Individualized Goals of Care Discussion Guide to be deemed feasible.</description>
  </primary_outcome>
  <primary_outcome>
    <measure>Change in distress</measure>
    <time_frame>8 weeks after the IGCDG was provided to participant's clinician</time_frame>
    <description>The investigators will evaluate the primary hypothesis, that administration of the IGCDG in a breast oncology clinic is feasible, by evaluating the change in distress as measured by the NCCN distress thermometer between baseline administration and the 8-week follow-up survey. Lack of detection of a significant increase between baseline and follow-up distress scores among the participants will be interpreted as supporting feasibility. A significant increase in distress will be defined as &gt;50% of participants having an increase in distress ≥3 between baseline and follow-up. Each of the 3 distinct components of feasibility (recruitment rate, attrition rate, and change in distress) must be met for the administration of the Individualized Goals of Care Discussion Guide to be deemed feasible.</description>
  </primary_outcome>
  <secondary_outcome>
    <measure>Evaluate baseline preferences for care among patients with metastatic breast cancer via the Individualized Goals of Care Discussion Guide (IGCDG) questionnaire</measure>
    <time_frame>baseline</time_frame>
    <description>The IGCDG questionnaire reviews topics of concern for patients with metastatic breast cancer, such as goals of cancer treatment and priorities for discussions with the patient's clinician. This is a descriptive, study specific measure.</description>
  </secondary_outcome>
  <secondary_outcome>
    <measure>The Satisfaction with Decision Making Scale</measure>
    <time_frame>8 weeks after the IGCDG was provided to participant's clinician</time_frame>
    <description>This is a six item validated scale designed to measure patient satisfaction with medical decision making. Participants rate their level of agreement on a 5-point scale with statements regarding medical decision-making. (1 = strongly agree; 5 = strongly disagree) . Lower scores indicate higher inclusion of the patient in decision-making.</description>
  </secondary_outcome>
  <secondary_outcome>
    <measure>The Decisional Conflict Scale</measure>
    <time_frame>8 weeks after the IGCDG was provided to participant's clinician</time_frame>
    <description>This is a 16-item Likert scale with proven validity and reliability. Scores range from 1 to 5, with higher scores suggesting increased difficulty and conflict over decision making.</description>
  </secondary_outcome>
  <secondary_outcome>
    <measure>Modified Control Preferences Scale</measure>
    <time_frame>8 weeks after the IGCDG was provided to participant's clinician</time_frame>
    <description>This 2 question scale is used to measure a participant's desired and actual participation in decision-making. As in prior work, the investigators have collapsed responses into 3 choices: decisions are made mainly by the patient, decisions are made equally, and decisions are made mainly by the clinician. Analysis is based on comparison of the participants reported desired role in decision making and actual role, with greater concordance indicating decision making that is aligned with the participants preferences.</description>
  </secondary_outcome>
  <secondary_outcome>
    <measure>Patient Satisfaction with Cancer Care</measure>
    <time_frame>8 weeks after the IGCDG was provided to participant's clinician</time_frame>
    <description>The Patient Satisfaction with Cancer Care measure is a validated 18 item tool with responses on a 5 point Likert scale designed specifically to assess satisfaction among patients from diverse socio-demographic backgrounds. The investigators have modified the scale to remove 3 questions that were not relevant for this study population. Total score for this scale is calculated by adding all component scores, with lower scores indicating higher satisfaction with care.</description>
  </secondary_outcome>
  <number_of_arms>1</number_of_arms>
  <enrollment type="Actual">45</enrollment>
  <condition>Breast Cancer</condition>
  <arm_group>
    <arm_group_label>Survey QOL</arm_group_label>
    <arm_group_type>Experimental</arm_group_type>
    <description>Study participants will be provided with the Individualized Goals of Care Discussion Guide (IGCDG) consisting of a brief pamphlet and the IGCDG questionnaire.&#xD;
Participants will be asked to complete the IGCDG questionnaire prior to their next visit.&#xD;
Participants will also complete an 8-week follow-up survey after the clinic visit to evaluate the impact on patient satisfaction with care, communication, and care received.</description>
  </arm_group>
  <intervention>
    <intervention_type>Other</intervention_type>
    <intervention_name>IGCDG</intervention_name>
    <description>The IGCDG reviews topics of concern for patients with metastatic breast cancer.</description>
    <arm_group_label>Survey QOL</arm_group_label>
  </intervention>
  <eligibility>
    <criteria>
      <textblock>
        Inclusion Criteria:&#xD;
&#xD;
          -  Age ≥ 18&#xD;
&#xD;
          -  Diagnosed with stage IV breast cancer within the past 3 years&#xD;
&#xD;
          -  Receiving care at the MGH Cancer Center&#xD;
&#xD;
          -  Verbal and written fluency in English&#xD;
&#xD;
          -  Within 6 weeks of a new line of breast cancer therapy and/or progression on scans&#xD;
             and/or a change in current breast cancer therapy regimen&#xD;
&#xD;
        Exclusion Criteria:&#xD;
&#xD;
          -  Unwilling or unable to participate in the study&#xD;
&#xD;
          -  Is medically or otherwise unable to participate (as determined by a physician or study&#xD;
             PI)&#xD;
&#xD;
          -  Enrolled in hospice&#xD;
      </textblock>
    </criteria>
    <gender>All</gender>
    <minimum_age>18 Years</minimum_age>
    <maximum_age>N/A</maximum_age>
    <healthy_volunteers>No</healthy_volunteers>
  </eligibility>
  <overall_official>
    <last_name>Jeffrey Peppercorn, MD</last_name>
    <role>Principal Investigator</role>
    <affiliation>Massachusetts General Hospital</affiliation>
  </overall_official>
  <location>
    <facility>
      <name>Massachusetts General Hospital</name>
      <address>
        <city>Boston</city>
        <state>Massachusetts</state>
        <zip>02115</zip>
        <country>United States</country>
      </address>
    </facility>
  </location>
  <location_countries>
    <country>United States</country>
  </location_countries>
  <verification_date>March 2023</verification_date>
  <study_first_submitted>November 6, 2017</study_first_submitted>
  <study_first_submitted_qc>December 12, 2017</study_first_submitted_qc>
  <study_first_posted type="Actual">December 18, 2017</study_first_posted>
  <last_update_submitted>March 13, 2023</last_update_submitted>
  <last_update_submitted_qc>March 13, 2023</last_update_submitted_qc>
  <last_update_posted type="Actual">March 14, 2023</last_update_posted>
  <responsible_party>
    <responsible_party_type>Principal Investigator</responsible_party_type>
    <investigator_affiliation>Massachusetts General Hospital</investigator_affiliation>
    <investigator_full_name>Jeffrey Peppercorn</investigator_full_name>
    <investigator_title>Principal Investigator</investigator_title>
  </responsible_party>
  <keyword>Breast Cancer</keyword>
  <condition_browse>
    <!-- CAUTION:  The following MeSH terms are assigned with an imperfect algorithm            -->
    <mesh_term>Breast Neoplasms</mesh_term>
  </condition_browse>
  <patient_data>
    <sharing_ipd>No</sharing_ipd>
  </patient_data>
  <!-- Results have not yet been posted for this study                                          -->
</clinical_study>

