<?xml version="1.0" encoding="UTF-8"?>
<clinical_study rank="429">
  <!-- This xml conforms to an XML Schema at:
    https://clinicaltrials.gov/ct2/html/images/info/public.xsd -->
  <required_header>
    <download_date>ClinicalTrials.gov processed this data on May 26, 2023</download_date>
    <link_text>Link to the current ClinicalTrials.gov record.</link_text>
    <url>https://clinicaltrials.gov/show/NCT00083031</url>
  </required_header>
  <id_info>
    <org_study_id>03-083</org_study_id>
    <secondary_id>P50CA089393</secondary_id>
    <secondary_id>P30CA006516</secondary_id>
    <nct_id>NCT00083031</nct_id>
  </id_info>
  <brief_title>Metronomic Low-Dose Cyclophosphamide and Methotrexate With or Without Bevacizumab in Treating Women With Metastatic Breast Cancer</brief_title>
  <official_title>Metronomic Chemotherapy With Bevacizumab for Advanced Breast Cancer</official_title>
  <sponsors>
    <lead_sponsor>
      <agency>Dana-Farber Cancer Institute</agency>
      <agency_class>Other</agency_class>
    </lead_sponsor>
    <collaborator>
      <agency>National Cancer Institute (NCI)</agency>
      <agency_class>NIH</agency_class>
    </collaborator>
    <collaborator>
      <agency>Genentech, Inc.</agency>
      <agency_class>Industry</agency_class>
    </collaborator>
  </sponsors>
  <source>Dana-Farber Cancer Institute</source>
  <oversight_info>
    <has_dmc>Yes</has_dmc>
  </oversight_info>
  <brief_summary>
    <textblock>
      This randomized phase II trial is studying metronomic low-dose cyclophosphamide and&#xD;
      methotrexate to see how well they work compared to metronomic low-dose cyclophosphamide,&#xD;
      methotrexate, and bevacizumab in treating women with metastatic breast cancer.&#xD;
    </textblock>
  </brief_summary>
  <detailed_description>
    <textblock>
      This study uses an investigational drug called Bevacizumab. Investigational means that this&#xD;
      drug is not approved by the Federal Drug Administration and is still being studied.&#xD;
      Bevacizumab is the common name for the commercial drug Avastin. The Bevacizumab used in this&#xD;
      trial, however, is for use in research studies only and may be made at locations different&#xD;
      from those where Avastin is made. Although some differences may exist, bevacizumab for&#xD;
      research use and the commercial drug, Avastin, are manufactured by a similar process, meet&#xD;
      similar standards for final product testing, and are expected to be very similar in safety&#xD;
      and effectiveness.&#xD;
&#xD;
      The purpose of this study is to find out what effects (good and bad) low-dose continuous&#xD;
      chemotherapy (referred to as metronomic chemotherapy) using drugs Cytoxan (also called&#xD;
      cyclophosphamide) and methotrexate (CM), with or without bevacizumab.&#xD;
    </textblock>
  </detailed_description>
  <overall_status>Completed</overall_status>
  <start_date type="Actual">July 2003</start_date>
  <completion_date type="Actual">August 2009</completion_date>
  <primary_completion_date type="Actual">August 2006</primary_completion_date>
  <phase>Phase 2</phase>
  <study_type>Interventional</study_type>
  <has_expanded_access>No</has_expanded_access>
  <study_design_info>
    <allocation>Randomized</allocation>
    <intervention_model>Parallel Assignment</intervention_model>
    <primary_purpose>Treatment</primary_purpose>
    <masking>None (Open Label)</masking>
  </study_design_info>
  <primary_outcome>
    <measure>Objective Response Rate (ORR)</measure>
    <time_frame>Disease evaluations occurred every 8 weeks for the first 6 cycles and every 12 weeks thereafter until progression, death or lost-to-follow-up. Patients were followed for ORR up to approximately 1 year.</time_frame>
    <description>ORR is the proportion of patients achieving Complete Response (CR) or Partial Response (PR) based on RECIST 1.0 criteria: CR is complete disappearance of all target lesions; PR is at least a 30% decrease in the sum of longest diameter (LD) of target lesions, taking as reference baseline sum LD. Both require confirmation no fewer than 4 weeks apart. CR/PR assumes at a minimum incomplete response/stable disease (SD) for the evaluation of non-target lesions and absence of new lesions.</description>
  </primary_outcome>
  <secondary_outcome>
    <measure>Progression-Free Survival (PFS)</measure>
    <time_frame>Disease evaluations occurred every 8 weeks for the first 6 cycles and every 12 weeks thereafter until progression, death or lost-to-follow-up. Patients were followed for PFS up to approximately 1 year.</time_frame>
    <description>PFS based on the Kaplan-Meier method is defined as the time from study entry and documented disease progression (PD) per RECIST 1.0 criteria or death. Patients alive without progression are censored at time of last disease assessment. Per RECIST 1.0 for target lesions, PD is at least a 20% increase in sum LD of target lesions, taking as reference the smallest sum LD recorded since the treatment started or appearance of new lesions. For non-target lesions, PD is the appearance of one or more new lesions and/or unequivocal progression of existing non-target lesions.</description>
  </secondary_outcome>
  <secondary_outcome>
    <measure>Overall Survival (OS)</measure>
    <time_frame>Patients were followed until death or lost-to-follow-up. Patients were followed for OS up to approximately 4 years.</time_frame>
    <description>OS based on the Kaplan-Meier method is defined as the time from study entry to death or censored at date last known alive.</description>
  </secondary_outcome>
  <number_of_arms>2</number_of_arms>
  <enrollment type="Actual">57</enrollment>
  <condition>Breast Cancer</condition>
  <arm_group>
    <arm_group_label>Arm A-Bevacizumab</arm_group_label>
    <arm_group_type>Experimental</arm_group_type>
    <description>Methotrexate- twice daily on predetermined days per each week per cycle&#xD;
Cyclophosphamide- oral, daily, predetermined dose&#xD;
Bevacizumab- Via IV on predetermined days per cycle</description>
  </arm_group>
  <arm_group>
    <arm_group_label>Arm B- Without Bevacizumab</arm_group_label>
    <arm_group_type>Experimental</arm_group_type>
    <description>Methotrexate- twice daily on predetermined days per each week per cycle&#xD;
Cyclophosphamide- oral, daily, predetermined dose</description>
  </arm_group>
  <intervention>
    <intervention_type>Drug</intervention_type>
    <intervention_name>bevacizumab</intervention_name>
    <arm_group_label>Arm A-Bevacizumab</arm_group_label>
    <other_name>Avastin</other_name>
  </intervention>
  <intervention>
    <intervention_type>Drug</intervention_type>
    <intervention_name>cyclophosphamide</intervention_name>
    <arm_group_label>Arm A-Bevacizumab</arm_group_label>
    <arm_group_label>Arm B- Without Bevacizumab</arm_group_label>
    <other_name>Cytoxan</other_name>
    <other_name>Neosar</other_name>
  </intervention>
  <intervention>
    <intervention_type>Drug</intervention_type>
    <intervention_name>methotrexate</intervention_name>
    <arm_group_label>Arm A-Bevacizumab</arm_group_label>
    <arm_group_label>Arm B- Without Bevacizumab</arm_group_label>
    <other_name>Otrexup™</other_name>
    <other_name>Rasuvo®</other_name>
    <other_name>Rheumatrex®</other_name>
    <other_name>Trexall</other_name>
  </intervention>
  <eligibility>
    <criteria>
      <textblock>
        Inclusion Criteria:&#xD;
&#xD;
          -  Patients must have histologically or cytologically confirmed invasive breast cancer,&#xD;
             with stage IV disease. Patients without pathologic or cytologic confirmation of&#xD;
             metastatic disease should have unequivocal evidence of metastasis by physical exam or&#xD;
             radiologic study.&#xD;
&#xD;
          -  Patients must have measurable disease, defined as at least one lesion that can be&#xD;
             accurately measured in at least one dimension (longest diameter to be recorded) as ≥&#xD;
             20 mm with conventional techniques or as ≥ 10 mm with spiral CT scan. The protocol&#xD;
             will employ the RECIST criteria.&#xD;
&#xD;
          -  Prior Therapy:&#xD;
&#xD;
               -  Chemotherapy: early stage breast cancer. Patients may have received prior&#xD;
                  adjuvant chemotherapy and/or hormonal therapy for early stage breast cancer,&#xD;
                  including cyclophosphamide-based chemotherapy regimens.&#xD;
&#xD;
               -  Chemotherapy: metastatic breast cancer. Patients may have received 0-1 prior&#xD;
                  regimens for metastatic breast cancer. No prior oral cyclophosphamideor&#xD;
                  methotrexate-based therapy for metastatic disease is permitted.&#xD;
&#xD;
               -  Chemotherapy: anthracyclines. Patients without prior anthraycline (in either the&#xD;
                  metastatic or adjuvant setting) exposure are eligible provided that they do not&#xD;
                  have visceral (parenchymal lung or liver) metastases. Patients without prior&#xD;
                  anthracycline-based therapy are expected to have &quot;low volume&quot; tumor burden,&#xD;
                  deemed appropriate for non-standard chemotherapy in the estimation of the&#xD;
                  treating clinician.&#xD;
&#xD;
               -  Trastuzumab. Patients with HER2-positive breast tumors must have received prior&#xD;
                  trastuzumab therapy for advanced disease, or have had recurrence within 12 months&#xD;
                  of receiving (neo)adjuvant trastuzumab.&#xD;
&#xD;
               -  Radiation therapy. Patients may have received prior radiation therapy in either&#xD;
                  the metastatic or early stage settings. Radiation therapy may not be administered&#xD;
                  during the study. Lesions progressing after previous irradiation are measurable;&#xD;
                  lesions not progressing after previous irradiation are not measurable.&#xD;
&#xD;
               -  Hormonal therapy. Patients with estrogen- or progesterone-receptor positive&#xD;
                  disease must have received at least one prior hormonal therapy in the adjuvant&#xD;
                  and/or metastatic setting.&#xD;
&#xD;
                  --- Patients must discontinue chemotherapy and/or hormonal therapy prior to study&#xD;
                  participation.&#xD;
&#xD;
               -  Concurrent Therapy. Patients may receive concurrent bisphosphonate therapy and/or&#xD;
                  erythropoietin growth factor support while on study. Patients may not receive&#xD;
                  other experimental treatments while on study. Bisphosphonate therapy and/or&#xD;
                  erythropoietin growth factor support therapy may commence at any point on study.&#xD;
&#xD;
          -  Patients may not have received prior experimental angiogenesis inhibitors.&#xD;
&#xD;
          -  Age ≥18 years.&#xD;
&#xD;
          -  Life expectancy greater than 6 months.&#xD;
&#xD;
          -  ECOG performance status ≤ 1 (Karnofsky ≥70%; see Appendix B).&#xD;
&#xD;
          -  Absence of poorly controlled hypertension (as defined by the treating clinician),&#xD;
             proteinuria, prior history of either deep venous or arterial thrombosis, bleeding&#xD;
             diatheses (including hemoptysis).&#xD;
&#xD;
          -  Radiologic exclusion of brain metastases (because of concern for potential CNS&#xD;
             bleeding with therapy). All patients must have a brain CT or MRI no more than 6 weeks&#xD;
             prior to enrollment.&#xD;
&#xD;
          -  Left ventricular function ≥ 45% as assessed by echocardiogram or nuclear medicine&#xD;
             gated study.&#xD;
&#xD;
          -  Patients must have normal organ and marrow function as defined below. Labs should be&#xD;
             completed within 4 weeks prior to registration.&#xD;
&#xD;
               -  absolute neutrophil count ≥1000/mm3&#xD;
&#xD;
               -  platelets ≥100,000/mm3&#xD;
&#xD;
               -  total bilirubin ≤ 2 x institutional upper limit of normal (ULN)&#xD;
&#xD;
               -  AST(SGOT)/ALT(SGPT) ≤ 4.0 x ULN&#xD;
&#xD;
               -  Alkaline phosphatase ≤ 5.0 x ULN&#xD;
&#xD;
               -  creatinine ≤ 2.0 mg/dl&#xD;
&#xD;
               -  24 hr urine specimen &lt; 500 mg protein/24 hr&#xD;
&#xD;
                  --- or&#xD;
&#xD;
               -  Protein on urinalysis &lt; 1+&#xD;
&#xD;
               -  PT, PTT ≤ institutional upper limit of normal (ULN)&#xD;
&#xD;
          -  Fertility/reproduction. Patients must be neither pregnant nor expect becoming pregnant&#xD;
             or conceiving a child while on study. Women of childbearing potential must have a&#xD;
             negative pregnancy test. The effects of bevacizumab, methotrexate, and&#xD;
             cyclophosphamide on the developing fetus are unknown. For this reason, women of&#xD;
             childbearing potential must agree to use adequate contraception prior to study entry&#xD;
             and for the duration of study participation. Should a woman become pregnant or suspect&#xD;
             she is pregnant while participating in this study, she should inform her treating&#xD;
             physician immediately.&#xD;
&#xD;
          -  Ability to understand and the willingness to sign a written informed consent document.&#xD;
&#xD;
          -  Exclusion Criteria&#xD;
&#xD;
          -  Patients with less than stage IV disease or lack measurable disease.&#xD;
&#xD;
          -  Prior therapy that included any of the following:&#xD;
&#xD;
               -  Chemotherapy for metastatic breast cancer. Patients who have received ≥ 2 prior&#xD;
                  regimens for metastatic breast cancer; or who have received prior oral&#xD;
                  cyclophosphamide- or methotrexate-based therapy for metastatic disease.&#xD;
&#xD;
               -  Patients who have not recovered from reversible adverse events due to prior&#xD;
                  treatments.&#xD;
&#xD;
               -  Patients still on hormonal therapy - including LHRH agonist therapy.&#xD;
&#xD;
          -  Current use of anticoagulants or chronic aspirin therapy (&gt; 325 mg/day) - excluding&#xD;
             low-dose warfarin used for venous access patency (doses of 1 to 2 mg/d.)&#xD;
&#xD;
          -  History of grade 3 or 4 allergic reactions attributed to compounds of similar chemical&#xD;
             or biologic composition to cyclophosphamide (such as other alkylating agents) or&#xD;
             methotrexate (such as other antimetabolites.)&#xD;
&#xD;
          -  Patients with recent (within 6 months) arterial thromboembolic events, including&#xD;
             transient ischemic attack (TIA), cerebrovascular accident (CVA), unstable angina, or&#xD;
             myocardial infarction (MI). Patients with clinically significant peripheral artery&#xD;
             disease should also be excluded.&#xD;
&#xD;
          -  Uncontrolled intercurrent illness including, but not limited to, ongoing or active&#xD;
             infection, symptomatic congestive heart failure, unstable angina pectoris, cardiac&#xD;
             arrhythmia, or psychiatric illness/social situations that would limit compliance with&#xD;
             study requirements.&#xD;
&#xD;
          -  Patients with visceral metastases unless they have previously been treated with an&#xD;
             anthraycline-based chemotherapy regimen in either the metastatic or adjuvant setting.&#xD;
&#xD;
          -  Patients may not receive other investigational agents while on study.&#xD;
&#xD;
          -  Non-healing wounds or major surgical procedures other than for venous access device or&#xD;
             diagnostic study are not permitted within 28 days prior to enrollment (because of rare&#xD;
             potential risk of delayed wound healing associated with bevacizumab).&#xD;
&#xD;
          -  Patients with large or rapidly accumulating pleural or abdominal effusions (based on&#xD;
             clinician's judgment) because of the theoretical risk for methotrexate accumulation&#xD;
             and related toxicity. --- If a patient's condition is deteriorating, laboratory&#xD;
             evaluations should be repeated ≤ 48 hours prior to initiation of therapy.&#xD;
      </textblock>
    </criteria>
    <gender>Female</gender>
    <minimum_age>18 Years</minimum_age>
    <maximum_age>N/A</maximum_age>
    <healthy_volunteers>No</healthy_volunteers>
  </eligibility>
  <overall_official>
    <last_name>Harold J. Burstein, MD, PhD</last_name>
    <role>Principal Investigator</role>
    <affiliation>Dana-Farber Cancer Institute</affiliation>
  </overall_official>
  <location>
    <facility>
      <name>Massachusetts General Hosptial</name>
      <address>
        <city>Boston</city>
        <state>Massachusetts</state>
        <zip>02114</zip>
        <country>United States</country>
      </address>
    </facility>
  </location>
  <location>
    <facility>
      <name>Dana-Farber Cancer Institute</name>
      <address>
        <city>Boston</city>
        <state>Massachusetts</state>
        <zip>02115</zip>
        <country>United States</country>
      </address>
    </facility>
  </location>
  <location>
    <facility>
      <name>Beth Israel Deaconess Medical Center</name>
      <address>
        <city>Boston</city>
        <state>Massachusetts</state>
        <zip>02215</zip>
        <country>United States</country>
      </address>
    </facility>
  </location>
  <location>
    <facility>
      <name>Sarah Cannon Research Institute</name>
      <address>
        <city>Nashville</city>
        <state>Tennessee</state>
        <zip>37203</zip>
        <country>United States</country>
      </address>
    </facility>
  </location>
  <location_countries>
    <country>United States</country>
  </location_countries>
  <verification_date>May 2019</verification_date>
  <study_first_submitted>May 14, 2004</study_first_submitted>
  <study_first_submitted_qc>May 14, 2004</study_first_submitted_qc>
  <study_first_posted type="Estimate">May 17, 2004</study_first_posted>
  <last_update_submitted>May 17, 2019</last_update_submitted>
  <last_update_submitted_qc>May 17, 2019</last_update_submitted_qc>
  <last_update_posted type="Actual">May 21, 2019</last_update_posted>
  <responsible_party>
    <responsible_party_type>Principal Investigator</responsible_party_type>
    <investigator_affiliation>Dana-Farber Cancer Institute</investigator_affiliation>
    <investigator_full_name>Harold J. Burstein, MD, PhD</investigator_full_name>
    <investigator_title>Principal Investigator</investigator_title>
  </responsible_party>
  <keyword>recurrent breast cancer</keyword>
  <keyword>stage IV breast cancer</keyword>
  <condition_browse>
    <!-- CAUTION:  The following MeSH terms are assigned with an imperfect algorithm            -->
    <mesh_term>Breast Neoplasms</mesh_term>
  </condition_browse>
  <intervention_browse>
    <!-- CAUTION:  The following MeSH terms are assigned with an imperfect algorithm            -->
    <mesh_term>Cyclophosphamide</mesh_term>
    <mesh_term>Bevacizumab</mesh_term>
    <mesh_term>Methotrexate</mesh_term>
  </intervention_browse>
  <patient_data>
    <sharing_ipd>No</sharing_ipd>
  </patient_data>
  <!-- Results have not yet been posted for this study                                          -->
</clinical_study>

