<?xml version="1.0" encoding="UTF-8"?>
<clinical_study rank="148">
  <!-- This xml conforms to an XML Schema at:
    https://clinicaltrials.gov/ct2/html/images/info/public.xsd -->
  <required_header>
    <download_date>ClinicalTrials.gov processed this data on May 26, 2023</download_date>
    <link_text>Link to the current ClinicalTrials.gov record.</link_text>
    <url>https://clinicaltrials.gov/show/NCT01111175</url>
  </required_header>
  <id_info>
    <org_study_id>09-133</org_study_id>
    <nct_id>NCT01111175</nct_id>
  </id_info>
  <brief_title>Triple Negative Breast Cancer Biomarker Study</brief_title>
  <official_title>Triple Negative Breast Cancer Biomarker Study</official_title>
  <sponsors>
    <lead_sponsor>
      <agency>US Oncology Research</agency>
      <agency_class>Industry</agency_class>
    </lead_sponsor>
    <collaborator>
      <agency>Translational Drug Development</agency>
      <agency_class>Other</agency_class>
    </collaborator>
    <collaborator>
      <agency>Life Technologies, Inc.</agency>
      <agency_class>Industry</agency_class>
    </collaborator>
  </sponsors>
  <source>US Oncology Research</source>
  <oversight_info>
    <has_dmc>No</has_dmc>
  </oversight_info>
  <brief_summary>
    <textblock>
      Patients with metastatic or locally recurrent triple negative breast cancer (TNBC) who are&#xD;
      scheduled for medically indicated surgical biopsy or resection of disease will be identified.&#xD;
      Fresh/frozen tissue will be collected and will undergo comprehensive molecular evaluation&#xD;
      with NextGen sequencing. TGEN's clonal genomics analyses will be applied in the analysis to&#xD;
      identify and prioritize the mutated targets. Therapeutic options, based on the genetic&#xD;
      profile of each patient's tumor, will be discussed and an appropriate molecularly-selected&#xD;
      agent will be recommended by the Study Investigator(s) (SI) and treating oncologist as&#xD;
      treatment for the patient.&#xD;
&#xD;
      This is an open-label, pilot trial. Patients with metastatic or locally recurrent TNBC who&#xD;
      are scheduled for medically indicated surgical biopsy or resection will be enrolled and&#xD;
      therapeutic options, based on the genetic profile of each patient's tumor, will be discussed&#xD;
      with the patient.&#xD;
&#xD;
      Time-to-progression (TTP) for these patients following the selected therapy is the primary&#xD;
      objective and will be compared to the TTP(s) for their most recent prior therapy. A 30%&#xD;
      increase in TTP with the molecularly-targeted agent compared with the TTP on the immediate&#xD;
      prior therapy will be considered as evidence of clinical benefit from the selected therapy.&#xD;
      The secondary endpoints are best response to the molecularly-selected therapy, overall&#xD;
      survival (OS) and genetic mutation evaluation in metastatic (or locally recurrent) TNBC.&#xD;
&#xD;
      The study is designed to demonstrate that the collection and analysis of these tumor samples&#xD;
      is feasible.&#xD;
    </textblock>
  </brief_summary>
  <overall_status>Completed</overall_status>
  <start_date>May 2010</start_date>
  <completion_date type="Actual">June 2013</completion_date>
  <primary_completion_date type="Actual">June 2013</primary_completion_date>
  <study_type>Observational</study_type>
  <has_expanded_access>No</has_expanded_access>
  <study_design_info>
    <observational_model>Cohort</observational_model>
    <time_perspective>Prospective</time_perspective>
  </study_design_info>
  <primary_outcome>
    <measure>Time-to-progression (TTP)</measure>
    <time_frame>Throughout study, for up to 3 years</time_frame>
    <description>Time-to-progression (TTP) for these patients following the selected therapy is the primary objective and will be compared to the TTP(s) for their most recent prior therapy.</description>
  </primary_outcome>
  <secondary_outcome>
    <measure>Best response</measure>
    <time_frame>To molecularly selected therapy, for up to 3 years</time_frame>
    <description>Best response to therapy selected based on genomic analysis will be determined. Response will be evaluated in this study using the international criteria published by the Response Evaluation Criteria in Solid Tumors (RECIST) Committee v1.1.</description>
  </secondary_outcome>
  <secondary_outcome>
    <measure>Overall survival</measure>
    <time_frame>Throughout the study, for up to 3 years</time_frame>
    <description>Survival will be measured, from the selected treatment start date to the date of death or the last date the patient was known to be alive.</description>
  </secondary_outcome>
  <secondary_outcome>
    <measure>Genetic mutation evaluation</measure>
    <time_frame>After surgical resection</time_frame>
    <description>Genomic analysis of whole blood and resected tumor will be done</description>
  </secondary_outcome>
  <enrollment type="Actual">14</enrollment>
  <condition>Metastatic Breast Cancer</condition>
  <condition>Triple Negative Breast Cancer</condition>
  <biospec_retention>Samples With DNA</biospec_retention>
  <biospec_descr>
    <textblock>
      Whole blood and tumor tissue&#xD;
    </textblock>
  </biospec_descr>
  <eligibility>
    <study_pop>
      <textblock>
        Evaluable patients with metastatic or locally advanced TNBC who are scheduled for surgical&#xD;
        tumor biopsy or resection&#xD;
      </textblock>
    </study_pop>
    <sampling_method>Non-Probability Sample</sampling_method>
    <criteria>
      <textblock>
        Inclusion Criteria:&#xD;
&#xD;
          -  Has metastatic or locally recurrent triple negative breast cancer and is scheduled for&#xD;
             medically indicated surgical biopsy or resection of disease&#xD;
&#xD;
          -  Will have measurable or evaluable (nonmeasurable) disease per RECIST v 1.1 (see&#xD;
             Section 10) present after surgical biopsy/resection. Note: following surgical&#xD;
             resection, if the tumor sample is found to be inadequate for comprehensive molecular&#xD;
             analysis, the patient will be deemed ineligible and will be replaced.&#xD;
&#xD;
          -  Has received at least 1 prior chemotherapeutic regimen for their metastatic or locally&#xD;
             recurrent TNBC prior to initiating the molecularly-selected therapy. There is no limit&#xD;
             on the prior therapy for TNBC. Note: We strongly recommend holding of on intervening&#xD;
             therapy if possible from the time of biopsy to the completion of sequencing so as not&#xD;
             to change the cancer under the selective pressure of treatment, so that the sequencing&#xD;
             results are reflective of the current cancer.&#xD;
&#xD;
          -  Is at least 18 years of age&#xD;
&#xD;
          -  Has an expected survival of at least 6 months, as estimated by the treating oncologist&#xD;
&#xD;
          -  Has planned surgical resection (indicated for the medical care of the patient) that&#xD;
             will yield a minimum fresh/frozen tumor sample of 1 cm x 1 cm x 1 cm (~300 mg) that&#xD;
             will be available for molecular profiling analysis.&#xD;
&#xD;
          -  Is agreeable to having a blood sample (10-20 mL) drawn and analyzed to compare their&#xD;
             normal genetic profile to that of their tumor sample&#xD;
&#xD;
          -  Has signed the most recent Patient Informed Consent Form&#xD;
&#xD;
          -  Has signed a Patient Authorization Form&#xD;
&#xD;
        Exclusion Criteria:&#xD;
&#xD;
          -  Has breast cancer other than metastatic or locally recurrent TNBC. Note: surgical&#xD;
             resection of the recurrent TNBC will render the patient as &quot;no evidence of disease&quot;&#xD;
             (NED). NED patients are ineligible and will be replaced.&#xD;
&#xD;
          -  Has a history of heart disease, other conditions that would prevent treatment with a&#xD;
             standard chemotherapeutic agent&#xD;
&#xD;
          -  Has evidence of central nervous system (CNS) involvement that is progressing or that&#xD;
             requires radiation, resection or steroid therapy&#xD;
&#xD;
          -  Has a serious uncontrolled intercurrent medical or psychiatric illness, including&#xD;
             serious infection&#xD;
&#xD;
          -  Is a pregnant or nursing woman&#xD;
&#xD;
          -  Is unable to comply with requirements of study&#xD;
      </textblock>
    </criteria>
    <gender>Female</gender>
    <minimum_age>18 Years</minimum_age>
    <maximum_age>N/A</maximum_age>
    <healthy_volunteers>No</healthy_volunteers>
  </eligibility>
  <overall_official>
    <last_name>Joyce A O'Shaughnessy, MD</last_name>
    <role>Principal Investigator</role>
    <affiliation>US Oncology Research</affiliation>
  </overall_official>
  <overall_official>
    <last_name>Daniel Von Hoff, MD</last_name>
    <role>Principal Investigator</role>
    <affiliation>Translational Drug Development</affiliation>
  </overall_official>
  <overall_official>
    <last_name>John Carpten, PhD</last_name>
    <role>Principal Investigator</role>
    <affiliation>Translational Drug Development</affiliation>
  </overall_official>
  <location>
    <facility>
      <name>Rocky Mountain Cancer Centers</name>
      <address>
        <city>Denver</city>
        <state>Colorado</state>
        <zip>80220</zip>
        <country>United States</country>
      </address>
    </facility>
  </location>
  <location>
    <facility>
      <name>Virginia Oncology Assocites</name>
      <address>
        <city>Elizabeth City</city>
        <state>North Carolina</state>
        <zip>27909</zip>
        <country>United States</country>
      </address>
    </facility>
  </location>
  <location>
    <facility>
      <name>Northwest Cancer Specialists, P.C.</name>
      <address>
        <city>Portland</city>
        <state>Oregon</state>
        <zip>97213</zip>
        <country>United States</country>
      </address>
    </facility>
  </location>
  <location>
    <facility>
      <name>Northwest Cancer Specialists, P.C.</name>
      <address>
        <city>Portland</city>
        <state>Oregon</state>
        <zip>97225</zip>
        <country>United States</country>
      </address>
    </facility>
  </location>
  <location>
    <facility>
      <name>Northwest Cancer Specialists, P.C.</name>
      <address>
        <city>Portland</city>
        <state>Oregon</state>
        <zip>97227</zip>
        <country>United States</country>
      </address>
    </facility>
  </location>
  <location>
    <facility>
      <name>Northwest Cancer Specialists, P.C.</name>
      <address>
        <city>Tualatin</city>
        <state>Oregon</state>
        <zip>97062</zip>
        <country>United States</country>
      </address>
    </facility>
  </location>
  <location>
    <facility>
      <name>Texas Oncology-Dallas Presbyterian Hospital</name>
      <address>
        <city>Dallas</city>
        <state>Texas</state>
        <zip>75231</zip>
        <country>United States</country>
      </address>
    </facility>
  </location>
  <location>
    <facility>
      <name>Texas Oncology-Baylor Charles A. Sammons Cancer Center</name>
      <address>
        <city>Dallas</city>
        <state>Texas</state>
        <zip>75246</zip>
        <country>United States</country>
      </address>
    </facility>
  </location>
  <location>
    <facility>
      <name>Texas Oncology-Memorial City</name>
      <address>
        <city>Houston</city>
        <state>Texas</state>
        <zip>77024</zip>
        <country>United States</country>
      </address>
    </facility>
  </location>
  <location>
    <facility>
      <name>Texas Oncology - Tyler</name>
      <address>
        <city>Tyler</city>
        <state>Texas</state>
        <zip>75702</zip>
        <country>United States</country>
      </address>
    </facility>
  </location>
  <location>
    <facility>
      <name>Virginia Oncology Associates</name>
      <address>
        <city>Chesapeake</city>
        <state>Virginia</state>
        <zip>23320</zip>
        <country>United States</country>
      </address>
    </facility>
  </location>
  <location>
    <facility>
      <name>Virginia Oncology Associates</name>
      <address>
        <city>Hampton</city>
        <state>Virginia</state>
        <zip>23666</zip>
        <country>United States</country>
      </address>
    </facility>
  </location>
  <location>
    <facility>
      <name>Virginia Oncology Associates</name>
      <address>
        <city>Newport News</city>
        <state>Virginia</state>
        <zip>23606</zip>
        <country>United States</country>
      </address>
    </facility>
  </location>
  <location>
    <facility>
      <name>Virginia Oncology Associates</name>
      <address>
        <city>Norfolk</city>
        <state>Virginia</state>
        <zip>23502</zip>
        <country>United States</country>
      </address>
    </facility>
  </location>
  <location>
    <facility>
      <name>Virginia Oncology Associates</name>
      <address>
        <city>Virginia Beach</city>
        <state>Virginia</state>
        <zip>23456</zip>
        <country>United States</country>
      </address>
    </facility>
  </location>
  <location>
    <facility>
      <name>Virginia Oncology Associates</name>
      <address>
        <city>Williamsburg</city>
        <state>Virginia</state>
        <zip>23188</zip>
        <country>United States</country>
      </address>
    </facility>
  </location>
  <location>
    <facility>
      <name>Northwest Cancer Specialists, P.C.</name>
      <address>
        <city>Vancouver</city>
        <state>Washington</state>
        <zip>98684</zip>
        <country>United States</country>
      </address>
    </facility>
  </location>
  <location>
    <facility>
      <name>Northwest Cancer Specialists, P.C.</name>
      <address>
        <city>Vancouver</city>
        <state>Washington</state>
        <zip>98686</zip>
        <country>United States</country>
      </address>
    </facility>
  </location>
  <location_countries>
    <country>United States</country>
  </location_countries>
  <verification_date>July 2013</verification_date>
  <study_first_submitted>April 22, 2010</study_first_submitted>
  <study_first_submitted_qc>April 26, 2010</study_first_submitted_qc>
  <study_first_posted type="Estimate">April 27, 2010</study_first_posted>
  <last_update_submitted>July 19, 2013</last_update_submitted>
  <last_update_submitted_qc>July 19, 2013</last_update_submitted_qc>
  <last_update_posted type="Estimate">July 23, 2013</last_update_posted>
  <responsible_party>
    <responsible_party_type>Sponsor</responsible_party_type>
  </responsible_party>
  <keyword>Locally recurrent breast cancer</keyword>
  <condition_browse>
    <!-- CAUTION:  The following MeSH terms are assigned with an imperfect algorithm            -->
    <mesh_term>Breast Neoplasms</mesh_term>
    <mesh_term>Triple Negative Breast Neoplasms</mesh_term>
  </condition_browse>
  <!-- Results have not yet been posted for this study                                          -->
</clinical_study>

