<?xml version="1.0" encoding="UTF-8"?>
<clinical_study rank="94">
  <!-- This xml conforms to an XML Schema at:
    https://clinicaltrials.gov/ct2/html/images/info/public.xsd -->
  <required_header>
    <download_date>ClinicalTrials.gov processed this data on May 26, 2023</download_date>
    <link_text>Link to the current ClinicalTrials.gov record.</link_text>
    <url>https://clinicaltrials.gov/show/NCT05203458</url>
  </required_header>
  <id_info>
    <org_study_id>D9673R00011</org_study_id>
    <nct_id>NCT05203458</nct_id>
  </id_info>
  <brief_title>Prevalence and Clinicopathologic Features of Different HER2 Level in Chinese Breast Cancer Patients</brief_title>
  <acronym>HER2 PATH</acronym>
  <official_title>HER2 Retrospective Epidemiology Study Prevalence and Clinicopathologic Features of Different HER2 Level in Chinese Breast Cancer Patients (HER2 PATH)</official_title>
  <sponsors>
    <lead_sponsor>
      <agency>AstraZeneca</agency>
      <agency_class>Industry</agency_class>
    </lead_sponsor>
  </sponsors>
  <source>AstraZeneca</source>
  <oversight_info>
    <has_dmc>No</has_dmc>
    <is_fda_regulated_drug>No</is_fda_regulated_drug>
    <is_fda_regulated_device>No</is_fda_regulated_device>
  </oversight_info>
  <brief_summary>
    <textblock>
      This retrospective study aims to estimate the prevalence of different HER2 expression levels&#xD;
      (HER2+, HER2-low, HER2 Ø) in approximately 200 breast cancer patients at FUSCC through the&#xD;
      year of 2015 and 3000 breast cancer patients from about 10 medical centres in China between&#xD;
      July 2021 and July 2022&#xD;
    </textblock>
  </brief_summary>
  <detailed_description>
    <textblock>
      This is a multicenter, retrospective study to estimate the prevalence of different HER2&#xD;
      expression levels (HER2+, HER2-low, HER2 Ø) in approximately 200 breast cancer patients at&#xD;
      FUSCC through the year of 2015 and 3000 breast cancer patients from about 10 medical centres&#xD;
      in China between July 2021 and July 2022.&#xD;
&#xD;
      This study will be divided into two parts： The first part will include 200 subjects who were&#xD;
      pathologically diagnosed with breast cancer at FUSCC between Jan 2015 and Dec 2015 (PART&#xD;
      1).This part will collect rescored HER2 expression level results based on the archived HER2&#xD;
      IHC slides and re-staining and re-scoring HER-2 IHC while relative demographic, treatment,&#xD;
      and clinicopathologic data will be extracted from the FUSCC Breast Cancer Single Disease&#xD;
      Database.&#xD;
&#xD;
      The second part will include 3000 patients from all sites in China who were pathologically&#xD;
      diagnosed with breast cancer between July 2021 and July 2022 (PART 2). This part will collect&#xD;
      re-assessed HER2 expression level results based on the archived HER2 IHC slides. The general&#xD;
      information of patients, diagnosis, clinicopathological information were collected from&#xD;
      medical records, Hospital Information System (HIS) and Laboratory Information Management&#xD;
      System (LIS).&#xD;
&#xD;
      In PART 2, among 3000 patients, 270 from all participating sites except FUSCC should have&#xD;
      enough tumor tissue for re-staining and re-scoring HER-2 IHC at FUSCC to analyse the&#xD;
      concordance between leading site and other centers.&#xD;
&#xD;
      In PART 2, among 3000 patients, 800 HER-2 IHC samples will be selected for the validation&#xD;
      through AI-assisted HER2 assessment system&#xD;
    </textblock>
  </detailed_description>
  <overall_status>Recruiting</overall_status>
  <start_date type="Actual">February 24, 2022</start_date>
  <completion_date type="Anticipated">May 31, 2023</completion_date>
  <primary_completion_date type="Anticipated">May 31, 2023</primary_completion_date>
  <study_type>Observational</study_type>
  <has_expanded_access>No</has_expanded_access>
  <study_design_info>
    <observational_model>Cohort</observational_model>
    <time_perspective>Retrospective</time_perspective>
  </study_design_info>
  <primary_outcome>
    <measure>The Prevalence of different HER2 expression levels</measure>
    <time_frame>Within one year</time_frame>
    <description>To estimate the prevalence of different HER2 expression levels (HER2+, HER2-low(defined as IHC 1+,2+/ISH-), HER2 Ø) in Chinese breast cancer patients in PART 2.</description>
  </primary_outcome>
  <secondary_outcome>
    <measure>Tumor size of histopathological</measure>
    <time_frame>Within one year</time_frame>
    <description>Tumor size of Histopathological characteristic by different HER2 expression level (Ø /Low/High) in PART 1 and PART 2</description>
  </secondary_outcome>
  <secondary_outcome>
    <measure>Positive lymph node number of the histopathological</measure>
    <time_frame>Within one year</time_frame>
    <description>Positive lymph node number of histopathological characteristic by different HER2 expression level (Ø /Low/High) in PART 1 and PART 2</description>
  </secondary_outcome>
  <secondary_outcome>
    <measure>TNM stage by different HER2 expression levels</measure>
    <time_frame>Within one year</time_frame>
    <description>TNM stage by different HER2 expression level (Ø /Low/High) in PART 1 and PART 2</description>
  </secondary_outcome>
  <secondary_outcome>
    <measure>Pathological type of histopathological</measure>
    <time_frame>Within one year</time_frame>
    <description>Pathological type by different HER2 expression level (Ø /Low/High) in PART 1 and PART 2</description>
  </secondary_outcome>
  <secondary_outcome>
    <measure>Histological grade of histopathological</measure>
    <time_frame>Within one year</time_frame>
    <description>Histological grade by different HER2 expression level (Ø /Low/High) in PART 1 and PART 2</description>
  </secondary_outcome>
  <secondary_outcome>
    <measure>Multi-focal of histopathological</measure>
    <time_frame>Within one year</time_frame>
    <description>Multi-focal by different HER2 expression level (Ø /Low/High) in PART 1 and PART 2</description>
  </secondary_outcome>
  <secondary_outcome>
    <measure>ER status of histopathological</measure>
    <time_frame>Within one year</time_frame>
    <description>ER status by different HER2 expression level (Ø /Low/High) in PART 1 and PART 2</description>
  </secondary_outcome>
  <secondary_outcome>
    <measure>ER percentage by different HER2 expression levels.</measure>
    <time_frame>Within one year</time_frame>
    <description>ER percentage by different HER2 expression level (Ø /Low/High) in PART 1 and PART 2</description>
  </secondary_outcome>
  <secondary_outcome>
    <measure>PR status of histopathological</measure>
    <time_frame>Within one year</time_frame>
    <description>PR status by different HER2 expression level (Ø /Low/High) in PART 1 and PART 2</description>
  </secondary_outcome>
  <secondary_outcome>
    <measure>PR percentage by different HER2 expression levels.</measure>
    <time_frame>Within one year</time_frame>
    <description>PR(Progesterone Receptor) percentage by different HER2 expression level (Ø /Low/High) in PART 1 and PART 2</description>
  </secondary_outcome>
  <secondary_outcome>
    <measure>Ki-67 percentage by different HER2 expression levels.</measure>
    <time_frame>Within one year</time_frame>
    <description>Histopathological and clinicopathological characteristics by different HER2 expression level (Ø /Low/High) including: Ki-67 percentage,in PART 1 and PART 2</description>
  </secondary_outcome>
  <secondary_outcome>
    <measure>HER2 IHC score of histopathological</measure>
    <time_frame>Within one year</time_frame>
    <description>HER2 IHC score by different HER2 expression level (Ø /Low/High) in PART 1 and PART 2</description>
  </secondary_outcome>
  <secondary_outcome>
    <measure>FISH status of histopathological</measure>
    <time_frame>Within one year</time_frame>
    <description>FISH status by different HER2 expression level (Ø /Low/High) in PART 1 and PART 2</description>
  </secondary_outcome>
  <secondary_outcome>
    <measure>The concordance between historical scoring and reassess scoring in each IHC score category (IHC score Ø, 1+, 2+and 3+)</measure>
    <time_frame>Within one year</time_frame>
    <description>To estimate the concordance between historical scoring and reassess scoring in each IHC score category (IHC score Ø, 1+, 2+and 3+) in PART 2</description>
  </secondary_outcome>
  <secondary_outcome>
    <measure>The concordance of HER2 expression between manual and AI assisted HER2 interpretation</measure>
    <time_frame>Within one year</time_frame>
    <description>To estimate the concordance of HER2 expression between manual and AI assisted HER2 interpretation among 800 patients in PART 2</description>
  </secondary_outcome>
  <secondary_outcome>
    <measure>The concordance of HER2 expression between leading site (FUSCC) and other centers</measure>
    <time_frame>Within one year</time_frame>
    <description>To estimate the concordance of HER2 expression between leading site (FUSCC) and other centers among 270 patients in PART 2</description>
  </secondary_outcome>
  <other_outcome>
    <measure>The prevalence of HER2 IHC0 and HER2 IHC &gt;0&lt;1+</measure>
    <time_frame>Within one year</time_frame>
    <description>To estimate the prevalence of HER2 IHC0 and HER2 IHC &gt;0&lt;1+ in PART 2</description>
  </other_outcome>
  <other_outcome>
    <measure>Age at diagnosis of patients' demographic at baseline</measure>
    <time_frame>At baseline</time_frame>
    <description>Age at diagnosis of patients' demographic at baseline by different HER2 expression level in PART 1</description>
  </other_outcome>
  <other_outcome>
    <measure>BMI of patients' demographic at baseline</measure>
    <time_frame>At baseline</time_frame>
    <description>BMI of patients' demographic at baseline by different HER2 expression level in PART 1</description>
  </other_outcome>
  <other_outcome>
    <measure>Menopause or not of patients' demographic at baseline</measure>
    <time_frame>At baseline</time_frame>
    <description>Menopause or not of patients' demographic at baseline by different HER2 expression level in PART 1</description>
  </other_outcome>
  <other_outcome>
    <measure>The baseline treatment patterns across patients with different HER2 expression levels</measure>
    <time_frame>At baseline</time_frame>
    <description>Patients' treatment patterns at baseline, by different HER2 expression level in PART 1</description>
  </other_outcome>
  <enrollment type="Anticipated">3200</enrollment>
  <condition>Breast Cancer, HER2</condition>
  <eligibility>
    <study_pop>
      <textblock>
        Approximately 3000 eligible breast cancer patients from about 10 medical sites in China&#xD;
        from July 2021 to July 2022 and 200 patients admitted at FUSCC from January 1st 2015 to&#xD;
        December 31st 2015. Eligible patients will be those who had qualified archived HER2 IHC&#xD;
        slides.&#xD;
      </textblock>
    </study_pop>
    <sampling_method>Probability Sample</sampling_method>
    <criteria>
      <textblock>
        Inclusion Criteria:&#xD;
&#xD;
        Patients fulfilling all of the following criteria will be eligible for this study:&#xD;
&#xD;
          -  Male and female patients must have a histological confirmed diagnosis of BC&#xD;
&#xD;
          -  The patients must be ≥18 years old at the diagnosis.&#xD;
&#xD;
          -  In PART 1, all patients should be diagnosed at FUSCC between Jan 2015 and Dec 2015.&#xD;
&#xD;
          -  In PART 2, all patients should be diagnosed at all participating sites between July&#xD;
             2021 and July 2022.&#xD;
&#xD;
          -  Provision of at least 1 archived HER2 IHC slides associated with confirmed diagnosis&#xD;
             of BC, which are in good condition for rescoring.&#xD;
&#xD;
          -  FISH result is available for HER2 IHC2+ in primary scoring.&#xD;
&#xD;
        Exclusion Criteria:&#xD;
&#xD;
        Patients who meet any of the following criteria will be disqualified from entering the&#xD;
        study:&#xD;
&#xD;
          -  Absence of all demographic, histopathologic, clinicopathologic information .&#xD;
&#xD;
          -  Have a history of other malignancies, other than basal cell carcinoma of the skin and&#xD;
             squamous cell carcinoma of the skin.&#xD;
      </textblock>
    </criteria>
    <gender>All</gender>
    <minimum_age>N/A</minimum_age>
    <maximum_age>N/A</maximum_age>
    <healthy_volunteers>No</healthy_volunteers>
  </eligibility>
  <overall_official>
    <last_name>Wentao Yang, Dr.</last_name>
    <role>Principal Investigator</role>
    <affiliation>Fudan University</affiliation>
  </overall_official>
  <overall_contact>
    <last_name>AstraZeneca Clinical Study Information Center</last_name>
    <phone>1-877-240-9479</phone>
    <email>information.center@astrazeneca.com</email>
  </overall_contact>
  <location>
    <facility>
      <name>Research Site</name>
      <address>
        <city>Shanghai</city>
        <state>Shanhai</state>
        <country>China</country>
      </address>
    </facility>
    <status>Recruiting</status>
  </location>
  <location>
    <facility>
      <name>Research Site</name>
      <address>
        <city>Guangzhou</city>
        <country>China</country>
      </address>
    </facility>
    <status>Recruiting</status>
  </location>
  <location>
    <facility>
      <name>Research Site</name>
      <address>
        <city>Guangzhou</city>
        <country>China</country>
      </address>
    </facility>
    <status>Not yet recruiting</status>
  </location>
  <location>
    <facility>
      <name>Research Site</name>
      <address>
        <city>Jinan</city>
        <country>China</country>
      </address>
    </facility>
    <status>Recruiting</status>
  </location>
  <location>
    <facility>
      <name>Research Site</name>
      <address>
        <city>Shenyang</city>
        <country>China</country>
      </address>
    </facility>
    <status>Recruiting</status>
  </location>
  <location>
    <facility>
      <name>Research Site</name>
      <address>
        <city>Wuhan</city>
        <country>China</country>
      </address>
    </facility>
    <status>Not yet recruiting</status>
  </location>
  <location>
    <facility>
      <name>Research Site</name>
      <address>
        <city>Wuhan</city>
        <country>China</country>
      </address>
    </facility>
    <status>Recruiting</status>
  </location>
  <location>
    <facility>
      <name>Research Site</name>
      <address>
        <city>Xian</city>
        <country>China</country>
      </address>
    </facility>
    <status>Recruiting</status>
  </location>
  <location>
    <facility>
      <name>Research Site</name>
      <address>
        <city>Zhengzhou</city>
        <country>China</country>
      </address>
    </facility>
    <status>Recruiting</status>
  </location>
  <location_countries>
    <country>China</country>
  </location_countries>
  <verification_date>May 2023</verification_date>
  <study_first_submitted>October 20, 2021</study_first_submitted>
  <study_first_submitted_qc>January 21, 2022</study_first_submitted_qc>
  <study_first_posted type="Actual">January 24, 2022</study_first_posted>
  <last_update_submitted>May 18, 2023</last_update_submitted>
  <last_update_submitted_qc>May 18, 2023</last_update_submitted_qc>
  <last_update_posted type="Actual">May 19, 2023</last_update_posted>
  <responsible_party>
    <responsible_party_type>Sponsor</responsible_party_type>
  </responsible_party>
  <keyword>breast cancer,HER2</keyword>
  <condition_browse>
    <!-- CAUTION:  The following MeSH terms are assigned with an imperfect algorithm            -->
    <mesh_term>Breast Neoplasms</mesh_term>
  </condition_browse>
  <patient_data>
    <sharing_ipd>Undecided</sharing_ipd>
  </patient_data>
  <!-- Results have not yet been posted for this study                                          -->
</clinical_study>

