<?xml version="1.0" encoding="UTF-8"?>
<clinical_study rank="302">
  <!-- This xml conforms to an XML Schema at:
    https://clinicaltrials.gov/ct2/html/images/info/public.xsd -->
  <required_header>
    <download_date>ClinicalTrials.gov processed this data on May 26, 2023</download_date>
    <link_text>Link to the current ClinicalTrials.gov record.</link_text>
    <url>https://clinicaltrials.gov/show/NCT00209092</url>
  </required_header>
  <id_info>
    <org_study_id>1114-2003</org_study_id>
    <nct_id>NCT00209092</nct_id>
  </id_info>
  <brief_title>Randomized Phase II Trial Induction Therapy for Early Stage Breast Cancer</brief_title>
  <official_title>Randomized Phase II Trial of Sequential Docetaxel Followed by Capecitabine Versus Concomitant, Dose-Dense Docetaxel/Capecitabine as in Induction Therapy for Early Stage Breast Cancer</official_title>
  <sponsors>
    <lead_sponsor>
      <agency>Emory University</agency>
      <agency_class>Other</agency_class>
    </lead_sponsor>
    <collaborator>
      <agency>Georgia Center for Oncology Research &amp; Education</agency>
      <agency_class>Other</agency_class>
    </collaborator>
    <collaborator>
      <agency>Sanofi</agency>
      <agency_class>Industry</agency_class>
    </collaborator>
  </sponsors>
  <source>Emory University</source>
  <oversight_info>
    <has_dmc>Yes</has_dmc>
  </oversight_info>
  <brief_summary>
    <textblock>
      The purpose of this study is to find out if the combination of docetaxel and capecitabine can&#xD;
      shrink the size of breast tumors and preserve the breast.&#xD;
    </textblock>
  </brief_summary>
  <detailed_description>
    <textblock>
      The purpose of this study is to identify new chemotherapy treatment regimens with better&#xD;
      response rates and to find out if the combination of docetaxel and capecitabine can shrink&#xD;
      the size of breast tumors and preserve the breast.&#xD;
&#xD;
      Induction chemotherapy offers the possibility of less surgery and determines tumor&#xD;
      sensitivity in vivo. Previous trials have demonstrated that complete pathologic response in&#xD;
      the breast at surgery corresponds with improved outcome. Additionally, we will correlate&#xD;
      specific molecular markers in the breast tumors before and after chemotherapy, with response&#xD;
      to treatment. Expression of these molecular markets may be used in the future to predict the&#xD;
      likelihood of response to chemotherapy given post-operatively.&#xD;
    </textblock>
  </detailed_description>
  <overall_status>Completed</overall_status>
  <start_date>August 2006</start_date>
  <completion_date type="Actual">October 2012</completion_date>
  <primary_completion_date type="Actual">July 2009</primary_completion_date>
  <phase>Phase 2</phase>
  <study_type>Interventional</study_type>
  <has_expanded_access>No</has_expanded_access>
  <study_design_info>
    <allocation>Randomized</allocation>
    <intervention_model>Parallel Assignment</intervention_model>
    <primary_purpose>Treatment</primary_purpose>
    <masking>None (Open Label)</masking>
  </study_design_info>
  <primary_outcome>
    <measure>Number of Participants With Complete Pathologic Response Rate to Pre-operative Treatment in Arm A (Docetaxel for 4 Cycles Followed by Capecitabine for 4 Cycles) or Arm B (Docetaxel + Capecitabine for 8 Cycles) in Patients With Early Stage Breast Cancer.</measure>
    <time_frame>1 year</time_frame>
    <description>Pathologic complete response (pCR): Absence of invasive breast cancer in the breast.&#xD;
Overall Clinical Response=Complete response(CR-complete disappearance of all measurable malignant disease)+partial response(PR-reduction by at least 30%)&#xD;
Stable disease (SD): No decrease or &lt;25% increase in the sum of the products of the longest perpendicular diameters of all measurable lesions.&#xD;
Progressive disease (PD): A 20% or greater increase in a single lesion, OR reappearance of any lesion which has disappeared, OR clear worsening of any evaluable disease OR appearance of any new lesion/site.</description>
  </primary_outcome>
  <secondary_outcome>
    <measure>Long Term Follow up Data on Recurrence and Survival</measure>
    <time_frame>2 years</time_frame>
    <description>Number of Patients remained alive and relapse free</description>
  </secondary_outcome>
  <number_of_arms>2</number_of_arms>
  <enrollment type="Actual">51</enrollment>
  <condition>Breast Cancer</condition>
  <arm_group>
    <arm_group_label>Sequential Therapy</arm_group_label>
    <arm_group_type>Active Comparator</arm_group_type>
    <description>Docetaxel will be given at 100mg/m^2 intravenous Day 1 every 3 weeks for 4 cycles followed by capecitabine 1000 mg/m^2 twice a day by mouth Day 1-14 every 3 weeks for 4 cycles (total 8 cycles) (total 24 weeks).</description>
  </arm_group>
  <arm_group>
    <arm_group_label>Concurrent Therapy</arm_group_label>
    <arm_group_type>Active Comparator</arm_group_type>
    <description>Docetaxel will be given at 50mg/m^2 Intravenous Day1 concomitantly with capecitabine 1000 mg/m^2 twice a day by mouth Day 1-7 every 2 weeks for 8 cycles (total 16 weeks).</description>
  </arm_group>
  <intervention>
    <intervention_type>Drug</intervention_type>
    <intervention_name>Docetaxel</intervention_name>
    <description>Sequential Therapy: Docetaxel will be given at 100 mg/m^2 Intravenously (IV)Day 1 every 3 weeks for 4 cycles.&#xD;
Concurrent Therapy: Docetaxel will be given at 50 mg/m^2 IV Day 1.</description>
    <arm_group_label>Concurrent Therapy</arm_group_label>
    <arm_group_label>Sequential Therapy</arm_group_label>
  </intervention>
  <intervention>
    <intervention_type>Drug</intervention_type>
    <intervention_name>Capecitabine</intervention_name>
    <description>Sequential Therapy: administration of capecitabine 1000 mg/m^2 twice a day by mouth Day 1-14 every 3 weeks for 4 cycles (total 8 cycles) Concurrent Therapy: capecitabine 1000 mg/m^2 twice a day by mouth Day 1-7 every 2 weeks for 8 cycles (total 16 weeks).</description>
    <arm_group_label>Concurrent Therapy</arm_group_label>
    <arm_group_label>Sequential Therapy</arm_group_label>
  </intervention>
  <eligibility>
    <criteria>
      <textblock>
        Inclusion Criteria:&#xD;
&#xD;
          -  Histologically or cytologically confirmed breast carcinoma.&#xD;
&#xD;
          -  Early stage breast cancer (stage 1, 2, 3).&#xD;
&#xD;
          -  No evidence of disease outside the breast or chest wall, except ipsilateral axillary&#xD;
             lymph nodes.&#xD;
&#xD;
          -  18 years of age or older.&#xD;
&#xD;
          -  Final eligibility for a clinical trial is determined by the health professionals&#xD;
             conducting the trial.&#xD;
&#xD;
        Exclusion Criteria:&#xD;
&#xD;
          -  Prior chemotherapy, hormonal therapy, biologic therapy or radiation therapy for breast&#xD;
             cancer.&#xD;
&#xD;
          -  Major surgery within 28 days of study entry.&#xD;
&#xD;
          -  Evidence of central nervous system (CNS) metastases.&#xD;
&#xD;
          -  Final eligibility for a clinical trial is determined by the health professionals&#xD;
             conducting the trial.&#xD;
      </textblock>
    </criteria>
    <gender>Female</gender>
    <minimum_age>18 Years</minimum_age>
    <maximum_age>N/A</maximum_age>
    <healthy_volunteers>No</healthy_volunteers>
  </eligibility>
  <overall_official>
    <last_name>Amelia Zelnak, MD</last_name>
    <role>Principal Investigator</role>
    <affiliation>Emory University Winship Cancer Institute</affiliation>
  </overall_official>
  <location>
    <facility>
      <name>Grady Memorial Hospital</name>
      <address>
        <city>Atlanta</city>
        <state>Georgia</state>
        <zip>30303</zip>
        <country>United States</country>
      </address>
    </facility>
  </location>
  <location>
    <facility>
      <name>Emory Crawford Long Hospital</name>
      <address>
        <city>Atlanta</city>
        <state>Georgia</state>
        <zip>30308</zip>
        <country>United States</country>
      </address>
    </facility>
  </location>
  <location>
    <facility>
      <name>Emory University Winship Cancer Institute</name>
      <address>
        <city>Atlanta</city>
        <state>Georgia</state>
        <zip>30322</zip>
        <country>United States</country>
      </address>
    </facility>
  </location>
  <location>
    <facility>
      <name>Augusta Oncology Associates, PC 1348 Walton Way, Ste. 4300</name>
      <address>
        <city>Augusta</city>
        <state>Georgia</state>
        <zip>30901</zip>
        <country>United States</country>
      </address>
    </facility>
  </location>
  <location>
    <facility>
      <name>Augusta Oncology Associates, PC 3696 Wheeler Road</name>
      <address>
        <city>Augusta</city>
        <state>Georgia</state>
        <zip>30909</zip>
        <country>United States</country>
      </address>
    </facility>
  </location>
  <location>
    <facility>
      <name>WellStar Health System-Georgia Cancer Specialists</name>
      <address>
        <city>Austell</city>
        <state>Georgia</state>
        <zip>30106</zip>
        <country>United States</country>
      </address>
    </facility>
  </location>
  <location>
    <facility>
      <name>WellStar Health System-Northwest Georgia Oncology Center, PC</name>
      <address>
        <city>Austell</city>
        <state>Georgia</state>
        <zip>30106</zip>
        <country>United States</country>
      </address>
    </facility>
  </location>
  <location>
    <facility>
      <name>WellStar Health System-Northwest Georgia Oncology Center, PC</name>
      <address>
        <city>Carrollton</city>
        <state>Georgia</state>
        <zip>30117</zip>
        <country>United States</country>
      </address>
    </facility>
  </location>
  <location>
    <facility>
      <name>John B. Amos Cancer Center</name>
      <address>
        <city>Columbus</city>
        <state>Georgia</state>
        <zip>31904</zip>
        <country>United States</country>
      </address>
    </facility>
  </location>
  <location>
    <facility>
      <name>Suburban Hematology-Oncology Associates, PC</name>
      <address>
        <city>Duluth</city>
        <state>Georgia</state>
        <zip>30096</zip>
        <country>United States</country>
      </address>
    </facility>
  </location>
  <location>
    <facility>
      <name>South Atlanta Hematology-Oncology Group</name>
      <address>
        <city>East Point</city>
        <state>Georgia</state>
        <zip>30344</zip>
        <country>United States</country>
      </address>
    </facility>
  </location>
  <location>
    <facility>
      <name>Suburban Hematology-Oncology Associates, PC</name>
      <address>
        <city>Lawrenceville</city>
        <state>Georgia</state>
        <zip>30045</zip>
        <country>United States</country>
      </address>
    </facility>
  </location>
  <location>
    <facility>
      <name>Central Georgia Cancer Care, PC</name>
      <address>
        <city>Macon</city>
        <state>Georgia</state>
        <zip>31201</zip>
        <country>United States</country>
      </address>
    </facility>
  </location>
  <location>
    <facility>
      <name>WellStar Health System-Georgia Cancer Specialists</name>
      <address>
        <city>Marietta</city>
        <state>Georgia</state>
        <zip>30060</zip>
        <country>United States</country>
      </address>
    </facility>
  </location>
  <location>
    <facility>
      <name>WellStar Health System-Northwest Georgia Oncology Center, PC</name>
      <address>
        <city>Marietta</city>
        <state>Georgia</state>
        <zip>30060</zip>
        <country>United States</country>
      </address>
    </facility>
  </location>
  <location>
    <facility>
      <name>South Atlanta Hematology-Oncology Group</name>
      <address>
        <city>Riverdale</city>
        <state>Georgia</state>
        <zip>30274</zip>
        <country>United States</country>
      </address>
    </facility>
  </location>
  <location>
    <facility>
      <name>Suburban Hematology-Oncology Associates, PC</name>
      <address>
        <city>Snellville</city>
        <state>Georgia</state>
        <zip>30078</zip>
        <country>United States</country>
      </address>
    </facility>
  </location>
  <location>
    <facility>
      <name>South Atlanta Hematology-Oncology Group</name>
      <address>
        <city>Stockbridge</city>
        <state>Georgia</state>
        <zip>30281</zip>
        <country>United States</country>
      </address>
    </facility>
  </location>
  <location>
    <facility>
      <name>Central Georgia Cancer Care, PC</name>
      <address>
        <city>Warner Robins</city>
        <state>Georgia</state>
        <zip>31093</zip>
        <country>United States</country>
      </address>
    </facility>
  </location>
  <location_countries>
    <country>United States</country>
  </location_countries>
  <results_reference>
    <citation>Zelnak AB, Styblo TM, Rizzo M, Gabram SG, Wood WC, Harichand-Herdt S, Kim S, Liu Y, O'Regan RM; Georgia Center for Oncology Research and Education. Final results from phase II trial of neoadjuvant docetaxel and capecitabine given sequentially or concurrently for HER2-negative breast cancers. Clin Breast Cancer. 2013 Jun;13(3):173-9. doi: 10.1016/j.clbc.2012.12.004. Epub 2013 Jan 16.</citation>
    <PMID>23332349</PMID>
  </results_reference>
  <verification_date>March 2015</verification_date>
  <study_first_submitted>September 14, 2005</study_first_submitted>
  <study_first_submitted_qc>September 14, 2005</study_first_submitted_qc>
  <study_first_posted type="Estimate">September 21, 2005</study_first_posted>
  <results_first_submitted>March 15, 2012</results_first_submitted>
  <results_first_submitted_qc>June 20, 2012</results_first_submitted_qc>
  <results_first_posted type="Estimate">June 25, 2012</results_first_posted>
  <last_update_submitted>March 6, 2015</last_update_submitted>
  <last_update_submitted_qc>March 6, 2015</last_update_submitted_qc>
  <last_update_posted type="Estimate">March 27, 2015</last_update_posted>
  <responsible_party>
    <responsible_party_type>Principal Investigator</responsible_party_type>
    <investigator_affiliation>Emory University</investigator_affiliation>
    <investigator_full_name>Amelia Zelnak</investigator_full_name>
    <investigator_title>MD</investigator_title>
  </responsible_party>
  <keyword>Breast Cancer</keyword>
  <condition_browse>
    <!-- CAUTION:  The following MeSH terms are assigned with an imperfect algorithm            -->
    <mesh_term>Breast Neoplasms</mesh_term>
  </condition_browse>
  <intervention_browse>
    <!-- CAUTION:  The following MeSH terms are assigned with an imperfect algorithm            -->
    <mesh_term>Docetaxel</mesh_term>
    <mesh_term>Capecitabine</mesh_term>
  </intervention_browse>

  <clinical_results>

    <participant_flow>
      <group_list>
        <group group_id="P1">
          <title>Arm A:Sequential Therapy</title>
          <description>Docetaxel will be given at 100mg/m^2 intravenously Day1 every 3 weeks for 4 cycles followed by capecitabine 1000 mg/m^2 twice a day by mouth D1-14 every 3 weeks for 4 cycles (total 8 cycles) (total 24 weeks).</description>
        </group>
        <group group_id="P2">
          <title>Arm B:Concurrent Therapy</title>
          <description>Docetaxel will be given at 50mg/m^2 intravenously Day 1 concomitantly with capecitabine 1000 mg/m^2 twice a day by mouth Day 1-7 every 2 weeks for 8 cycles (total 16 weeks).</description>
        </group>
      </group_list>
      <period_list>
        <period>
          <title>Overall Study</title>
          <milestone_list>
            <milestone>
              <title>STARTED</title>
              <participants_list>
                <participants group_id="P1" count="25"/>
                <participants group_id="P2" count="26"/>
              </participants_list>
            </milestone>
            <milestone>
              <title>COMPLETED</title>
              <participants_list>
                <participants group_id="P1" count="17"/>
                <participants group_id="P2" count="24"/>
              </participants_list>
            </milestone>
            <milestone>
              <title>NOT COMPLETED</title>
              <participants_list>
                <participants group_id="P1" count="8"/>
                <participants group_id="P2" count="2"/>
              </participants_list>
            </milestone>
          </milestone_list>
          <drop_withdraw_reason_list>
            <drop_withdraw_reason>
              <title>Progression of disease</title>
              <participants_list>
                <participants group_id="P1" count="7"/>
                <participants group_id="P2" count="1"/>
              </participants_list>
            </drop_withdraw_reason>
            <drop_withdraw_reason>
              <title>Adverse Event</title>
              <participants_list>
                <participants group_id="P1" count="0"/>
                <participants group_id="P2" count="1"/>
              </participants_list>
            </drop_withdraw_reason>
            <drop_withdraw_reason>
              <title>Withdrawal by Subject</title>
              <participants_list>
                <participants group_id="P1" count="1"/>
                <participants group_id="P2" count="0"/>
              </participants_list>
            </drop_withdraw_reason>
          </drop_withdraw_reason_list>
        </period>
      </period_list>
    </participant_flow>

    <baseline>
      <group_list>
        <group group_id="B1">
          <title>Arm A:Sequential Therapy</title>
          <description>Docetaxel will be given at 100mg/m^2 intravenously Day1 every 3 weeks for 4 cycles followed by capecitabine 1000 mg/m^2 twice a day by mouth D1-14 every 3 weeks for 4 cycles (total 8 cycles) (total 24 weeks).</description>
        </group>
        <group group_id="B2">
          <title>Arm B:Concurrent Therapy</title>
          <description>Docetaxel will be given at 50mg/m^2 intravenously Day 1 concomitantly with capecitabine 1000 mg/m^2 twice a day by mouth Day 1-7 every 2 weeks for 8 cycles (total 16 weeks).</description>
        </group>
        <group group_id="B3">
          <title>Total</title>
          <description>Total of all reporting groups</description>
        </group>
      </group_list>
      <analyzed_list>
        <analyzed>
          <units>Participants</units>
          <scope>Overall</scope>
          <count_list>
            <count group_id="B1" value="25"/>
            <count group_id="B2" value="26"/>
            <count group_id="B3" value="51"/>
          </count_list>
        </analyzed>
      </analyzed_list>
      <measure_list>
        <measure>
          <title>Age</title>
          <units>Participants</units>
          <param>Count of Participants</param>
          <class_list>
            <class>
              <category_list>
                <category>
                  <title>&lt;=18 years</title>
                  <measurement_list>
                    <measurement group_id="B1" value="0"/>
                    <measurement group_id="B2" value="0"/>
                    <measurement group_id="B3" value="0"/>
                  </measurement_list>
                </category>
                <category>
                  <title>Between 18 and 65 years</title>
                  <measurement_list>
                    <measurement group_id="B1" value="25"/>
                    <measurement group_id="B2" value="25"/>
                    <measurement group_id="B3" value="50"/>
                  </measurement_list>
                </category>
                <category>
                  <title>&gt;=65 years</title>
                  <measurement_list>
                    <measurement group_id="B1" value="0"/>
                    <measurement group_id="B2" value="1"/>
                    <measurement group_id="B3" value="1"/>
                  </measurement_list>
                </category>
              </category_list>
            </class>
          </class_list>
        </measure>
        <measure>
          <title>Age, Customized</title>
          <units>participants</units>
          <param>Median</param>
          <dispersion>Full Range</dispersion>
          <class_list>
            <class>
              <category_list>
                <category>
                  <measurement_list>
                    <measurement group_id="B1" value="50.8" lower_limit="38" upper_limit="63"/>
                    <measurement group_id="B2" value="49.8" lower_limit="29" upper_limit="66"/>
                    <measurement group_id="B3" value="50.3" lower_limit="29" upper_limit="66"/>
                  </measurement_list>
                </category>
              </category_list>
            </class>
          </class_list>
        </measure>
        <measure>
          <title>Sex: Female, Male</title>
          <units>Participants</units>
          <param>Count of Participants</param>
          <class_list>
            <class>
              <category_list>
                <category>
                  <title>Female</title>
                  <measurement_list>
                    <measurement group_id="B1" value="25"/>
                    <measurement group_id="B2" value="26"/>
                    <measurement group_id="B3" value="51"/>
                  </measurement_list>
                </category>
                <category>
                  <title>Male</title>
                  <measurement_list>
                    <measurement group_id="B1" value="0"/>
                    <measurement group_id="B2" value="0"/>
                    <measurement group_id="B3" value="0"/>
                  </measurement_list>
                </category>
              </category_list>
            </class>
          </class_list>
        </measure>
        <measure>
          <title>Region of Enrollment</title>
          <units>participants</units>
          <param>Number</param>
          <class_list>
            <class>
              <title>United States</title>
              <category_list>
                <category>
                  <measurement_list>
                    <measurement group_id="B1" value="25"/>
                    <measurement group_id="B2" value="26"/>
                    <measurement group_id="B3" value="51"/>
                  </measurement_list>
                </category>
              </category_list>
            </class>
          </class_list>
        </measure>
      </measure_list>
    </baseline>

    <outcome_list>
      <outcome>
        <type>Primary</type>
        <title>Number of Participants With Complete Pathologic Response Rate to Pre-operative Treatment in Arm A (Docetaxel for 4 Cycles Followed by Capecitabine for 4 Cycles) or Arm B (Docetaxel + Capecitabine for 8 Cycles) in Patients With Early Stage Breast Cancer.</title>
        <description>Pathologic complete response (pCR): Absence of invasive breast cancer in the breast.&#xD;
Overall Clinical Response=Complete response(CR-complete disappearance of all measurable malignant disease)+partial response(PR-reduction by at least 30%)&#xD;
Stable disease (SD): No decrease or &lt;25% increase in the sum of the products of the longest perpendicular diameters of all measurable lesions.&#xD;
Progressive disease (PD): A 20% or greater increase in a single lesion, OR reappearance of any lesion which has disappeared, OR clear worsening of any evaluable disease OR appearance of any new lesion/site.</description>
        <time_frame>1 year</time_frame>
        <group_list>
          <group group_id="O1">
            <title>Arm A:Sequential Therapy</title>
            <description>Docetaxel will be given at 100mg/m^2 intravenously Day1 every 3 weeks for 4 cycles followed by capecitabine 1000 mg/m^2 twice a day by mouth D1-14 every 3 weeks for 4 cycles (total 8 cycles) (total 24 weeks).</description>
          </group>
          <group group_id="O2">
            <title>Arm B:Concurrent Therapy</title>
            <description>Docetaxel will be given at 50mg/m^2 intravenously Day 1 concomitantly with capecitabine 1000 mg/m^2 twice a day by mouth Day 1-7 every 2 weeks for 8 cycles (total 16 weeks).</description>
          </group>
        </group_list>
        <measure>
          <title>Number of Participants With Complete Pathologic Response Rate to Pre-operative Treatment in Arm A (Docetaxel for 4 Cycles Followed by Capecitabine for 4 Cycles) or Arm B (Docetaxel + Capecitabine for 8 Cycles) in Patients With Early Stage Breast Cancer.</title>
          <description>Pathologic complete response (pCR): Absence of invasive breast cancer in the breast.&#xD;
Overall Clinical Response=Complete response(CR-complete disappearance of all measurable malignant disease)+partial response(PR-reduction by at least 30%)&#xD;
Stable disease (SD): No decrease or &lt;25% increase in the sum of the products of the longest perpendicular diameters of all measurable lesions.&#xD;
Progressive disease (PD): A 20% or greater increase in a single lesion, OR reappearance of any lesion which has disappeared, OR clear worsening of any evaluable disease OR appearance of any new lesion/site.</description>
          <units>participants</units>
          <param>Number</param>
          <analyzed_list>
            <analyzed>
              <units>Participants</units>
              <scope>Measure</scope>
              <count_list>
                <count group_id="O1" value="25"/>
                <count group_id="O2" value="26"/>
              </count_list>
            </analyzed>
          </analyzed_list>
          <class_list>
            <class>
              <title>Pathologic Complete Response-Overall population</title>
              <category_list>
                <category>
                  <measurement_list>
                    <measurement group_id="O1" value="2"/>
                    <measurement group_id="O2" value="3"/>
                  </measurement_list>
                </category>
              </category_list>
            </class>
            <class>
              <title>Overall Clinical Response</title>
              <category_list>
                <category>
                  <measurement_list>
                    <measurement group_id="O1" value="15"/>
                    <measurement group_id="O2" value="23"/>
                  </measurement_list>
                </category>
              </category_list>
            </class>
            <class>
              <title>Stable disease</title>
              <category_list>
                <category>
                  <measurement_list>
                    <measurement group_id="O1" value="3"/>
                    <measurement group_id="O2" value="1"/>
                  </measurement_list>
                </category>
              </category_list>
            </class>
            <class>
              <title>Progressive Disease</title>
              <category_list>
                <category>
                  <measurement_list>
                    <measurement group_id="O1" value="7"/>
                    <measurement group_id="O2" value="2"/>
                  </measurement_list>
                </category>
              </category_list>
            </class>
          </class_list>
        </measure>
      </outcome>
      <outcome>
        <type>Secondary</type>
        <title>Long Term Follow up Data on Recurrence and Survival</title>
        <description>Number of Patients remained alive and relapse free</description>
        <time_frame>2 years</time_frame>
        <group_list>
          <group group_id="O1">
            <title>Arm A:Sequential Therapy</title>
            <description>Docetaxel will be given at 100mg/m^2 intravenously Day1 every 3 weeks for 4 cycles followed by capecitabine 1000 mg/m^2 twice a day by mouth D1-14 every 3 weeks for 4 cycles (total 8 cycles) (total 24 weeks).</description>
          </group>
          <group group_id="O2">
            <title>Arm B:Concurrent Therapy</title>
            <description>Docetaxel will be given at 50mg/m^2 intravenously Day 1 concomitantly with capecitabine 1000 mg/m^2 twice a day by mouth Day 1-7 every 2 weeks for 8 cycles (total 16 weeks).</description>
          </group>
        </group_list>
        <measure>
          <title>Long Term Follow up Data on Recurrence and Survival</title>
          <description>Number of Patients remained alive and relapse free</description>
          <units>participants</units>
          <param>Number</param>
          <analyzed_list>
            <analyzed>
              <units>Participants</units>
              <scope>Measure</scope>
              <count_list>
                <count group_id="O1" value="24"/>
                <count group_id="O2" value="26"/>
              </count_list>
            </analyzed>
          </analyzed_list>
          <class_list>
            <class>
              <category_list>
                <category>
                  <measurement_list>
                    <measurement group_id="O1" value="19"/>
                    <measurement group_id="O2" value="21"/>
                  </measurement_list>
                </category>
              </category_list>
            </class>
          </class_list>
        </measure>
      </outcome>
    </outcome_list>

    <reported_events>
      <group_list>
        <group group_id="E1">
          <title>Arm A:Sequential Therapy</title>
          <description>Docetaxel will be given at 100mg/m^2 intravenously Day1 every 3 weeks for 4 cycles followed by capecitabine 1000 mg/m^2 twice a day by mouth D1-14 every 3 weeks for 4 cycles (total 8 cycles) (total 24 weeks).</description>
        </group>
        <group group_id="E2">
          <title>Arm B:Concurrent Therapy</title>
          <description>Docetaxel will be given at 50mg/m^2 intravenously Day 1 concomitantly with capecitabine 1000 mg/m^2 twice a day by mouth Day 1-7 every 2 weeks for 8 cycles (total 16 weeks).</description>
        </group>
      </group_list>
      <serious_events>
        <default_assessment>Non-systematic Assessment</default_assessment>
        <category_list>
          <category>
            <title>Total</title>
            <event_list>
              <event>
                <sub_title>Total, serious adverse events</sub_title>
                <counts group_id="E1" subjects_affected="6" subjects_at_risk="25"/>
                <counts group_id="E2" subjects_affected="11" subjects_at_risk="26"/>
              </event>
            </event_list>
          </category>
          <category>
            <title>Blood and lymphatic system disorders</title>
            <event_list>
              <event>
                <sub_title>Neutropenia</sub_title>
                <counts group_id="E1" subjects_affected="3" subjects_at_risk="25"/>
                <counts group_id="E2" subjects_affected="3" subjects_at_risk="26"/>
              </event>
              <event>
                <sub_title>Anemia</sub_title>
                <counts group_id="E1" subjects_affected="0" subjects_at_risk="25"/>
                <counts group_id="E2" subjects_affected="1" subjects_at_risk="26"/>
              </event>
              <event>
                <sub_title>Febrile Neutropenia</sub_title>
                <counts group_id="E1" subjects_affected="0" subjects_at_risk="25"/>
                <counts group_id="E2" subjects_affected="1" subjects_at_risk="26"/>
              </event>
            </event_list>
          </category>
          <category>
            <title>Cardiac disorders</title>
            <event_list>
              <event>
                <sub_title>Chest Pain</sub_title>
                <counts group_id="E1" subjects_affected="0" subjects_at_risk="25"/>
                <counts group_id="E2" subjects_affected="1" subjects_at_risk="26"/>
              </event>
            </event_list>
          </category>
          <category>
            <title>Gastrointestinal disorders</title>
            <event_list>
              <event>
                <sub_title>Diarrhea</sub_title>
                <counts group_id="E1" subjects_affected="1" subjects_at_risk="25"/>
                <counts group_id="E2" subjects_affected="1" subjects_at_risk="26"/>
              </event>
            </event_list>
          </category>
          <category>
            <title>General disorders</title>
            <event_list>
              <event>
                <sub_title>Fatigue</sub_title>
                <counts group_id="E1" subjects_affected="1" subjects_at_risk="25"/>
                <counts group_id="E2" subjects_affected="0" subjects_at_risk="26"/>
              </event>
            </event_list>
          </category>
          <category>
            <title>Hepatobiliary disorders</title>
            <event_list>
              <event>
                <sub_title>Liver Tests</sub_title>
                <counts group_id="E1" subjects_affected="0" subjects_at_risk="25"/>
                <counts group_id="E2" subjects_affected="1" subjects_at_risk="26"/>
              </event>
            </event_list>
          </category>
          <category>
            <title>Nervous system disorders</title>
            <event_list>
              <event>
                <sub_title>Neuropathy</sub_title>
                <counts group_id="E1" subjects_affected="0" subjects_at_risk="25"/>
                <counts group_id="E2" subjects_affected="1" subjects_at_risk="26"/>
              </event>
              <event>
                <sub_title>Syncope</sub_title>
                <counts group_id="E1" subjects_affected="0" subjects_at_risk="25"/>
                <counts group_id="E2" subjects_affected="1" subjects_at_risk="26"/>
              </event>
            </event_list>
          </category>
          <category>
            <title>Skin and subcutaneous tissue disorders</title>
            <event_list>
              <event>
                <sub_title>Hand and Foot Syndrome</sub_title>
                <counts group_id="E1" subjects_affected="1" subjects_at_risk="25"/>
                <counts group_id="E2" subjects_affected="1" subjects_at_risk="26"/>
              </event>
            </event_list>
          </category>
        </category_list>
      </serious_events>
      <other_events>
        <frequency_threshold>5</frequency_threshold>
        <default_assessment>Non-systematic Assessment</default_assessment>
        <category_list>
          <category>
            <title>Total</title>
            <event_list>
              <event>
                <sub_title>Total, other adverse events</sub_title>
                <counts group_id="E1" subjects_affected="25" subjects_at_risk="25"/>
                <counts group_id="E2" subjects_affected="26" subjects_at_risk="26"/>
              </event>
            </event_list>
          </category>
          <category>
            <title>Blood and lymphatic system disorders</title>
            <event_list>
              <event>
                <sub_title>Neutropenia</sub_title>
                <counts group_id="E1" subjects_affected="2" subjects_at_risk="25"/>
                <counts group_id="E2" subjects_affected="8" subjects_at_risk="26"/>
              </event>
              <event>
                <sub_title>Anemia</sub_title>
                <counts group_id="E1" subjects_affected="10" subjects_at_risk="25"/>
                <counts group_id="E2" subjects_affected="5" subjects_at_risk="26"/>
              </event>
            </event_list>
          </category>
          <category>
            <title>Endocrine disorders</title>
            <event_list>
              <event>
                <sub_title>Hyperglycemia</sub_title>
                <counts group_id="E1" subjects_affected="16" subjects_at_risk="25"/>
                <counts group_id="E2" subjects_affected="16" subjects_at_risk="26"/>
              </event>
            </event_list>
          </category>
          <category>
            <title>Gastrointestinal disorders</title>
            <event_list>
              <event>
                <sub_title>Diarrhea</sub_title>
                <counts group_id="E1" subjects_affected="14" subjects_at_risk="25"/>
                <counts group_id="E2" subjects_affected="10" subjects_at_risk="26"/>
              </event>
              <event>
                <sub_title>Nausea</sub_title>
                <counts group_id="E1" subjects_affected="9" subjects_at_risk="25"/>
                <counts group_id="E2" subjects_affected="11" subjects_at_risk="26"/>
              </event>
              <event>
                <sub_title>Muscositis</sub_title>
                <counts group_id="E1" subjects_affected="10" subjects_at_risk="25"/>
                <counts group_id="E2" subjects_affected="13" subjects_at_risk="26"/>
              </event>
            </event_list>
          </category>
          <category>
            <title>General disorders</title>
            <event_list>
              <event>
                <sub_title>Fatigue</sub_title>
                <counts group_id="E1" subjects_affected="20" subjects_at_risk="25"/>
                <counts group_id="E2" subjects_affected="17" subjects_at_risk="26"/>
              </event>
              <event>
                <sub_title>Anorexia</sub_title>
                <counts group_id="E1" subjects_affected="5" subjects_at_risk="25"/>
                <counts group_id="E2" subjects_affected="5" subjects_at_risk="26"/>
              </event>
            </event_list>
          </category>
          <category>
            <title>Hepatobiliary disorders</title>
            <event_list>
              <event>
                <sub_title>Liver Tests</sub_title>
                <counts group_id="E1" subjects_affected="10" subjects_at_risk="25"/>
                <counts group_id="E2" subjects_affected="9" subjects_at_risk="26"/>
              </event>
            </event_list>
          </category>
          <category>
            <title>Musculoskeletal and connective tissue disorders</title>
            <event_list>
              <event>
                <sub_title>Myalgias/Arthralgias</sub_title>
                <counts group_id="E1" subjects_affected="12" subjects_at_risk="25"/>
                <counts group_id="E2" subjects_affected="9" subjects_at_risk="26"/>
              </event>
            </event_list>
          </category>
          <category>
            <title>Nervous system disorders</title>
            <event_list>
              <event>
                <sub_title>Neuropathy</sub_title>
                <counts group_id="E1" subjects_affected="14" subjects_at_risk="25"/>
                <counts group_id="E2" subjects_affected="14" subjects_at_risk="26"/>
              </event>
            </event_list>
          </category>
          <category>
            <title>Skin and subcutaneous tissue disorders</title>
            <event_list>
              <event>
                <sub_title>Hand-Foot Syndrome</sub_title>
                <counts group_id="E1" subjects_affected="14" subjects_at_risk="25"/>
                <counts group_id="E2" subjects_affected="18" subjects_at_risk="26"/>
              </event>
              <event>
                <sub_title>Nail changes</sub_title>
                <counts group_id="E1" subjects_affected="14" subjects_at_risk="25"/>
                <counts group_id="E2" subjects_affected="13" subjects_at_risk="26"/>
              </event>
            </event_list>
          </category>
        </category_list>
      </other_events>
    </reported_events>

    <certain_agreements>
      <pi_employee>All Principal Investigators ARE employed by the organization sponsoring the study.</pi_employee>
      <restrictive_agreement>There is NOT an agreement between Principal Investigators and the Sponsor (or its agents) that restricts the PI's rights to discuss or publish trial results after the trial is completed. </restrictive_agreement>
    </certain_agreements>
    <point_of_contact>
      <name_or_title>Dr. Amelia Zelnak</name_or_title>
      <organization>Emory University</organization>
      <phone>404-778-1900</phone>
      <email>amelia.zelnak@emory.edu</email>
    </point_of_contact>
  </clinical_results>
</clinical_study>

