<?xml version="1.0" encoding="UTF-8"?>
<clinical_study rank="308">
  <!-- This xml conforms to an XML Schema at:
    https://clinicaltrials.gov/ct2/html/images/info/public.xsd -->
  <required_header>
    <download_date>ClinicalTrials.gov processed this data on May 26, 2023</download_date>
    <link_text>Link to the current ClinicalTrials.gov record.</link_text>
    <url>https://clinicaltrials.gov/show/NCT02148575</url>
  </required_header>
  <id_info>
    <org_study_id>1307012400</org_study_id>
    <nct_id>NCT02148575</nct_id>
  </id_info>
  <brief_title>Integrating Palliative Care Into Self-Management of Breast Cancer</brief_title>
  <official_title>Integrating Palliative Care Into Self-Management of Breast Cancer</official_title>
  <sponsors>
    <lead_sponsor>
      <agency>Yale University</agency>
      <agency_class>Other</agency_class>
    </lead_sponsor>
  </sponsors>
  <source>Yale University</source>
  <oversight_info>
    <has_dmc>No</has_dmc>
  </oversight_info>
  <brief_summary>
    <textblock>
      The purpose of this study is to test a psycho-educational intervention, Managing Cancer Care:&#xD;
      A Personal Guide (MCC), that is intended to improve patients' knowledge of palliative care&#xD;
      and to facilitate its timely integration into self-management of their breast cancer. The MCC&#xD;
      will be tested with patients with Stage I-IV breast cancer at baseline, one, and three months&#xD;
      following enrollment. The intervention group will receive the MCC, and the attention-control&#xD;
      group will receive a symptom management toolkit. Participants' family caregivers will also be&#xD;
      enrolled to provide information on patients' self-management. Investigators hypothesize that&#xD;
      users of MCC, as compared to attention-control participants, will demonstrate improved&#xD;
      knowledge, feelings, and behaviors related to self-management of their cancer care. This&#xD;
      innovative research can help to establish palliative care as a mainstay of self-management&#xD;
      interventions that target serious illnesses.&#xD;
    </textblock>
  </brief_summary>
  <overall_status>Completed</overall_status>
  <start_date>June 2014</start_date>
  <completion_date type="Actual">January 2017</completion_date>
  <primary_completion_date type="Actual">April 2016</primary_completion_date>
  <phase>N/A</phase>
  <study_type>Interventional</study_type>
  <has_expanded_access>No</has_expanded_access>
  <study_design_info>
    <allocation>Randomized</allocation>
    <intervention_model>Parallel Assignment</intervention_model>
    <primary_purpose>Supportive Care</primary_purpose>
    <masking>Quadruple (Participant, Care Provider, Investigator, Outcomes Assessor)</masking>
  </study_design_info>
  <primary_outcome>
    <measure>Knowledge of Care Options Test</measure>
    <time_frame>1 month</time_frame>
  </primary_outcome>
  <primary_outcome>
    <measure>Knowledge of Care Options Test</measure>
    <time_frame>3 months</time_frame>
  </primary_outcome>
  <primary_outcome>
    <measure>Knowledge of Care Options Test</measure>
    <time_frame>baseline</time_frame>
  </primary_outcome>
  <secondary_outcome>
    <measure>Control Preferences Scale</measure>
    <time_frame>1 month</time_frame>
  </secondary_outcome>
  <secondary_outcome>
    <measure>Medical Communication Competence Scale</measure>
    <time_frame>1 month</time_frame>
  </secondary_outcome>
  <secondary_outcome>
    <measure>Measurement of Transitions Scale</measure>
    <time_frame>1 month</time_frame>
  </secondary_outcome>
  <secondary_outcome>
    <measure>Chronic Disease Self-Efficacy Scale</measure>
    <time_frame>1 month</time_frame>
  </secondary_outcome>
  <secondary_outcome>
    <measure>Hospital Anxiety and Depression Scale</measure>
    <time_frame>1 month</time_frame>
  </secondary_outcome>
  <secondary_outcome>
    <measure>Uncertainty in Illness Scale</measure>
    <time_frame>1 month</time_frame>
  </secondary_outcome>
  <secondary_outcome>
    <measure>Health Care Utilization Form</measure>
    <time_frame>3 months</time_frame>
  </secondary_outcome>
  <secondary_outcome>
    <measure>Goals of Care Conversations Form</measure>
    <time_frame>1 month</time_frame>
  </secondary_outcome>
  <secondary_outcome>
    <measure>Control Preferences Scale</measure>
    <time_frame>3 months</time_frame>
  </secondary_outcome>
  <secondary_outcome>
    <measure>Medical Communication Competence Scale</measure>
    <time_frame>3 months</time_frame>
  </secondary_outcome>
  <secondary_outcome>
    <measure>Measurement of Transitions Scale</measure>
    <time_frame>3 months</time_frame>
  </secondary_outcome>
  <secondary_outcome>
    <measure>Chronic Disease Self-Efficacy Scale</measure>
    <time_frame>3 months</time_frame>
  </secondary_outcome>
  <secondary_outcome>
    <measure>Hospital Anxiety and Depression Scale</measure>
    <time_frame>3 months</time_frame>
  </secondary_outcome>
  <secondary_outcome>
    <measure>Uncertainty in Illness Scale</measure>
    <time_frame>3 months</time_frame>
  </secondary_outcome>
  <secondary_outcome>
    <measure>Goals of Care Conversations Form</measure>
    <time_frame>3 months</time_frame>
  </secondary_outcome>
  <secondary_outcome>
    <measure>Control Preferences Scale</measure>
    <time_frame>baseline</time_frame>
  </secondary_outcome>
  <secondary_outcome>
    <measure>Medical Communication Competence Scale</measure>
    <time_frame>baseline</time_frame>
  </secondary_outcome>
  <secondary_outcome>
    <measure>Measurement of Transitions Scale</measure>
    <time_frame>baseline</time_frame>
  </secondary_outcome>
  <secondary_outcome>
    <measure>Chronic Disease Self-Efficacy Scale</measure>
    <time_frame>baseline</time_frame>
  </secondary_outcome>
  <secondary_outcome>
    <measure>Hospital Anxiety and Depression Scale</measure>
    <time_frame>baseline</time_frame>
  </secondary_outcome>
  <secondary_outcome>
    <measure>Uncertainty in Illness Scale</measure>
    <time_frame>baseline</time_frame>
  </secondary_outcome>
  <secondary_outcome>
    <measure>Goals of Care Conversations Form</measure>
    <time_frame>baseline</time_frame>
  </secondary_outcome>
  <number_of_arms>2</number_of_arms>
  <enrollment type="Actual">109</enrollment>
  <condition>Breast Cancer</condition>
  <arm_group>
    <arm_group_label>Self-Management Group</arm_group_label>
    <arm_group_type>Experimental</arm_group_type>
    <description>Managing Cancer Care: A Personal Guide (MCC) is a set of magazine-format, printed modules that includes information about key self-management topics, worksheets, &quot;conversation starters&quot;, and targeted links to local and internet resources, among other features.</description>
  </arm_group>
  <arm_group>
    <arm_group_label>Symptom Management Group</arm_group_label>
    <arm_group_type>Active Comparator</arm_group_type>
    <description>Participants in the Symptom Management Group will be given a symptom management toolkit that provides information on the most commonly experienced symptoms and side effects of cancer treatment, including fatigue, nausea, and sleep problems, among others. Each chapter includes information on when and why the symptom may occur, how the symptom can be managed, and when to call a provider.</description>
  </arm_group>
  <intervention>
    <intervention_type>Behavioral</intervention_type>
    <intervention_name>Self-Management Group</intervention_name>
    <arm_group_label>Self-Management Group</arm_group_label>
  </intervention>
  <intervention>
    <intervention_type>Behavioral</intervention_type>
    <intervention_name>Symptom Management Group</intervention_name>
    <arm_group_label>Symptom Management Group</arm_group_label>
  </intervention>
  <eligibility>
    <criteria>
      <textblock>
        Inclusion Criteria:&#xD;
&#xD;
          -  Over the age of 21&#xD;
&#xD;
          -  Stage I-IV breast cancer&#xD;
&#xD;
          -  Live in the State of Connecticut&#xD;
&#xD;
          -  Speak English&#xD;
&#xD;
          -  Receiving any kind of treatment for breast cancer&#xD;
&#xD;
          -  Prognosis of at least 6 months&#xD;
      </textblock>
    </criteria>
    <gender>Female</gender>
    <minimum_age>21 Years</minimum_age>
    <maximum_age>N/A</maximum_age>
    <healthy_volunteers>No</healthy_volunteers>
  </eligibility>
  <overall_official>
    <last_name>Dena Schulman-Green, PhD</last_name>
    <role>Principal Investigator</role>
    <affiliation>Principal Investigator</affiliation>
  </overall_official>
  <location>
    <facility>
      <name>Yale-New Haven Hospital</name>
      <address>
        <city>New Haven</city>
        <state>Connecticut</state>
        <zip>06510</zip>
        <country>United States</country>
      </address>
    </facility>
  </location>
  <location>
    <facility>
      <name>Yale School of Nursing</name>
      <address>
        <city>West Haven</city>
        <state>Connecticut</state>
        <zip>06516</zip>
        <country>United States</country>
      </address>
    </facility>
  </location>
  <location_countries>
    <country>United States</country>
  </location_countries>
  <verification_date>June 2016</verification_date>
  <study_first_submitted>May 21, 2014</study_first_submitted>
  <study_first_submitted_qc>May 27, 2014</study_first_submitted_qc>
  <study_first_posted type="Estimate">May 28, 2014</study_first_posted>
  <last_update_submitted>April 25, 2017</last_update_submitted>
  <last_update_submitted_qc>April 25, 2017</last_update_submitted_qc>
  <last_update_posted type="Actual">April 26, 2017</last_update_posted>
  <responsible_party>
    <responsible_party_type>Sponsor</responsible_party_type>
  </responsible_party>
  <keyword>Palliative Care</keyword>
  <keyword>Self-management</keyword>
  <keyword>Breast Cancer</keyword>
  <condition_browse>
    <!-- CAUTION:  The following MeSH terms are assigned with an imperfect algorithm            -->
    <mesh_term>Breast Neoplasms</mesh_term>
  </condition_browse>
  <!-- Results have not yet been posted for this study                                          -->
</clinical_study>

