<?xml version="1.0" encoding="UTF-8"?>
<clinical_study rank="426">
  <!-- This xml conforms to an XML Schema at:
    https://clinicaltrials.gov/ct2/html/images/info/public.xsd -->
  <required_header>
    <download_date>ClinicalTrials.gov processed this data on May 26, 2023</download_date>
    <link_text>Link to the current ClinicalTrials.gov record.</link_text>
    <url>https://clinicaltrials.gov/show/NCT00647790</url>
  </required_header>
  <id_info>
    <org_study_id>05-088</org_study_id>
    <nct_id>NCT00647790</nct_id>
  </id_info>
  <brief_title>Positron Emission Tomography (PET) Using Hormone Receptor Ligands in Breast Cancer</brief_title>
  <official_title>PET Using Hormone Receptor Ligands in Breast Cancer</official_title>
  <sponsors>
    <lead_sponsor>
      <agency>Memorial Sloan Kettering Cancer Center</agency>
      <agency_class>Other</agency_class>
    </lead_sponsor>
    <collaborator>
      <agency>United States Department of Defense</agency>
      <agency_class>U.S. Fed</agency_class>
    </collaborator>
  </sponsors>
  <source>Memorial Sloan Kettering Cancer Center</source>
  <brief_summary>
    <textblock>
      The purpose of this study is to find a way to learn the hormone receptor status of a tumor&#xD;
      before surgery is done. By testing for the hormone receptor proteins, doctors can find out if&#xD;
      the breast cancer uses hormones to grow. This is important since the hormone receptor status&#xD;
      of a tumor helps doctors decide if extra treatment like chemotherapy or pills are needed.&#xD;
    </textblock>
  </brief_summary>
  <overall_status>Completed</overall_status>
  <start_date>November 2006</start_date>
  <completion_date type="Actual">June 2013</completion_date>
  <primary_completion_date type="Actual">June 2013</primary_completion_date>
  <study_type>Observational</study_type>
  <has_expanded_access>No</has_expanded_access>
  <study_design_info>
    <observational_model>Cohort</observational_model>
    <time_perspective>Prospective</time_perspective>
  </study_design_info>
  <primary_outcome>
    <measure>To use estrogen-like ligands labeled with positron emitters to preoperatively evaluate the estrogen receptor (ER) status of breast cancer on PET imaging.</measure>
    <time_frame>conclusion of the study</time_frame>
  </primary_outcome>
  <secondary_outcome>
    <measure>To correlate ER positivity on PET ligand imaging, and conventional immunohistochemical pathologic analysis of ER positivity in surgical specimens.</measure>
    <time_frame>conclusion of the study</time_frame>
  </secondary_outcome>
  <number_of_groups>1</number_of_groups>
  <enrollment type="Actual">79</enrollment>
  <condition>Breast Cancer</condition>
  <arm_group>
    <arm_group_label>1</arm_group_label>
    <description>Patients with a confirmed diagnosis of invasive breast cancer who are undergoing surgery.</description>
  </arm_group>
  <intervention>
    <intervention_type>Procedure</intervention_type>
    <intervention_name>PET scan with injection of 5-8 mCi of 18FES</intervention_name>
    <description>Following injection of the tracer 18FES, dynamic images will be obtained for 30 minutes over the chest area to include cardiac region and breasts. Following the first dynamic imaging for 30 minutes, whole body images (base of skull to pelvis) will be obtained at 5 minute/bed position. An additional, longer scan after 60 minutes will be obtained for the chest (1-2-FOV for 15 minutes each). Total time from injection to completion of imaging will be about 90 minutes.</description>
    <arm_group_label>1</arm_group_label>
  </intervention>
  <biospec_retention>Samples Without DNA</biospec_retention>
  <biospec_descr>
    <textblock>
      Serum blood sample postimaging, Serum Estradiol (female only)&#xD;
    </textblock>
  </biospec_descr>
  <eligibility>
    <study_pop>
      <textblock>
        Breast Clinic&#xD;
      </textblock>
    </study_pop>
    <sampling_method>Non-Probability Sample</sampling_method>
    <criteria>
      <textblock>
        Inclusion Criteria:&#xD;
&#xD;
          -  Male and Female patients&#xD;
&#xD;
          -  Aged 18 or older at the time of breast cancer diagnosis&#xD;
&#xD;
          -  Patients with invasive breast cancer at least 1 cm in size. Patients who have had a&#xD;
             prior surgical excision are eligible provided there is a residual of at least a 1 cm&#xD;
             area suspected on imaging studies.&#xD;
&#xD;
          -  Histopathologic review at MSKCC confirming diagnosis of invasive breast cancer&#xD;
             (ductal, lobular, or inflammatory breast cancer).&#xD;
&#xD;
          -  Patients who are operative candidates. Patient will have surgery to include either&#xD;
             mastectomy or lumpectomy. Radiologic assisted excisions such as needle localization&#xD;
             are also eligible.&#xD;
&#xD;
          -  Patients with bilateral breast cancer are eligible.&#xD;
&#xD;
          -  Patients with metastatic cancer, provided they need surgical biopsy.&#xD;
&#xD;
          -  Patients who are undergoing sentinel node mapping (day before or sameday mapping).&#xD;
&#xD;
          -  Patient must sign informed consent.&#xD;
&#xD;
        Exclusion Criteria:&#xD;
&#xD;
          -  Previous or concurrent malignancy (except basal and squamous skin cancer and stage 0&#xD;
             cervical cancer)&#xD;
&#xD;
          -  Patients who are pregnant or nursing&#xD;
&#xD;
          -  Patients unable to tolerate PET or PET/CT&#xD;
&#xD;
          -  Patients with known active infection, autoimmune or inflammatory disease such as&#xD;
             sarcoidosis, and rheumatoid arthritis.&#xD;
&#xD;
          -  Patients with non invasive breast cancer such as DCIS.&#xD;
&#xD;
          -  Patients who have received prior radiation therapy to the affected breast.&#xD;
&#xD;
          -  Patients who have received prior chemotherapy, including neoadjuvant chemotherapy or&#xD;
             hormonal therapy for breast cancer.&#xD;
&#xD;
          -  Patients living in a residential care or correctional facility.&#xD;
      </textblock>
    </criteria>
    <gender>All</gender>
    <minimum_age>18 Years</minimum_age>
    <maximum_age>N/A</maximum_age>
    <healthy_volunteers>No</healthy_volunteers>
  </eligibility>
  <overall_official>
    <last_name>Mary Gemignani, MD</last_name>
    <role>Principal Investigator</role>
    <affiliation>Memorial Sloan Kettering Cancer Center</affiliation>
  </overall_official>
  <location>
    <facility>
      <name>Memorial Sloan Kettering Cancer Center</name>
      <address>
        <city>New York</city>
        <state>New York</state>
        <zip>10065</zip>
        <country>United States</country>
      </address>
    </facility>
  </location>
  <location_countries>
    <country>United States</country>
  </location_countries>
  <link>
    <url>http://www.mskcc.org</url>
    <description>Memorial Sloan-Kettering Cancer Center</description>
  </link>
  <verification_date>August 2015</verification_date>
  <study_first_submitted>March 28, 2008</study_first_submitted>
  <study_first_submitted_qc>March 31, 2008</study_first_submitted_qc>
  <study_first_posted type="Estimate">April 1, 2008</study_first_posted>
  <last_update_submitted>August 12, 2015</last_update_submitted>
  <last_update_submitted_qc>August 12, 2015</last_update_submitted_qc>
  <last_update_posted type="Estimate">August 13, 2015</last_update_posted>
  <responsible_party>
    <responsible_party_type>Sponsor</responsible_party_type>
  </responsible_party>
  <keyword>PET imaging</keyword>
  <keyword>invasive breast cancer</keyword>
  <condition_browse>
    <!-- CAUTION:  The following MeSH terms are assigned with an imperfect algorithm            -->
    <mesh_term>Breast Neoplasms</mesh_term>
  </condition_browse>
  <!-- Results have not yet been posted for this study                                          -->
</clinical_study>

