<?xml version="1.0" encoding="UTF-8"?>
<clinical_study rank="10">
  <!-- This xml conforms to an XML Schema at:
    https://clinicaltrials.gov/ct2/html/images/info/public.xsd -->
  <required_header>
    <download_date>ClinicalTrials.gov processed this data on May 26, 2023</download_date>
    <link_text>Link to the current ClinicalTrials.gov record.</link_text>
    <url>https://clinicaltrials.gov/show/NCT03641755</url>
  </required_header>
  <id_info>
    <org_study_id>18-223</org_study_id>
    <nct_id>NCT03641755</nct_id>
  </id_info>
  <brief_title>Olaparib + Sapacitabine in BRCA Mutant Breast Cancer</brief_title>
  <official_title>A Phase Ib/II Study of Olaparib With Sapacitabine in BRCA Mutant Breast Cancer</official_title>
  <sponsors>
    <lead_sponsor>
      <agency>Dana-Farber Cancer Institute</agency>
      <agency_class>Other</agency_class>
    </lead_sponsor>
    <collaborator>
      <agency>AstraZeneca</agency>
      <agency_class>Industry</agency_class>
    </collaborator>
    <collaborator>
      <agency>Cyclacel Pharmaceuticals, Inc.</agency>
      <agency_class>Industry</agency_class>
    </collaborator>
  </sponsors>
  <source>Dana-Farber Cancer Institute</source>
  <oversight_info>
    <has_dmc>Yes</has_dmc>
    <is_fda_regulated_drug>Yes</is_fda_regulated_drug>
    <is_fda_regulated_device>No</is_fda_regulated_device>
  </oversight_info>
  <brief_summary>
    <textblock>
      This research study is studying a combination of drugs as a possible treatment for breast&#xD;
      cancer with a BRCA mutation.&#xD;
&#xD;
      The interventions involved in this study are:&#xD;
&#xD;
        -  Sapacitabine (CYC682)&#xD;
&#xD;
        -  Olaparib (Lynparza™)&#xD;
    </textblock>
  </brief_summary>
  <detailed_description>
    <textblock>
      This is a Phase I/II clinical trial. A Phase I clinical trial tests the safety of an&#xD;
      investigational intervention and also tries to define the appropriate dose of the&#xD;
      investigational intervention to use for further studies. &quot;Investigational&quot; means that the&#xD;
      intervention is being studied. It also means that the FDA (the U.S. Food and Drug&#xD;
      Administration) has not approved the combination of Olaparib and Sapacitabine as a treatment&#xD;
      for any disease.&#xD;
&#xD;
      The FDA (the U.S. Food and Drug Administration) has approved Olaparib as a treatment for&#xD;
      metastatic HER2 negative breast cancer with a BRCA mutation. Olaparib is an inhibitor of PARP&#xD;
      (poly [adenosine diphosphate-ribose] polymerase), which means that it stops PARP from&#xD;
      working. PARP is an enzyme (a type of protein) found in the cells of the body. In normal&#xD;
      cells when DNA is damaged, PARP helps to repair the damage.&#xD;
&#xD;
      The FDA has not approved Sapacitabine for use in patients including people with this type of&#xD;
      cancer. Sapacitabine and drugs of its class have been shown to have antitumor properties in&#xD;
      many types of cancer, e.g., leukemia, lung, breast, ovarian, pancreatic and bladder cancer.&#xD;
      Sapacitabine may help to stop the growth of some types of cancers.&#xD;
&#xD;
      In this research study, the investigators are evaluating the safety and effectiveness of&#xD;
      Olaparib in combination with Sapacitabine in BRCA mutant breast cancer.&#xD;
    </textblock>
  </detailed_description>
  <overall_status>Active, not recruiting</overall_status>
  <start_date type="Actual">October 1, 2018</start_date>
  <completion_date type="Anticipated">June 22, 2025</completion_date>
  <primary_completion_date type="Actual">April 27, 2022</primary_completion_date>
  <phase>Phase 1</phase>
  <study_type>Interventional</study_type>
  <has_expanded_access>No</has_expanded_access>
  <study_design_info>
    <allocation>N/A</allocation>
    <intervention_model>Single Group Assignment</intervention_model>
    <primary_purpose>Treatment</primary_purpose>
    <masking>None (Open Label)</masking>
  </study_design_info>
  <primary_outcome>
    <measure>Maximum Tolerated Dose</measure>
    <time_frame>28 days</time_frame>
    <description>The number and type of DLTs as defined in the protocol that occur during the first 28 days of treatment and all maximum grade of all treatment-related adverse events using CTCAE v5.0 will be used to identify a safe and tolerable dose</description>
  </primary_outcome>
  <primary_outcome>
    <measure>Recommended Phase II dose (RPIID)</measure>
    <time_frame>28 days</time_frame>
    <description>The number and type of DLTs as defined in the protocol that occur during the first 28 days of treatment and all maximum grade of all treatment-related adverse events using CTCAE v5.0 will be used to identify a safe and tolerable dose</description>
  </primary_outcome>
  <primary_outcome>
    <measure>Objective Response Rate</measure>
    <time_frame>2 years</time_frame>
    <description>Assessed by RECIST 1.1</description>
  </primary_outcome>
  <secondary_outcome>
    <measure>Progression-Free Survival</measure>
    <time_frame>5 years</time_frame>
    <description>Assessed by RECIST 1.1</description>
  </secondary_outcome>
  <secondary_outcome>
    <measure>Dose Limitity Toxicity</measure>
    <time_frame>28 days</time_frame>
    <description>Toxicities will be defined according to NCI CTCAE, Version 5.0</description>
  </secondary_outcome>
  <number_of_arms>1</number_of_arms>
  <enrollment type="Actual">10</enrollment>
  <condition>Breast Cancer</condition>
  <arm_group>
    <arm_group_label>Olaparib + Sapacitabine</arm_group_label>
    <arm_group_type>Experimental</arm_group_type>
    <description>Olaparib will be administered orally twice daily for each 28-day cycle&#xD;
Sapacitabine will be administered orally once daily on days 1 - 5 and 8 - 12 of every 28-day cycle&#xD;
Olaparib will be given at a predetermined dose&#xD;
Sapacitabine will be given at a predetermined dose</description>
  </arm_group>
  <intervention>
    <intervention_type>Drug</intervention_type>
    <intervention_name>Sapacitabine</intervention_name>
    <description>Sapacitabine may help to stop the growth of some types of cancers</description>
    <arm_group_label>Olaparib + Sapacitabine</arm_group_label>
    <other_name>CYC682</other_name>
  </intervention>
  <intervention>
    <intervention_type>Drug</intervention_type>
    <intervention_name>Olaparib</intervention_name>
    <description>Olaparib is an inhibitor of PARP (poly [adenosine diphosphate-ribose] polymerase), which means that it stops PARP from working</description>
    <arm_group_label>Olaparib + Sapacitabine</arm_group_label>
    <other_name>Lynparza</other_name>
  </intervention>
  <eligibility>
    <criteria>
      <textblock>
        Inclusion Criteria:&#xD;
&#xD;
          -  Histologically or cytologically confirmed breast cancer that is metastatic or&#xD;
             unresectable.&#xD;
&#xD;
          -  Documented germline mutation in BRCA1 or BRCA2 that is predicted to be deleterious or&#xD;
             suspected deleterious (known or predicted to be detrimental/lead to loss of function).&#xD;
             Testing may be completed by any CLIA-certified laboratory.&#xD;
&#xD;
          -  Patients with estrogen and/or progesterone receptor-positive disease must have&#xD;
             received and progressed on at least one endocrine therapy (adjuvant or metastatic), or&#xD;
             have disease that the treating physician believes to be inappropriate for endocrine&#xD;
             therapy.&#xD;
&#xD;
          -  Patients with HER2-positive disease must have received and progressed on two lines of&#xD;
             HER2-directed therapy in the metastatic setting.&#xD;
&#xD;
          -  Age ≥ 18 years&#xD;
&#xD;
          -  ECOG performance status of 0-1 (please see Appendix A).&#xD;
&#xD;
          -  Participants enrolling to the phase I portion of the study must have evaluable or&#xD;
             measurable disease; participants enrolling to the phase II portion of the study must&#xD;
             have measurable disease per RECIST 1.1 criteria (please see Section 11).&#xD;
&#xD;
          -  Adequate organ and bone marrow function as defined below:&#xD;
&#xD;
               -  Hemoglobin ≥ 10 g/dL&#xD;
&#xD;
               -  Absolute neutrophil count (ANC) ≥ 1.5 × 109/L&#xD;
&#xD;
               -  Platelet count ≥ 100 × 109/L&#xD;
&#xD;
               -  Total bilirubin ≤ 1.5 × institutional upper limit of normal (ULN)&#xD;
&#xD;
               -  AST(SGOT) / ALT (SGPT) ≤ 2.5 × institutional ULN, OR&#xD;
&#xD;
               -  AST(SGOT) / ALT (SGPT) ≤ 5 × institutional ULN if liver metastases are present&#xD;
&#xD;
               -  Creatinine Clearance estimated (using the Cockcroft-Gault equation) of ≥ 51&#xD;
                  mL/min&#xD;
&#xD;
          -  Ability to understand and willingness to sign an informed consent document.&#xD;
&#xD;
          -  Ability to swallow and retain oral study medication.&#xD;
&#xD;
          -  Female participants must be postmenopausal or must have a negative serum pregnancy&#xD;
             test performed during screening. Postmenopausal is defined as:&#xD;
&#xD;
               -  Amenorrhoeic for 1 year or more following cessation of exogenous hormonal&#xD;
                  treatments&#xD;
&#xD;
               -  Luteinizing hormone (LH) and follicle stimulating hormone (FSH) levels in the&#xD;
                  postmenopausal range for women under 50.&#xD;
&#xD;
               -  Radiation-induced oophorectomy with last menses &gt;1 year ago&#xD;
&#xD;
               -  Chemotherapy-induced menopause with &gt;1 year interval since last menses&#xD;
&#xD;
               -  Status post surgical sterilization (bilateral oophorectomy or hysterectomy)&#xD;
&#xD;
          -  The effects of sapacitabine and olaparib on the developing human fetus are unknown.&#xD;
             For this reason, women of child-bearing potential must agree to use two highly&#xD;
             effective forms of contraception for the duration of study participation and 6 months&#xD;
             after the last dose of sapacitabine and/or olaparib. Men must agree to use two highly&#xD;
             effective forms of contraception for the duration of study participation and 3 months&#xD;
             after the last dose of sapacitabine and/or olaparib. A list of acceptable methods is&#xD;
             listed in Section 5.5.3.4.&#xD;
&#xD;
          -  Participants must be willing and able to comply with the protocol for the duration of&#xD;
             the study, including undergoing treatment and scheduled visits and examinations.&#xD;
&#xD;
          -  Participants enrolling to the phase II portion of the trial must be willing to undergo&#xD;
             a biopsy at baseline; if their disease is not accessible for biopsy they are still&#xD;
             eligible to participate.&#xD;
&#xD;
        Exclusion Criteria:&#xD;
&#xD;
          -  Any previous treatment with a PARP inhibitor, including but not limited to olaparib.&#xD;
&#xD;
          -  Any previous treatment with sapacitabine.&#xD;
&#xD;
          -  Patients who have had prior systemic chemotherapy, immune therapy, or investigational&#xD;
             therapy within 3 weeks of study entry. Endocrine therapy must have been discontinued&#xD;
             at least 7 days prior to Cycle 1 Day 1. Patients may receive bisphosphonates or&#xD;
             denosumab during the study.&#xD;
&#xD;
          -  Patients who have received prior radiotherapy within 1 week of study entry.&#xD;
&#xD;
          -  Participants with active pneumonitis.&#xD;
&#xD;
          -  Patients who have undergone major surgery or have ongoing persistent toxicities within&#xD;
             2 weeks prior to study entry. Patients must have recovered to baseline or ≤ Grade 1&#xD;
             from any effects of any major surgery prior to study entry with the exception of any&#xD;
             grade of alopecia and persistent grade ≤ 2 peripheral neuropathy&#xD;
&#xD;
          -  For enrollment during phase II: patients who have received more than 3 prior lines of&#xD;
             cytotoxic chemotherapy for metastatic disease. Prior treatments with hormonal therapy&#xD;
             and non-hormonal targeted therapy are allowed and not counted as a prior line of&#xD;
             cytotoxic chemotherapy. For the purposes of this protocol, the combination of an&#xD;
             aromatase inhibitor and everolimus is not considered cytotoxic chemotherapy.&#xD;
&#xD;
          -  Patients with a history of treated central nervous system (CNS) metastases are&#xD;
             eligible, provided they meet all of the following criteria:&#xD;
&#xD;
               -  Disease outside the CNS is present&#xD;
&#xD;
               -  No clinical evidence of progression in the CNS since completion of CNS-directed&#xD;
                  therapy&#xD;
&#xD;
               -  Minimum of 2 weeks between completion of radiotherapy and Cycle 1 Day 1&#xD;
&#xD;
               -  Recovery from significant (≥ Grade 3) acute toxicity with no requirement for&#xD;
                  escalating doses of corticosteroid over the 7 days prior to treatment start.&#xD;
&#xD;
               -  Participants requiring concomitant use of known strong CYP3A inhibitors (e.g.&#xD;
                  itraconazole, telithromycin, clarithromycin, protease inhibitors boosted with&#xD;
                  ritonavir or cobicistat, indinavir, saquinavir, nelfinavir, boceprevir,&#xD;
                  telaprevir) or moderate CYP3A inhibitors (e.g. ciprofloxacin, erythromycin,&#xD;
                  diltiazem, fluconazole, verapamil). The required washout period prior to study&#xD;
                  entry is 2 weeks.&#xD;
&#xD;
          -  Participants requiring concomitant use of known strong (e.g. phenobarbital,&#xD;
             enzalutamide, phenytoin, rifampicin, rifabutin, rifapentine, carbamazepine, nevirapine&#xD;
             and St John's Wort) or moderate CYP3A inducers (e.g. bosentan, efavirenz, modafinil).&#xD;
             The required washout period prior to study entry is 5 weeks for enzalutamide or&#xD;
             phenobarbital and 3 weeks for other agents.&#xD;
&#xD;
          -  Participants with a QTcF of &gt;470 msec on screening ECG.&#xD;
&#xD;
          -  Participants with a personal or family history of long QT syndrome.&#xD;
&#xD;
          -  Pregnant women are excluded from this study because olaparib and sapacitabine are&#xD;
             agents with the potential for teratogenic or abortifacient effects. Because there is&#xD;
             an unknown but potential risk for adverse events in nursing infants secondary to&#xD;
             treatment of the mother with the study agents, breastfeeding should be discontinued if&#xD;
             the mother is treated with olaparib or sapacitabine and for one month after receiving&#xD;
             the last dose.&#xD;
&#xD;
          -  Participants with known active Hepatitis B, C, or known HIV positive status.&#xD;
&#xD;
          -  Participants unable to swallow orally administered medication and participants with&#xD;
             gastrointestinal disorders that are likely to interfere with absorption of the study&#xD;
             medications in the opinion of the treating investigator (e.g. malabsorption syndrome&#xD;
             or major stomach or bowel resections).&#xD;
&#xD;
          -  History of allergic reactions attributed to compounds of similar chemical or biologic&#xD;
             composition to sapacitabine or olaparib.&#xD;
&#xD;
          -  Patients with a history of myelodysplastic syndrome (MDS)/acute myeloid leukemia (AML)&#xD;
             or with features suggestive of MDS/AML.&#xD;
&#xD;
          -  History of a previous allogeneic bone marrow transplant or double umbilical cord blood&#xD;
             transplantation.&#xD;
&#xD;
          -  Patients with a history of a second primary malignancy, with the following exceptions:&#xD;
             adequately treated non-melanoma skin cancers, curatively treated in situ cancer of the&#xD;
             cervix, ductal carcinoma in situ (DCIS) of the breast, stage 1 grade 1 endometrial&#xD;
             carcinoma, and any other solid tumor or lymphoma (without bone marrow involvement)&#xD;
             diagnosed ≥ 5 years prior to study entry and treated with no evidence of disease&#xD;
             recurrence; other exceptions may exist following agreement with the principal&#xD;
             investigator who believes disease recurrence is unlikely.&#xD;
&#xD;
          -  Uncontrolled intercurrent illness including, but not limited to, ongoing or active&#xD;
             infection, symptomatic congestive heart failure, unstable angina pectoris, cardiac&#xD;
             arrhythmia, or psychiatric illness/social situations that would limit compliance with&#xD;
             study requirements.&#xD;
&#xD;
          -  Participants who are involved in the planning and/or conduct of the study (applies to&#xD;
             both pharmaceutical company staff and/or staff at the study site).&#xD;
      </textblock>
    </criteria>
    <gender>All</gender>
    <minimum_age>18 Years</minimum_age>
    <maximum_age>N/A</maximum_age>
    <healthy_volunteers>No</healthy_volunteers>
  </eligibility>
  <overall_official>
    <last_name>Filipa Lynce, MD</last_name>
    <role>Principal Investigator</role>
    <affiliation>Dana-Farber Cancer Institute</affiliation>
  </overall_official>
  <location>
    <facility>
      <name>Dana Farber Cancer Institute</name>
      <address>
        <city>Boston</city>
        <state>Massachusetts</state>
        <zip>02215</zip>
        <country>United States</country>
      </address>
    </facility>
  </location>
  <location>
    <facility>
      <name>Broad Institute of MIT</name>
      <address>
        <city>Cambridge</city>
        <state>Massachusetts</state>
        <zip>02142</zip>
        <country>United States</country>
      </address>
    </facility>
  </location>
  <location_countries>
    <country>United States</country>
  </location_countries>
  <verification_date>May 2022</verification_date>
  <study_first_submitted>August 20, 2018</study_first_submitted>
  <study_first_submitted_qc>August 20, 2018</study_first_submitted_qc>
  <study_first_posted type="Actual">August 22, 2018</study_first_posted>
  <last_update_submitted>May 2, 2022</last_update_submitted>
  <last_update_submitted_qc>May 2, 2022</last_update_submitted_qc>
  <last_update_posted type="Actual">May 4, 2022</last_update_posted>
  <responsible_party>
    <responsible_party_type>Principal Investigator</responsible_party_type>
    <investigator_affiliation>Dana-Farber Cancer Institute</investigator_affiliation>
    <investigator_full_name>Filipa Lynce, MD</investigator_full_name>
    <investigator_title>Principal Investigator</investigator_title>
  </responsible_party>
  <keyword>Breast Cancer</keyword>
  <condition_browse>
    <!-- CAUTION:  The following MeSH terms are assigned with an imperfect algorithm            -->
    <mesh_term>Breast Neoplasms</mesh_term>
  </condition_browse>
  <intervention_browse>
    <!-- CAUTION:  The following MeSH terms are assigned with an imperfect algorithm            -->
    <mesh_term>Olaparib</mesh_term>
    <mesh_term>Sapacitabine</mesh_term>
  </intervention_browse>
  <patient_data>
    <sharing_ipd>No</sharing_ipd>
  </patient_data>
  <pending_results>
    <submitted>March 20, 2023</submitted>
  </pending_results>
  <!-- Results have not yet been posted for this study                                          -->
</clinical_study>

