{"protocolSection":{"identificationModule":{"nctId":"NCT01750320","orgStudyIdInfo":{"id":"KBCT-004"},"secondaryIdInfos":[{"id":"W81XWH-09-1-0441","type":"OTHER_GRANT","domain":"Department of Defense (DOD) Telemedicine and Advanced Technology Research Center (TATRC)"}],"organization":{"fullName":"Koning Corporation","class":"INDUSTRY"},"briefTitle":"Koning Breast Computed Tomography Guided Biopsy","officialTitle":"Koning Breast CT-guided Biopsy Phase I Trial"},"statusModule":{"statusVerifiedDate":"2018-03","overallStatus":"COMPLETED","expandedAccessInfo":{"hasExpandedAccess":false},"startDateStruct":{"date":"2012-08"},"primaryCompletionDateStruct":{"date":"2015-12","type":"ACTUAL"},"completionDateStruct":{"date":"2015-12","type":"ACTUAL"},"studyFirstSubmitDate":"2012-12-12","studyFirstSubmitQcDate":"2012-12-12","studyFirstPostDateStruct":{"date":"2012-12-17","type":"ESTIMATED"},"lastUpdateSubmitDate":"2018-03-05","lastUpdatePostDateStruct":{"date":"2018-03-07","type":"ACTUAL"}},"sponsorCollaboratorsModule":{"responsibleParty":{"type":"SPONSOR"},"leadSponsor":{"name":"Koning Corporation","class":"INDUSTRY"},"collaborators":[{"name":"Elizabeth Wende Breast Care, LLC","class":"OTHER"}]},"oversightModule":{"oversightHasDmc":true},"descriptionModule":{"briefSummary":"The primary aim of this study is to show that the accuracy of Koning Breast CT-guided biopsy is at least equivalent to that of stereotactic-guided biopsy."},"conditionsModule":{"conditions":["Breast Cancer"],"keywords":["Breast CT","Biopsy"]},"designModule":{"studyType":"INTERVENTIONAL","phases":["PHASE1"],"designInfo":{"allocation":"NA","interventionModel":"SINGLE_GROUP","primaryPurpose":"DIAGNOSTIC","maskingInfo":{"masking":"NONE"}},"enrollmentInfo":{"count":4,"type":"ACTUAL"}},"armsInterventionsModule":{"armGroups":[{"label":"Koning Breast CT - guided Biopsy","type":"EXPERIMENTAL","interventionNames":["Device: Koning Breast CT-guided Biopsy"]}],"interventions":[{"type":"DEVICE","name":"Koning Breast CT-guided Biopsy","description":"The breast will be positioned and stabilized in the grid/compression device. Four KBCT scans will be taken to guide the vacuum-assisted biopsy procedure.","armGroupLabels":["Koning Breast CT - guided Biopsy"]}]},"outcomesModule":{"primaryOutcomes":[{"measure":"The accuracy of Koning breast CT-guided biopsy","description":"The goal of this study is to evaluate the concordance of Koning Breast CT-guided Biopsy (KBCT-GBx) results to diagnostic work-up imaging (at least mammographic) and KBCT imaging and to verify that the localization and guidance accuracy of KBCT-GBx is at least equivalent to stereotactic-guided biopsy to validate the localization and guidance accuracy of KBCT-GBx.","timeFrame":"about 1 year"}]},"eligibilityModule":{"eligibilityCriteria":"Inclusion Criteria:\n\n* Female at least 35 years of age of any ethnicity\n* Lesion seen on mammography\n* Diagnostic report read as BI-RADS 4 or 5\n* Will undergo biopsy no later than four weeks from date of mammogram\n* Is able to undergo informed consent\n\nExclusion Criteria:\n\n* Pregnancy\n* Lactation\n* Subjects with breast implants\n* Subjects with physical limitations that may prohibit resting prone on the exam table, such as, but not limited to: frozen shoulder, recent heart surgery, pacemaker.\n* Subjects who are unable to tolerate study constraints.\n* Subjects who have received radiation treatments to the thorax for malignant and nonmalignant conditions, such as (but not limited to)\n\n  * Treatment for enlarged thymus gland as an infant\n  * Irradiation for benign breast conditions, including breast inflammation after giving birth\n  * Treatment for Hodgkins disease\n* Subjects who have participated in a prior breast clinical trial that gave additional radiation dose, such as an additional mammogram.\n* Subjects who have received large numbers of diagnostic x-ray examinations for monitoring of disease such as (but not limited to)\n\n  * Tuberculosis\n  * Severe scoliosis","healthyVolunteers":false,"sex":"FEMALE","minimumAge":"35 Years","stdAges":["ADULT","OLDER_ADULT"]},"contactsLocationsModule":{"locations":[{"facility":"Elizabeth Wende Breast Care","city":"Rochester","state":"New York","zip":"14620","country":"United States","geoPoint":{"lat":43.15478,"lon":-77.61556}}],"locations_nested":[{"facility":"Elizabeth Wende Breast Care","city":"Rochester","state":"New York","zip":"14620","country":"United States","geoPoint":{"lat":43.15478,"lon":-77.61556}}]}},"derivedSection":{"miscInfoModule":{"versionHolder":"2023-07-03","modelPredictions":{"bmiLimits":{"minBmi":0.00,"maxBmi":101.00}}},"conditionBrowseModule":{"browseLeaves":[{"id":"M4910","name":"Breast Neoplasms","relevance":"LOW"}],"browseBranches":[{"abbrev":"BC04","name":"Neoplasms"},{"abbrev":"BC17","name":"Skin and Connective Tissue Diseases"},{"abbrev":"All","name":"All Conditions"}]},"interventionBrowseModule":{}},"hasResults":false}