<?xml version="1.0" encoding="UTF-8"?>
<clinical_study rank="279">
  <!-- This xml conforms to an XML Schema at:
    https://clinicaltrials.gov/ct2/html/images/info/public.xsd -->
  <required_header>
    <download_date>ClinicalTrials.gov processed this data on May 26, 2023</download_date>
    <link_text>Link to the current ClinicalTrials.gov record.</link_text>
    <url>https://clinicaltrials.gov/show/NCT00191243</url>
  </required_header>
  <id_info>
    <org_study_id>5758</org_study_id>
    <secondary_id>B9E-MC-S241</secondary_id>
    <nct_id>NCT00191243</nct_id>
  </id_info>
  <brief_title>Docetaxel vs. Docetaxel-Gemcitabine in Breast Cancer</brief_title>
  <official_title>A Randomized Phase II Study Comparing Single-Agent Docetaxel to Alternating Docetaxel-Gemcitabine as Primary Chemotherapy in Patients With Metastatic Breast Cancer</official_title>
  <sponsors>
    <lead_sponsor>
      <agency>Eli Lilly and Company</agency>
      <agency_class>Industry</agency_class>
    </lead_sponsor>
  </sponsors>
  <source>Eli Lilly and Company</source>
  <oversight_info>
    <has_dmc>No</has_dmc>
  </oversight_info>
  <brief_summary>
    <textblock>
      Randomized,non-blinded,multi-center study in patients with metastatic breast cancer.Patients&#xD;
      will be treated with docetaxel or docetaxel-gemcitabine.&#xD;
&#xD;
      Aim of the study is to assess the optimal dosage and safety in this setting.&#xD;
    </textblock>
  </brief_summary>
  <overall_status>Completed</overall_status>
  <start_date>March 2002</start_date>
  <completion_date type="Actual">April 2009</completion_date>
  <primary_completion_date type="Actual">August 2007</primary_completion_date>
  <phase>Phase 2</phase>
  <study_type>Interventional</study_type>
  <has_expanded_access>No</has_expanded_access>
  <study_design_info>
    <allocation>Randomized</allocation>
    <intervention_model>Parallel Assignment</intervention_model>
    <primary_purpose>Treatment</primary_purpose>
    <masking>None (Open Label)</masking>
  </study_design_info>
  <primary_outcome>
    <measure>Time to treatment failure (TTTF)</measure>
    <time_frame>baseline to stopping treatment</time_frame>
  </primary_outcome>
  <secondary_outcome>
    <measure>Response rate</measure>
    <time_frame>baseline to measured progressive disease</time_frame>
  </secondary_outcome>
  <secondary_outcome>
    <measure>Duration of response</measure>
    <time_frame>time of response to progressive disease</time_frame>
  </secondary_outcome>
  <secondary_outcome>
    <measure>Overall survival</measure>
    <time_frame>baseline to date of death from any cause</time_frame>
  </secondary_outcome>
  <secondary_outcome>
    <measure>Time to progressive disease</measure>
    <time_frame>baseline to measured progressive disease</time_frame>
  </secondary_outcome>
  <number_of_arms>2</number_of_arms>
  <enrollment type="Actual">237</enrollment>
  <condition>Breast Cancer</condition>
  <arm_group>
    <arm_group_label>A</arm_group_label>
    <arm_group_type>Experimental</arm_group_type>
  </arm_group>
  <arm_group>
    <arm_group_label>B</arm_group_label>
    <arm_group_type>Experimental</arm_group_type>
  </arm_group>
  <intervention>
    <intervention_type>Drug</intervention_type>
    <intervention_name>Gemcitabine</intervention_name>
    <description>A: second line therapy - 1000 mg/m2, IV, day 1 and day 8 q 21 days until disease progression&#xD;
B: 1000 mg/m2, IV, day 1 and day 8 q 21 days, until treatment failure</description>
    <arm_group_label>A</arm_group_label>
    <arm_group_label>B</arm_group_label>
    <other_name>LY188011</other_name>
    <other_name>Gemzar</other_name>
  </intervention>
  <intervention>
    <intervention_type>Drug</intervention_type>
    <intervention_name>docetaxel</intervention_name>
    <description>A: 80 mg/m2, IV, q 21 days until treatment failure followed by second line single agent gemcitabine&#xD;
B: 80 mg/m2, IV, q 21 days until treatment failure</description>
    <arm_group_label>A</arm_group_label>
    <arm_group_label>B</arm_group_label>
  </intervention>
  <eligibility>
    <criteria>
      <textblock>
        Inclusion Criteria:&#xD;
&#xD;
          -  histologically verified diagnosis of breast carcinoma, at first diagnosis&#xD;
&#xD;
          -  restricted previous adjuvant chemotherapy (completed &gt;6 months prior the study)&#xD;
&#xD;
          -  measurable and/or non-measurable disease&#xD;
&#xD;
          -  previous radiotherapy is allowed if:terminated at least 10 days prior the sudy&#xD;
             therapy, at least one target lesion for evaluation of tumor response has not been&#xD;
             irradiated&#xD;
&#xD;
          -  performance status 0-2 (WHO, Zubrod)&#xD;
&#xD;
          -  adequate bone marrow reserve defined&#xD;
&#xD;
          -  adequate liver / renal functions defined&#xD;
&#xD;
        Exclusion Criteria:&#xD;
&#xD;
          -  any prior systematic chemotherapy for metastatic breast cancer&#xD;
&#xD;
          -  expected survival time less than 12 weeks&#xD;
&#xD;
          -  past or current history of malignant neoplasm other than breast carcinoma&#xD;
&#xD;
               -  except for cured non-melanoma skin cancer or curatively treated in situ carcinoma&#xD;
                  of the cervix uteri&#xD;
&#xD;
          -  known brain metastases/leptomeningeal involvement&#xD;
&#xD;
          -  active uncontrolled infection&#xD;
&#xD;
          -  symptomatic peripheral neuropathy &gt; grade 2 according to NCI&#xD;
&#xD;
          -  patients whose lesions are assessable only by radionuclide scan or patients with&#xD;
             sclerotic bone lesions as the only site of disease&#xD;
&#xD;
          -  concomitant illness that is contraindication to the use of corticosteroids&#xD;
&#xD;
          -  other concomitant serious illness or medical condition, which may worsen due to the&#xD;
             treatment&#xD;
      </textblock>
    </criteria>
    <gender>Female</gender>
    <minimum_age>18 Years</minimum_age>
    <maximum_age>70 Years</maximum_age>
    <healthy_volunteers>No</healthy_volunteers>
  </eligibility>
  <overall_official>
    <last_name>Call 1-877-CTLILLY (1-877-285-4559) or 1-317-615-4559 Mon-Fri from 9AM to 5PM Eastern time (UTC/GMT - 5 hours, EST)</last_name>
    <role>Study Director</role>
    <affiliation>Eli Lilly and Company</affiliation>
  </overall_official>
  <location>
    <facility>
      <name>For additional information regarding investigative sites for this trial, contact 1-877-CT-LILLY (1-877-285-4559, 1-317-615-4559) Mon-Fri from 9AM to 5PM Eastern Time (UTC/GMT - 5 hours, EST), or speak with your personal physician.</name>
      <address>
        <city>Hameenlinna</city>
        <country>Finland</country>
      </address>
    </facility>
  </location>
  <location>
    <facility>
      <name>For additional information regarding investigative sites for this trial, contact 1-877-CT-LILLY (1-877-285-4559, 1-317-615-4559) Mon-Fri from 9AM to 5PM Eastern Time (UTC/GMT - 5 hours, EST), or speak with your personal physician.</name>
      <address>
        <city>Helsinki</city>
        <country>Finland</country>
      </address>
    </facility>
  </location>
  <location>
    <facility>
      <name>For additional information regarding investigative sites for this trial, contact 1-877-CT-LILLY (1-877-285-4559, 1-317-615-4559) Mon-Fri from 9AM to 5PM Eastern Time (UTC/GMT - 5 hours, EST), or speak with your personal physician.</name>
      <address>
        <city>Jyvaskyla</city>
        <country>Finland</country>
      </address>
    </facility>
  </location>
  <location>
    <facility>
      <name>For additional information regarding investigative sites for this trial, contact 1-877-CT-LILLY (1-877-285-4559, 1-317-615-4559) Mon-Fri from 9AM to 5PM Eastern Time (UTC/GMT - 5 hours, EST), or speak with your personal physician.</name>
      <address>
        <city>Lappeenranta</city>
        <country>Finland</country>
      </address>
    </facility>
  </location>
  <location>
    <facility>
      <name>For additional information regarding investigative sites for this trial, contact 1-877-CT-LILLY (1-877-285-4559, 1-317-615-4559) Mon-Fri from 9AM to 5PM Eastern Time (UTC/GMT - 5 hours, EST), or speak with your personal physician.</name>
      <address>
        <city>Oulu</city>
        <country>Finland</country>
      </address>
    </facility>
  </location>
  <location>
    <facility>
      <name>For additional information regarding investigative sites for this trial, contact 1-877-CT-LILLY (1-877-285-4559, 1-317-615-4559) Mon-Fri from 9AM to 5PM Eastern Time (UTC/GMT - 5 hours, EST), or speak with your personal physician.</name>
      <address>
        <city>Pikonlinna</city>
        <country>Finland</country>
      </address>
    </facility>
  </location>
  <location>
    <facility>
      <name>For additional information regarding investigative sites for this trial, contact 1-877-CT-LILLY (1-877-285-4559, 1-317-615-4559) Mon-Fri from 9AM to 5PM Eastern Time (UTC/GMT - 5 hours, EST), or speak with your personal physician.</name>
      <address>
        <city>Pori</city>
        <country>Finland</country>
      </address>
    </facility>
  </location>
  <location>
    <facility>
      <name>For additional information regarding investigative sites for this trial, contact 1-877-CT-LILLY (1-877-285-4559, 1-317-615-4559) Mon-Fri from 9AM to 5PM Eastern Time (UTC/GMT - 5 hours, EST), or speak with your personal physician.</name>
      <address>
        <city>Turku</city>
        <country>Finland</country>
      </address>
    </facility>
  </location>
  <location_countries>
    <country>Finland</country>
  </location_countries>
  <results_reference>
    <citation>Joensuu H, Sailas L, Alanko T, Sunela K, Huuhtanen R, Utriainen M, Kokko R, Bono P, Wigren T, Pyrhonen S, Turpeenniemi-Hujanen T, Asola R, Leinonen M, Hahka-Kemppinen M, Kellokumpu-Lehtinen P. Docetaxel versus docetaxel alternating with gemcitabine as treatments of advanced breast cancer: final analysis of a randomised trial. Ann Oncol. 2010 May;21(5):968-73. doi: 10.1093/annonc/mdp397. Epub 2009 Oct 9.</citation>
    <PMID>19819914</PMID>
  </results_reference>
  <verification_date>September 2019</verification_date>
  <study_first_submitted>September 12, 2005</study_first_submitted>
  <study_first_submitted_qc>September 12, 2005</study_first_submitted_qc>
  <study_first_posted type="Estimate">September 19, 2005</study_first_posted>
  <last_update_submitted>September 10, 2019</last_update_submitted>
  <last_update_submitted_qc>September 10, 2019</last_update_submitted_qc>
  <last_update_posted type="Actual">September 12, 2019</last_update_posted>
  <responsible_party>
    <responsible_party_type>Sponsor</responsible_party_type>
  </responsible_party>
  <keyword>breast cancer</keyword>
  <condition_browse>
    <!-- CAUTION:  The following MeSH terms are assigned with an imperfect algorithm            -->
    <mesh_term>Breast Neoplasms</mesh_term>
  </condition_browse>
  <intervention_browse>
    <!-- CAUTION:  The following MeSH terms are assigned with an imperfect algorithm            -->
    <mesh_term>Gemcitabine</mesh_term>
    <mesh_term>Docetaxel</mesh_term>
  </intervention_browse>
  <patient_data>
    <sharing_ipd>Yes</sharing_ipd>
    <ipd_description>Anonymized individual patient level data will be provided in a secure access environment upon approval of a research proposal and a signed data sharing agreement.</ipd_description>
    <ipd_info_type>Study Protocol</ipd_info_type>
    <ipd_info_type>Statistical Analysis Plan (SAP)</ipd_info_type>
    <ipd_info_type>Clinical Study Report (CSR)</ipd_info_type>
    <ipd_time_frame>Data are available 6 months after the primary publication and approval of the indication studied in the US and EU, whichever is later. Data will be indefinitely available for requesting.</ipd_time_frame>
    <ipd_access_criteria>A research proposal must be approved by an independent review panel and researchers must sign a data sharing agreement.</ipd_access_criteria>
    <ipd_url>https://vivli.org/</ipd_url>
  </patient_data>
  <!-- Results have not yet been posted for this study                                          -->
</clinical_study>

