<?xml version="1.0" encoding="UTF-8"?>
<clinical_study rank="49">
  <!-- This xml conforms to an XML Schema at:
    https://clinicaltrials.gov/ct2/html/images/info/public.xsd -->
  <required_header>
    <download_date>ClinicalTrials.gov processed this data on May 26, 2023</download_date>
    <link_text>Link to the current ClinicalTrials.gov record.</link_text>
    <url>https://clinicaltrials.gov/show/NCT05058196</url>
  </required_header>
  <id_info>
    <org_study_id>UC-0107/1903</org_study_id>
    <nct_id>NCT05058196</nct_id>
  </id_info>
  <brief_title>Patient's Choice in the Reduction of Their Treatment in Women Over 65 Year With Breast Cancer</brief_title>
  <acronym>CARTE</acronym>
  <official_title>Choice And Real Experience of Therapeutic deEscalation in Women Over 65 Year With Breast Cancer (CARTE)</official_title>
  <sponsors>
    <lead_sponsor>
      <agency>UNICANCER</agency>
      <agency_class>Other</agency_class>
    </lead_sponsor>
  </sponsors>
  <source>UNICANCER</source>
  <oversight_info>
    <has_dmc>No</has_dmc>
    <is_fda_regulated_drug>No</is_fda_regulated_drug>
    <is_fda_regulated_device>No</is_fda_regulated_device>
  </oversight_info>
  <brief_summary>
    <textblock>
      Standard treatment for women with early breast cancer (HR+, HER2-, T1N0) consists of the&#xD;
      removal of the tumor from the breast by surgery with or without chemotherapy, followed by a&#xD;
      whole-breast radiation therapy (usually one radiation treatment a day, five days a week, for&#xD;
      3 to 6 weeks)&#xD;
&#xD;
      In some cases, for elderly patients older than 65 years with other associated pathologies,&#xD;
      therapeutic de-escalation might be proposed in order to reduce the radiation doses received.&#xD;
      Two options can be considered:&#xD;
&#xD;
        -  Intraoperative radiotherapy: radiation is delivered in a single dose directly to the&#xD;
           tumor bed during the surgery.&#xD;
&#xD;
        -  Radiotherapy omission&#xD;
&#xD;
      These three treatment options (whole-breast radiation therapy, Intraoperative radiotherapy or&#xD;
      -Radiotherapy omission) have advantages and disadvantages. Intraoperative radiotherapy allows&#xD;
      a targeted treatment and avoids several weeks of daily radiation. Radiotherapy omission&#xD;
      prevents acute or late toxicities of the radiotherapy, as well as the constraints of daily&#xD;
      travel over a period of 3 to 6 weeks.&#xD;
&#xD;
      The aim of this trial is to offer patients aged 65 and over with early breast cancer, after&#xD;
      surgery, these three treatment options and to study the choice and experience of treatment by&#xD;
      patients. This study will assess the reasons that prompted patients to choose one of the&#xD;
      three treatment options, the impact of medical and personal characteristics on this choice&#xD;
      and the experience of therapeutic de-escalation as well as its effects, in particular on the&#xD;
      course of care.&#xD;
&#xD;
      This assessment will be carried out with self-administered questionnaires before and after&#xD;
      the choice of treatment.&#xD;
&#xD;
      In addition, to standardize the information given to patients in order to support them in&#xD;
      their treatment choice and promote patient involvement in treatment decision-making, an&#xD;
      encounter decision aid will be available for the patients. This encounter will detail the&#xD;
      advantages and disadvantages of the three treatment options and will help in discussions with&#xD;
      the physicians to determine the best choice of treatment.&#xD;
    </textblock>
  </brief_summary>
  <detailed_description>
    <textblock>
      Current demographic trends lead to an increasing number of breast cancers among 70+ women. In&#xD;
      this population, adjuvant whole-breast radiation therapy (WBRT) after breast conserving&#xD;
      surgery has proven its advantage on local control, but does not improve survival. Some&#xD;
      experts are thus advocating WBRT omission.&#xD;
&#xD;
      In this context of limited life expectancy and of frequent comorbidities, therapeutic&#xD;
      de-escalation (DE) might be proposed. Two options of de-escalation have been considered: (1)&#xD;
      omission of adjuvant breast irradiation and (2) limiting the breast irradiated volume through&#xD;
      a single-dose targeted intraoperative radiotherapy (IORT). As each of the three options&#xD;
      (standard WBRT, IORT or no irradiation at all) has significant harms and benefits, treatment&#xD;
      decision-making should not rely on the physician's opinion only.&#xD;
&#xD;
      A recent study has shown that in this context older women desire information and have more&#xD;
      agency and input in the decision-making process than prior literature would suggest. The&#xD;
      impact of therapeutic de-escalation on objective indicators and on patient reported outcomes&#xD;
      must be investigated in current clinical practice, as uncertainties and doubt are likely to&#xD;
      affect the decision-making process. When there is no definitive evidence to favour a&#xD;
      treatment decision, assessing the patients' values and preferences appear to be of great&#xD;
      relevance and value. Thus, the impact of therapeutic de-escalation on objective indicators&#xD;
      and on patient reported outcomes (PROs) and experience (PRE) must be investigated, as&#xD;
      uncertainty is likely to affect the decision-making process. We therefore propose to study&#xD;
      the women's choice and experience of de-escalation of radiotherapy.&#xD;
&#xD;
      An encounter decision aid will be used to standardize the information provided about the&#xD;
      three options and their outcomes. A prospective multicentre study using self-administered&#xD;
      questionnaires before and after treatment decision making will then examine:&#xD;
&#xD;
        -  the patient's choice and the impact of medical and patients' characteristics on this&#xD;
           choice,&#xD;
&#xD;
        -  the reason for the therapeutic choice from the patient's point of view,&#xD;
&#xD;
        -  the experience of DE (patient-reported outcomes), and its medical effects (including&#xD;
           care trajectories).&#xD;
&#xD;
      This study will document the rate and reasons of DE choice among French elderly early breast&#xD;
      cancer patients. The results should facilitate the physician's reasoning at the time of&#xD;
      treatment decision, and will also help patients (and their relatives) become better informed&#xD;
      of the potential consequences of their choices. Developing a patient decision aid might also&#xD;
      promote higher quality choices and shared decision-making in this context.&#xD;
    </textblock>
  </detailed_description>
  <overall_status>Recruiting</overall_status>
  <start_date type="Actual">October 1, 2021</start_date>
  <completion_date type="Anticipated">September 2025</completion_date>
  <primary_completion_date type="Anticipated">September 2023</primary_completion_date>
  <phase>N/A</phase>
  <study_type>Interventional</study_type>
  <has_expanded_access>No</has_expanded_access>
  <study_design_info>
    <allocation>Non-Randomized</allocation>
    <intervention_model>Parallel Assignment</intervention_model>
    <primary_purpose>Treatment</primary_purpose>
    <masking>None (Open Label)</masking>
  </study_design_info>
  <primary_outcome>
    <measure>Patient's choice when de-escalation is proposed between whole breast radiotherapy (WBRT), Intra Operative Radiotherapy (IORT) or no radiotherapy (RT).</measure>
    <time_frame>At baseline</time_frame>
    <description>Assess the rate for each strategy of treatment chosen (WBRT, IORT or no RT) (decision made) by the patient.</description>
  </primary_outcome>
  <secondary_outcome>
    <measure>Final treatment received (WBRT, IORT or no RT)</measure>
    <time_frame>6 weeks maximum (two weeks after surgery)</time_frame>
    <description>Collection of final treatment (WBRT, IORT or no RT) to check for potential changes after the decision was made</description>
  </secondary_outcome>
  <secondary_outcome>
    <measure>Reason for the therapeutic choice from the patient's point of view</measure>
    <time_frame>6 weeks maximum (two weeks after surgery)</time_frame>
    <description>The patients must indicate the level of importance of the delivered information to decide their treatment strategy option by assigning a score from 0 to 10 (ie, duration of the surgery, number of radiotherapy sessions, need for additional medical examinations ...)</description>
  </secondary_outcome>
  <secondary_outcome>
    <measure>Encounter decision aid (EDA) rate of use</measure>
    <time_frame>At baseline</time_frame>
    <description>This encounter decision aid has been developed in collaboration with patients, radiation oncologists, communication specialists, and the US research team who developed the first EDAs. The developed EDA presents the main similarities and differences between the 3 treatment options using the main reasons to choose or decline therapeutic de-escalation elicited by the preliminary qualitative study and by previous literature on patients' preferences and information needs.</description>
  </secondary_outcome>
  <secondary_outcome>
    <measure>Geriatric Core Dataset (G-CODE)</measure>
    <time_frame>At baseline</time_frame>
    <description>The G-CODE is a minimum set of geriatric data to be collected in cancer trials. It was developed after a Delphi consensus method with international agreement. The G-CODE has ten tools/items and a median completion time of 9 min. It allows for a minimal geriatric description of the older cancer population and standardization of geriatric data, enabling comparison across trials. The items within the G-CODE are the following: (1) social assessment: living alone or support requested to stay at home; (2) functional autonomy: Activities of Daily Living (ADL) questionnaire and short instrumental ADL questionnaire; (3) mobility: Timed Up and Go test; (4) nutrition: weight loss during the past 6 months and body mass index; (5) cognition: Mini-Cog test; (6) mood: mini- Geriatric Depression Scale and (7) comorbidity: updated Charlson Comorbidity Index. The total scale range 0-62. High score indicate better condition.</description>
  </secondary_outcome>
  <secondary_outcome>
    <measure>Single Item Literacy Screener (SILS)</measure>
    <time_frame>At baseline</time_frame>
    <description>The Single Item Literacy Screener (SILS) is a single item instrument designed to identify patients who need help with reading health-related information. The instrument asks one question &quot;How often do you need to have someone help you when you read instructions, pamphlets, or other written material from your doctor or pharmacy?&quot; with possible responses ranging from &quot;1&quot; (never) to &quot;5&quot; (always). The authors identified the cut-off point as &quot;2&quot; in order to capture all patients potentially in need of assistance.</description>
  </secondary_outcome>
  <secondary_outcome>
    <measure>Control Preferences Scale (CPS)</measure>
    <time_frame>At baseline</time_frame>
    <description>The Control Preferences Scale (CPS) was developed to measure a construct that emerged from a grounded theory of how treatment decisions are made among people with life-threatening illnesses. The control preferences construct is defined as &quot;the degree of control an individual wants to assume when decisions are being made about medical treatment.&quot; The CPS consists of five cards that each portrays a different role in treatment decision-making using a statement and a cartoon. These roles range from the individual making the treatment decisions, through the individual making the decisions jointly with the physician, to the physician making the decisions. The CPS involves subjects in making a series of paired comparisons to provide their total preference order over the five cards. These preference orders are analyzed using unfolding theory to determine the distribution of preferences in different populations and the effect of covariates on consumer preferences.</description>
  </secondary_outcome>
  <secondary_outcome>
    <measure>Fear of Cancer Recurrence-Short form (FCRI-SF)</measure>
    <time_frame>6 weeks (two weeks after surgery), 7 and 25 months</time_frame>
    <description>The nine-item Fear of Cancer Recurrence Inventory is a short form of the FCRI (nine-item FCRI) and corresponds to the severity subscale of the FCRI (42 items). The nine-item FCRI evaluates the presence and severity of intrusive thoughts associated with FCR. Each item is rated on a Likert scale ranging from 0 (&quot;not at all&quot; or &quot;never&quot;) to 4 (&quot;a great deal' or &quot;all the time&quot;)</description>
  </secondary_outcome>
  <secondary_outcome>
    <measure>CollaboRATE survey</measure>
    <time_frame>6 weeks (two weeks after surgery), 7 and 25 months</time_frame>
    <description>CollaboRATE is a brief patient survey focused on shared decision making. The CollaboRATE questions are as follows: (i) How much effort was made to help you understand your health issues? (ii) How much effort was made to listen to what matters most to you about your health issues? (iii) How much effort was made to include what matters most to you in choosing what to do next? CollaboRATE survey data included responses to the three CollaboRATE questions, each on a 0-9 scale, along with each respondent's age, gender and clinician</description>
  </secondary_outcome>
  <secondary_outcome>
    <measure>VICAN survey</measure>
    <time_frame>6 weeks (two weeks after surgery), 7 and 25 months</time_frame>
    <description>VICAN is a French national survey on life conditions of cancers survivors. In particular, the objectives are to study the labour market outcomes, the effect of cancer on an individual's employability, the psychosocial conditions impact (ie, lifestyle behaviours, perceived discrimination, family and social support) and to evaluate the physical, psychological and social needs.</description>
  </secondary_outcome>
  <secondary_outcome>
    <measure>Decisional Conflict Scale (DCS)</measure>
    <time_frame>6 weeks (two weeks after surgery), 7 and 25 months</time_frame>
    <description>The Decisional Conflict Scale (DCS) is a self-administered questionnaire that can be used to 1) diagnose a patient's decisional conflict; 2) identify the patient's decision support needs (knowledge, values clarification, support); 3) determine the quality of the decision process; and 4) evaluate the impact of decision support interventions. The DCS comprises 16 items grouped into five sub-scales: certainty, information, clarification of values, support or pressure from others, and the respondent's perception of the quality of the decision process. Each item is measured on a 5-point Likert scale (0 = strongly agree to 4 = strongly disagree). The patient's score is obtained by adding the scores (0-4) for the 16 items, dividing the sum by 16 and then multiplying it by 25</description>
  </secondary_outcome>
  <secondary_outcome>
    <measure>Quality of life questionnaire - Core 30 (QLQ-C30)</measure>
    <time_frame>6 weeks (two weeks after surgery), 7 and 25 months</time_frame>
    <description>Developed by the EORTC, this self-reported questionnaire assesses the health-related quality of life of cancer patients in clinical trials.&#xD;
The questionnaire includes five functional scales (physical, everyday activity, cognitive, emotional, and social), three symptom scales (fatigue, pain, nausea and vomiting), a health/quality of life overall scale, and a number of additional elements assessing common symptoms (including dyspnea, loss of appetite, insomnia, constipation, and diarrhea), as well as, the perceived financial impact of the disease.&#xD;
All of the scales and single-item measures range in score from 0 to 100. A high scale score represents a higher response level.</description>
  </secondary_outcome>
  <secondary_outcome>
    <measure>Quality of Life Questionnaire - Breast cancer module (QLQ-BR23)</measure>
    <time_frame>6 weeks (two weeks after surgery), 7 and 25 months</time_frame>
    <description>This EORTC breast cancer specific questionnaire is intended to supplement the QLQ-C30. The QLQ-BR23 contains 23 items incorporating five multi-item scales to assess systemic therapy side effects, arm symptoms, breast symptoms, body image and sexual functioning. In addition, single items assess sexual enjoyment, hair loss and future perspective. All items are rated on a four-point Likert-type scale (1 = &quot;not at all&quot;, 2 = &quot;a little&quot;, 3 = &quot;quite a bit&quot;, and 4 = &quot;very much&quot;), and are linearly transformed to a 0-100 scale. For all items but sexual functioning and sexual enjoyment, higher scores indicate more severe symptoms.</description>
  </secondary_outcome>
  <secondary_outcome>
    <measure>Quality of Life Questionnaire - Elderly cancer patients module (QLQ-ELD14 )</measure>
    <time_frame>6 weeks (two weeks after surgery), 7 and 25 months</time_frame>
    <description>The EORTC QLQ EDL14 is a self-reporting specific questionnaire developed to assess the quality of life of elderly cancer patients. It addresses generic issues affecting older people with cancer, not covered by the QLQ-C30 or site-specific modules, and can be used in clinical studies that include older patients, regardless of tumour site of health-related quality of life elderly patients with cancer.&#xD;
The questionnaire contains 14 items incorporating five scales to assess mobility, worries about others, future worries, maintaining purpose, and illness burden. In addition, two single items assess joint stiffness and family support. All items are rated on a four-point Likert-type scale (1 = &quot;not at all&quot;, 2 = &quot;a little&quot;, 3 = &quot;quite a bit&quot;, and 4 = &quot;very much&quot;), and are linearly transformed to a 0-100 scale. High scores indicate poor mobility, good family support, much worry about the future, good maintenance of autonomy and purpose, and high burden of illness.</description>
  </secondary_outcome>
  <secondary_outcome>
    <measure>Decision Regret Scale</measure>
    <time_frame>6 weeks (two weeks after surgery), 7 and 25 months</time_frame>
    <description>The Decision Regret Scale is a 5-item Likert-type measure written to assess regret or remorse following a medical decision. Patients respond to the items after reading the prompt: &quot;Please think about the decision you made about [chosen health care decision] after talking to your [doctor, surgeon, nurse, health professional, etc.].&quot; Scores range from of 0 to 100. High scale scores represent higher regret over a health care decision.</description>
  </secondary_outcome>
  <secondary_outcome>
    <measure>Anxiety Level Scale (ALS)</measure>
    <time_frame>6 weeks (two weeks after surgery), 7 and 25 months</time_frame>
    <description>Anxiety level Scale (ALS) is 1-item tool developed to measure patient' anxiety. The score range is from 1 to 5. A high scale score represents a higher response level (The score 5 is the level for extremely anxious).</description>
  </secondary_outcome>
  <secondary_outcome>
    <measure>Incidence of Treatment-Emergent Adverse Events</measure>
    <time_frame>6 weeks (two weeks after surgery), 7 and 25 months</time_frame>
    <description>The safety will be evaluated by toxicities assessed using the the National Cancer Institute-Common Terminology Criteria for Adverse Events version 5 (NCI-CTCAE v5) which is widely accepted in the community of oncology research as the leading rating scale for adverse events.</description>
  </secondary_outcome>
  <number_of_arms>3</number_of_arms>
  <enrollment type="Anticipated">250</enrollment>
  <condition>Breast Cancer</condition>
  <arm_group>
    <arm_group_label>Whole breast radiotherapy after surgery</arm_group_label>
    <arm_group_type>Other</arm_group_type>
    <description>WBRT will be delivered at 50 Grays (2 Grays x 25 fractions), 5 days/week for 5 weeks after breast surgery</description>
  </arm_group>
  <arm_group>
    <arm_group_label>Intra Operative Radiotherapy</arm_group_label>
    <arm_group_type>Other</arm_group_type>
    <description>IORT will be delivered at a single dose of 20 grays to the tumor bed during breast surgery</description>
  </arm_group>
  <arm_group>
    <arm_group_label>no radiotherapy</arm_group_label>
    <arm_group_type>No Intervention</arm_group_type>
    <description>No radiotherapy will be administrated to the patients during or after breast surgery</description>
  </arm_group>
  <intervention>
    <intervention_type>Radiation</intervention_type>
    <intervention_name>Whole breast radiotherapy</intervention_name>
    <description>Whole breast radiotherapy after surgery</description>
    <arm_group_label>Whole breast radiotherapy after surgery</arm_group_label>
  </intervention>
  <intervention>
    <intervention_type>Radiation</intervention_type>
    <intervention_name>Intra Operative Radiotherapy</intervention_name>
    <description>Intra Operative Radiotherapy</description>
    <arm_group_label>Intra Operative Radiotherapy</arm_group_label>
  </intervention>
  <eligibility>
    <criteria>
      <textblock>
        Inclusion Criteria:&#xD;
&#xD;
          1. Patient must have signed a written informed consent form prior to any study specific&#xD;
             procedures; when the patient is physically unable to give their written consent, a&#xD;
             trusted person of their choice, independent from the investigator or the sponsor can&#xD;
             confirm in writing the patient's consent&#xD;
&#xD;
          2. Women ≥65 years of age&#xD;
&#xD;
          3. Eastern Cooperative Oncology Group (ECOG) performance status ≤2&#xD;
&#xD;
          4. Clinical stage I, newly diagnosed breast cancer; invasive unifocal HR+ HER2- T1N0&#xD;
             tumour, not lobular, without extensive intraductal component (EIC) (&lt;25% EIC on&#xD;
             biopsy), without embolism on biopsy&#xD;
&#xD;
          5. Eligible to surgery&#xD;
&#xD;
          6. Eligible for both WBRT or IORT&#xD;
&#xD;
          7. Chemotherapy treatment is possible if needed&#xD;
&#xD;
          8. Able to respond to self-report questionnaires in French&#xD;
&#xD;
          9. Affiliated to Social security System&#xD;
&#xD;
        Exclusion Criteria:&#xD;
&#xD;
          1. Patient with recurrent breast cancer or inflammatory breast carcinoma&#xD;
&#xD;
          2. Absolute contra-indication to whole-breast irradiation as determined by the referring&#xD;
             physician&#xD;
&#xD;
          3. Patient unable to comply with study obligations for geographic, social, or physical&#xD;
             reasons, or who is unable to understand the purpose and procedures of the study&#xD;
&#xD;
          4. Patient enrolled in another therapeutic trial. Observational cohorts are accepted if&#xD;
             the collection of data does not interfere with the current trial&#xD;
&#xD;
          5. Person deprived of their liberty or under protective custody or guardianship.&#xD;
      </textblock>
    </criteria>
    <gender>Female</gender>
    <minimum_age>65 Years</minimum_age>
    <maximum_age>N/A</maximum_age>
    <healthy_volunteers>No</healthy_volunteers>
  </eligibility>
  <overall_official>
    <last_name>Julien MANCINI, MD, PhD</last_name>
    <role>Principal Investigator</role>
    <affiliation>Equipe &quot;Cancers Biomédecine &amp; Société&quot; (CANBIOS) UMR1252 SESSTIM, Institut Paoli Calmettes</affiliation>
  </overall_official>
  <overall_official>
    <last_name>Agnès TALLET, MD</last_name>
    <role>Principal Investigator</role>
    <affiliation>Institut Paoli-Calmettes</affiliation>
  </overall_official>
  <overall_contact>
    <last_name>Marie BERGEAUD, PhD</last_name>
    <phone>33 (0) 1 73 77 54 38</phone>
    <email>m-bergeaud@unicancer.fr</email>
  </overall_contact>
  <overall_contact_backup>
    <last_name>Assia LAMRANI-GHAOUTI, PhD</last_name>
    <email>a-lamrani-ghaouti@unicancer.fr</email>
  </overall_contact_backup>
  <location>
    <facility>
      <name>Institut Paoli-Calmettes</name>
      <address>
        <city>Marseille</city>
        <country>France</country>
      </address>
    </facility>
    <status>Recruiting</status>
    <contact>
      <last_name>Agnès TALLET, MD</last_name>
    </contact>
  </location>
  <location_countries>
    <country>France</country>
  </location_countries>
  <verification_date>February 2023</verification_date>
  <study_first_submitted>September 16, 2021</study_first_submitted>
  <study_first_submitted_qc>September 16, 2021</study_first_submitted_qc>
  <study_first_posted type="Actual">September 27, 2021</study_first_posted>
  <last_update_submitted>February 28, 2023</last_update_submitted>
  <last_update_submitted_qc>February 28, 2023</last_update_submitted_qc>
  <last_update_posted type="Actual">March 1, 2023</last_update_posted>
  <responsible_party>
    <responsible_party_type>Sponsor</responsible_party_type>
  </responsible_party>
  <keyword>Therapeutic de-escalation</keyword>
  <keyword>Breast cancer</keyword>
  <condition_browse>
    <!-- CAUTION:  The following MeSH terms are assigned with an imperfect algorithm            -->
    <mesh_term>Breast Neoplasms</mesh_term>
  </condition_browse>
  <patient_data>
    <sharing_ipd>No</sharing_ipd>
    <ipd_description>Individual Participant Data will not be shared at an individual level. Those data will be part of the study database including all enrolled patients.</ipd_description>
  </patient_data>
  <!-- Results have not yet been posted for this study                                          -->
</clinical_study>

