<?xml version="1.0" encoding="UTF-8"?>
<clinical_study rank="65">
  <!-- This xml conforms to an XML Schema at:
    https://clinicaltrials.gov/ct2/html/images/info/public.xsd -->
  <required_header>
    <download_date>ClinicalTrials.gov processed this data on May 26, 2023</download_date>
    <link_text>Link to the current ClinicalTrials.gov record.</link_text>
    <url>https://clinicaltrials.gov/show/NCT05504707</url>
  </required_header>
  <id_info>
    <org_study_id>MCC-20897</org_study_id>
    <nct_id>NCT05504707</nct_id>
  </id_info>
  <brief_title>DecipHER Trial - DC1 Tx for Early-Stage TNBC and ER Low Positive Breast Cancer</brief_title>
  <acronym>DecipHER</acronym>
  <official_title>Phase 1 Dose-Escalation, Dose-Expansion Trial of Intratumoral HER2- and HER3-Primed Dendritic Cells Injections for the Treatment of Early-Stage TNBC and ER Low Positive Breast Cancer (DecipHER)</official_title>
  <sponsors>
    <lead_sponsor>
      <agency>H. Lee Moffitt Cancer Center and Research Institute</agency>
      <agency_class>Other</agency_class>
    </lead_sponsor>
    <collaborator>
      <agency>The Shulas' Foundation</agency>
      <agency_class>Other</agency_class>
    </collaborator>
  </sponsors>
  <source>H. Lee Moffitt Cancer Center and Research Institute</source>
  <oversight_info>
    <has_dmc>Yes</has_dmc>
    <is_fda_regulated_drug>Yes</is_fda_regulated_drug>
    <is_fda_regulated_device>No</is_fda_regulated_device>
  </oversight_info>
  <brief_summary>
    <textblock>
      The purpose of the study is to find out if an investigational vaccine called Dendritic Cell&#xD;
      (DC) vaccine given together with standard of care chemotherapy drugs can help people with&#xD;
      Triple Negative and HR low positive breast cancer.&#xD;
    </textblock>
  </brief_summary>
  <overall_status>Recruiting</overall_status>
  <start_date type="Actual">August 11, 2022</start_date>
  <completion_date type="Anticipated">April 2025</completion_date>
  <primary_completion_date type="Anticipated">April 2024</primary_completion_date>
  <phase>Phase 1</phase>
  <study_type>Interventional</study_type>
  <has_expanded_access>No</has_expanded_access>
  <study_design_info>
    <allocation>N/A</allocation>
    <intervention_model>Sequential Assignment</intervention_model>
    <primary_purpose>Treatment</primary_purpose>
    <masking>None (Open Label)</masking>
  </study_design_info>
  <primary_outcome>
    <measure>Maximum Tolerated Dose (MTD)</measure>
    <time_frame>4 weeks after start of treatment</time_frame>
    <description>Maximum Tolerated Dose (MTD) of HER2- and HER3- primed DC1 study vaccines. The MTD will be defined as the highest dose level at which &lt; 2 of 6 patients experience dose-limiting toxicities (DLTs).</description>
  </primary_outcome>
  <secondary_outcome>
    <measure>Number of Dose Limiting Toxicities</measure>
    <time_frame>5 weeks after start of treatment</time_frame>
    <description>Number of DLTs experienced by participants</description>
  </secondary_outcome>
  <secondary_outcome>
    <measure>Participants with pathological complete response after receiving HER2/HER3 DC1 intratumoral injections</measure>
    <time_frame>Up to 24 weeks</time_frame>
    <description>Pathological complete response defined as the absence of invasive breast cancer in the breast and lymph nodes after completion of treatment with DC1 injections and neoadjuvant chemotherapy.</description>
  </secondary_outcome>
  <secondary_outcome>
    <measure>Participants with clinical and radiological responses after receiving HER2/HER3 DC1</measure>
    <time_frame>Up to 36 Months</time_frame>
    <description>Clinical or radiological complete responses (CR): Palpable or visible lesion(s) identified at baseline are no longer palpable and there are no new lesion(s) or other signs of disease progression.</description>
  </secondary_outcome>
  <secondary_outcome>
    <measure>Participants with clinical and radiological partial responses after receiving HER2/HER3 DC1</measure>
    <time_frame>Up to 36 Months</time_frame>
    <description>Clinical or radiological partial responses (PR): A reduction in the product of the two largest perpendicular diameters of the primary tumor by 50% or more.</description>
  </secondary_outcome>
  <secondary_outcome>
    <measure>Participants with clinical and radiological progression of disease after receiving HER2/HER3 DC1</measure>
    <time_frame>Up to 36 Months</time_frame>
    <description>Clinical or radiological progression of disease (PD): An increase in the product of the two largest perpendicular diameters of the primary tumor by 25% or more or the presence of a new lesion.</description>
  </secondary_outcome>
  <secondary_outcome>
    <measure>Participants with clinical and radiological stable disease after receiving HER2/HER3 DC1</measure>
    <time_frame>Up to 36 Months</time_frame>
    <description>Clinical or radiological stable disease (SD): Neither sufficient shrinkage to qualify for PR nor sufficient increase to qualify for PD.</description>
  </secondary_outcome>
  <secondary_outcome>
    <measure>Participants with Recurrence Free Survival (RFS)</measure>
    <time_frame>Up to 36 Months</time_frame>
    <description>Recurrence free survival (RFS) defined as time I months to breast cancer recurrence or death (whichever comes first) since date of surgical treatment of breast cancer.</description>
  </secondary_outcome>
  <number_of_arms>1</number_of_arms>
  <enrollment type="Anticipated">30</enrollment>
  <condition>Triple Negative Breast Cancer</condition>
  <condition>HER2-negative Breast Cancer</condition>
  <arm_group>
    <arm_group_label>Dendritic Cell Vaccine dose Escalation</arm_group_label>
    <arm_group_type>Experimental</arm_group_type>
    <description>Dose escalation to determine the maximum tolerated dose (MTD) of HER2- and HER3- primed DC1 study vaccines. Participants will be treated in cohorts of size three to six and the dosage will be escalated if the clinical toxicity is acceptable. A total of 3 dose levels will be used.</description>
  </arm_group>
  <intervention>
    <intervention_type>Biological</intervention_type>
    <intervention_name>HER2 - primed Dendritic cells</intervention_name>
    <description>Dendritic cell will be administered at ultra-sound guided injections. Participants will receive 8 intratumoral injections. These injections will be administered twice per week per week (given 3 days apart). Participants will receive alternating injections (3 days apart) of HER2-primed followed by HER3-primed DCs.&#xD;
Participants will be treated at the following dose levels:&#xD;
Dose level 1: HER2 - primed Dendritic cells dose 10-20 million Dose level 2: HER2 - primed Dendritic cells dose 30-50 million Dose level 3: HER2 - primed Dendritic cells dose 80-100 million</description>
    <arm_group_label>Dendritic Cell Vaccine dose Escalation</arm_group_label>
  </intervention>
  <intervention>
    <intervention_type>Biological</intervention_type>
    <intervention_name>HER3 - primed Dendritic cells</intervention_name>
    <description>Dendritic cell will be administered at ultra-sound guided injections. Participants will receive 8 intratumoral injections. These injections will be administered twice per week per week (given 3 days apart). Participants will receive alternating injections (3 days apart) of HER2-primed followed by HER3-primed DCs.&#xD;
Participants will be treated at the following dose levels:&#xD;
Dose level 1: HER3 - primed Dendritic cells dose 10-20 million Dose level 2: HER3 - primed Dendritic cells dose 30-50 million Dose level 3: HER3 - primed Dendritic cells dose 80-100 million</description>
    <arm_group_label>Dendritic Cell Vaccine dose Escalation</arm_group_label>
  </intervention>
  <eligibility>
    <criteria>
      <textblock>
        Inclusion Criteria:&#xD;
&#xD;
          -  A diagnosis of HER2-negative breast cancer.&#xD;
&#xD;
          -  Diagnosis of HR negative or HR low positive tumor.&#xD;
&#xD;
          -  Clinical stage T1c, nodal stage N1-N2 or stage T2-4, nodal stage N0-N2 breast cancer.&#xD;
&#xD;
          -  Participant must be medically and surgically appropriate to undergo neoadjuvant&#xD;
             chemotherapy regimen followed by standard of care local therapy as determined by their&#xD;
             treating physician.&#xD;
&#xD;
          -  Age ≥18 years.&#xD;
&#xD;
          -  ECOG performance status 0 or 1.&#xD;
&#xD;
          -  Patients must have normal organ and marrow function, as defined below, within 14 days&#xD;
             of registration:&#xD;
&#xD;
          -  *Absolute neutrophil count (ANC) ≥ 1500/μL&#xD;
&#xD;
          -  *Platelets ≥ 75 000/μL&#xD;
&#xD;
          -  *Total bilirubin ≤ 1.5 x institutional ULN, except patients with Gilbert's syndrome in&#xD;
             whom total bilirubin must be &lt; 3.0 mg/dL&#xD;
&#xD;
          -  *AST/ALT ≤ 3 x institutional ULN&#xD;
&#xD;
          -  *Creatinine ≤ 1.5 x institutional ULN&#xD;
&#xD;
          -  Left ventricular ejection fraction above institutional lower limit of normal (by&#xD;
             echocardiogram or MUGA scan).&#xD;
&#xD;
          -  Female patients of childbearing potential must agree to use dual methods of&#xD;
             contraception and have a negative serum pregnancy test at screening. Acceptable&#xD;
             methods of contraception are condoms with contraceptive foam, oral, implantable or&#xD;
             injectable contraceptives, contraceptive patch, intrauterine device, diaphragm with&#xD;
             spermicidal gel, or a sexual partner who is surgically sterilized or post-menopausal.&#xD;
             Effective methods of contraception must be used throughout the study and for 5 months&#xD;
             following the last dose. To show that women do not have childbearing potential,&#xD;
             postmenopausal women must be amenorrheic for at least 12 months naturally (and not&#xD;
             because of/following chemotherapy) or patients must be surgically sterile.&#xD;
&#xD;
          -  Ability to understand and the willingness to sign a written informed consent agreement&#xD;
             prior to study registration.&#xD;
&#xD;
        Exclusion Criteria:&#xD;
&#xD;
          -  Patients who received prior anthracycline-based chemotherapy for the treatment of any&#xD;
             cancer.&#xD;
&#xD;
          -  Patients with inflammatory breast cancer.&#xD;
&#xD;
          -  Patients must not be receiving any other investigational agents or active&#xD;
             antineoplastic therapies.&#xD;
&#xD;
          -  Uncontrolled intercurrent illness including, but not limited to, ongoing or active&#xD;
             infection, symptomatic congestive heart failure, unstable angina pectoris, cardiac&#xD;
             arrhythmia, or psychiatric illness/social situations that would limit compliance with&#xD;
             study requirements.&#xD;
&#xD;
          -  Patients with active autoimmune disease or history of autoimmune disease that might&#xD;
             recur, which may affect vital organ function or require immune-suppressive treatment,&#xD;
             including chronic prolonged systemic corticosteroid use (defined as corticosteroid use&#xD;
             lasting one month or more).&#xD;
&#xD;
          -  Female patients who are pregnant or nursing.&#xD;
&#xD;
          -  No other prior malignancy is allowed, except for the following: a. adequately treated&#xD;
             basal-cell or squamous-cell skin cancer, b. in situ cervical cancer, c. or any other&#xD;
             cancer from which the patient has been disease free for at least 3 years.&#xD;
&#xD;
          -  History of testing positive for human immunodeficiency virus (HIV) or acquired&#xD;
             immunodeficiency syndrome (AIDS).&#xD;
&#xD;
          -  History of positive test for Hepatitis B or Hepatitis C virus indicating acute or&#xD;
             chronic infection.&#xD;
&#xD;
          -  Patients who have received a live attenuated vaccine ≤ 30 days prior to registration.&#xD;
&#xD;
          -  Unable to comply with the treatment schedule and study procedures for any reason.&#xD;
&#xD;
          -  Previously treated with breast cancer-directed vaccine therapies in prior 3 months.&#xD;
&#xD;
          -  Previously treated with any form HER2- or HER3-primed DC1 therapy.&#xD;
      </textblock>
    </criteria>
    <gender>All</gender>
    <minimum_age>18 Years</minimum_age>
    <maximum_age>N/A</maximum_age>
    <healthy_volunteers>No</healthy_volunteers>
  </eligibility>
  <overall_official>
    <last_name>Ricardo Costa, MD</last_name>
    <role>Principal Investigator</role>
    <affiliation>Moffitt Cancer Center</affiliation>
  </overall_official>
  <overall_contact>
    <last_name>Alexandra Carrigan</last_name>
    <phone>813-745-8031</phone>
    <email>Alexandra.Carrigan@moffitt.org</email>
  </overall_contact>
  <location>
    <facility>
      <name>Moffitt Cancer Center</name>
      <address>
        <city>Tampa</city>
        <state>Florida</state>
        <zip>33612</zip>
        <country>United States</country>
      </address>
    </facility>
    <status>Recruiting</status>
    <contact>
      <last_name>Alexandra Carrigan</last_name>
      <phone>813-745-8031</phone>
      <email>Alexandra.Carrigan@moffitt.org</email>
    </contact>
    <investigator>
      <last_name>Ricardo Costa, MD, MSc</last_name>
      <role>Principal Investigator</role>
    </investigator>
    <investigator>
      <last_name>Brian Czerniecki, MD, PhD</last_name>
      <role>Sub-Investigator</role>
    </investigator>
  </location>
  <location_countries>
    <country>United States</country>
  </location_countries>
  <link>
    <url>https://moffitt.org/clinical-trials-research/clinical-trials/?gclid=EAIaIQobChMImIymzIa-9gIVAZ2GCh3uzAWJEAAYASAAEgI0ovD_BwE</url>
    <description>Moffitt Clinical Trial Search</description>
  </link>
  <verification_date>January 2023</verification_date>
  <study_first_submitted>August 15, 2022</study_first_submitted>
  <study_first_submitted_qc>August 15, 2022</study_first_submitted_qc>
  <study_first_posted type="Actual">August 17, 2022</study_first_posted>
  <last_update_submitted>January 10, 2023</last_update_submitted>
  <last_update_submitted_qc>January 10, 2023</last_update_submitted_qc>
  <last_update_posted type="Actual">January 11, 2023</last_update_posted>
  <responsible_party>
    <responsible_party_type>Sponsor</responsible_party_type>
  </responsible_party>
  <keyword>Breast Cancer</keyword>
  <condition_browse>
    <!-- CAUTION:  The following MeSH terms are assigned with an imperfect algorithm            -->
    <mesh_term>Breast Neoplasms</mesh_term>
    <mesh_term>Triple Negative Breast Neoplasms</mesh_term>
  </condition_browse>
  <patient_data>
    <sharing_ipd>Undecided</sharing_ipd>
  </patient_data>
  <!-- Results have not yet been posted for this study                                          -->
</clinical_study>

