<?xml version="1.0" encoding="UTF-8"?>
<clinical_study rank="373">
  <!-- This xml conforms to an XML Schema at:
    https://clinicaltrials.gov/ct2/html/images/info/public.xsd -->
  <required_header>
    <download_date>ClinicalTrials.gov processed this data on May 26, 2023</download_date>
    <link_text>Link to the current ClinicalTrials.gov record.</link_text>
    <url>https://clinicaltrials.gov/show/NCT05504148</url>
  </required_header>
  <id_info>
    <org_study_id>6010121027</org_study_id>
    <nct_id>NCT05504148</nct_id>
  </id_info>
  <brief_title>Protection of Cardiovascular Function With Crocin in BrEast Cancer Patients Undergoing Radiotherapy and Chemotherapy</brief_title>
  <acronym>ProtECtion</acronym>
  <official_title>Protection of Cardiovascular Function With Crocin in BrEast Cancer Patients Undergoing Radiotherapy and Chemotherapy</official_title>
  <sponsors>
    <lead_sponsor>
      <agency>Qilu Hospital of Shandong University</agency>
      <agency_class>Other</agency_class>
    </lead_sponsor>
  </sponsors>
  <source>Qilu Hospital of Shandong University</source>
  <oversight_info>
    <has_dmc>Yes</has_dmc>
    <is_fda_regulated_drug>No</is_fda_regulated_drug>
    <is_fda_regulated_device>No</is_fda_regulated_device>
  </oversight_info>
  <brief_summary>
    <textblock>
      The potential cardiovascular toxicity of tumor treatment and its resulting cardiovascular&#xD;
      events have gradually become an important health risk for tumor survivors. Prevention and&#xD;
      early identification of cardiovascular toxicity has now become one of the bottlenecks in&#xD;
      improving the prognosis of cancer patients. Compared to conventional echocardiographic&#xD;
      indicators, new ultrasound technology based on speckle tracking imaging (STI) has shown&#xD;
      superiority in the diagnosis, risk stratification and prognosis evaluation of cardiovascular&#xD;
      diseases. Crocin, one of the main active components of saffron, has been found protective&#xD;
      effect on cardiovascular toxicity in basic studies. This is a randomized, double-blind,&#xD;
      placebo-controlled, single-center clinical study to observe the effect of crocin on&#xD;
      cardiovascular function caused by breast cancer treatment.&#xD;
&#xD;
      One hundred and twenty breast cancer patients planning to undergo radiotherapy or&#xD;
      chemotherapy will be included and randomly divided into a crocin group and a placebo group to&#xD;
      observe the effect of total saffron tablets on cardiovascular function in patients with early&#xD;
      breast cancer radiotherapy and chemotherapy. Participants will take crocin or placebo (4&#xD;
      tablets/time, 3 times a day) during each cycle of chemotherapy for 8 days, started on the 1st&#xD;
      day before radiotherapy/chemotherapy. Follow-up was performed every 3 months after&#xD;
      enrollment, and the follow-up period was 6 months.&#xD;
&#xD;
      Primary study endpoints include the differences between groups in the difference in LVEF and&#xD;
      GLS measured by echocardiography at the end of the experiment compared to baseline. Secondary&#xD;
      study endpoint include the differences in the incidence rates of serum troponin exceeding the&#xD;
      upper limit of normal value and NT-proBNP higher than the normal age reference value, the&#xD;
      frequency and duration of chest tightness, chest pain and palpitation, the degree of&#xD;
      arrhythmia and ST-T changes displayed by dynamic electrocardiogram, the other&#xD;
      echocardiographic parameters (the E/e', global circumferential strain, global radial strain,&#xD;
      3D-GAS, LV torsion, LV rotation/derotation velocity, SDI, RVFWS, and indexes of left&#xD;
      ventricular diastolic function and right ventricular function) at the end of the experiment&#xD;
      compared to baseline between the two groups.&#xD;
    </textblock>
  </brief_summary>
  <overall_status>Recruiting</overall_status>
  <start_date type="Actual">March 29, 2021</start_date>
  <completion_date type="Anticipated">September 25, 2023</completion_date>
  <primary_completion_date type="Anticipated">June 25, 2023</primary_completion_date>
  <phase>N/A</phase>
  <study_type>Interventional</study_type>
  <has_expanded_access>No</has_expanded_access>
  <study_design_info>
    <allocation>Randomized</allocation>
    <intervention_model>Parallel Assignment</intervention_model>
    <intervention_model_description>Inclusion criteria:&#xD;
Age 25-80 years old, female;&#xD;
Patients diagnosed with breast cancer by histopathology;&#xD;
Patients who plan to receive adjuvant radiotherapy/chemotherapy or combined adjuvant trastuzumab or pertuzumab targeted therapy;&#xD;
Patients who completed at least 6 cycles of treatment after enrollment;&#xD;
Exclusion criteria:&#xD;
pregnant or breastfeeding women;&#xD;
Patients with poor echocardiographic image quality;&#xD;
Persistent atrial fibrillation and severe arrhythmia affect the collection and analysis of ultrasound data;&#xD;
Patients who are participating in other clinical studies.&#xD;
Eligible patients were randomly divided into 1:1 group and divided into crocin group and placebo control group. Both groups of subjects received crocin or placebo on the basis of standard anti-tumor treatment.</intervention_model_description>
    <primary_purpose>Prevention</primary_purpose>
    <masking>Quadruple (Participant, Care Provider, Investigator, Outcomes Assessor)</masking>
  </study_design_info>
  <primary_outcome>
    <measure>The change of LVEF measured by echocardiography</measure>
    <time_frame>At the end of 6-month follow-up compared to the baseline</time_frame>
    <description>The differences between the two groups in the difference of LVEF measured by Echocardiography at the end of the experiment compared to that at the baseline.</description>
  </primary_outcome>
  <primary_outcome>
    <measure>The change of GLS measured by echocardiography</measure>
    <time_frame>At the end of 6-month follow-up compared to the baseline</time_frame>
    <description>The differences between the two groups in the difference of GLS measured by Echocardiography at the end of the experiment compared to that at the baseline.</description>
  </primary_outcome>
  <secondary_outcome>
    <measure>The incidences of the increase of serum troponin and/or NT-proBNP</measure>
    <time_frame>During 6 months of following up</time_frame>
    <description>Differences in the incidence rates of serum troponin exceeding the upper limit of normal value and NT-proBNP higher than the normal age reference value between the two groups during follow-up.</description>
  </secondary_outcome>
  <secondary_outcome>
    <measure>The incidences of chest tightness, chest pain and palpitation</measure>
    <time_frame>During 6 months of following up</time_frame>
    <description>The differences in the incidence of chest tightness, chest pain and palpitation between the two groups</description>
  </secondary_outcome>
  <secondary_outcome>
    <measure>The incidences of arrhythmia and ST-T changes</measure>
    <time_frame>During 6 months of following up</time_frame>
    <description>Differences between the two groups in the incidences of arrhythmia and ST-T changes displayed by dynamic electrocardiogram.</description>
  </secondary_outcome>
  <secondary_outcome>
    <measure>The differences of global circumferential strain, global radial strain, global area strain measured by echocardiography.</measure>
    <time_frame>At the end of 6-month follow-up compared to the baseline</time_frame>
    <description>Differences between groups in the difference in global circumferential strain, global radial strain, global area strain measured by echocardiography at the end of the experiment compared to baseline.</description>
  </secondary_outcome>
  <secondary_outcome>
    <measure>The indexes of E, e', a', tricuspid regurgitation velocity measured by echocardiography.</measure>
    <time_frame>At the end of 6-month follow-up compared to the baseline</time_frame>
    <description>Differences between groups in the difference in the indexes of left ventricular diastolic function measured by echocardiography at the end of the experiment compared to baseline.</description>
  </secondary_outcome>
  <secondary_outcome>
    <measure>The indexe of E/e'measured by echocardiography.</measure>
    <time_frame>At the end of 6-month follow-up compared to the baseline</time_frame>
    <description>Differences between groups in the difference in the indexes of left ventricular diastolic function measured by echocardiography at the end of the experiment compared to baseline.</description>
  </secondary_outcome>
  <secondary_outcome>
    <measure>The indexe of left atrial volume index (LAVI)measured by echocardiography.</measure>
    <time_frame>At the end of 6-month follow-up compared to the baseline</time_frame>
    <description>Differences between groups in the difference in the indexes of left ventricular diastolic function measured by echocardiography at the end of the experiment compared to baseline.</description>
  </secondary_outcome>
  <secondary_outcome>
    <measure>The indexe of TAPSE measured by echocardiography.</measure>
    <time_frame>At the end of 6-month follow-up compared to the baseline</time_frame>
    <description>Differences between groups in the difference in the right ventricular function monitoring indicators measured by echocardiography at the end of the experiment compared to baseline.</description>
  </secondary_outcome>
  <secondary_outcome>
    <measure>The indexe of RV fractional area change (FAC) measured by echocardiography.</measure>
    <time_frame>At the end of 6-month follow-up compared to the baseline</time_frame>
    <description>Differences between groups in the difference in the right ventricular function monitoring indicators measured by echocardiography at the end of the experiment compared to baseline.</description>
  </secondary_outcome>
  <secondary_outcome>
    <measure>The indexe of right ventricular free wall global longitudinal strain (RVGLS) measured by echocardiography.</measure>
    <time_frame>At the end of 6-month follow-up compared to the baseline</time_frame>
    <description>Differences between groups in the difference in the right ventricular function monitoring indicators measured by echocardiography at the end of the experiment compared to baseline.</description>
  </secondary_outcome>
  <number_of_arms>2</number_of_arms>
  <enrollment type="Anticipated">120</enrollment>
  <condition>Breast Cancer</condition>
  <arm_group>
    <arm_group_label>Crocin group</arm_group_label>
    <arm_group_type>Experimental</arm_group_type>
    <description>The chemotherapy/radiotherapy protocols are made by oncologists adopted for patients depending on specific conditions , take saffron total glucosides tablets(provided by Reyoung Pharmaceutical Co., Ltd.) for 8 days during each chemotherapy (started on the 1st day before chemotherapy), 4 tablets/time, 3 times a day.</description>
  </arm_group>
  <arm_group>
    <arm_group_label>placebo group</arm_group_label>
    <arm_group_type>Placebo Comparator</arm_group_type>
    <description>Undergoing chemotherapy/radiotherapy protocols as planned, take placebo piece during(the same appearance of crocin tablets, production unit:Reyoung Pharmaceutical Co., Ltd.) for 8 days during each chemotherapy (started on the 1st day before chemotherapy), 4 tablets/time, 3 times a day</description>
  </arm_group>
  <intervention>
    <intervention_type>Drug</intervention_type>
    <intervention_name>crocin</intervention_name>
    <description>Take saffron total glucosides tablets for 8 days during each chemotherapy (started on the 1st day before radiotherapy/chemotherapy), 4 tablets/time, 3 times a day.</description>
    <arm_group_label>Crocin group</arm_group_label>
  </intervention>
  <intervention>
    <intervention_type>Drug</intervention_type>
    <intervention_name>Placebo</intervention_name>
    <description>Take placebo piece during for 8 days during each chemotherapy (started on the 1st day before radiotherapy/chemotherapy), 4 tablets/time, 3 times a day</description>
    <arm_group_label>placebo group</arm_group_label>
  </intervention>
  <eligibility>
    <criteria>
      <textblock>
        Inclusion criteria:&#xD;
&#xD;
          1. Age 25-80 years old, female;&#xD;
&#xD;
          2. Patients diagnosed with breast cancer by histopathology;&#xD;
&#xD;
          3. Patients who plan to receive adjuvant radiotherapy/chemotherapy or combined adjuvant&#xD;
             trastuzumab or pertuzumab targeted therapy;&#xD;
&#xD;
          4. Patients who completed at least 6 cycles of treatment after enrollment;&#xD;
&#xD;
        Exclusion criteria:&#xD;
&#xD;
          1. pregnant or breastfeeding women;&#xD;
&#xD;
          2. Patients with poor echocardiographic image quality;&#xD;
&#xD;
          3. Persistent atrial fibrillation and severe arrhythmia affect the collection and&#xD;
             analysis of ultrasound data;&#xD;
&#xD;
          4. Patients who are participating in other clinical studies.&#xD;
      </textblock>
    </criteria>
    <gender>Female</gender>
    <minimum_age>25 Years</minimum_age>
    <maximum_age>80 Years</maximum_age>
    <healthy_volunteers>No</healthy_volunteers>
  </eligibility>
  <overall_official>
    <last_name>Mei Zhang, PhD</last_name>
    <role>Principal Investigator</role>
    <affiliation>Qilu Hospital of Shandong University</affiliation>
  </overall_official>
  <overall_contact>
    <last_name>Mei Zhang, PhD</last_name>
    <phone>+86-18560086629</phone>
    <email>daixh@vip.sina.com</email>
  </overall_contact>
  <overall_contact_backup>
    <last_name>Xiaoling Liu, PhD</last_name>
    <phone>+86-18560086718</phone>
    <email>xiaolingliusdu@163.com</email>
  </overall_contact_backup>
  <location>
    <facility>
      <name>Qilu Hospital of Shandong University</name>
      <address>
        <city>Jinan</city>
        <state>Shandong</state>
        <zip>250012</zip>
        <country>China</country>
      </address>
    </facility>
    <status>Recruiting</status>
    <contact>
      <last_name>Lijuan Bu, PhD</last_name>
      <phone>+86-18560088816</phone>
      <email>qlyykyc@163.ocm</email>
    </contact>
  </location>
  <location_countries>
    <country>China</country>
  </location_countries>
  <reference>
    <citation>Zamorano JL, Lancellotti P, Rodriguez Munoz D, Aboyans V, Asteggiano R, Galderisi M, Habib G, Lenihan DJ, Lip GYH, Lyon AR, Lopez Fernandez T, Mohty D, Piepoli MF, Tamargo J, Torbicki A, Suter TM; ESC Scientific Document Group. 2016 ESC Position Paper on cancer treatments and cardiovascular toxicity developed under the auspices of the ESC Committee for Practice Guidelines: The Task Force for cancer treatments and cardiovascular toxicity of the European Society of Cardiology (ESC). Eur Heart J. 2016 Sep 21;37(36):2768-2801. doi: 10.1093/eurheartj/ehw211. Epub 2016 Aug 26. No abstract available. Erratum In: Eur Heart J. 2016 Dec 24;:</citation>
    <PMID>27567406</PMID>
  </reference>
  <reference>
    <citation>Tarantini L, Gulizia MM, Di Lenarda A, Maurea N, Giuseppe Abrignani M, Bisceglia I, Bovelli D, De Gennaro L, Del Sindaco D, Macera F, Parrini I, Radini D, Russo G, Beatrice Scardovi A, Inno A. ANMCO/AIOM/AICO Consensus Document on clinical and management pathways of cardio-oncology: executive summary. Eur Heart J Suppl. 2017 May;19(Suppl D):D370-D379. doi: 10.1093/eurheartj/sux019. Epub 2017 May 2.</citation>
    <PMID>28751851</PMID>
  </reference>
  <reference>
    <citation>Mozaffarian D, Benjamin EJ, Go AS, Arnett DK, Blaha MJ, Cushman M, de Ferranti S, Despres JP, Fullerton HJ, Howard VJ, Huffman MD, Judd SE, Kissela BM, Lackland DT, Lichtman JH, Lisabeth LD, Liu S, Mackey RH, Matchar DB, McGuire DK, Mohler ER 3rd, Moy CS, Muntner P, Mussolino ME, Nasir K, Neumar RW, Nichol G, Palaniappan L, Pandey DK, Reeves MJ, Rodriguez CJ, Sorlie PD, Stein J, Towfighi A, Turan TN, Virani SS, Willey JZ, Woo D, Yeh RW, Turner MB; American Heart Association Statistics Committee and Stroke Statistics Subcommittee. Heart disease and stroke statistics--2015 update: a report from the American Heart Association. Circulation. 2015 Jan 27;131(4):e29-322. doi: 10.1161/CIR.0000000000000152. Epub 2014 Dec 17. No abstract available. Erratum In: Circulation. 2015 Jun 16;131(24):e535. Circulation. 2016 Feb 23;133(8):e417.</citation>
    <PMID>25520374</PMID>
  </reference>
  <reference>
    <citation>Arai M, Tomaru K, Takizawa T, Sekiguchi K, Yokoyama T, Suzuki T, Nagai R. Sarcoplasmic reticulum genes are selectively down-regulated in cardiomyopathy produced by doxorubicin in rabbits. J Mol Cell Cardiol. 1998 Feb;30(2):243-54. doi: 10.1006/jmcc.1997.0588.</citation>
    <PMID>9515001</PMID>
  </reference>
  <reference>
    <citation>Papadopoulou LC, Theophilidis G, Thomopoulos GN, Tsiftsoglou AS. Structural and functional impairment of mitochondria in adriamycin-induced cardiomyopathy in mice: suppression of cytochrome c oxidase II gene expression. Biochem Pharmacol. 1999 Mar 1;57(5):481-9. doi: 10.1016/s0006-2952(98)00305-0.</citation>
    <PMID>9952311</PMID>
  </reference>
  <reference>
    <citation>Chen XL, Lei YH, Liu CF, Yang QF, Zuo PY, Liu CY, Chen CZ, Liu YW. Angiogenesis inhibitor bevacizumab increases the risk of ischemic heart disease associated with chemotherapy: a meta-analysis. PLoS One. 2013 Jun 20;8(6):e66721. doi: 10.1371/journal.pone.0066721. Print 2013.</citation>
    <PMID>23818962</PMID>
  </reference>
  <reference>
    <citation>Schutz FAB, Je Y, Azzi GR, Nguyen PL, Choueiri TK. Bevacizumab increases the risk of arterial ischemia: a large study in cancer patients with a focus on different subgroup outcomes. Ann Oncol. 2011 Jun;22(6):1404-1412. doi: 10.1093/annonc/mdq587. Epub 2010 Nov 29.</citation>
    <PMID>21115602</PMID>
  </reference>
  <reference>
    <citation>Ranpura V, Hapani S, Chuang J, Wu S. Risk of cardiac ischemia and arterial thromboembolic events with the angiogenesis inhibitor bevacizumab in cancer patients: a meta-analysis of randomized controlled trials. Acta Oncol. 2010 Apr;49(3):287-97. doi: 10.3109/02841860903524396.</citation>
    <PMID>20156114</PMID>
  </reference>
  <reference>
    <citation>Suter TM, Ewer MS. Cancer drugs and the heart: importance and management. Eur Heart J. 2013 Apr;34(15):1102-11. doi: 10.1093/eurheartj/ehs181. Epub 2012 Jul 12.</citation>
    <PMID>22789916</PMID>
  </reference>
  <reference>
    <citation>Carver JR, Shapiro CL, Ng A, Jacobs L, Schwartz C, Virgo KS, Hagerty KL, Somerfield MR, Vaughn DJ; ASCO Cancer Survivorship Expert Panel. American Society of Clinical Oncology clinical evidence review on the ongoing care of adult cancer survivors: cardiac and pulmonary late effects. J Clin Oncol. 2007 Sep 1;25(25):3991-4008. doi: 10.1200/JCO.2007.10.9777. Epub 2007 Jun 18.</citation>
    <PMID>17577017</PMID>
  </reference>
  <reference>
    <citation>Malanca M, Cimadevilla C, Brochet E, Iung B, Vahanian A, Messika-Zeitoun D. Radiotherapy-induced mitral stenosis: a three-dimensional perspective. J Am Soc Echocardiogr. 2010 Jan;23(1):108.e1-2. doi: 10.1016/j.echo.2009.08.006. Epub 2009 Sep 18.</citation>
    <PMID>19766451</PMID>
  </reference>
  <reference>
    <citation>Darby SC, Cutter DJ, Boerma M, Constine LS, Fajardo LF, Kodama K, Mabuchi K, Marks LB, Mettler FA, Pierce LJ, Trott KR, Yeh ET, Shore RE. Radiation-related heart disease: current knowledge and future prospects. Int J Radiat Oncol Biol Phys. 2010 Mar 1;76(3):656-65. doi: 10.1016/j.ijrobp.2009.09.064.</citation>
    <PMID>20159360</PMID>
  </reference>
  <reference>
    <citation>Plana JC, Galderisi M, Barac A, Ewer MS, Ky B, Scherrer-Crosbie M, Ganame J, Sebag IA, Agler DA, Badano LP, Banchs J, Cardinale D, Carver J, Cerqueira M, DeCara JM, Edvardsen T, Flamm SD, Force T, Griffin BP, Jerusalem G, Liu JE, Magalhaes A, Marwick T, Sanchez LY, Sicari R, Villarraga HR, Lancellotti P. Expert consensus for multimodality imaging evaluation of adult patients during and after cancer therapy: a report from the American Society of Echocardiography and the European Association of Cardiovascular Imaging. Eur Heart J Cardiovasc Imaging. 2014 Oct;15(10):1063-93. doi: 10.1093/ehjci/jeu192. No abstract available.</citation>
    <PMID>25239940</PMID>
  </reference>
  <reference>
    <citation>Amundsen BH, Helle-Valle T, Edvardsen T, Torp H, Crosby J, Lyseggen E, Stoylen A, Ihlen H, Lima JA, Smiseth OA, Slordahl SA. Noninvasive myocardial strain measurement by speckle tracking echocardiography: validation against sonomicrometry and tagged magnetic resonance imaging. J Am Coll Cardiol. 2006 Feb 21;47(4):789-93. doi: 10.1016/j.jacc.2005.10.040. Epub 2006 Jan 26.</citation>
    <PMID>16487846</PMID>
  </reference>
  <reference>
    <citation>Huang SJ, Orde S. From speckle tracking echocardiography to torsion: research tool today, clinical practice tomorrow. Curr Opin Crit Care. 2013 Jun;19(3):250-7. doi: 10.1097/MCC.0b013e32836092b7.</citation>
    <PMID>23519081</PMID>
  </reference>
  <reference>
    <citation>Razmaraii N, Babaei H, Mohajjel Nayebi A, Assadnassab G, Ashrafi Helan J, Azarmi Y. Crocin treatment prevents doxorubicin-induced cardiotoxicity in rats. Life Sci. 2016 Jul 15;157:145-151. doi: 10.1016/j.lfs.2016.06.012. Epub 2016 Jun 11.</citation>
    <PMID>27297631</PMID>
  </reference>
  <reference>
    <citation>Razavi BM, Hosseinzadeh H, Movassaghi AR, Imenshahidi M, Abnous K. Protective effect of crocin on diazinon induced cardiotoxicity in rats in subchronic exposure. Chem Biol Interact. 2013 May 25;203(3):547-55. doi: 10.1016/j.cbi.2013.03.010. Epub 2013 Mar 21.</citation>
    <PMID>23523949</PMID>
  </reference>
  <verification_date>July 2022</verification_date>
  <study_first_submitted>August 4, 2022</study_first_submitted>
  <study_first_submitted_qc>August 14, 2022</study_first_submitted_qc>
  <study_first_posted type="Actual">August 17, 2022</study_first_posted>
  <last_update_submitted>September 21, 2022</last_update_submitted>
  <last_update_submitted_qc>September 21, 2022</last_update_submitted_qc>
  <last_update_posted type="Actual">September 22, 2022</last_update_posted>
  <responsible_party>
    <responsible_party_type>Sponsor</responsible_party_type>
  </responsible_party>
  <keyword>Breast cancer</keyword>
  <keyword>Cancer therapy-related cardiac dysfunction</keyword>
  <keyword>Crocin</keyword>
  <keyword>Echocardiography</keyword>
  <keyword>Speckle tracking technology</keyword>
  <condition_browse>
    <!-- CAUTION:  The following MeSH terms are assigned with an imperfect algorithm            -->
    <mesh_term>Breast Neoplasms</mesh_term>
  </condition_browse>
  <patient_data>
    <sharing_ipd>Yes</sharing_ipd>
    <ipd_description>We plan to share the study protocol,statistical Analysis Plan (SAP)and Informed Consent Form (ICF)of this research.</ipd_description>
    <ipd_info_type>Study Protocol</ipd_info_type>
    <ipd_info_type>Statistical Analysis Plan (SAP)</ipd_info_type>
    <ipd_info_type>Informed Consent Form (ICF)</ipd_info_type>
    <ipd_time_frame>The sharing time period is 6 months to 1 year after the data is released.</ipd_time_frame>
    <ipd_access_criteria>Share IPD under the conditions of protecting the privacy of patients and ensuring the safety of all diseases.&#xD;
It is necessary to contact the researcher and open the sharing authority after the researcher's consent.</ipd_access_criteria>
  </patient_data>
  <provided_document_section>
    <provided_document>
      <document_type>Study Protocol and Statistical Analysis Plan</document_type>
      <document_has_protocol>Yes</document_has_protocol>
      <document_has_icf>No</document_has_icf>
      <document_has_sap>Yes</document_has_sap>
      <document_date>August 18, 2020</document_date>
      <document_url>https://ClinicalTrials.gov/ProvidedDocs/48/NCT05504148/Prot_SAP_000.pdf</document_url>
    </provided_document>
    <provided_document>
      <document_type>Informed Consent Form</document_type>
      <document_has_protocol>No</document_has_protocol>
      <document_has_icf>Yes</document_has_icf>
      <document_has_sap>No</document_has_sap>
      <document_date>August 18, 2020</document_date>
      <document_url>https://ClinicalTrials.gov/ProvidedDocs/48/NCT05504148/ICF_001.pdf</document_url>
    </provided_document>
  </provided_document_section>
  <!-- Results have not yet been posted for this study                                          -->
</clinical_study>

