<?xml version="1.0" encoding="UTF-8"?>
<clinical_study rank="268">
  <!-- This xml conforms to an XML Schema at:
    https://clinicaltrials.gov/ct2/html/images/info/public.xsd -->
  <required_header>
    <download_date>ClinicalTrials.gov processed this data on May 26, 2023</download_date>
    <link_text>Link to the current ClinicalTrials.gov record.</link_text>
    <url>https://clinicaltrials.gov/show/NCT01142661</url>
  </required_header>
  <id_info>
    <org_study_id>E7389-G000-399</org_study_id>
    <nct_id>NCT01142661</nct_id>
  </id_info>
  <brief_title>Compassionate Use of Eribulin for the Treatment of Advanced Breast Cancer Refractory to All Other Marketed Therapies</brief_title>
  <official_title>Compassionate Use of Eribulin for the Treatment of Advanced Breast Cancer Refractory to All Other Marketed Therapies</official_title>
  <sponsors>
    <lead_sponsor>
      <agency>Eisai Inc.</agency>
      <agency_class>Industry</agency_class>
    </lead_sponsor>
  </sponsors>
  <source>Eisai Inc.</source>
  <oversight_info>
    <has_dmc>No</has_dmc>
  </oversight_info>
  <brief_summary>
    <textblock>
      The purpose of this study is to provide eribulin to patients with advanced breast cancer who&#xD;
      have no other treatment options and therapy is requested by an Investigator.&#xD;
    </textblock>
  </brief_summary>
  <detailed_description>
    <textblock>
      This compassionate use program will consist of a Pretreatment Phase and a Treatment Phase.&#xD;
      Patients with locally advanced or metastatic breast cancer who fulfill the eligibility&#xD;
      criteria may be treated. Safety data will be collected, but a minimal amount of other data&#xD;
      will also be collected.&#xD;
    </textblock>
  </detailed_description>
  <overall_status>Completed</overall_status>
  <start_date>August 2010</start_date>
  <primary_completion_date type="Actual">August 2011</primary_completion_date>
  <phase>N/A</phase>
  <study_type>Interventional</study_type>
  <has_expanded_access>No</has_expanded_access>
  <study_design_info>
    <allocation>Non-Randomized</allocation>
    <intervention_model>Single Group Assignment</intervention_model>
    <primary_purpose>Treatment</primary_purpose>
    <masking>None (Open Label)</masking>
  </study_design_info>
  <primary_outcome>
    <measure>Safety</measure>
    <time_frame>For duration of treatment, an average of 5 months</time_frame>
    <description>General safety will be assessed by monitoring and recording the number of patients with adverse events (serious and nonserious) for duration of treatment which continued until disease progression, unacceptable toxicity or death.</description>
  </primary_outcome>
  <primary_outcome>
    <measure>Safety</measure>
    <time_frame>For duration of treatment, an average of 5 months</time_frame>
    <description>General safety will be assessed by monitoring and recording the number of patients with serious adverse events for duration of treatment which continued until disease progression, unacceptable toxicity or death.</description>
  </primary_outcome>
  <number_of_arms>1</number_of_arms>
  <enrollment type="Actual">9</enrollment>
  <condition>Breast Cancer</condition>
  <arm_group>
    <arm_group_label>Eribulin mesylate</arm_group_label>
    <arm_group_type>Experimental</arm_group_type>
  </arm_group>
  <intervention>
    <intervention_type>Drug</intervention_type>
    <intervention_name>Eribulin Mesylate</intervention_name>
    <description>Eribulin Mesylate: A dose of 1.4 mg/m^2 given intravenously on Day 1 and Day 8 of a 21 day cycle, continued until disease progression, unacceptable toxicity or death.</description>
    <arm_group_label>Eribulin mesylate</arm_group_label>
  </intervention>
  <eligibility>
    <criteria>
      <textblock>
        Inclusion Criteria&#xD;
&#xD;
        In order to receive eribulin under this protocol, the subjects oncologist must have&#xD;
        documented experience treating subjects with eribulin in a prior clinical study. Subjects&#xD;
        who meet all of the following criteria will be included in the treatment protocol:&#xD;
&#xD;
          1. Recurrent, locally advanced or metastatic breast cancer that has progressed on or&#xD;
             after the last anti-cancer therapy.&#xD;
&#xD;
          2. Prior treatment with, ineligibility for, or commercial unavailability of each of the&#xD;
             following therapies:&#xD;
&#xD;
               -  Anthracyclines, taxanes, and capecitabine.&#xD;
&#xD;
               -  Ixabepilone in countries where this agent is marketed.&#xD;
&#xD;
               -  Trastuzumab for Her-2 positive disease.&#xD;
&#xD;
               -  Hormonal therapy in hormone receptor-positive disease.&#xD;
&#xD;
               -  All other marketed therapies, eg, gemcitabine or vinorelbine, used for the&#xD;
                  treatment of advanced breast cancer.&#xD;
&#xD;
          3. Eastern Cooperative Oncology Group (ECOG) performance status &lt;/= 2.&#xD;
&#xD;
          4. Serum creatinine &lt;/= 2.0 mg/dL or creatinine clearance &gt;/= 40 mL/min according to&#xD;
             Cockcroft and Gault formula.&#xD;
&#xD;
          5. Absolute neutrophil count &gt;/= 1.5 x 10^9/L, hemoglobin &gt;/= 10 g/dL (can be corrected&#xD;
             by growth factor or transfusion), and platelet count &gt;/= 100 x 10^9/L.&#xD;
&#xD;
          6. Total bilirubin &lt;/= 1.5 x upper limit of normal (ULN). Alkaline phosphatase (AP),&#xD;
             alanine aminotransferase, and aspartate aminotransferase &lt;/= 3 x ULN (&lt;/= 5 x ULN in&#xD;
             case of liver metastases). In case AP is &gt;3 x ULN (in absence of liver metastases) or&#xD;
             &gt;5 x ULN (in presence of liver metastases) AND subject also is known to have bone&#xD;
             metastases, the liver specific AP must be separated from the total and used to assess&#xD;
             the liver function instead of the total AP.&#xD;
&#xD;
          7. Are willing and able to comply with all aspects of the treatment protocol.&#xD;
&#xD;
          8. Provide written informed consent.&#xD;
&#xD;
          9. Females, age &gt;/= 18 years.&#xD;
&#xD;
         10. Female subjects of childbearing potential must agree to be abstinent or to use a&#xD;
             highly effective methods of contraception (eg, condom + spermicide, condom + diaphragm&#xD;
             with spermicide, intra-uterine device, or have a vasectomised partner) having started&#xD;
             for at least one menstrual cycle prior to starting eribulin and throughout the entire&#xD;
             treatment period and for 30 days (longer if appropriate) after the last dose of&#xD;
             eribulin. Those women using hormonal contraceptives must also be using an additional&#xD;
             approved method of contraception (as described previously). Perimenopausal women must&#xD;
             be amenorrheic for at least 12 months to be considered of non-childbearing potential.&#xD;
&#xD;
        Exclusion Criteria Subjects who meet any of the following criteria will be excluded from&#xD;
        participation in the treatment protocol:&#xD;
&#xD;
          1. Eligible for any other eribulin study that is open in the same region.&#xD;
&#xD;
          2. Existing anti-cancer therapy-related toxicities of Grade &gt;/= 2, except that alopecia&#xD;
             and Grade 2 neuropathy are acceptable.&#xD;
&#xD;
          3. History of congestive heart failure with New York Heart Association Classification&#xD;
             &gt;II, unstable angina, myocardial infarction within the past 6 months, serious cardiac&#xD;
             arrhythmia.&#xD;
&#xD;
          4. Electrocardiogram with QTc interval &gt;/= 500 msec based upon Bazett's formula (QTcB).&#xD;
&#xD;
          5. The Investigator believes the subject to be medically unfit to receive eribulin or&#xD;
             unsuitable for any other reason.&#xD;
&#xD;
          6. Females who are pregnant (positive B-hCG test) or breastfeeding.&#xD;
&#xD;
          7. Subject with hypersensitivity to eribulin or any of the excipients.&#xD;
&#xD;
          8. Subjects with brain or subdural metastases are not eligible, unless they have&#xD;
             completed local therapy and have discontinued the use of corticosteroids for this&#xD;
             indication for at least 4 weeks before starting treatment in this treatment protocol.&#xD;
             Any signs (eg, radiologic) and/or symptoms of brain metastases must be stable for at&#xD;
             least 4 weeks before starting the treatment protocol.&#xD;
&#xD;
          9. Any history of or concomitant medical condition that, in the opinion of the&#xD;
             Investigator, would compromise the subject's ability to safely complete the treatment&#xD;
             protocol.&#xD;
&#xD;
         10. Subjects who are known to be human immunodeficiency virus positive because the&#xD;
             neutropenia caused by the eribulin treatment may make such subjects particularly&#xD;
             susceptible to infection.&#xD;
&#xD;
         11. Subjects with meningeal carcinomatosis.&#xD;
&#xD;
         12. Pulmonary lymphangitic involvement that results in pulmonary dysfunction requiring&#xD;
             active treatment, including the use of oxygen.&#xD;
&#xD;
         13. Subjects who have received any of the following treatments within the specified period&#xD;
             before the start of treatment:&#xD;
&#xD;
               -  Any investigational drug, chemotherapy, radiation, or biological or targeted&#xD;
                  therapy within 2 weeks.&#xD;
&#xD;
               -  Hormonal therapy within 1 week.&#xD;
      </textblock>
    </criteria>
    <gender>Female</gender>
    <minimum_age>18 Years</minimum_age>
    <maximum_age>N/A</maximum_age>
    <healthy_volunteers>No</healthy_volunteers>
  </eligibility>
  <overall_official>
    <last_name>Eisai Medical Services</last_name>
    <role>Study Director</role>
    <affiliation>Eisai Inc.</affiliation>
  </overall_official>
  <location>
    <facility>
      <address>
        <city>La Verne</city>
        <state>California</state>
        <country>United States</country>
      </address>
    </facility>
  </location>
  <location>
    <facility>
      <address>
        <city>Nyack</city>
        <state>New York</state>
        <country>United States</country>
      </address>
    </facility>
  </location>
  <location>
    <facility>
      <address>
        <city>Raleigh</city>
        <state>North Carolina</state>
        <country>United States</country>
      </address>
    </facility>
  </location>
  <location>
    <facility>
      <address>
        <city>Bismark</city>
        <state>North Dakota</state>
        <country>United States</country>
      </address>
    </facility>
  </location>
  <location>
    <facility>
      <address>
        <city>Dallas</city>
        <state>Texas</state>
        <country>United States</country>
      </address>
    </facility>
  </location>
  <location_countries>
    <country>United States</country>
  </location_countries>
  <verification_date>September 2013</verification_date>
  <study_first_submitted>June 10, 2010</study_first_submitted>
  <study_first_submitted_qc>June 10, 2010</study_first_submitted_qc>
  <study_first_posted type="Estimate">June 11, 2010</study_first_posted>
  <results_first_submitted>April 29, 2013</results_first_submitted>
  <results_first_submitted_qc>September 19, 2013</results_first_submitted_qc>
  <results_first_posted type="Estimate">September 20, 2013</results_first_posted>
  <last_update_submitted>September 19, 2013</last_update_submitted>
  <last_update_submitted_qc>September 19, 2013</last_update_submitted_qc>
  <last_update_posted type="Estimate">September 20, 2013</last_update_posted>
  <responsible_party>
    <responsible_party_type>Sponsor</responsible_party_type>
  </responsible_party>
  <keyword>Advanced breast cancer refractory to all commercially available therapies</keyword>
  <condition_browse>
    <!-- CAUTION:  The following MeSH terms are assigned with an imperfect algorithm            -->
    <mesh_term>Breast Neoplasms</mesh_term>
  </condition_browse>

  <clinical_results>

    <participant_flow>
      <recruitment_details>This study was recruited at 5 centers in the US during the period of Aug 2010 to Aug 2011.</recruitment_details>
      <group_list>
        <group group_id="P1">
          <title>Eribulin Mesylate</title>
          <description>Eribulin Mesylate : Eribulin Mesylate: A dose of 1.4 mg/m^2 given intravenously on Day 1 and Day 8 of a 21 day cycle, continued until disease progression, unacceptable toxicity or death.</description>
        </group>
      </group_list>
      <period_list>
        <period>
          <title>Overall Study</title>
          <milestone_list>
            <milestone>
              <title>STARTED</title>
              <participants_list>
                <participants group_id="P1" count="9"/>
              </participants_list>
            </milestone>
            <milestone>
              <title>COMPLETED</title>
              <participants_list>
                <participants group_id="P1" count="5"/>
              </participants_list>
            </milestone>
            <milestone>
              <title>NOT COMPLETED</title>
              <participants_list>
                <participants group_id="P1" count="4"/>
              </participants_list>
            </milestone>
          </milestone_list>
          <drop_withdraw_reason_list>
            <drop_withdraw_reason>
              <title>Adverse Event</title>
              <participants_list>
                <participants group_id="P1" count="2"/>
              </participants_list>
            </drop_withdraw_reason>
            <drop_withdraw_reason>
              <title>Withdrawal by Subject</title>
              <participants_list>
                <participants group_id="P1" count="1"/>
              </participants_list>
            </drop_withdraw_reason>
            <drop_withdraw_reason>
              <title>Physician Decision</title>
              <participants_list>
                <participants group_id="P1" count="1"/>
              </participants_list>
            </drop_withdraw_reason>
          </drop_withdraw_reason_list>
        </period>
      </period_list>
    </participant_flow>

    <baseline>
      <group_list>
        <group group_id="B1">
          <title>Eribulin Mesylate</title>
          <description>Eribulin Mesylate : Eribulin Mesylate: A dose of 1.4 mg/m^2 given intravenously on Day 1 and Day 8 of a 21 day cycle, continued until disease progression, unacceptable toxicity or death.</description>
        </group>
      </group_list>
      <analyzed_list>
        <analyzed>
          <units>Participants</units>
          <scope>Overall</scope>
          <count_list>
            <count group_id="B1" value="9"/>
          </count_list>
        </analyzed>
      </analyzed_list>
      <measure_list>
        <measure>
          <title>Age</title>
          <units>years</units>
          <param>Mean</param>
          <dispersion>Standard Deviation</dispersion>
          <class_list>
            <class>
              <category_list>
                <category>
                  <measurement_list>
                    <measurement group_id="B1" value="55.2" spread="11.58"/>
                  </measurement_list>
                </category>
              </category_list>
            </class>
          </class_list>
        </measure>
        <measure>
          <title>Sex: Female, Male</title>
          <units>Participants</units>
          <param>Count of Participants</param>
          <class_list>
            <class>
              <category_list>
                <category>
                  <title>Female</title>
                  <measurement_list>
                    <measurement group_id="B1" value="9"/>
                  </measurement_list>
                </category>
                <category>
                  <title>Male</title>
                  <measurement_list>
                    <measurement group_id="B1" value="0"/>
                  </measurement_list>
                </category>
              </category_list>
            </class>
          </class_list>
        </measure>
        <measure>
          <title>Race (NIH/OMB)</title>
          <units>Participants</units>
          <param>Count of Participants</param>
          <class_list>
            <class>
              <category_list>
                <category>
                  <title>American Indian or Alaska Native</title>
                  <measurement_list>
                    <measurement group_id="B1" value="0"/>
                  </measurement_list>
                </category>
                <category>
                  <title>Asian</title>
                  <measurement_list>
                    <measurement group_id="B1" value="0"/>
                  </measurement_list>
                </category>
                <category>
                  <title>Native Hawaiian or Other Pacific Islander</title>
                  <measurement_list>
                    <measurement group_id="B1" value="0"/>
                  </measurement_list>
                </category>
                <category>
                  <title>Black or African American</title>
                  <measurement_list>
                    <measurement group_id="B1" value="0"/>
                  </measurement_list>
                </category>
                <category>
                  <title>White</title>
                  <measurement_list>
                    <measurement group_id="B1" value="9"/>
                  </measurement_list>
                </category>
                <category>
                  <title>More than one race</title>
                  <measurement_list>
                    <measurement group_id="B1" value="0"/>
                  </measurement_list>
                </category>
                <category>
                  <title>Unknown or Not Reported</title>
                  <measurement_list>
                    <measurement group_id="B1" value="0"/>
                  </measurement_list>
                </category>
              </category_list>
            </class>
          </class_list>
        </measure>
      </measure_list>
    </baseline>

    <outcome_list>
      <outcome>
        <type>Primary</type>
        <title>Safety</title>
        <description>General safety will be assessed by monitoring and recording the number of patients with adverse events (serious and nonserious) for duration of treatment which continued until disease progression, unacceptable toxicity or death.</description>
        <time_frame>For duration of treatment, an average of 5 months</time_frame>
        <group_list>
          <group group_id="O1">
            <title>Eribulin Mesylate</title>
            <description>Eribulin Mesylate : Eribulin Mesylate: A dose of 1.4 mg/m^2 given intravenously on Day 1 and Day 8 of a 21 day cycle, continued until disease progression, unacceptable toxicity or death.</description>
          </group>
        </group_list>
        <measure>
          <title>Safety</title>
          <description>General safety will be assessed by monitoring and recording the number of patients with adverse events (serious and nonserious) for duration of treatment which continued until disease progression, unacceptable toxicity or death.</description>
          <units>participants</units>
          <param>Number</param>
          <analyzed_list>
            <analyzed>
              <units>Participants</units>
              <scope>Measure</scope>
              <count_list>
                <count group_id="O1" value="9"/>
              </count_list>
            </analyzed>
          </analyzed_list>
          <class_list>
            <class>
              <category_list>
                <category>
                  <measurement_list>
                    <measurement group_id="O1" value="9"/>
                  </measurement_list>
                </category>
              </category_list>
            </class>
          </class_list>
        </measure>
      </outcome>
      <outcome>
        <type>Primary</type>
        <title>Safety</title>
        <description>General safety will be assessed by monitoring and recording the number of patients with serious adverse events for duration of treatment which continued until disease progression, unacceptable toxicity or death.</description>
        <time_frame>For duration of treatment, an average of 5 months</time_frame>
        <group_list>
          <group group_id="O1">
            <title>Eribulin Mesylate</title>
            <description>Eribulin Mesylate : Eribulin Mesylate: A dose of 1.4 mg/m^2 given intravenously on Day 1 and Day 8 of a 21 day cycle, continued until disease progression, unacceptable toxicity or death.</description>
          </group>
        </group_list>
        <measure>
          <title>Safety</title>
          <description>General safety will be assessed by monitoring and recording the number of patients with serious adverse events for duration of treatment which continued until disease progression, unacceptable toxicity or death.</description>
          <units>participants</units>
          <param>Number</param>
          <analyzed_list>
            <analyzed>
              <units>Participants</units>
              <scope>Measure</scope>
              <count_list>
                <count group_id="O1" value="9"/>
              </count_list>
            </analyzed>
          </analyzed_list>
          <class_list>
            <class>
              <category_list>
                <category>
                  <measurement_list>
                    <measurement group_id="O1" value="7"/>
                  </measurement_list>
                </category>
              </category_list>
            </class>
          </class_list>
        </measure>
      </outcome>
    </outcome_list>

    <reported_events>
      <group_list>
        <group group_id="E1">
          <title>Eribulin Mesylate</title>
          <description>Eribulin Mesylate : Eribulin Mesylate: A dose of 1.4 mg/m^2 given intravenously on Day 1 and Day 8 of a 21 day cycle, continued until disease progression, unacceptable toxicity or death.</description>
        </group>
      </group_list>
      <serious_events>
        <category_list>
          <category>
            <title>Total</title>
            <event_list>
              <event>
                <sub_title>Total, serious adverse events</sub_title>
                <counts group_id="E1" subjects_affected="7" subjects_at_risk="9"/>
              </event>
            </event_list>
          </category>
          <category>
            <title>Blood and lymphatic system disorders</title>
            <event_list>
              <event>
                <sub_title>Febrile Neutropenia</sub_title>
                <counts group_id="E1" subjects_affected="1" subjects_at_risk="9"/>
              </event>
              <event>
                <sub_title>Neutropenia</sub_title>
                <counts group_id="E1" subjects_affected="1" subjects_at_risk="9"/>
              </event>
            </event_list>
          </category>
          <category>
            <title>Cardiac disorders</title>
            <event_list>
              <event>
                <sub_title>Tachycardia</sub_title>
                <counts group_id="E1" subjects_affected="1" subjects_at_risk="9"/>
              </event>
            </event_list>
          </category>
          <category>
            <title>Gastrointestinal disorders</title>
            <event_list>
              <event>
                <sub_title>Hematemesis</sub_title>
                <counts group_id="E1" subjects_affected="1" subjects_at_risk="9"/>
              </event>
              <event>
                <sub_title>Small Bowel Obstruction</sub_title>
                <counts group_id="E1" subjects_affected="1" subjects_at_risk="9"/>
              </event>
            </event_list>
          </category>
          <category>
            <title>Infections and infestations</title>
            <event_list>
              <event>
                <sub_title>Pneumonia</sub_title>
                <counts group_id="E1" subjects_affected="1" subjects_at_risk="9"/>
              </event>
            </event_list>
          </category>
          <category>
            <title>Metabolism and nutrition disorders</title>
            <event_list>
              <event>
                <sub_title>Hypokalemia</sub_title>
                <counts group_id="E1" subjects_affected="1" subjects_at_risk="9"/>
              </event>
            </event_list>
          </category>
          <category>
            <title>Musculoskeletal and connective tissue disorders</title>
            <event_list>
              <event>
                <sub_title>Alcohol Poisoning</sub_title>
                <counts group_id="E1" subjects_affected="1" subjects_at_risk="9"/>
              </event>
            </event_list>
          </category>
          <category>
            <title>Neoplasms benign, malignant and unspecified (incl cysts and polyps)</title>
            <event_list>
              <event>
                <sub_title>Progressive Disease</sub_title>
                <counts group_id="E1" subjects_affected="4" subjects_at_risk="9"/>
              </event>
            </event_list>
          </category>
          <category>
            <title>Nervous system disorders</title>
            <event_list>
              <event>
                <sub_title>Syncope</sub_title>
                <counts group_id="E1" subjects_affected="1" subjects_at_risk="9"/>
              </event>
            </event_list>
          </category>
        </category_list>
      </serious_events>
      <other_events>
        <frequency_threshold>5</frequency_threshold>
        <category_list>
          <category>
            <title>Total</title>
            <event_list>
              <event>
                <sub_title>Total, other adverse events</sub_title>
                <counts group_id="E1" subjects_affected="9" subjects_at_risk="9"/>
              </event>
            </event_list>
          </category>
          <category>
            <title>Blood and lymphatic system disorders</title>
            <event_list>
              <event>
                <sub_title>Neutropenia</sub_title>
                <counts group_id="E1" subjects_affected="3" subjects_at_risk="9"/>
              </event>
              <event>
                <sub_title>Anemia</sub_title>
                <counts group_id="E1" subjects_affected="1" subjects_at_risk="9"/>
              </event>
              <event>
                <sub_title>Leukopenia</sub_title>
                <counts group_id="E1" subjects_affected="1" subjects_at_risk="9"/>
              </event>
              <event>
                <sub_title>Splenomegaly</sub_title>
                <counts group_id="E1" subjects_affected="1" subjects_at_risk="9"/>
              </event>
            </event_list>
          </category>
          <category>
            <title>Congenital, familial and genetic disorders</title>
            <event_list>
              <event>
                <sub_title>Thrombocytopenia</sub_title>
                <counts group_id="E1" subjects_affected="1" subjects_at_risk="9"/>
              </event>
            </event_list>
          </category>
          <category>
            <title>Eye disorders</title>
            <event_list>
              <event>
                <sub_title>Tachyarrhythmia</sub_title>
                <counts group_id="E1" subjects_affected="1" subjects_at_risk="9"/>
              </event>
              <event>
                <sub_title>Lacrimation Increased</sub_title>
                <counts group_id="E1" subjects_affected="1" subjects_at_risk="9"/>
              </event>
              <event>
                <sub_title>Photopsia</sub_title>
                <counts group_id="E1" subjects_affected="1" subjects_at_risk="9"/>
              </event>
              <event>
                <sub_title>Vision Impairment</sub_title>
                <counts group_id="E1" subjects_affected="1" subjects_at_risk="9"/>
              </event>
            </event_list>
          </category>
          <category>
            <title>Gastrointestinal disorders</title>
            <event_list>
              <event>
                <sub_title>Vision Blurred</sub_title>
                <counts group_id="E1" subjects_affected="1" subjects_at_risk="9"/>
              </event>
              <event>
                <sub_title>Constipation</sub_title>
                <counts group_id="E1" subjects_affected="4" subjects_at_risk="9"/>
              </event>
              <event>
                <sub_title>Nausea</sub_title>
                <counts group_id="E1" subjects_affected="4" subjects_at_risk="9"/>
              </event>
              <event>
                <sub_title>Abdominal Distension</sub_title>
                <counts group_id="E1" subjects_affected="2" subjects_at_risk="9"/>
              </event>
              <event>
                <sub_title>Ascites</sub_title>
                <counts group_id="E1" subjects_affected="1" subjects_at_risk="9"/>
              </event>
              <event>
                <sub_title>Gingival Bleeding</sub_title>
                <counts group_id="E1" subjects_affected="1" subjects_at_risk="9"/>
              </event>
              <event>
                <sub_title>Diarrhea</sub_title>
                <counts group_id="E1" subjects_affected="1" subjects_at_risk="9"/>
              </event>
              <event>
                <sub_title>Hypoaesthesia Oral</sub_title>
                <counts group_id="E1" subjects_affected="1" subjects_at_risk="9"/>
              </event>
              <event>
                <sub_title>Oral Discomfort</sub_title>
                <counts group_id="E1" subjects_affected="1" subjects_at_risk="9"/>
              </event>
              <event>
                <sub_title>Stomatitis</sub_title>
                <counts group_id="E1" subjects_affected="1" subjects_at_risk="9"/>
              </event>
              <event>
                <sub_title>Vomiting</sub_title>
                <counts group_id="E1" subjects_affected="1" subjects_at_risk="9"/>
              </event>
            </event_list>
          </category>
          <category>
            <title>General disorders</title>
            <event_list>
              <event>
                <sub_title>Abdominal Hernia</sub_title>
                <counts group_id="E1" subjects_affected="1" subjects_at_risk="9"/>
              </event>
              <event>
                <sub_title>Fatigue</sub_title>
                <counts group_id="E1" subjects_affected="6" subjects_at_risk="9"/>
              </event>
              <event>
                <sub_title>Peripheral Edema</sub_title>
                <counts group_id="E1" subjects_affected="2" subjects_at_risk="9"/>
              </event>
              <event>
                <sub_title>Cyst</sub_title>
                <counts group_id="E1" subjects_affected="1" subjects_at_risk="9"/>
              </event>
              <event>
                <sub_title>Mucosal Inflammation</sub_title>
                <counts group_id="E1" subjects_affected="1" subjects_at_risk="9"/>
              </event>
            </event_list>
          </category>
          <category>
            <title>Hepatobiliary disorders</title>
            <event_list>
              <event>
                <sub_title>Jaundice</sub_title>
                <counts group_id="E1" subjects_affected="1" subjects_at_risk="9"/>
              </event>
            </event_list>
          </category>
          <category>
            <title>Infections and infestations</title>
            <event_list>
              <event>
                <sub_title>Oral Herpes</sub_title>
                <counts group_id="E1" subjects_affected="1" subjects_at_risk="9"/>
              </event>
              <event>
                <sub_title>Urinary Tract Infection</sub_title>
                <counts group_id="E1" subjects_affected="1" subjects_at_risk="9"/>
              </event>
            </event_list>
          </category>
          <category>
            <title>Injury, poisoning and procedural complications</title>
            <event_list>
              <event>
                <sub_title>Skin Infection</sub_title>
                <counts group_id="E1" subjects_affected="1" subjects_at_risk="9"/>
              </event>
              <event>
                <sub_title>Contusion</sub_title>
                <counts group_id="E1" subjects_affected="1" subjects_at_risk="9"/>
              </event>
            </event_list>
          </category>
          <category>
            <title>Investigations</title>
            <event_list>
              <event>
                <sub_title>Mouth Ulceration</sub_title>
                <counts group_id="E1" subjects_affected="1" subjects_at_risk="9"/>
              </event>
              <event>
                <sub_title>Neutrophil Count Decreased</sub_title>
                <counts group_id="E1" subjects_affected="2" subjects_at_risk="9"/>
              </event>
              <event>
                <sub_title>Blood Alkaline Phosphatase Increased</sub_title>
                <counts group_id="E1" subjects_affected="1" subjects_at_risk="9"/>
              </event>
              <event>
                <sub_title>Blood Bilirubin Increased</sub_title>
                <counts group_id="E1" subjects_affected="1" subjects_at_risk="9"/>
              </event>
              <event>
                <sub_title>Hemoglobin Decreased</sub_title>
                <counts group_id="E1" subjects_affected="1" subjects_at_risk="9"/>
              </event>
              <event>
                <sub_title>Occult Blood Positive</sub_title>
                <counts group_id="E1" subjects_affected="1" subjects_at_risk="9"/>
              </event>
            </event_list>
          </category>
          <category>
            <title>Metabolism and nutrition disorders</title>
            <event_list>
              <event>
                <sub_title>Fluid Retention</sub_title>
                <counts group_id="E1" subjects_affected="1" subjects_at_risk="9"/>
              </event>
              <event>
                <sub_title>Hypocalcemia</sub_title>
                <counts group_id="E1" subjects_affected="1" subjects_at_risk="9"/>
              </event>
            </event_list>
          </category>
          <category>
            <title>Musculoskeletal and connective tissue disorders</title>
            <event_list>
              <event>
                <sub_title>Arthralgia</sub_title>
                <counts group_id="E1" subjects_affected="2" subjects_at_risk="9"/>
              </event>
              <event>
                <sub_title>Back Pain</sub_title>
                <counts group_id="E1" subjects_affected="1" subjects_at_risk="9"/>
              </event>
              <event>
                <sub_title>Muscle Spasms</sub_title>
                <counts group_id="E1" subjects_affected="1" subjects_at_risk="9"/>
              </event>
              <event>
                <sub_title>Muscular Weakness</sub_title>
                <counts group_id="E1" subjects_affected="1" subjects_at_risk="9"/>
              </event>
              <event>
                <sub_title>Musculoskeletal Chest Pain</sub_title>
                <counts group_id="E1" subjects_affected="1" subjects_at_risk="9"/>
              </event>
              <event>
                <sub_title>Myalgia</sub_title>
                <counts group_id="E1" subjects_affected="1" subjects_at_risk="9"/>
              </event>
              <event>
                <sub_title>Pain in Extremity</sub_title>
                <counts group_id="E1" subjects_affected="1" subjects_at_risk="9"/>
              </event>
            </event_list>
          </category>
          <category>
            <title>Neoplasms benign, malignant and unspecified (incl cysts and polyps)</title>
            <event_list>
              <event>
                <sub_title>Decreased Appetite</sub_title>
                <counts group_id="E1" subjects_affected="1" subjects_at_risk="9"/>
              </event>
            </event_list>
          </category>
          <category>
            <title>Nervous system disorders</title>
            <event_list>
              <event>
                <sub_title>Headache</sub_title>
                <counts group_id="E1" subjects_affected="2" subjects_at_risk="9"/>
              </event>
              <event>
                <sub_title>Ataxia</sub_title>
                <counts group_id="E1" subjects_affected="1" subjects_at_risk="9"/>
              </event>
              <event>
                <sub_title>Dysaesthesia</sub_title>
                <counts group_id="E1" subjects_affected="1" subjects_at_risk="9"/>
              </event>
              <event>
                <sub_title>Neuropathy Peripheral</sub_title>
                <counts group_id="E1" subjects_affected="1" subjects_at_risk="9"/>
              </event>
              <event>
                <sub_title>Peripheral Sensory Neuropathy</sub_title>
                <counts group_id="E1" subjects_affected="1" subjects_at_risk="9"/>
              </event>
            </event_list>
          </category>
          <category>
            <title>Pregnancy, puerperium and perinatal conditions</title>
            <event_list>
              <event>
                <sub_title>Bone Pain</sub_title>
                <counts group_id="E1" subjects_affected="1" subjects_at_risk="9"/>
              </event>
            </event_list>
          </category>
          <category>
            <title>Psychiatric disorders</title>
            <event_list>
              <event>
                <sub_title>Insomnia</sub_title>
                <counts group_id="E1" subjects_affected="1" subjects_at_risk="9"/>
              </event>
            </event_list>
          </category>
          <category>
            <title>Respiratory, thoracic and mediastinal disorders</title>
            <event_list>
              <event>
                <sub_title>Epistaxis</sub_title>
                <counts group_id="E1" subjects_affected="2" subjects_at_risk="9"/>
              </event>
              <event>
                <sub_title>Cough</sub_title>
                <counts group_id="E1" subjects_affected="1" subjects_at_risk="9"/>
              </event>
              <event>
                <sub_title>Dyspnea</sub_title>
                <counts group_id="E1" subjects_affected="1" subjects_at_risk="9"/>
              </event>
              <event>
                <sub_title>Oropharyngeal Pain</sub_title>
                <counts group_id="E1" subjects_affected="1" subjects_at_risk="9"/>
              </event>
              <event>
                <sub_title>Upper Airway Cough Syndrome</sub_title>
                <counts group_id="E1" subjects_affected="1" subjects_at_risk="9"/>
              </event>
            </event_list>
          </category>
          <category>
            <title>Skin and subcutaneous tissue disorders</title>
            <event_list>
              <event>
                <sub_title>Alopecia</sub_title>
                <counts group_id="E1" subjects_affected="1" subjects_at_risk="9"/>
              </event>
              <event>
                <sub_title>Pruritis</sub_title>
                <counts group_id="E1" subjects_affected="1" subjects_at_risk="9"/>
              </event>
            </event_list>
          </category>
          <category>
            <title>Vascular disorders</title>
            <event_list>
              <event>
                <sub_title>Phlebitis</sub_title>
                <counts group_id="E1" subjects_affected="1" subjects_at_risk="9"/>
              </event>
              <event>
                <sub_title>Phlebitis Superficial</sub_title>
                <counts group_id="E1" subjects_affected="1" subjects_at_risk="9"/>
              </event>
            </event_list>
          </category>
        </category_list>
      </other_events>
    </reported_events>

    <certain_agreements>
      <pi_employee>Principal Investigators are NOT employed by the organization sponsoring the study.</pi_employee>
      <restrictive_agreement>There is NOT an agreement between Principal Investigators and the Sponsor (or its agents) that restricts the PI's rights to discuss or publish trial results after the trial is completed. </restrictive_agreement>
    </certain_agreements>
    <point_of_contact>
      <name_or_title>Prash Gopalakrishna</name_or_title>
      <organization>Eisai Inc.</organization>
      <phone>888-422-4743</phone>
    </point_of_contact>
  </clinical_results>
</clinical_study>

