{"protocolSection":{"identificationModule":{"nctId":"NCT02794493","orgStudyIdInfo":{"id":"2015BAI04B07"},"organization":{"fullName":"China-Japan Friendship Hospital","class":"OTHER"},"briefTitle":"Treatment of Hand and Foot Syndrome With Traditional Chinese Medicine Formula LC09 in Patients Who Are Receiving Capecitabine for Colorectal and/or Breast Cancer","officialTitle":"A Phase III Randomized, Placebo-controlled, Double-blind Trial to Determine the Effectiveness of Traditional Chinese Medicine Formula LC09 for Treatment of Capecitabine-Induced Hand and Foot Syndrome"},"statusModule":{"statusVerifiedDate":"2019-07","overallStatus":"COMPLETED","expandedAccessInfo":{"hasExpandedAccess":false},"startDateStruct":{"date":"2015-04-01","type":"ACTUAL"},"primaryCompletionDateStruct":{"date":"2017-12-31","type":"ACTUAL"},"completionDateStruct":{"date":"2018-04-25","type":"ACTUAL"},"studyFirstSubmitDate":"2016-05-26","studyFirstSubmitQcDate":"2016-06-04","studyFirstPostDateStruct":{"date":"2016-06-09","type":"ESTIMATED"},"lastUpdateSubmitDate":"2019-07-23","lastUpdatePostDateStruct":{"date":"2019-07-25","type":"ACTUAL"}},"sponsorCollaboratorsModule":{"responsibleParty":{"type":"PRINCIPAL_INVESTIGATOR","investigatorFullName":"Yanni Lou","investigatorTitle":"Attending Doctor","investigatorAffiliation":"China-Japan Friendship Hospital"},"leadSponsor":{"name":"China-Japan Friendship Hospital","class":"OTHER"}},"oversightModule":{},"descriptionModule":{"briefSummary":"RATIONALE: Hand foot syndrome may be treated or reduced by soaking Traditional Chinese Medicine Formula LC09 in patients receiving capecitabine for colorectal and/or breast cancer.\n\nPURPOSE: This randomized phase III trial is studying soaking Traditional Chinese Medicine Formula LC09 to see how well they work compared to placebos in preventing hand-foot syndrome in patients who are receiving capecitabine for colorectal or breast cancer.","detailedDescription":"OBJECTIVES:\n\nOBJECTIVES: Determine whether Traditional Chinese Medicine Formula LC09 can treat or reduce the severity of capecitabine-caused hand foot syndrome.\n\nEvaluate the potential toxicity of Traditional Chinese Medicine Formula LC09. OUTLINE: This is a multicenter, randomized, double-blind, placebo-controlled study. Patients are randomized to 2 treatment arms.\n\nArm I: Patients receive Traditional Chinese Medicine Formula LC09 by soaking their affected hand and feet 20 min twice daily.\n\nArm II: Patients receive placebo by soaking their affected hand and feet 20 min twice daily."},"conditionsModule":{"conditions":["Hand Foot Syndrome"]},"designModule":{"studyType":"INTERVENTIONAL","phases":["PHASE3"],"designInfo":{"allocation":"RANDOMIZED","interventionModel":"PARALLEL","primaryPurpose":"TREATMENT","maskingInfo":{"masking":"QUADRUPLE","whoMasked":["PARTICIPANT","CARE_PROVIDER","INVESTIGATOR","OUTCOMES_ASSESSOR"]}},"enrollmentInfo":{"count":156,"type":"ACTUAL"}},"armsInterventionsModule":{"armGroups":[{"label":"Arm I","type":"EXPERIMENTAL","description":"Patients receive Traditional Chinese Medicine Formula LC09 by soaking their affected hand and feet 20 min twice daily.","interventionNames":["Drug: Traditional Chinese Medicine Formula LC09"]},{"label":"Arm II","type":"PLACEBO_COMPARATOR","description":"Patients receive placebo by soaking their affected hand and feet 20 min twice daily.","interventionNames":["Other: Placebo"]}],"interventions":[{"type":"DRUG","name":"Traditional Chinese Medicine Formula LC09","armGroupLabels":["Arm I"]},{"type":"OTHER","name":"Placebo","armGroupLabels":["Arm II"]}]},"outcomesModule":{"primaryOutcomes":[{"measure":"Grade of hand foot syndrome over time as measured by NCI CTCAE version 4.03 PPE syndrome criteria","description":"Grading of PPE by NCI CTC criteria is collected on a diary card that subjects fill out once daily. Investigators assess and fill the grading into the case report form every week.","timeFrame":"Once daily until the date that the consecutive 2 cycles of capecitabine-containing chemotherapy ended (up to 6 weeks)"},{"measure":"Assessment of patient reported pain using a 1-10 score.","description":"Assessment of patient reported pain using a 1-10 score is collected on a diary card that subjects fill out once daily.","timeFrame":"Once daily until the date that the consecutive 2 cycles of capecitabine-containing chemotherapy ended(up to 6 weeks)"}],"secondaryOutcomes":[{"measure":"Instrumental Activities of Daily Living Scale","description":"Performance assessment on 8 daily tasks","timeFrame":"Baseline and after the intervention completed (up to 6 weeks)"},{"measure":"Dermatology Life Quality Index (DLQI) Total Score","description":"The DLQI is a 10-item general dermatology questionnaire that assess health related quality of life (daily activities, personal relationships, symptoms and feelings, leisure, work and school, and treatment). The DLQI item response options are rated by the participant from 0 (not at all/not relevant) to 3 (very much) with a total score range of 0 (best) to 30 (worst); higher scores indicate poor quality of life.","timeFrame":"Baseline and after the intervention completed (up to 6 weeks)"},{"measure":"Chemotherapy completion rate","description":"Proportion of patients having tolerated established 2-week chemotherapy in each arms.","timeFrame":"After the intervention completed (up to 6 weeks)"},{"measure":"Incidence of reduced dosage of capecitabine thereby","description":"Reduced dosage of capecitabine thereby because of hand foot syndrome","timeFrame":"After the intervention completed (up to 6 weeks)"},{"measure":"Incidence of cessation of capecitabine thereby","description":"Cessation of capecitabine thereby because of hand foot syndrome","timeFrame":"After the intervention completed (up to 6 weeks)"}]},"eligibilityModule":{"eligibilityCriteria":"Inclusion Criteria:\n\nSubjects must meet the following criteria to be eligible for the study:\n\n1. Histologically confirmed colorectal cancer or breast cancer, of which colorecta cancer is advanced or undergoing adjuvant therapy after radical resection and breast cancer is at the stage of recurrence or metastasis;\n2. Level 1 or above HFS after receiving capecitabine as part of routine standard care;\n3. Plan to receive capecitabine as part of routine more than 2 weeks;\n4. ECOG performance status 0-2;\n5. Life expectancy greater than or equal to 3 months;\n6. No serious heart, liver, kidney and other important viscera dysfunction, as defined below:\n\n   * absolute neutrophil count greater than or equal to 1.5 x 10(9)/L\n   * platelet count greater than or equal to 100 x 10(9)/L\n   * hemoglobin greater than or equal to 9.0 g/dL\n   * total bilirubin less than or equal to 1.5 times the ULN\n   * AST/SGOT and ALT/SGPT less than or equal to 2.5 times the ULN (or less than or equal to 5 times the ULN if liver function abnormalities due to underlying malignancy)\n   * creatinine less than or equal to 1.5 times the ULN\n   * creatinine clearance greater than or equal to 60 ml/min (by Cockcroft-Gault)\n7. Ability to cooperate with HFS grade evaluation, understand and the willingness to sign a written informed consent document.\n\nExclusion Criteria:\n\nSubjects meeting any of the following criteria are ineligible for study entry:\n\n1. Concurrent with level 1 or above peripheral neuropathy (such as diabetic neuropathy or chemotherapy induced peripheral neuropathy);\n2. Other acute or chronic inflammatory conditions or infections of the hands or feet that would complicate safety, application of topical creams, or study endpoints;\n3. Currently taking other treatment for PPE (including topical urea cream, pyridoxine, celecoxib, compound matrine injection and deproteinized calf blood extractive injection);\n4. History of severe or uncontrolled organic disease or infection, such as heart, pulmonary or renal failure that cause the termination of chemotherapy;\n5. Pregnant (positive pregnancy test) or nursing women;\n6. Participating in other clinical trial currently or within 4 weeks.","healthyVolunteers":false,"sex":"ALL","minimumAge":"18 Years","maximumAge":"80 Years","stdAges":["ADULT","OLDER_ADULT"]},"referencesModule":{"references":[{"pmid":"32597691","type":"DERIVED","citation":"Yu R, Wu X, Jia L, Lou Y. Effect of Chinese Herbal Compound LC09 on Patients With Capecitabine-Associated Hand-Foot Syndrome: A Randomized, Double-Blind, and Parallel-Controlled Trial. Integr Cancer Ther. 2020 Jan-Dec;19:1534735420928466. doi: 10.1177/1534735420928466."}]}},"derivedSection":{"miscInfoModule":{"versionHolder":"2023-07-03","modelPredictions":{"bmiLimits":{"minBmi":0.00,"maxBmi":101.00}}},"conditionBrowseModule":{"meshes":[{"id":"D000060831","term":"Hand-Foot Syndrome"},{"id":"D000013577","term":"Syndrome"}],"ancestors":[{"id":"D000004194","term":"Disease"},{"id":"D000010335","term":"Pathologic Processes"},{"id":"D000003875","term":"Drug Eruptions"},{"id":"D000003872","term":"Dermatitis"},{"id":"D000012871","term":"Skin Diseases"},{"id":"D000004342","term":"Drug Hypersensitivity"},{"id":"D000064420","term":"Drug-Related Side Effects and Adverse Reactions"},{"id":"D000064419","term":"Chemically-Induced Disorders"}],"browseLeaves":[{"id":"M16045","name":"Syndrome","asFound":"Syndrome","relevance":"HIGH"},{"id":"M4910","name":"Breast Neoplasms","relevance":"LOW"},{"id":"M29400","name":"Hand-Foot Syndrome","asFound":"Hand-foot Syndrome","relevance":"HIGH"},{"id":"M7909","name":"Exanthema","relevance":"LOW"},{"id":"M6760","name":"Drug Eruptions","relevance":"LOW"},{"id":"M6757","name":"Dermatitis","relevance":"LOW"},{"id":"M15364","name":"Skin Diseases","relevance":"LOW"},{"id":"M9708","name":"Hypersensitivity","relevance":"LOW"},{"id":"M7207","name":"Drug Hypersensitivity","relevance":"LOW"},{"id":"M29993","name":"Drug-Related Side Effects and Adverse Reactions","relevance":"LOW"},{"id":"M29992","name":"Chemically-Induced Disorders","relevance":"LOW"}],"browseBranches":[{"abbrev":"BC23","name":"Symptoms and General Pathology"},{"abbrev":"All","name":"All Conditions"},{"abbrev":"BC04","name":"Neoplasms"},{"abbrev":"BC17","name":"Skin and Connective Tissue Diseases"},{"abbrev":"BC25","name":"Substance Related Disorders"},{"abbrev":"BC20","name":"Immune System Diseases"}]},"interventionBrowseModule":{"browseLeaves":[{"id":"M377","name":"Capecitabine","relevance":"LOW"}],"browseBranches":[{"abbrev":"ANeo","name":"Antineoplastic Agents"},{"abbrev":"All","name":"All Drugs and Chemicals"}]}},"hasResults":false}