<?xml version="1.0" encoding="UTF-8"?>
<clinical_study rank="245">
  <!-- This xml conforms to an XML Schema at:
    https://clinicaltrials.gov/ct2/html/images/info/public.xsd -->
  <required_header>
    <download_date>ClinicalTrials.gov processed this data on May 26, 2023</download_date>
    <link_text>Link to the current ClinicalTrials.gov record.</link_text>
    <url>https://clinicaltrials.gov/show/NCT00570323</url>
  </required_header>
  <id_info>
    <org_study_id>H 20431</org_study_id>
    <secondary_id>IRUSFULV0060</secondary_id>
    <nct_id>NCT00570323</nct_id>
  </id_info>
  <brief_title>Arimidex With or Without Faslodex In Postmenopausal Women With HR Positive Breast Cancer</brief_title>
  <acronym>PACT001</acronym>
  <official_title>A Phase II Trial of Neoadjuvant Arimidex With or Without Faslodex in Postmenopausal Women With Hormone Receptor Positive Breast Cancer</official_title>
  <sponsors>
    <lead_sponsor>
      <agency>Mothaffar Rimawi</agency>
      <agency_class>Other</agency_class>
    </lead_sponsor>
    <collaborator>
      <agency>AstraZeneca</agency>
      <agency_class>Industry</agency_class>
    </collaborator>
  </sponsors>
  <source>Baylor Breast Care Center</source>
  <oversight_info>
    <has_dmc>Yes</has_dmc>
  </oversight_info>
  <brief_summary>
    <textblock>
      Over the last 3 decades, a steady shift has occurred in the management of breast cancer.&#xD;
      Because it was traditionally viewed as a local disease, many advocated the use of radical&#xD;
      surgery to achieve maximum survival benefit. This view has been slowly replaced by a broader&#xD;
      biologic view that recognizes the often systemic nature of breast cancer, even when it&#xD;
      appears to be localized to the breast. Results from randomized clinical trials have&#xD;
      demonstrated that less extensive surgery, or lumpectomy plus radiation therapy, are optimal&#xD;
      for local management of early breast cancer. In addition to the less radical approach to&#xD;
      surgical treatment of breast cancer, other randomized clinical trials have established the&#xD;
      value of postoperative systemic therapy in improving overall survival by eradicating&#xD;
      micrometastatic disease, the major cause of mortality from breast cancer. Despite the&#xD;
      well-documented benefits of adjuvant systemic therapy, it is not effective in preventing&#xD;
      death from breast cancer in all patients who are candidates for such treatment. The worth of&#xD;
      such therapy can only be judged in retrospect upon disease relapse, a time when breast cancer&#xD;
      is nearly always incurable. Currently, there are few reliable methods to predict the success&#xD;
      or failure of a particular postoperative treatment modality, and better ways to predict and&#xD;
      optimize outcome are needed.&#xD;
&#xD;
      Combination endocrine therapy: Using endocrine agents with different mechanisms of action&#xD;
      together has the potential advantage of more effectively blocking ER signaling, thus&#xD;
      improving the efficacy of such agents against breast cancer. In the past, attempts to combine&#xD;
      endocrine agents for ER-positive breast cancer have had mixed results, depending on the&#xD;
      setting and the patient population studied.&#xD;
&#xD;
      Endocrine agents without any agonist effect could potentially be used in combination with&#xD;
      aromatase inhibitors, under the rationale that the combination would maximally blockade&#xD;
      estrogen receptor signaling, thus potentially improving the antitumor effect. Fulvestrant&#xD;
      (FASLODEX) is a pure estrogen antagonist with no known agonist effect; thus, it has the&#xD;
      potential to provide additional benefit when combined with an aromatase inhibitor. This&#xD;
      concept provides the rationale for using the combination of anastrazole and fulvestrant in&#xD;
      this study.&#xD;
    </textblock>
  </brief_summary>
  <detailed_description>
    <textblock>
      Purpose and Objectives&#xD;
&#xD;
      The primary objective of this study is to determine if ER-targeted therapy, ARIMIDEX and&#xD;
      FASLODEX, used in combination is superior to ARMIDEX alone in hormone receptor positive&#xD;
      breast cancer.&#xD;
&#xD;
      Primary study objective 1. To determine the efficacy of primary breast cancer, as measured by&#xD;
      decrease in proliferation (KI67), to the combination of ARIMIDEX, and FASLODEX at high dose&#xD;
&#xD;
      Secondary study objectives 1. To study molecular changes in response to treatment. 2. To&#xD;
      correlate changes in Ki67 with clinical response 3. To determine the pathologic response&#xD;
      rate. 4. To assess the tolerability and safety of the combination regimen.&#xD;
&#xD;
      This is a phase II randomized multi-center study. As indicated in the study design schema&#xD;
      found in the protocol document attached to Section S, patients will be initially randomized&#xD;
      to receive ARIMIDEX, or ARIMIDEX+FASLODEX (high dose) for 16 weeks (112 days). A&#xD;
      computer-generated randomization scheme will be generated by the study statistician at the&#xD;
      Breast Center, Baylor College of Medicine. A 1:1 randomization scheme using permuted blocks&#xD;
      will be employed. Randomization will be centralized at the Breast Center, Baylor College of&#xD;
      Medicine and accomplished via access to a secure web-based procedure that is currently being&#xD;
      implemented in our other multi-center clinical trials. Enrollment, eligibility, and&#xD;
      randomization information will be stored in an Oracle database on the Breast Center's Sun&#xD;
      server and will be accessible only through secure web-based applications. Communication with&#xD;
      the pharmacy will be handled by email which will contain only patient identification number&#xD;
      and initials and by FAX or hardcopy. The hardcopy will be used by physicians to send to the&#xD;
      pharmacy a signed computer-generated pharmacy order to legally dispense study drug.&#xD;
&#xD;
      Within 30 days prior to randomization subjects will sign the study consent form, and have a&#xD;
      history and physical exam, including all concurrent medications. Blood will be drawn for CBC,&#xD;
      platelets, serum chemistries, BUN, creatinine, and liver function tests. If necessary to&#xD;
      determine menopausal status FSH, LH and serum estradiol will be obtained. An EKG, CXR PA and&#xD;
      lateral will be performed and a bilateral mammogram and US of primary breast cancer will be&#xD;
      done within 90 days of randomization. Subjects will then be randomized to receive either&#xD;
      ARIMIDEX 1 mg po q day (Group A), or ARIMIDEX 1 mg po q day and FASLODEX 500 mg IM, day 1,&#xD;
      day 14, day 28 and thereafter once every 28 days (Group B). Study medications will be&#xD;
      dispensed within 60 days of randomization. On day 28, subjects will be evaluated for side&#xD;
      effects and a second breast core biopsy will be obtained. Evaluation for tumor response and&#xD;
      tolerability of the regimen will be evaluated every 28 days in outpatient clinic visits. ALL&#xD;
      treatment will continue until day 112 when patients with a clinical response or stable&#xD;
      disease will receive appropriate surgical resection. If the tumor is unresectable on day 112,&#xD;
      a core needle biopsy will be done. The surgical specimen will be obtained for further&#xD;
      molecular analysis. After surgery, patients will be off study and will receive additional&#xD;
      breast cancer therapy at the discretion of their treating physician. Patients who develop&#xD;
      progressive disease on protocol will be taken off study and offered alternative treatment.&#xD;
      All patients will have a safety follow-up 1 month after the surgery (or the alternative core&#xD;
      biopsy).&#xD;
&#xD;
      Treatment will be administered on outpatient basis. After the baseline breast biopsy,&#xD;
      patients will be randomized to receive ARIMIDEX 1mg po q day (group A), or ARIMIDEX 1mg po q&#xD;
      day with FASLODEX 500 mg day 1, day 14, day 28, and thereafter every 28 days (Group B). After&#xD;
      28 days a second biopsy will be obtained in all patients. All patients will continue on the&#xD;
      same randomized treatment for the total duration of the study of 112 days till the day before&#xD;
      surgery. No investigational or commercial agents or therapies other than those described&#xD;
      below may be administered with the intent to treat the patient's malignancy.&#xD;
&#xD;
      Study Visit Procedures: Pre-Study Procedures will include the following: informed consent,&#xD;
      breast biopsy, demographics, medical history, concurrent medication list, physical exam,&#xD;
      blood draw, bidimensional tumor measurement, bilateral mammogram, primary breast ultrasound&#xD;
      and chest x-ray.&#xD;
&#xD;
      Day 1 procedures will include the following: study drug administration, clinic visit.&#xD;
&#xD;
      Day 14 procedures will include the following (group B only) study drug injection and clinic&#xD;
      visit.&#xD;
&#xD;
      Day 28 procedures will include the following (group B only) study drug injection. Both group&#xD;
      A and B, breast biopsy, concurrent medication list, physical exam, blood draw, clinic visit,&#xD;
      adverse events evaluation, bidimensional tumor measurement.&#xD;
&#xD;
      Day 56 procedures will include the following (group B only) study drug injection. Both group&#xD;
      A and B, concurrent medication list, physical exam, blood draw, adverse events evaluation,&#xD;
      clinic visit and bidimensional tumor measurement.&#xD;
&#xD;
      Day 84 procedures include (group B only) study drug injection. Both group A and B, concurrent&#xD;
      medication list, physical exam, blood draw, adverse event evaluation, clinic visit and&#xD;
      bidimensional tumor measurement.&#xD;
&#xD;
      Day 112 procedures include study drug administration, concurrent medication list, physical&#xD;
      exam, blood draw, adverse events evaluation, bidimensional tumor measurement, bilateral&#xD;
      mammogram, primary breast ultrasound and tumor resection.&#xD;
&#xD;
      Day 140 procedures include blood draw, clinic visit and safety evaluation for adverse events.&#xD;
&#xD;
      Duration of Therapy In the absence of treatment delays due to adverse events, treatment will&#xD;
      continue for 4 months or until one of the following criteria applies: Disease progression,&#xD;
      Intercurrent illness that prevents further administration of treatment, Unacceptable adverse&#xD;
      events(s), Patient decides to withdraw from the study, or General or specific changes in the&#xD;
      patient's condition render the patient unacceptable for further treatment in the judgment of&#xD;
      the investigator.&#xD;
&#xD;
      This protocol will close 6 months after the last patient is enrolled. Patients will receive&#xD;
      study medications from day 0 until day 111, which is the day before their planned surgery. On&#xD;
      day 140, patients will have a safety follow up visit and to determine the need for further&#xD;
      treatment after surgery.&#xD;
&#xD;
      Breast Core Biopsy All subjects will have a breast tumor core biopsy at the beginning of the&#xD;
      study, and a second biopsy after 2 weeks. Core needle biopsies are planned because they will&#xD;
      provide sufficient histologically evaluable tissue for the assays proposed in this study.&#xD;
    </textblock>
  </detailed_description>
  <overall_status>Completed</overall_status>
  <start_date type="Actual">December 2007</start_date>
  <completion_date type="Actual">December 5, 2018</completion_date>
  <primary_completion_date type="Actual">October 2016</primary_completion_date>
  <phase>Phase 2</phase>
  <study_type>Interventional</study_type>
  <has_expanded_access>No</has_expanded_access>
  <study_design_info>
    <allocation>Randomized</allocation>
    <intervention_model>Parallel Assignment</intervention_model>
    <primary_purpose>Treatment</primary_purpose>
    <masking>None (Open Label)</masking>
  </study_design_info>
  <primary_outcome>
    <measure>Change in Ki-67 Levels From Baseline (Pre) to Day 28 (Post) Biopsy Samples</measure>
    <time_frame>baseline (pre) to day 28 (post)</time_frame>
    <description>The primary endpoint is change in Ki-67 levels from baseline (pre) to day 28 (post) biopsy samples. Ki-67 levels were log-transformed to achieve approximately normally distributed data. The differences in these log-transformed values between post vs. pre biopsy samples were calculated. This difference represents the log of the ratio of post vs. pre Ki-67 levels in the original scale.</description>
  </primary_outcome>
  <secondary_outcome>
    <measure>Clinical Response</measure>
    <time_frame>1 Year</time_frame>
    <description>Measurable lesions were examined at baseline to treatment completion.Clinical Response was defined by Solid Tumor Response Criteria (RECIST).</description>
  </secondary_outcome>
  <secondary_outcome>
    <measure>Pathologic Complete Response</measure>
    <time_frame>1 Year</time_frame>
    <description>Pathologic response was defined as no residual invasive tumor on histopathological analysis in the breast primary. Patients were assessed according to the Chevallier classification of pathologic response.</description>
  </secondary_outcome>
  <number_of_arms>2</number_of_arms>
  <enrollment type="Actual">72</enrollment>
  <condition>Breast Cancer</condition>
  <arm_group>
    <arm_group_label>ARM A / Arimidex with Faslodex</arm_group_label>
    <arm_group_type>Active Comparator</arm_group_type>
    <description>Arimidex with Faslodex in postmenopausal women</description>
  </arm_group>
  <arm_group>
    <arm_group_label>ARM B Arimidex without Faslodex</arm_group_label>
    <arm_group_type>Active Comparator</arm_group_type>
    <description>Arimidex without Faslodex in postmenopausal women.</description>
  </arm_group>
  <intervention>
    <intervention_type>Drug</intervention_type>
    <intervention_name>Arimidex</intervention_name>
    <description>Aromatase inhibitors</description>
    <arm_group_label>ARM A / Arimidex with Faslodex</arm_group_label>
    <arm_group_label>ARM B Arimidex without Faslodex</arm_group_label>
    <other_name>Anastrozole</other_name>
  </intervention>
  <intervention>
    <intervention_type>Drug</intervention_type>
    <intervention_name>Faslodex</intervention_name>
    <description>Hormone Receptor</description>
    <arm_group_label>ARM A / Arimidex with Faslodex</arm_group_label>
    <other_name>Fulvestrant</other_name>
  </intervention>
  <eligibility>
    <criteria>
      <textblock>
        Inclusion Criteria:&#xD;
&#xD;
          -  All subjects must be female.&#xD;
&#xD;
          -  Postmenopausal status, defined as any one of the following criteria:&#xD;
&#xD;
               -  Documented history of bilateral oophorectomy.&#xD;
&#xD;
               -  Age 60 years or more.&#xD;
&#xD;
               -  Age 45 to 59 and satisfying one or more of the following criteria:&#xD;
&#xD;
                    -  Amenorrhea for at least 12 months and intact uterus.&#xD;
&#xD;
                    -  Amenorrhea for less than 12 months and a follicle stimulating hormone (FSH)&#xD;
                       and estradiol concentration within postmenopausal range including: patients&#xD;
                       who have had a hysterectomy and patients who have received hormone&#xD;
                       replacement.&#xD;
&#xD;
          -  Patients must have histologically confirmed invasive breast cancer with a primary&#xD;
             tumor of 3 cm or more in greatest dimension as measured by clinical examination.&#xD;
&#xD;
          -  Estrogen receptor and/or progesterone receptor positive disease.&#xD;
&#xD;
          -  Patients must not have received any prior treatment for current or newly diagnosed&#xD;
             breast cancer.&#xD;
&#xD;
          -  Patients must have not received previous treatment with any of the study medications&#xD;
             or similar drugs.&#xD;
&#xD;
          -  No use of selective estrogen receptor modulators (SERM) such as raloxifene or similar&#xD;
             agents in the past 2 years.&#xD;
&#xD;
          -  WHO performance status of 0, 1, or 2.&#xD;
&#xD;
          -  Adequate organ function defined as follows:&#xD;
&#xD;
               -  Adequate renal function, defined by a serum creatinine within 3 times the upper&#xD;
                  limits of normal.&#xD;
&#xD;
               -  Adequate liver function, defined by total bilirubin, AST, ALT, and alkaline&#xD;
                  phosphatase within 3 times the upper limits of normal.&#xD;
&#xD;
               -  Adequate bone marrow function, defined as a WBC greater than 3.0 ml, PLT greater&#xD;
                  than 75,000/ul, Hb greater than 9 gm/l.&#xD;
&#xD;
          -  Willing to undergo breast core biopsies as required by the study protocol. - Ability&#xD;
             to understand and sign a written informed consent for participation in the trial.&#xD;
&#xD;
          -  Life expectancy of at least 1 year.&#xD;
&#xD;
        Exclusion Criteria:&#xD;
&#xD;
          -  Premenopausal status.&#xD;
&#xD;
          -  Other coexisting malignancies with the exception of basal cell carcinoma or cervical&#xD;
             cancer in situ.&#xD;
&#xD;
          -  Patients with brain metastasis.&#xD;
&#xD;
          -  WHO performance status of 3 or 4.&#xD;
&#xD;
          -  Is judged by the investigator, uncontrolled intercurrent illness including, but not&#xD;
             limited to, ongoing or active infection, symptomatic congestive heart failure,&#xD;
             unstable angina pectoris, significant cardiac arrhythmia, or psychiatric&#xD;
             illness/social situations that would limit compliance with study requirements.&#xD;
&#xD;
          -  Evidence of any other significant clinical disorder or laboratory finding that makes&#xD;
             it undesirable for the subject to participate in the clinical trial. - Concurrent&#xD;
             treatment with estrogens or progestins. Patients must stop these drugs at least two&#xD;
             weeks prior to study entry.&#xD;
&#xD;
          -  Treatment with a non-approved or investigational drug within 30 days before Day 1 of&#xD;
             study treatment.&#xD;
&#xD;
          -  Platelet count less than 75,000.&#xD;
&#xD;
          -  In the opinion of the investigator, bleeding diathesis or anticoagulation therapy that&#xD;
             would preclude intramuscular injections.&#xD;
&#xD;
          -  History of hypersensitivity to castor oil.&#xD;
&#xD;
          -  Any evidence of clinically active interstitial lung disease (patients with chronic&#xD;
             stable radiographic changes who are asymptomatic need not be excluded) - Patients with&#xD;
             recurrent breast cancer.&#xD;
&#xD;
          -  Patients with contralateral second primary breast cancers are eligible.&#xD;
      </textblock>
    </criteria>
    <gender>Female</gender>
    <minimum_age>18 Years</minimum_age>
    <maximum_age>N/A</maximum_age>
    <healthy_volunteers>No</healthy_volunteers>
  </eligibility>
  <overall_official>
    <last_name>Mothaffar Rimawi, MD</last_name>
    <role>Principal Investigator</role>
    <affiliation>Baylor College of Medicine</affiliation>
  </overall_official>
  <location>
    <facility>
      <name>Baylor College of Medicine</name>
      <address>
        <city>Houston</city>
        <state>Texas</state>
        <zip>77030</zip>
        <country>United States</country>
      </address>
    </facility>
  </location>
  <location_countries>
    <country>United States</country>
  </location_countries>
  <verification_date>July 2020</verification_date>
  <study_first_submitted>December 6, 2007</study_first_submitted>
  <study_first_submitted_qc>December 7, 2007</study_first_submitted_qc>
  <study_first_posted type="Estimate">December 10, 2007</study_first_posted>
  <results_first_submitted>January 31, 2019</results_first_submitted>
  <results_first_submitted_qc>February 28, 2019</results_first_submitted_qc>
  <results_first_posted type="Actual">March 4, 2019</results_first_posted>
  <disposition_first_submitted>May 10, 2017</disposition_first_submitted>
  <disposition_first_submitted_qc>August 8, 2017</disposition_first_submitted_qc>
  <disposition_first_posted type="Actual">August 11, 2017</disposition_first_posted>
  <last_update_submitted>July 16, 2020</last_update_submitted>
  <last_update_submitted_qc>July 16, 2020</last_update_submitted_qc>
  <last_update_posted type="Actual">July 28, 2020</last_update_posted>
  <responsible_party>
    <responsible_party_type>Sponsor-Investigator</responsible_party_type>
    <investigator_affiliation>Baylor Breast Care Center</investigator_affiliation>
    <investigator_full_name>Mothaffar Rimawi</investigator_full_name>
    <investigator_title>Medical Director</investigator_title>
  </responsible_party>
  <keyword>Breast Cancer</keyword>
  <keyword>HORMONE RECEPTOR POSITIVE BREAST CANCER</keyword>
  <condition_browse>
    <!-- CAUTION:  The following MeSH terms are assigned with an imperfect algorithm            -->
    <mesh_term>Breast Neoplasms</mesh_term>
  </condition_browse>
  <intervention_browse>
    <!-- CAUTION:  The following MeSH terms are assigned with an imperfect algorithm            -->
    <mesh_term>Fulvestrant</mesh_term>
    <mesh_term>Anastrozole</mesh_term>
  </intervention_browse>
  <patient_data>
    <sharing_ipd>No</sharing_ipd>
  </patient_data>

  <clinical_results>

    <participant_flow>
      <group_list>
        <group group_id="P1">
          <title>Arimidex With Faslodex</title>
          <description>Arimidex with Faslodex in postmenopausal women&#xD;
Arimidex with Faslodex: Arimidex with Faslodex</description>
        </group>
        <group group_id="P2">
          <title>Arimidex</title>
          <description>Arimidex without Faslodex in postmenopausal women.&#xD;
Arimidex without Faslodex: Arimidex without Faslodex</description>
        </group>
      </group_list>
      <period_list>
        <period>
          <title>Started Treatment After Randomization</title>
          <milestone_list>
            <milestone>
              <title>STARTED</title>
              <participants_list>
                <participants group_id="P1" count="36"/>
                <participants group_id="P2" count="36"/>
              </participants_list>
            </milestone>
            <milestone>
              <title>COMPLETED</title>
              <participants_list>
                <participants group_id="P1" count="34"/>
                <participants group_id="P2" count="35"/>
              </participants_list>
            </milestone>
            <milestone>
              <title>NOT COMPLETED</title>
              <participants_list>
                <participants group_id="P1" count="2"/>
                <participants group_id="P2" count="1"/>
              </participants_list>
            </milestone>
          </milestone_list>
          <drop_withdraw_reason_list>
            <drop_withdraw_reason>
              <title>Withdrawal by Subject</title>
              <participants_list>
                <participants group_id="P1" count="0"/>
                <participants group_id="P2" count="1"/>
              </participants_list>
            </drop_withdraw_reason>
            <drop_withdraw_reason>
              <title>Protocol Violation</title>
              <participants_list>
                <participants group_id="P1" count="1"/>
                <participants group_id="P2" count="0"/>
              </participants_list>
            </drop_withdraw_reason>
            <drop_withdraw_reason>
              <title>Physician Decision</title>
              <participants_list>
                <participants group_id="P1" count="1"/>
                <participants group_id="P2" count="0"/>
              </participants_list>
            </drop_withdraw_reason>
          </drop_withdraw_reason_list>
        </period>
        <period>
          <title>Complete Study After Start</title>
          <milestone_list>
            <milestone>
              <title>STARTED</title>
              <participants_list>
                <participants group_id="P1" count="34"/>
                <participants group_id="P2" count="35"/>
              </participants_list>
            </milestone>
            <milestone>
              <title>COMPLETED</title>
              <participants_list>
                <participants group_id="P1" count="31"/>
                <participants group_id="P2" count="34"/>
              </participants_list>
            </milestone>
            <milestone>
              <title>NOT COMPLETED</title>
              <participants_list>
                <participants group_id="P1" count="3"/>
                <participants group_id="P2" count="1"/>
              </participants_list>
            </milestone>
          </milestone_list>
          <drop_withdraw_reason_list>
            <drop_withdraw_reason>
              <title>Lost to Follow-up</title>
              <participants_list>
                <participants group_id="P1" count="0"/>
                <participants group_id="P2" count="1"/>
              </participants_list>
            </drop_withdraw_reason>
            <drop_withdraw_reason>
              <title>Withdrawal by Subject</title>
              <participants_list>
                <participants group_id="P1" count="2"/>
                <participants group_id="P2" count="0"/>
              </participants_list>
            </drop_withdraw_reason>
            <drop_withdraw_reason>
              <title>Physician Decision</title>
              <participants_list>
                <participants group_id="P1" count="1"/>
                <participants group_id="P2" count="0"/>
              </participants_list>
            </drop_withdraw_reason>
          </drop_withdraw_reason_list>
        </period>
      </period_list>
    </participant_flow>

    <baseline>
      <group_list>
        <group group_id="B1">
          <title>Arimidex With Faslodex</title>
          <description>Arimidex with Faslodex in postmenopausal women&#xD;
Arimidex with Faslodex: Arimidex with Faslodex</description>
        </group>
        <group group_id="B2">
          <title>Arimidex</title>
          <description>Arimidex without Faslodex in postmenopausal women.&#xD;
Arimidex without Faslodex: Arimidex without Faslodex</description>
        </group>
        <group group_id="B3">
          <title>Total</title>
          <description>Total of all reporting groups</description>
        </group>
      </group_list>
      <analyzed_list>
        <analyzed>
          <units>Participants</units>
          <scope>Overall</scope>
          <count_list>
            <count group_id="B1" value="36"/>
            <count group_id="B2" value="36"/>
            <count group_id="B3" value="72"/>
          </count_list>
        </analyzed>
      </analyzed_list>
      <measure_list>
        <measure>
          <title>Age</title>
          <units>years</units>
          <param>Median</param>
          <dispersion>Full Range</dispersion>
          <class_list>
            <class>
              <category_list>
                <category>
                  <measurement_list>
                    <measurement group_id="B1" value="63" lower_limit="51" upper_limit="87"/>
                    <measurement group_id="B2" value="59" lower_limit="49" upper_limit="76"/>
                    <measurement group_id="B3" value="61" lower_limit="49" upper_limit="87"/>
                  </measurement_list>
                </category>
              </category_list>
            </class>
          </class_list>
        </measure>
        <measure>
          <title>Sex: Female, Male</title>
          <units>Participants</units>
          <param>Count of Participants</param>
          <class_list>
            <class>
              <category_list>
                <category>
                  <title>Female</title>
                  <measurement_list>
                    <measurement group_id="B1" value="36"/>
                    <measurement group_id="B2" value="36"/>
                    <measurement group_id="B3" value="72"/>
                  </measurement_list>
                </category>
                <category>
                  <title>Male</title>
                  <measurement_list>
                    <measurement group_id="B1" value="0"/>
                    <measurement group_id="B2" value="0"/>
                    <measurement group_id="B3" value="0"/>
                  </measurement_list>
                </category>
              </category_list>
            </class>
          </class_list>
        </measure>
        <measure>
          <title>Ethnicity (NIH/OMB)</title>
          <units>Participants</units>
          <param>Count of Participants</param>
          <class_list>
            <class>
              <category_list>
                <category>
                  <title>Hispanic or Latino</title>
                  <measurement_list>
                    <measurement group_id="B1" value="15"/>
                    <measurement group_id="B2" value="11"/>
                    <measurement group_id="B3" value="26"/>
                  </measurement_list>
                </category>
                <category>
                  <title>Not Hispanic or Latino</title>
                  <measurement_list>
                    <measurement group_id="B1" value="21"/>
                    <measurement group_id="B2" value="25"/>
                    <measurement group_id="B3" value="46"/>
                  </measurement_list>
                </category>
                <category>
                  <title>Unknown or Not Reported</title>
                  <measurement_list>
                    <measurement group_id="B1" value="0"/>
                    <measurement group_id="B2" value="0"/>
                    <measurement group_id="B3" value="0"/>
                  </measurement_list>
                </category>
              </category_list>
            </class>
          </class_list>
        </measure>
        <measure>
          <title>Race (NIH/OMB)</title>
          <units>Participants</units>
          <param>Count of Participants</param>
          <class_list>
            <class>
              <category_list>
                <category>
                  <title>American Indian or Alaska Native</title>
                  <measurement_list>
                    <measurement group_id="B1" value="0"/>
                    <measurement group_id="B2" value="0"/>
                    <measurement group_id="B3" value="0"/>
                  </measurement_list>
                </category>
                <category>
                  <title>Asian</title>
                  <measurement_list>
                    <measurement group_id="B1" value="1"/>
                    <measurement group_id="B2" value="3"/>
                    <measurement group_id="B3" value="4"/>
                  </measurement_list>
                </category>
                <category>
                  <title>Native Hawaiian or Other Pacific Islander</title>
                  <measurement_list>
                    <measurement group_id="B1" value="0"/>
                    <measurement group_id="B2" value="0"/>
                    <measurement group_id="B3" value="0"/>
                  </measurement_list>
                </category>
                <category>
                  <title>Black or African American</title>
                  <measurement_list>
                    <measurement group_id="B1" value="7"/>
                    <measurement group_id="B2" value="10"/>
                    <measurement group_id="B3" value="17"/>
                  </measurement_list>
                </category>
                <category>
                  <title>White</title>
                  <measurement_list>
                    <measurement group_id="B1" value="28"/>
                    <measurement group_id="B2" value="23"/>
                    <measurement group_id="B3" value="51"/>
                  </measurement_list>
                </category>
                <category>
                  <title>More than one race</title>
                  <measurement_list>
                    <measurement group_id="B1" value="0"/>
                    <measurement group_id="B2" value="0"/>
                    <measurement group_id="B3" value="0"/>
                  </measurement_list>
                </category>
                <category>
                  <title>Unknown or Not Reported</title>
                  <measurement_list>
                    <measurement group_id="B1" value="0"/>
                    <measurement group_id="B2" value="0"/>
                    <measurement group_id="B3" value="0"/>
                  </measurement_list>
                </category>
              </category_list>
            </class>
          </class_list>
        </measure>
      </measure_list>
    </baseline>

    <outcome_list>
      <outcome>
        <type>Primary</type>
        <title>Change in Ki-67 Levels From Baseline (Pre) to Day 28 (Post) Biopsy Samples</title>
        <description>The primary endpoint is change in Ki-67 levels from baseline (pre) to day 28 (post) biopsy samples. Ki-67 levels were log-transformed to achieve approximately normally distributed data. The differences in these log-transformed values between post vs. pre biopsy samples were calculated. This difference represents the log of the ratio of post vs. pre Ki-67 levels in the original scale.</description>
        <time_frame>baseline (pre) to day 28 (post)</time_frame>
        <population>Patients were evaluable if their baseline and day28 samples were collected and the samples werer in good quality. 30 patients were excluded from the analysis: 12 patients did not provide the samples at baseline and/or day28; another 18 patients' samples were found with no tumor.</population>
        <group_list>
          <group group_id="O1">
            <title>ARM A / Arimidex With Faslodex</title>
            <description>Arimidex with Faslodex in postmenopausal women&#xD;
Arimidex: Aromatase inhibitors&#xD;
Faslodex: Hormone Receptor</description>
          </group>
          <group group_id="O2">
            <title>ARM B Arimidex Without Faslodex</title>
            <description>Arimidex without Faslodex in postmenopausal women.&#xD;
Arimidex: Aromatase inhibitors</description>
          </group>
        </group_list>
        <measure>
          <title>Change in Ki-67 Levels From Baseline (Pre) to Day 28 (Post) Biopsy Samples</title>
          <description>The primary endpoint is change in Ki-67 levels from baseline (pre) to day 28 (post) biopsy samples. Ki-67 levels were log-transformed to achieve approximately normally distributed data. The differences in these log-transformed values between post vs. pre biopsy samples were calculated. This difference represents the log of the ratio of post vs. pre Ki-67 levels in the original scale.</description>
          <population>Patients were evaluable if their baseline and day28 samples were collected and the samples werer in good quality. 30 patients were excluded from the analysis: 12 patients did not provide the samples at baseline and/or day28; another 18 patients' samples were found with no tumor.</population>
          <units>log-transformed Ki67%</units>
          <param>Mean</param>
          <dispersion>Standard Deviation</dispersion>
          <analyzed_list>
            <analyzed>
              <units>Participants</units>
              <scope>Measure</scope>
              <count_list>
                <count group_id="O1" value="22"/>
                <count group_id="O2" value="20"/>
              </count_list>
            </analyzed>
          </analyzed_list>
          <class_list>
            <class>
              <category_list>
                <category>
                  <measurement_list>
                    <measurement group_id="O1" value="-1.3632" spread="0.8949"/>
                    <measurement group_id="O2" value="-1.6237" spread="2.1592"/>
                  </measurement_list>
                </category>
              </category_list>
            </class>
          </class_list>
        </measure>
        <analysis_list>
          <analysis>
            <group_id_list>
              <group_id>O1</group_id>
              <group_id>O2</group_id>
            </group_id_list>
            <non_inferiority_type>Superiority</non_inferiority_type>
            <p_value>0.6202</p_value>
            <method>t-test, 2 sided</method>
          </analysis>
        </analysis_list>
      </outcome>
      <outcome>
        <type>Secondary</type>
        <title>Clinical Response</title>
        <description>Measurable lesions were examined at baseline to treatment completion.Clinical Response was defined by Solid Tumor Response Criteria (RECIST).</description>
        <time_frame>1 Year</time_frame>
        <population>Patients who completed the study treatment were evaluable. 7 patients who did not complete the treatment were excluded from the analysis.</population>
        <group_list>
          <group group_id="O1">
            <title>Arimidex With Faslodex</title>
            <description>Arimidex with Faslodex in postmenopausal women&#xD;
Arimidex with Faslodex: Arimidex with Faslodex</description>
          </group>
          <group group_id="O2">
            <title>Arimidex</title>
            <description>Arimidex without Faslodex in postmenopausal women.&#xD;
Arimidex without Faslodex: Arimidex without Faslodex</description>
          </group>
        </group_list>
        <measure>
          <title>Clinical Response</title>
          <description>Measurable lesions were examined at baseline to treatment completion.Clinical Response was defined by Solid Tumor Response Criteria (RECIST).</description>
          <population>Patients who completed the study treatment were evaluable. 7 patients who did not complete the treatment were excluded from the analysis.</population>
          <units>Participants</units>
          <param>Count of Participants</param>
          <analyzed_list>
            <analyzed>
              <units>Participants</units>
              <scope>Measure</scope>
              <count_list>
                <count group_id="O1" value="31"/>
                <count group_id="O2" value="34"/>
              </count_list>
            </analyzed>
          </analyzed_list>
          <class_list>
            <class>
              <category_list>
                <category>
                  <title>Complete response</title>
                  <measurement_list>
                    <measurement group_id="O1" value="4"/>
                    <measurement group_id="O2" value="5"/>
                  </measurement_list>
                </category>
                <category>
                  <title>Partial response</title>
                  <measurement_list>
                    <measurement group_id="O1" value="18"/>
                    <measurement group_id="O2" value="19"/>
                  </measurement_list>
                </category>
                <category>
                  <title>Stable disease</title>
                  <measurement_list>
                    <measurement group_id="O1" value="5"/>
                    <measurement group_id="O2" value="5"/>
                  </measurement_list>
                </category>
                <category>
                  <title>Progression disease</title>
                  <measurement_list>
                    <measurement group_id="O1" value="4"/>
                    <measurement group_id="O2" value="5"/>
                  </measurement_list>
                </category>
              </category_list>
            </class>
          </class_list>
        </measure>
      </outcome>
      <outcome>
        <type>Secondary</type>
        <title>Pathologic Complete Response</title>
        <description>Pathologic response was defined as no residual invasive tumor on histopathological analysis in the breast primary. Patients were assessed according to the Chevallier classification of pathologic response.</description>
        <time_frame>1 Year</time_frame>
        <population>Patients who had surgery in the study were evaluable. 13 patients who did not have surgery were excluded from the analysis: 7 patients did not complete study treatment, another 6 patients did not have surgery performed.</population>
        <group_list>
          <group group_id="O1">
            <title>Arimidex With Faslodex</title>
            <description>Arimidex with Faslodex in postmenopausal women&#xD;
Arimidex with Faslodex: Arimidex with Faslodex</description>
          </group>
          <group group_id="O2">
            <title>Arimidex</title>
            <description>Arimidex without Faslodex in postmenopausal women.&#xD;
Arimidex without Faslodex: Arimidex without Faslodex</description>
          </group>
        </group_list>
        <measure>
          <title>Pathologic Complete Response</title>
          <description>Pathologic response was defined as no residual invasive tumor on histopathological analysis in the breast primary. Patients were assessed according to the Chevallier classification of pathologic response.</description>
          <population>Patients who had surgery in the study were evaluable. 13 patients who did not have surgery were excluded from the analysis: 7 patients did not complete study treatment, another 6 patients did not have surgery performed.</population>
          <units>Participants</units>
          <param>Count of Participants</param>
          <analyzed_list>
            <analyzed>
              <units>Participants</units>
              <scope>Measure</scope>
              <count_list>
                <count group_id="O1" value="29"/>
                <count group_id="O2" value="30"/>
              </count_list>
            </analyzed>
          </analyzed_list>
          <class_list>
            <class>
              <category_list>
                <category>
                  <title>pathologic response</title>
                  <measurement_list>
                    <measurement group_id="O1" value="1"/>
                    <measurement group_id="O2" value="2"/>
                  </measurement_list>
                </category>
                <category>
                  <title>not pathologic response</title>
                  <measurement_list>
                    <measurement group_id="O1" value="28"/>
                    <measurement group_id="O2" value="28"/>
                  </measurement_list>
                </category>
              </category_list>
            </class>
          </class_list>
        </measure>
      </outcome>
    </outcome_list>

    <reported_events>
      <group_list>
        <group group_id="E1">
          <title>Arimidex</title>
          <description>Arimidex without Faslodex in postmenopausal women.&#xD;
Arimidex without Faslodex: Arimidex without Faslodex</description>
        </group>
        <group group_id="E2">
          <title>Arimidex With Faslodex</title>
          <description>Arimidex with Faslodex in postmenopausal women&#xD;
Arimidex with Faslodex: Arimidex with Faslodex</description>
        </group>
      </group_list>
      <serious_events>
        <category_list>
          <category>
            <title>Total</title>
            <event_list>
              <event>
                <sub_title>Total, serious adverse events</sub_title>
                <counts group_id="E1" subjects_affected="0" subjects_at_risk="35"/>
                <counts group_id="E2" subjects_affected="0" subjects_at_risk="34"/>
              </event>
            </event_list>
          </category>
        </category_list>
      </serious_events>
      <other_events>
        <frequency_threshold>5</frequency_threshold>
        <default_assessment>Systematic Assessment</default_assessment>
        <category_list>
          <category>
            <title>Total</title>
            <event_list>
              <event>
                <sub_title>Total, other adverse events</sub_title>
                <counts group_id="E1" subjects_affected="25" subjects_at_risk="35"/>
                <counts group_id="E2" subjects_affected="22" subjects_at_risk="34"/>
              </event>
            </event_list>
          </category>
          <category>
            <title>Endocrine disorders</title>
            <event_list>
              <event>
                <sub_title>Hot flashes</sub_title>
                <counts group_id="E1" events="16" subjects_affected="16" subjects_at_risk="35"/>
                <counts group_id="E2" events="11" subjects_affected="11" subjects_at_risk="34"/>
              </event>
            </event_list>
          </category>
          <category>
            <title>Gastrointestinal disorders</title>
            <event_list>
              <event>
                <sub_title>Nausea</sub_title>
                <counts group_id="E1" events="3" subjects_affected="3" subjects_at_risk="35"/>
                <counts group_id="E2" events="5" subjects_affected="5" subjects_at_risk="34"/>
              </event>
            </event_list>
          </category>
          <category>
            <title>General disorders</title>
            <event_list>
              <event>
                <sub_title>Fatigue</sub_title>
                <counts group_id="E1" events="9" subjects_affected="8" subjects_at_risk="35"/>
                <counts group_id="E2" events="7" subjects_affected="7" subjects_at_risk="34"/>
              </event>
              <event>
                <sub_title>Insomnia</sub_title>
                <counts group_id="E1" events="6" subjects_affected="6" subjects_at_risk="35"/>
                <counts group_id="E2" events="1" subjects_affected="1" subjects_at_risk="34"/>
              </event>
            </event_list>
          </category>
          <category>
            <title>Metabolism and nutrition disorders</title>
            <event_list>
              <event>
                <sub_title>Hyperglycemia</sub_title>
                <counts group_id="E1" events="2" subjects_affected="2" subjects_at_risk="35"/>
                <counts group_id="E2" events="3" subjects_affected="3" subjects_at_risk="34"/>
              </event>
            </event_list>
          </category>
          <category>
            <title>Nervous system disorders</title>
            <event_list>
              <event>
                <sub_title>Arthralgia</sub_title>
                <counts group_id="E1" events="14" subjects_affected="13" subjects_at_risk="35"/>
                <counts group_id="E2" events="7" subjects_affected="7" subjects_at_risk="34"/>
              </event>
              <event>
                <sub_title>Bone pain</sub_title>
                <counts group_id="E1" events="4" subjects_affected="4" subjects_at_risk="35"/>
                <counts group_id="E2" events="3" subjects_affected="3" subjects_at_risk="34"/>
              </event>
              <event>
                <sub_title>Headache</sub_title>
                <counts group_id="E1" events="4" subjects_affected="3" subjects_at_risk="35"/>
                <counts group_id="E2" events="3" subjects_affected="3" subjects_at_risk="34"/>
              </event>
            </event_list>
          </category>
          <category>
            <title>Reproductive system and breast disorders</title>
            <event_list>
              <event>
                <sub_title>Vaginal dryness</sub_title>
                <counts group_id="E1" events="6" subjects_affected="6" subjects_at_risk="35"/>
                <counts group_id="E2" events="2" subjects_affected="1" subjects_at_risk="34"/>
              </event>
            </event_list>
          </category>
        </category_list>
      </other_events>
    </reported_events>

    <certain_agreements>
      <pi_employee>All Principal Investigators ARE employed by the organization sponsoring the study.</pi_employee>
      <restrictive_agreement>There is NOT an agreement between Principal Investigators and the Sponsor (or its agents) that restricts the PI's rights to discuss or publish trial results after the trial is completed. </restrictive_agreement>
    </certain_agreements>
    <point_of_contact>
      <name_or_title>Tao Wang</name_or_title>
      <organization>Baylor College of Medicine</organization>
      <phone>7137985388</phone>
      <email>taow@bcm.edu</email>
    </point_of_contact>
  </clinical_results>
</clinical_study>

