<?xml version="1.0" encoding="UTF-8"?>
<clinical_study rank="431">
  <!-- This xml conforms to an XML Schema at:
    https://clinicaltrials.gov/ct2/html/images/info/public.xsd -->
  <required_header>
    <download_date>ClinicalTrials.gov processed this data on May 26, 2023</download_date>
    <link_text>Link to the current ClinicalTrials.gov record.</link_text>
    <url>https://clinicaltrials.gov/show/NCT03983096</url>
  </required_header>
  <id_info>
    <org_study_id>CSPC-DMS-BC-13</org_study_id>
    <nct_id>NCT03983096</nct_id>
  </id_info>
  <brief_title>Pegylated Liposomal Doxorubicin or Epirubicin in Neoadjuvant or Adjuvant Chemotherapy for Breast Cancer.</brief_title>
  <official_title>Pegylated Liposomal Doxorubicin or Epirubicin in Neoadjuvant or Adjuvant Chemotherapy for Breast Cancer: an Real-world, Multicenter, Case Control Study.</official_title>
  <sponsors>
    <lead_sponsor>
      <agency>Tianjin Medical University Cancer Institute and Hospital</agency>
      <agency_class>Other</agency_class>
    </lead_sponsor>
    <collaborator>
      <agency>CSPC Ouyi Pharmaceutical Co., Ltd.</agency>
      <agency_class>Industry</agency_class>
    </collaborator>
  </sponsors>
  <source>Tianjin Medical University Cancer Institute and Hospital</source>
  <oversight_info>
    <is_fda_regulated_drug>No</is_fda_regulated_drug>
    <is_fda_regulated_device>No</is_fda_regulated_device>
  </oversight_info>
  <brief_summary>
    <textblock>
      Pegylated liposomal doxorubicin or epirubicin in neoadjuvant or adjuvant chemotherapy for&#xD;
      breast cancer.&#xD;
    </textblock>
  </brief_summary>
  <detailed_description>
    <textblock>
      This study is an real-world, multicenter, case control study about comparing pegylated&#xD;
      liposomal doxorubicin Efficacy and safety of epirubicin in neoadjuvant and adjuvant&#xD;
      chemotherapy for breast cancer. As this trial is a retrospective real-world study,&#xD;
      investigator have given patients the dose of trial drugs based on real-world principles of&#xD;
      diagnosis and treatment and their clinical experience. This trial only collects and analyzes&#xD;
      patients' clinical medications, and does not interfere with patients' real-world diagnosis&#xD;
      and treatment. A total of 1050 breast cancer patients are collecting from seven centers. 200&#xD;
      cases in neoadjuvant and 850 cases in adjuvant group. The follow-up examinations and&#xD;
      assessment of the subjects were followed by real-world medical treatment routines and the&#xD;
      visits were completed according to the routine of treatment. Related check and assessments&#xD;
      and collect the following data: follow-up 3years or until the disease recurs (whichever&#xD;
      occurs first). Adverse events: remission or stability of adverse events caused by follow-up&#xD;
      to treatment in the adjuvant treatment group, follow-up for 3 years or until recurrence of&#xD;
      the disease in the neoadjuvant treatment group (whichever first occurred).&#xD;
    </textblock>
  </detailed_description>
  <overall_status>Completed</overall_status>
  <start_date type="Actual">July 7, 2019</start_date>
  <completion_date type="Actual">May 1, 2020</completion_date>
  <primary_completion_date type="Actual">May 1, 2020</primary_completion_date>
  <study_type>Observational</study_type>
  <has_expanded_access>No</has_expanded_access>
  <study_design_info>
    <observational_model>Case-Control</observational_model>
    <time_perspective>Retrospective</time_perspective>
  </study_design_info>
  <primary_outcome>
    <measure>Pathological complete remission (pCR)</measure>
    <time_frame>one year</time_frame>
    <description>pCR was defned as no invasive cancer cells in any slices of the resected breast specimen.</description>
  </primary_outcome>
  <primary_outcome>
    <measure>Disease-free survival （DFS）</measure>
    <time_frame>three years.</time_frame>
    <description>The length of time after treatment during which no disease in found.</description>
  </primary_outcome>
  <secondary_outcome>
    <measure>Adverse event</measure>
    <time_frame>three years</time_frame>
    <description>Safety was assessed according to Common Terminology Criteria for Adverse Events version 4.0.</description>
  </secondary_outcome>
  <secondary_outcome>
    <measure>Breast conserving rate</measure>
    <time_frame>one year</time_frame>
    <description>Breast conserving operation rate.</description>
  </secondary_outcome>
  <number_of_groups>2</number_of_groups>
  <enrollment type="Actual">1213</enrollment>
  <condition>Breast Cancer</condition>
  <arm_group>
    <arm_group_label>test group</arm_group_label>
    <description>Patients with invasive breast cancer diagnosed by menstrual histology in 2014-2018 and receiving neoadjuvant chemotherapy, or patients with invasive breast cancer diagnosed by menstrual histology in 2014-2016 and receiving adjuvant chemotherapy. That used Pegylated liposomal doxorubicin for treat.</description>
  </arm_group>
  <arm_group>
    <arm_group_label>control group</arm_group_label>
    <description>Patients with invasive breast cancer diagnosed by menstrual histology in 2014-2018 and receiving neoadjuvant chemotherapy, or patients with invasive breast cancer diagnosed by menstrual histology in 2014-2016 and receiving adjuvant chemotherapy. That used epirubicin for treat.</description>
  </arm_group>
  <eligibility>
    <study_pop>
      <textblock>
        A total of 1050 breast cancer patients were collected from seven centers. 200 cases in&#xD;
        neoadjuvant and 850 cases in adjuvant group.&#xD;
      </textblock>
    </study_pop>
    <sampling_method>Non-Probability Sample</sampling_method>
    <criteria>
      <textblock>
        Inclusion Criteria:&#xD;
&#xD;
          1. Female;&#xD;
&#xD;
          2. Patients with invasive breast cancer diagnosed by menstrual histology in 2014-2018 and&#xD;
             receiving neoadjuvant chemotherapy, or patients with invasive breast cancer diagnosed&#xD;
             by menstrual histology in 2014-2016 and receiving adjuvant chemotherapy;&#xD;
&#xD;
          3. Chemotherapy regimen recommended by the guidelines for drugs containing anthracycline;&#xD;
&#xD;
          4. Patients whose chemotherapy regimen contains pegylated liposomal doxorubicin or&#xD;
             epuroxorubicin;&#xD;
&#xD;
          5. Age :18 -70;&#xD;
&#xD;
          6. Patients with LVEF ≥ 50%.&#xD;
&#xD;
        Exclusion Criteria:&#xD;
&#xD;
          1. Patients with occult breast cancer.&#xD;
&#xD;
          2. Patients receiving two or more anthracyclines during neoadjuvant or adjuvant&#xD;
             chemotherapy;&#xD;
&#xD;
          3. Patients who have previously received other chemotherapy regimens;&#xD;
&#xD;
          4. Patients with other malignant tumors in the past 5 years (except for cured cervical&#xD;
             carcinoma in situ and basal cell carcinoma of the skin);&#xD;
&#xD;
          5. Patients complicated with severe infection and in need of treatment;&#xD;
&#xD;
          6. Pregnant or lactating women.&#xD;
      </textblock>
    </criteria>
    <gender>Female</gender>
    <minimum_age>18 Years</minimum_age>
    <maximum_age>70 Years</maximum_age>
    <healthy_volunteers>No</healthy_volunteers>
  </eligibility>
  <overall_official>
    <last_name>Jin Zhang, Pro.</last_name>
    <role>Study Chair</role>
    <affiliation>Tianjin Medical University Cancer Institute and Hospital</affiliation>
  </overall_official>
  <location>
    <facility>
      <name>Jin Zhang</name>
      <address>
        <city>Tianjin</city>
        <zip>300000</zip>
        <country>China</country>
      </address>
    </facility>
  </location>
  <location_countries>
    <country>China</country>
  </location_countries>
  <verification_date>June 2019</verification_date>
  <study_first_submitted>June 10, 2019</study_first_submitted>
  <study_first_submitted_qc>June 10, 2019</study_first_submitted_qc>
  <study_first_posted type="Actual">June 12, 2019</study_first_posted>
  <last_update_submitted>July 5, 2020</last_update_submitted>
  <last_update_submitted_qc>July 5, 2020</last_update_submitted_qc>
  <last_update_posted type="Actual">July 8, 2020</last_update_posted>
  <responsible_party>
    <responsible_party_type>Sponsor</responsible_party_type>
  </responsible_party>
  <keyword>invasive breast cancer</keyword>
  <keyword>neoadjuvant</keyword>
  <keyword>adjuvant</keyword>
  <keyword>Anthracycline</keyword>
  <condition_browse>
    <!-- CAUTION:  The following MeSH terms are assigned with an imperfect algorithm            -->
    <mesh_term>Breast Neoplasms</mesh_term>
  </condition_browse>
  <!-- Results have not yet been posted for this study                                          -->
</clinical_study>

