<?xml version="1.0" encoding="UTF-8"?>
<clinical_study rank="231">
  <!-- This xml conforms to an XML Schema at:
    https://clinicaltrials.gov/ct2/html/images/info/public.xsd -->
  <required_header>
    <download_date>ClinicalTrials.gov processed this data on May 26, 2023</download_date>
    <link_text>Link to the current ClinicalTrials.gov record.</link_text>
    <url>https://clinicaltrials.gov/show/NCT05735795</url>
  </required_header>
  <id_info>
    <org_study_id>2023-09</org_study_id>
    <nct_id>NCT05735795</nct_id>
  </id_info>
  <brief_title>Feasibility of Carbon-Dye Marking of Axillary Lymph Nodes Before Neoadjuvant Chemotherapy in Patients With Breast Cancer</brief_title>
  <official_title>Feasibility of Carbon Dye Marking of Axillary Lymph Nodes Before Neoadjuvant Chemotherapy in Patients With Breast Cancer</official_title>
  <sponsors>
    <lead_sponsor>
      <agency>Gaziosmanpasa Research and Education Hospital</agency>
      <agency_class>Other</agency_class>
    </lead_sponsor>
  </sponsors>
  <source>Gaziosmanpasa Research and Education Hospital</source>
  <oversight_info>
    <has_dmc>Yes</has_dmc>
    <is_fda_regulated_drug>No</is_fda_regulated_drug>
    <is_fda_regulated_device>No</is_fda_regulated_device>
  </oversight_info>
  <brief_summary>
    <textblock>
      Although treatment is started with surgery in early stage tumors depending on the molecular&#xD;
      subtype, neoadjuvant chemotherapy is the initial treatment in locally advanced tumors or if&#xD;
      axillary lymph node involvement is present.&#xD;
&#xD;
      Axillary lymph node dissection (ALND) has been used for a very long time in the traditional&#xD;
      approach to the treatment of breast cancer. The current approach in patients with early&#xD;
      stage, clinically negative breast cancer of the axilla is sentinel lymph node biopsy (SLNB).&#xD;
      SLNB is done to evaluate the axilla in both early stage tumors and suitable patients after&#xD;
      NAC. According to ACOSOG Z1071, when at least 3 lymph nodes were removed using&#xD;
      lymphoscintigraphy and blue dye for SLNB, the false-negative rate was found to be less than&#xD;
      10% in patients with proven axillary involvement, and SLNB was shown to be feasible after&#xD;
      NAC. Targeted axillary dissection (TAD) is a procedure that includes SLND with removal of the&#xD;
      lymph node identified and marked as containing metastatic disease before treatment. Multiple&#xD;
      clinical studies have shown that TAD is a viable option to reduce false-negativeness in&#xD;
      patients with breast cancer after NAC. In patients with axillary involvement, a metallic clip&#xD;
      is placed in the suspected lymph node prior to neoadjuvant therapy and a radioactive&#xD;
      iodine-125 seed is implanted into the target after completion of chemotherapy, and during&#xD;
      TAD, the core node is removed using a radioactive probe. Today, the applicability of these&#xD;
      procedures is difficult due to both the cost and the absence of nuclear medicine units in&#xD;
      some hospitals. For this reason, alternative methods that can be applied more easily in the&#xD;
      evaluation of the axilla after NAC are being investigated. SPOT ENDOSCOPIC MARKER is an FDA&#xD;
      (American Food and Drug Administration) approved Carbon Black Tattoo paint that has been used&#xD;
      for a long time to mark lesions in the gastrointestinal tract. Its shelf life is 20 months.&#xD;
      In our project, in patients with lymph node involvement in the axilla who have had a metallic&#xD;
      clip placed with biopsy before NAC, the lymph node will be marked with a Spot Endoscopic&#xD;
      Marker simultaneously, and the permanence of the spot marker dye will be evaluated by&#xD;
      excising the clip-marked and black-painted lymph node in addition to the methylen blue&#xD;
      injected during the operation. The reliability of the use of Spot Endoscopic Marker, which is&#xD;
      much cheaper instead of clips, for permanent axillary marking in TAD will be evaluated.&#xD;
    </textblock>
  </brief_summary>
  <detailed_description>
    <textblock>
      Breast cancer affects millions of women worldwide. According to the statistics, 2.3 million&#xD;
      new cases of breast cancer were reported in 2020. Although treatment is started with surgery&#xD;
      in early stage tumors depending on the molecular subtype, neoadjuvant chemotherapy is the&#xD;
      initial treatment in locally advanced tumors or if axillary lymph node involvement is&#xD;
      present. With NAC in locally advanced breast cancer, it is possible to both shrink the tumor&#xD;
      and make patients who were initially inoperable suitable for surgery, and increase the&#xD;
      feasibility of breast-conserving surgery.&#xD;
&#xD;
      Although axillary lymph node dissection (ALND) has been used for a very long time in the&#xD;
      traditional approach to the treatment of breast cancer, the current approach in patients with&#xD;
      early stage, clinically negative breast cancer of the axilla is sentinel lymph node biopsy&#xD;
      (SLNB). SLNB is done to evaluate the axilla in both early stage tumors and suitable patients&#xD;
      after NAC. According to ACOSOG Z1071, when at least 3 lymph nodes were removed using&#xD;
      lymphoscintigraphy and blue dye for SLNB, the false-negative rate was found to be less than&#xD;
      10% in patients with proven axillary involvement, and SLNB was shown to be feasible after&#xD;
      NAC. Targeted axillary dissection (TAD) is a procedure that includes SLND with removal of the&#xD;
      lymph node identified and marked as containing metastatic disease before treatment. Multiple&#xD;
      clinical studies have shown that TAD is a viable option to reduce false-negativeness in&#xD;
      patients with breast cancer after NAC. In patients with axillary involvement, a metallic clip&#xD;
      is placed in the suspected lymph node prior to neoadjuvant therapy and a radioactive&#xD;
      iodine-125 seed is implanted into the target after completion of chemotherapy, and during&#xD;
      TAD, the core node is removed using a radioactive probe. The procedure is performed with SLND&#xD;
      using the dual-tracer technique. Today, the applicability of these procedures is difficult&#xD;
      due to both the cost and the absence of nuclear medicine units in some hospitals. For this&#xD;
      reason, alternative methods that can be applied more easily in the evaluation of the axilla&#xD;
      after NAC are being investigated. SPOT ENDOSCOPIC MARKER is an FDA (American Food and Drug&#xD;
      Administration) approved Carbon Black Tattoo paint that has been used for a long time to mark&#xD;
      lesions in the gastrointestinal tract. Its shelf life is 20 months. In our project, in&#xD;
      patients with lymph node involvement in the axilla who have had a metallic clip placed with&#xD;
      biopsy before NAC, the lymph node will be marked with a Spot Endoscopic Marker&#xD;
      simultaneously, and the permanence of the spot marker dye will be evaluated by excising the&#xD;
      clip-marked and black-painted lymph node in addition to the methylen blue injected during the&#xD;
      operation. The reliability of the use of Spot Endoscopic Marker, which is much cheaper&#xD;
      instead of clips, for permanent axillary marking in TAD will be evaluated.&#xD;
    </textblock>
  </detailed_description>
  <overall_status>Recruiting</overall_status>
  <start_date type="Actual">February 7, 2023</start_date>
  <completion_date type="Anticipated">March 1, 2024</completion_date>
  <primary_completion_date type="Anticipated">February 7, 2024</primary_completion_date>
  <phase>N/A</phase>
  <study_type>Interventional</study_type>
  <has_expanded_access>No</has_expanded_access>
  <study_design_info>
    <allocation>N/A</allocation>
    <intervention_model>Single Group Assignment</intervention_model>
    <intervention_model_description>Prospective cohort study</intervention_model_description>
    <primary_purpose>Diagnostic</primary_purpose>
    <masking>None (Open Label)</masking>
  </study_design_info>
  <primary_outcome>
    <measure>The reliability of the use of Spot Endoscopic Marker</measure>
    <time_frame>12 months</time_frame>
    <description>Carbon tattoo is an FDA-approved dye that is used to mark lesions in the gastrointestinal tract in vivo. It is used in lesion follow-up because it is permanent for a long time. In current practice, lymph nodes with biopsy-proven axillary lymph node involvement before neoadjuvant chemotherapy are marked with a metallic clip before starting the treatment and excised as sentinal lymph node during surgery. This procedure is both expensive and difficult to implement due to the necessity of having a nuclear medicine department in the hospital. Our aim in this study is to evaluate the excision of the lymph node by marking it with carbon dye instead of a clip.</description>
  </primary_outcome>
  <number_of_arms>1</number_of_arms>
  <enrollment type="Anticipated">50</enrollment>
  <condition>Breast Cancer</condition>
  <arm_group>
    <arm_group_label>Carbon Black Tattoo arm</arm_group_label>
    <arm_group_type>Other</arm_group_type>
    <description>In patients with breast cancer diagnosed with positive axillary lymph node involvement by fine needle aspiration cytology, 0.1-0.5 ml Carbon Black Tattoo dye will be applied simultaneously to the lymph node capsule and surrounding tissue, while clips are placed on the axilla before starting neoadjuvant chemotherapy. After the neoadjuvant treatment is completed, the patient who is taken into surgery will be injected with periareolar blue dye as in the standard practice, and blue stained node, clipped node and carbon stained node will be searched as sentinal lymph node. The removed lymph nodes will be evaluated histopathologically in terms of metastasis with a frozen study during the operation, and if metastasis is detected, axillary lymph node dissection will be performed</description>
  </arm_group>
  <intervention>
    <intervention_type>Other</intervention_type>
    <intervention_name>Carbon Black Tattoo</intervention_name>
    <description>SPOT ENDOSCOPIC MARKER is an FDA (American Food and Drug Administration) approved Carbon Black Tattoo paint that has been used for a long time to mark lesions in the gastrointestinal tract.</description>
    <arm_group_label>Carbon Black Tattoo arm</arm_group_label>
  </intervention>
  <eligibility>
    <criteria>
      <textblock>
        Inclusion Criteria:&#xD;
&#xD;
          -  Patients with locally advanced breast cancer known to have metastases to the axillary&#xD;
             lymph nodes at baseline and referred for neoadjuvant chemotherapy will be included in&#xD;
             the study.&#xD;
&#xD;
        Exclusion Criteria:&#xD;
&#xD;
          -  diagnosis by excisional biopsy&#xD;
&#xD;
          -  previous axillary surgery&#xD;
&#xD;
          -  failure to complete neoadjuvant therapy&#xD;
&#xD;
          -  progression during therapy.&#xD;
      </textblock>
    </criteria>
    <gender>Female</gender>
    <gender_based>Yes</gender_based>
    <minimum_age>18 Years</minimum_age>
    <maximum_age>N/A</maximum_age>
    <healthy_volunteers>No</healthy_volunteers>
  </eligibility>
  <overall_official>
    <last_name>Emine Yildirim, Assoc. Prof.</last_name>
    <role>Principal Investigator</role>
    <affiliation>Gaziosmanpasa Training and Research Hospital</affiliation>
  </overall_official>
  <location>
    <facility>
      <name>Gaziosmanpasa Training and Research Hospital</name>
      <address>
        <city>Istanbul</city>
        <zip>34000</zip>
        <country>Turkey</country>
      </address>
    </facility>
    <status>Recruiting</status>
    <contact>
      <last_name>Emine Yildirim, Assoc. Prof.</last_name>
      <phone>00905056234825</phone>
      <email>opdreyildirim@gmail.com</email>
    </contact>
    <investigator>
      <last_name>Nese Ucar, MD</last_name>
      <role>Sub-Investigator</role>
    </investigator>
    <investigator>
      <last_name>Sibel Bektas, Prof.</last_name>
      <role>Sub-Investigator</role>
    </investigator>
  </location>
  <location_countries>
    <country>Turkey</country>
  </location_countries>
  <verification_date>February 2023</verification_date>
  <study_first_submitted>February 8, 2023</study_first_submitted>
  <study_first_submitted_qc>February 17, 2023</study_first_submitted_qc>
  <study_first_posted type="Actual">February 21, 2023</study_first_posted>
  <last_update_submitted>February 17, 2023</last_update_submitted>
  <last_update_submitted_qc>February 17, 2023</last_update_submitted_qc>
  <last_update_posted type="Actual">February 21, 2023</last_update_posted>
  <responsible_party>
    <responsible_party_type>Principal Investigator</responsible_party_type>
    <investigator_affiliation>Gaziosmanpasa Research and Education Hospital</investigator_affiliation>
    <investigator_full_name>Emine Yıldırım</investigator_full_name>
    <investigator_title>Assoc. Prof.</investigator_title>
  </responsible_party>
  <keyword>breast cancer</keyword>
  <keyword>Lymph node metastasis</keyword>
  <keyword>Targeted axillary dissection</keyword>
  <keyword>Nodal marking</keyword>
  <condition_browse>
    <!-- CAUTION:  The following MeSH terms are assigned with an imperfect algorithm            -->
    <mesh_term>Breast Neoplasms</mesh_term>
  </condition_browse>
  <!-- Results have not yet been posted for this study                                          -->
</clinical_study>

