{"protocolSection":{"identificationModule":{"nctId":"NCT03102320","orgStudyIdInfo":{"id":"15834"},"secondaryIdInfos":[{"id":"2016-004002-33","type":"EUDRACT_NUMBER"}],"organization":{"fullName":"Bayer","class":"INDUSTRY"},"briefTitle":"Phase 1b Multi-indication Study of Anetumab Ravtansine in Mesothelin Expressing Advanced Solid Tumors","officialTitle":"Phase 1b Multi-indication Study of Anetumab Ravtansine (BAY94-9343) in Patients With Mesothelin Expressing Advanced or Recurrent Malignancies","acronym":"ARCS-Multi"},"statusModule":{"statusVerifiedDate":"2022-06","overallStatus":"COMPLETED","expandedAccessInfo":{"hasExpandedAccess":false},"startDateStruct":{"date":"2017-05-26","type":"ACTUAL"},"primaryCompletionDateStruct":{"date":"2020-09-16","type":"ACTUAL"},"completionDateStruct":{"date":"2021-07-26","type":"ACTUAL"},"studyFirstSubmitDate":"2017-03-30","studyFirstSubmitQcDate":"2017-03-30","studyFirstPostDateStruct":{"date":"2017-04-05","type":"ACTUAL"},"lastUpdateSubmitDate":"2022-06-28","lastUpdatePostDateStruct":{"date":"2022-06-30","type":"ACTUAL"}},"sponsorCollaboratorsModule":{"responsibleParty":{"type":"SPONSOR"},"leadSponsor":{"name":"Bayer","class":"INDUSTRY"},"collaborators":[{"name":"ImmunoGen, Inc.","class":"INDUSTRY"},{"name":"MorphoSys AG","class":"INDUSTRY"}]},"oversightModule":{"oversightHasDmc":false,"isFdaRegulatedDrug":true,"isFdaRegulatedDevice":false},"descriptionModule":{"briefSummary":"The key purpose of the main part of the study is to assess efficacy and safety of anetumab ravtansine as monotherapy or combination therapy for mesothelin expressing advanced solid tumors.\n\nThe main purpose of the safety lead-in (dose-finding) part of the study is to determine the safety and tolerability of anetumab ravtansine in combination with cisplatin and in combination with gemcitabine, and to determine the MTD of anetumab ravtansine in combination with cisplatin for mesothelin expressing advanced cholangiocarcinoma and in combination with gemcitabine for mesothelin expressing advanced adenocarcinoma of the pancreas.\n\nPatients will receive anetumab ravtansine every three weeks in monotherapy for most indications. In cholangiocarinoma and adenocarinoma of the pancreas, 3-weekly anetumab ravtansine is administered in combination with cisplatin or gemcitabine respectively (both administered in a 2 week on / 1 week off schedule).\n\nTreatment will continue until disease progression or until another criterion for withdrawal is met. .Efficacy will be measured by evaluating the tumor's objective response rate. Radiological tumor assessments will be performed at defined time points until the patient's disease progresses.\n\nBlood samples will be collected for safety, pharmacokinetic and biomarker analysis. Archival or fresh biopsy tissue will also be collected for mesothelin expression testing and biomarker analyses."},"conditionsModule":{"conditions":["Neoplasms"],"keywords":["cholangiocarcinoma","pancreatic cancer","triple-negative breast cancer","non-small cell lung cancer","thymic carcinoma","gastric including gastroesophageal junction cancer"]},"designModule":{"studyType":"INTERVENTIONAL","phases":["PHASE1"],"designInfo":{"allocation":"NON_RANDOMIZED","interventionModel":"PARALLEL","primaryPurpose":"TREATMENT","maskingInfo":{"masking":"NONE"}},"enrollmentInfo":{"count":173,"type":"ACTUAL"}},"armsInterventionsModule":{"armGroups":[{"label":"Cholangiocarcinoma","type":"EXPERIMENTAL","description":"Safety lead-in phase will determine the MTD of anetumab ravtansine administered in combination with cisplatin. Please note the study is no longer recruiting for the cholangiocarcinoma safety lead-in phase.\n\nDuring the main study phase anetumab ravtansine will be administered at the determined MTD in combination with cisplatin. Please note the main study phase for cholangiocarcinoma will no longer be going ahead.","interventionNames":["Drug: Cisplatin","Drug: Anetumab ravtansine (BAY94-9343)"]},{"label":"Adenocarcinoma of the pancreas","type":"EXPERIMENTAL","description":"Safety lead-in phase will determine the MTD of anetumab ravtansine administered in combination with gemcitabine During the main study phase, anetumab ravtansine will be administered at the determined MTD in combination with gemcitabine","interventionNames":["Drug: Gemcitabine","Drug: Anetumab ravtansine (BAY94-9343)"]},{"label":"Other solid tumors","type":"EXPERIMENTAL","description":"(Non-small cell adenocarcinoma of the lung (NSCLC adenocarcinoma), Adenocarcinoma of the breast - triple negative (TNBC), Gastric adenocarcinoma including gastroesophageal junction (GEJ Cancer, Thymic carcinoma) During the main study phase, anetumab ravtansine will be administered at dose of 6.5 mg/kg in solid tumors","interventionNames":["Drug: Anetumab ravtansine (BAY94-9343)"]}],"interventions":[{"type":"DRUG","name":"Cisplatin","interventionMappedName":[],"description":"Cisplatin 25 mg/m2 IV administered on day 1 and day 8 of 21 day cycle, for up to maximum 6 cycles","armGroupLabels":["Cholangiocarcinoma"]},{"type":"DRUG","name":"Gemcitabine","interventionMappedName":[],"description":"Gemcitabine 1000 mg/m2 IV administered on days 1 and 8 of a 21-day cycle","armGroupLabels":["Adenocarcinoma of the pancreas"]},{"type":"DRUG","name":"Anetumab ravtansine (BAY94-9343)","description":"Anetumab ravtansine 6.5mg/kg IV in monotherapy indications. For combination indications, the MTD determined in safety lead in phase will be administered","armGroupLabels":["Adenocarcinoma of the pancreas","Cholangiocarcinoma","Other solid tumors"]}]},"outcomesModule":{"primaryOutcomes":[{"measure":"Number of patients in the safety lead-in (SLI) phase who completed Cycle 1 or had a DLT and were not replaced.","description":"During SLI, patients with cholangiocarcinoma received anetumab ravtansine in combination with cisplatin and patients with pancreatic adenocarcinoma received anetumab ravtansine in combination with gemcitabine. The highest dose of anetumab ravtansine that can be given so that not more than 1 out of 6 patients experiences a dose-limiting toxicity (DLT) during the DLT evaluation period were declared as the MTD for anetumab ravtansine in combination with cisplatin or with gemcitabine.","timeFrame":"At least 3 weeks after the last patient starts treatment"},{"measure":"Objective response (qualitative improvement from baseline) of anetumab ravtansine for monotherapy and combination therapy in mesothelin expressing advanced solid tumors","description":"A patient is a responder if the patient has a best response compared to baseline of complete response (CR) or partial response (PR) among all post-baseline tumor assessments, as determined per RECIST 1.1 criteria (ITMIG modified RECIST 1.1 criteria for thymic carcinoma)","timeFrame":"Up to approximately 26 months after patient starts treatment"},{"measure":"Durable disease control (lack of progression from baseline) of anetumab ravtansine in indications pancreatic and gastric cancer (co-primary endpoint)","description":"A patient experiences durable disease control if the patient has a tumor response compared to baseline of CR, PR or stable disease (SD) among the post-baseline tumor assessments made at least 180 days from first treatment, without prior disease progression","timeFrame":"Up to approximately 26 months after patient starts treatment"}],"secondaryOutcomes":[{"measure":"Number of serious and non-serious adverse events (AEs)","description":"Include treatment-emergent AEs, SAEs, treatment-related AEs, AEs of special interest, and deaths.","timeFrame":"Approximately 26 months (Until 30 days after the last day of study treatment, or until later resolution of adverse events or determination by the investigator that the event will not improve)"},{"measure":"Disease control rate (DCR)","description":"The DCR is defined as the number of patients with disease control divided by the number of treated patients.","timeFrame":"Up to approximately 24 months after last patient starts treatment, or until earlier disease progression [assessed every 6 weeks for the first 6 months, every 9 weeks until end of year 1 and every 12 weeks thereafter]"},{"measure":"Duration of response (DOR)","description":"DOR is defined in responders as the time from documentation of tumor response (CR or PR) to earlier of disease progression or death","timeFrame":"Up to approximately 24 months after last patient starts treatment, or until earlier disease progression [assessed every 6 weeks for the first 6 months, every 9 weeks until end of year 1 and every 12 weeks thereafter]"},{"measure":"Durable response rate (DRR)","description":"A durable responder is defined as a responder (CR or PR) with a duration of response per RECIST 1.1 criteria (ITMIG modified RECIST 1.1 criteria for thymic carcinoma) of 180 days or more. The DRR is the number of durable responders divided by the number of treated patients.","timeFrame":"Up to approximately 24 months after last patient starts treatment, or until earlier disease progression [assessed every 6 weeks for the first 6 months, every 9 weeks until end of year 1 and every 12 weeks thereafter]"},{"measure":"Progression free survival (PFS)","description":"PFS is defined as time from start of treatment until disease progression according to RECIST 1.1 (ITMIG modified RECIST 1.1 criteria for thymic carcinoma) or death.","timeFrame":"Up to approximately 24 months after last patient starts treatment, or until earlier disease progression [assessed every 6 weeks for the first 6 months, every 9 weeks until end of year 1 and every 12 weeks thereafter]"},{"measure":"Durable disease control rate (DDCR) of anetumab ravtansine in indications other than pancreatic and gastric cancer","description":"A patient experiences durable disease control if the patient has a tumor response of CR, PR or SD with CR, PR or SD assessed at least 180 days from first treatment, without prior progression.","timeFrame":"Up to approximately 24 months after last patient starts treatment, or until earlier disease progression [assessed every 6 weeks for the first 6 months, every 9 weeks until end of year 1 and every 12 weeks thereafter]"}]},"eligibilityModule":{"eligibilityCriteria":"Inclusion Criteria:\n\n* Availability of tumor tissue for mesothelin expression testing and for further biomarker analysis\n* Histologically-confirmed, mesothelin-expressing metastatic or advanced non-metastatic disease (tumour type specific inclusion criteria)\n* At least one measurable lesion according to Response Evaluation Criteria in Solid Tumors (RECIST 1.1) (or for thymic carcinoma, at least one measurable lesion per International Thymic Malignancy Interest Group (ITMIG) modified RECIST 1.1 criteria\n* Adequate bone marrow, liver, renal and coagulation function\n* Left ventricular ejection fraction (LVEF) ≥ 50% of the lower limit of normal (LLN) according to local institutional ranges\n* Eastern Cooperative Oncology Group (ECOG) 0 or 1\n\nExclusion Criteria:\n\n* Exposure to more than one prior anti-tubulin/microtubule agent\n* Corneal epitheliopathy or any eye disorder that may predispose the patients to this condition\n* Symptomatic Central nervous system (CNS) metastases and/or carcinomatous meningitis\n* Contraindication to both CT and MRI contrast agents\n* Active hepatitis B or C infection\n* Pregnant or breast-feeding patients\n* Tumor type specific exclusion criteria","healthyVolunteers":false,"sex":"ALL","minimumAge":"18 Years","stdAges":["ADULT","OLDER_ADULT"]},"contactsLocationsModule":{"locations":[{"facility":"Mayo Clinic Hospital","city":"Phoenix","state":"Arizona","zip":"85054-4502","country":"United States","geoPoint":{"lat":33.44838,"lon":-112.07404}},{"facility":"University of Southern California","city":"Los Angeles","state":"California","zip":"90033","country":"United States","geoPoint":{"lat":34.05223,"lon":-118.24368}},{"facility":"Stanford Health Care","city":"Stanford","state":"California","zip":"94305","country":"United States","geoPoint":{"lat":37.42411,"lon":-122.16608}},{"facility":"MedStar Georgetown University Hospital","city":"Washington","state":"District of Columbia","zip":"20007","country":"United States","geoPoint":{"lat":38.89511,"lon":-77.03637}},{"facility":"Indiana University School of Medicine","city":"Indianapolis","state":"Indiana","zip":"46202","country":"United States","geoPoint":{"lat":39.76838,"lon":-86.15804}},{"facility":"Ochsner Medical Center - New Orleans","city":"New Orleans","state":"Louisiana","zip":"70121","country":"United States","geoPoint":{"lat":29.95465,"lon":-90.07507}},{"facility":"National Cancer Institute - Maryland","city":"Bethesda","state":"Maryland","zip":"20892","country":"United States","geoPoint":{"lat":38.98067,"lon":-77.10026}},{"facility":"Barbara Ann Karmanos Cancer Institute","city":"Farmington Hills","state":"Michigan","zip":"48334","country":"United States","geoPoint":{"lat":42.48531,"lon":-83.37716}},{"facility":"Mayo Clinic - Rochester","city":"Rochester","state":"Minnesota","zip":"55905","country":"United States","geoPoint":{"lat":44.02163,"lon":-92.4699}},{"facility":"Washington University School of Medicine","city":"Saint Louis","state":"Missouri","zip":"63110","country":"United States","geoPoint":{"lat":38.62727,"lon":-90.19789}},{"facility":"Vanderbilt University Medical Center","city":"Nashville","state":"Tennessee","zip":"37232","country":"United States","geoPoint":{"lat":36.16589,"lon":-86.78444}},{"facility":"Texas Oncology, PA","city":"Dallas","state":"Texas","zip":"75246","country":"United States","geoPoint":{"lat":32.78306,"lon":-96.80667}},{"facility":"University of Texas MD Anderson Cancer Center","city":"Houston","state":"Texas","zip":"77030","country":"United States","geoPoint":{"lat":29.76328,"lon":-95.36327}},{"facility":"Blacktown Cancer & Haematology Centre","city":"Blacktown","state":"New South Wales","zip":"2148","country":"Australia","geoPoint":{"lat":-33.76667,"lon":150.91667}},{"facility":"Mid North Coast Cancer Institute","city":"Coffs Harbour","state":"New South Wales","zip":"2450","country":"Australia","geoPoint":{"lat":-30.29626,"lon":153.11351}},{"facility":"Kinghorn Cancer Centre","city":"Darlinghurst","state":"New South Wales","zip":"2010","country":"Australia","geoPoint":{"lat":-33.87939,"lon":151.21925}},{"facility":"Northern Cancer Institute","city":"St Leonards","state":"New South Wales","zip":"2065","country":"Australia","geoPoint":{"lat":-33.82344,"lon":151.19836}},{"facility":"Flinders Medical Centre","city":"Adelaide","state":"South Australia","zip":"5042","country":"Australia","geoPoint":{"lat":-34.92866,"lon":138.59863}},{"facility":"Epworth HealthCare","city":"Richmond","state":"Victoria","zip":"3122","country":"Australia","geoPoint":{"lat":-37.81819,"lon":145.00176}},{"facility":"Sir Charles Gairdner Hospital","city":"Nedlands","state":"Western Australia","zip":"6009","country":"Australia","geoPoint":{"lat":-31.98184,"lon":115.8073}},{"facility":"St John of God Healthcare","city":"Subiaco","state":"Western Australia","zip":"6008","country":"Australia","geoPoint":{"lat":-31.9485,"lon":115.8268}},{"facility":"Hôpital Erasme/Erasmus Ziekenhuis","city":"Bruxelles - Brussel","zip":"1070","country":"Belgium","geoPoint":{"lat":50.85045,"lon":4.34878}},{"facility":"UZ Antwerpen","city":"Edegem","zip":"2650","country":"Belgium","geoPoint":{"lat":51.15662,"lon":4.44504}},{"facility":"UZ Leuven Gasthuisberg","city":"Leuven","zip":"3000","country":"Belgium","geoPoint":{"lat":50.87959,"lon":4.70093}},{"facility":"CHU de Liège","city":"Liege","zip":"4000","country":"Belgium","geoPoint":{"lat":50.63373,"lon":5.56749}},{"facility":"Cross Cancer Institute","city":"Edmonton","state":"Alberta","zip":"T6G 1Z2","country":"Canada","geoPoint":{"lat":53.55014,"lon":-113.46871}},{"facility":"Princess Margaret Cancer Centre - UHN","city":"Toronto","state":"Ontario","zip":"M5G 2M9","country":"Canada","geoPoint":{"lat":43.70011,"lon":-79.4163}},{"facility":"Sir Mortimer B. Davis Jewish General Hospital","city":"Montreal","state":"Quebec","zip":"H3T 1E2","country":"Canada","geoPoint":{"lat":45.50884,"lon":-73.58781}},{"facility":"McGill University Health Center","city":"Montreal","state":"Quebec","zip":"H4A 3J1","country":"Canada","geoPoint":{"lat":45.50884,"lon":-73.58781}},{"facility":"Hopital Jean Minjoz","city":"Besancon","zip":"25030","country":"France","geoPoint":{"lat":47.24878,"lon":6.01815}},{"facility":"Hôpital Henri Mondor","city":"Creteil","zip":"94010","country":"France","geoPoint":{"lat":48.78333,"lon":2.46667}},{"facility":"Centre Oscar Lambret - Lille","city":"Lille Cedex","zip":"59020","country":"France","geoPoint":{"lat":50.63297,"lon":3.05858}},{"facility":"Centre Léon Bérard","city":"Lyon Cedex","zip":"69008","country":"France","geoPoint":{"lat":45.74848,"lon":4.84669}},{"facility":"C.H.U. Timone","city":"Marseille","zip":"13385","country":"France","geoPoint":{"lat":43.29551,"lon":5.38958}},{"facility":"Centre René Gauducheau","city":"Nantes","zip":"44805","country":"France","geoPoint":{"lat":47.21725,"lon":-1.55336}},{"facility":"Centre Antoine Lacassagne","city":"Nice Cedex 2","zip":"06102","country":"France","geoPoint":{"lat":43.70313,"lon":7.26608}},{"facility":"Centre Hospitalier Lyon Sud","city":"Pierre Benite","zip":"69495","country":"France","geoPoint":{"lat":45.7009,"lon":4.82511}},{"facility":"Hôpital de la Milétrie","city":"POITIERS cedex","zip":"86021","country":"France","geoPoint":{"lat":46.58333,"lon":0.33333}},{"facility":"Hôpital Pontchaillou","city":"Rennes Cedex","zip":"35033","country":"France","geoPoint":{"lat":48.11198,"lon":-1.67429}},{"facility":"Centre Eugène Marquis - Rennes Cedex","city":"Rennes Cedex","zip":"35062","country":"France","geoPoint":{"lat":48.11198,"lon":-1.67429}},{"facility":"Institut Gustave Roussy","city":"Villejuif Cedex","zip":"94805","country":"France","geoPoint":{"lat":48.7939,"lon":2.35992}},{"facility":"A.O.U. di Bologna Policlinico S.Orsola Malpighi","city":"Bologna","state":"Emilia-Romagna","zip":"40138","country":"Italy","geoPoint":{"lat":44.49381,"lon":11.33875}},{"facility":"A.O.U. di Modena - Policlinico","city":"Modena","state":"Emilia-Romagna","zip":"41124","country":"Italy","geoPoint":{"lat":44.64783,"lon":10.92539}},{"facility":"Istituto Clinico Humanitas - Humanitas Mirasole S.p.A.","city":"Milano","state":"Lombardia","zip":"20089","country":"Italy","geoPoint":{"lat":45.46427,"lon":9.18951}},{"facility":"Fondazione IRCCS Istituto Nazionale dei Tumori","city":"Milano","state":"Lombardia","zip":"20133","country":"Italy","geoPoint":{"lat":45.46427,"lon":9.18951}},{"facility":"ASST Grande Ospedale Metropolitano Niguarda","city":"Milano","state":"Lombardia","zip":"20162","country":"Italy","geoPoint":{"lat":45.46427,"lon":9.18951}},{"facility":"A.O.U.I. Verona","city":"Verona","state":"Veneto","zip":"37134","country":"Italy","geoPoint":{"lat":45.4299,"lon":10.98444}},{"facility":"Seoul National University Hospital","city":"Seoul","zip":"03080","country":"Korea, Republic of","geoPoint":{"lat":37.566,"lon":126.9784}},{"facility":"Severance Hospital, Yonsei University Health System","city":"Seoul","zip":"03722","country":"Korea, Republic of","geoPoint":{"lat":37.566,"lon":126.9784}},{"facility":"Asan Medical Center","city":"Seoul","zip":"05505","country":"Korea, Republic of","geoPoint":{"lat":37.566,"lon":126.9784}},{"facility":"Samsung Medical Center","city":"Seoul","zip":"06351","country":"Korea, Republic of","geoPoint":{"lat":37.566,"lon":126.9784}},{"facility":"Nederlands Kanker Instituut","city":"Amsterdam","zip":"1066 CX","country":"Netherlands","geoPoint":{"lat":52.37403,"lon":4.88969}},{"facility":"Maastricht UMC","city":"Maastricht","zip":"6229 HX","country":"Netherlands","geoPoint":{"lat":50.84833,"lon":5.68889}},{"facility":"National University Hospital","city":"Singapore","zip":"119228","country":"Singapore","geoPoint":{"lat":1.28967,"lon":103.85007}},{"facility":"National Cancer Center Singapore","city":"Singapore","zip":"169610","country":"Singapore","geoPoint":{"lat":1.28967,"lon":103.85007}},{"facility":"Hospital Universitario Quirón de Madrid","city":"Pozuelo de Alarcón","state":"Madrid","zip":"28223","country":"Spain","geoPoint":{"lat":40.43293,"lon":-3.81338}},{"facility":"Hospital del Mar","city":"Barcelona","zip":"08003","country":"Spain","geoPoint":{"lat":41.38879,"lon":2.15899}},{"facility":"Ciutat Sanitària i Universitaria de la Vall d'Hebron","city":"Barcelona","zip":"08035","country":"Spain","geoPoint":{"lat":41.38879,"lon":2.15899}},{"facility":"Hospital Clínic i Provincial de Barcelona","city":"Barcelona","zip":"08036","country":"Spain","geoPoint":{"lat":41.38879,"lon":2.15899}},{"facility":"Hospital General Universitario Gregorio Marañón | Oncología","city":"Madrid","zip":"28007","country":"Spain","geoPoint":{"lat":40.4165,"lon":-3.70256}},{"facility":"Hospital Ramón y Cajal | Oncología","city":"Madrid","zip":"28034","country":"Spain","geoPoint":{"lat":40.4165,"lon":-3.70256}},{"facility":"Hospital Universitario 12 de Octubre","city":"Madrid","zip":"28041","country":"Spain","geoPoint":{"lat":40.4165,"lon":-3.70256}},{"facility":"Centro Integral Oncológico Clara Campal","city":"Madrid","zip":"28050","country":"Spain","geoPoint":{"lat":40.4165,"lon":-3.70256}},{"facility":"Hospital Virgen de la Victoria","city":"Málaga","zip":"29010","country":"Spain","geoPoint":{"lat":36.72016,"lon":-4.42034}},{"facility":"Kantonsspital Graubünden","city":"Chur","state":"Graubünden","zip":"7000","country":"Switzerland","geoPoint":{"lat":46.84986,"lon":9.53287}},{"facility":"Ospedale Regionale Bellinzona","city":"Bellinzona","state":"Ticino","zip":"6500","country":"Switzerland","geoPoint":{"lat":46.19278,"lon":9.01703}},{"facility":"Leicester Royal Infirmary","city":"Leicester","state":"Leicestershire","zip":"LE1 5WW","country":"United Kingdom","geoPoint":{"lat":52.6386,"lon":-1.13169}},{"facility":"Belfast City Hospital","city":"Belfast","state":"North Ireland","zip":"BT12 7AB","country":"United Kingdom","geoPoint":{"lat":54.59682,"lon":-5.92541}},{"facility":"Royal Marsden NHS Trust (Surrey)","city":"Sutton","state":"Surrey","zip":"SM2 5PT","country":"United Kingdom","geoPoint":{"lat":51.35,"lon":-0.2}},{"facility":"Guy's Hospital","city":"London","zip":"SE1 9RT","country":"United Kingdom","geoPoint":{"lat":51.50853,"lon":-0.12574}},{"facility":"Royal Marsden Hospital (London)","city":"London","zip":"SW3 6JJ","country":"United Kingdom","geoPoint":{"lat":51.50853,"lon":-0.12574}},{"facility":"Christie Hospital","city":"Manchester","zip":"M20 4BX","country":"United Kingdom","geoPoint":{"lat":53.48095,"lon":-2.23743}}],"locations_nested":[{"facility":"Mayo Clinic Hospital","city":"Phoenix","state":"Arizona","zip":"85054-4502","country":"United States","geoPoint":{"lat":33.44838,"lon":-112.07404}},{"facility":"University of Southern California","city":"Los Angeles","state":"California","zip":"90033","country":"United States","geoPoint":{"lat":34.05223,"lon":-118.24368}},{"facility":"Stanford Health Care","city":"Stanford","state":"California","zip":"94305","country":"United States","geoPoint":{"lat":37.42411,"lon":-122.16608}},{"facility":"MedStar Georgetown University Hospital","city":"Washington","state":"District of Columbia","zip":"20007","country":"United States","geoPoint":{"lat":38.89511,"lon":-77.03637}},{"facility":"Indiana University School of Medicine","city":"Indianapolis","state":"Indiana","zip":"46202","country":"United States","geoPoint":{"lat":39.76838,"lon":-86.15804}},{"facility":"Ochsner Medical Center - New Orleans","city":"New Orleans","state":"Louisiana","zip":"70121","country":"United States","geoPoint":{"lat":29.95465,"lon":-90.07507}},{"facility":"National Cancer Institute - Maryland","city":"Bethesda","state":"Maryland","zip":"20892","country":"United States","geoPoint":{"lat":38.98067,"lon":-77.10026}},{"facility":"Barbara Ann Karmanos Cancer Institute","city":"Farmington Hills","state":"Michigan","zip":"48334","country":"United States","geoPoint":{"lat":42.48531,"lon":-83.37716}},{"facility":"Mayo Clinic - Rochester","city":"Rochester","state":"Minnesota","zip":"55905","country":"United States","geoPoint":{"lat":44.02163,"lon":-92.4699}},{"facility":"Washington University School of Medicine","city":"Saint Louis","state":"Missouri","zip":"63110","country":"United States","geoPoint":{"lat":38.62727,"lon":-90.19789}},{"facility":"Vanderbilt University Medical Center","city":"Nashville","state":"Tennessee","zip":"37232","country":"United States","geoPoint":{"lat":36.16589,"lon":-86.78444}},{"facility":"Texas Oncology, PA","city":"Dallas","state":"Texas","zip":"75246","country":"United States","geoPoint":{"lat":32.78306,"lon":-96.80667}},{"facility":"University of Texas MD Anderson Cancer Center","city":"Houston","state":"Texas","zip":"77030","country":"United States","geoPoint":{"lat":29.76328,"lon":-95.36327}},{"facility":"Blacktown Cancer & Haematology Centre","city":"Blacktown","state":"New South Wales","zip":"2148","country":"Australia","geoPoint":{"lat":-33.76667,"lon":150.91667}},{"facility":"Mid North Coast Cancer Institute","city":"Coffs Harbour","state":"New South Wales","zip":"2450","country":"Australia","geoPoint":{"lat":-30.29626,"lon":153.11351}},{"facility":"Kinghorn Cancer Centre","city":"Darlinghurst","state":"New South Wales","zip":"2010","country":"Australia","geoPoint":{"lat":-33.87939,"lon":151.21925}},{"facility":"Northern Cancer Institute","city":"St Leonards","state":"New South Wales","zip":"2065","country":"Australia","geoPoint":{"lat":-33.82344,"lon":151.19836}},{"facility":"Flinders Medical Centre","city":"Adelaide","state":"South Australia","zip":"5042","country":"Australia","geoPoint":{"lat":-34.92866,"lon":138.59863}},{"facility":"Epworth HealthCare","city":"Richmond","state":"Victoria","zip":"3122","country":"Australia","geoPoint":{"lat":-37.81819,"lon":145.00176}},{"facility":"Sir Charles Gairdner Hospital","city":"Nedlands","state":"Western Australia","zip":"6009","country":"Australia","geoPoint":{"lat":-31.98184,"lon":115.8073}},{"facility":"St John of God Healthcare","city":"Subiaco","state":"Western Australia","zip":"6008","country":"Australia","geoPoint":{"lat":-31.9485,"lon":115.8268}},{"facility":"Hôpital Erasme/Erasmus Ziekenhuis","city":"Bruxelles - Brussel","zip":"1070","country":"Belgium","geoPoint":{"lat":50.85045,"lon":4.34878}},{"facility":"UZ Antwerpen","city":"Edegem","zip":"2650","country":"Belgium","geoPoint":{"lat":51.15662,"lon":4.44504}},{"facility":"UZ Leuven Gasthuisberg","city":"Leuven","zip":"3000","country":"Belgium","geoPoint":{"lat":50.87959,"lon":4.70093}},{"facility":"CHU de Liège","city":"Liege","zip":"4000","country":"Belgium","geoPoint":{"lat":50.63373,"lon":5.56749}},{"facility":"Cross Cancer Institute","city":"Edmonton","state":"Alberta","zip":"T6G 1Z2","country":"Canada","geoPoint":{"lat":53.55014,"lon":-113.46871}},{"facility":"Princess Margaret Cancer Centre - UHN","city":"Toronto","state":"Ontario","zip":"M5G 2M9","country":"Canada","geoPoint":{"lat":43.70011,"lon":-79.4163}},{"facility":"Sir Mortimer B. Davis Jewish General Hospital","city":"Montreal","state":"Quebec","zip":"H3T 1E2","country":"Canada","geoPoint":{"lat":45.50884,"lon":-73.58781}},{"facility":"McGill University Health Center","city":"Montreal","state":"Quebec","zip":"H4A 3J1","country":"Canada","geoPoint":{"lat":45.50884,"lon":-73.58781}},{"facility":"Hopital Jean Minjoz","city":"Besancon","zip":"25030","country":"France","geoPoint":{"lat":47.24878,"lon":6.01815}},{"facility":"Hôpital Henri Mondor","city":"Creteil","zip":"94010","country":"France","geoPoint":{"lat":48.78333,"lon":2.46667}},{"facility":"Centre Oscar Lambret - Lille","city":"Lille Cedex","zip":"59020","country":"France","geoPoint":{"lat":50.63297,"lon":3.05858}},{"facility":"Centre Léon Bérard","city":"Lyon Cedex","zip":"69008","country":"France","geoPoint":{"lat":45.74848,"lon":4.84669}},{"facility":"C.H.U. Timone","city":"Marseille","zip":"13385","country":"France","geoPoint":{"lat":43.29551,"lon":5.38958}},{"facility":"Centre René Gauducheau","city":"Nantes","zip":"44805","country":"France","geoPoint":{"lat":47.21725,"lon":-1.55336}},{"facility":"Centre Antoine Lacassagne","city":"Nice Cedex 2","zip":"06102","country":"France","geoPoint":{"lat":43.70313,"lon":7.26608}},{"facility":"Centre Hospitalier Lyon Sud","city":"Pierre Benite","zip":"69495","country":"France","geoPoint":{"lat":45.7009,"lon":4.82511}},{"facility":"Hôpital de la Milétrie","city":"POITIERS cedex","zip":"86021","country":"France","geoPoint":{"lat":46.58333,"lon":0.33333}},{"facility":"Hôpital Pontchaillou","city":"Rennes Cedex","zip":"35033","country":"France","geoPoint":{"lat":48.11198,"lon":-1.67429}},{"facility":"Centre Eugène Marquis - Rennes Cedex","city":"Rennes Cedex","zip":"35062","country":"France","geoPoint":{"lat":48.11198,"lon":-1.67429}},{"facility":"Institut Gustave Roussy","city":"Villejuif Cedex","zip":"94805","country":"France","geoPoint":{"lat":48.7939,"lon":2.35992}},{"facility":"A.O.U. di Bologna Policlinico S.Orsola Malpighi","city":"Bologna","state":"Emilia-Romagna","zip":"40138","country":"Italy","geoPoint":{"lat":44.49381,"lon":11.33875}},{"facility":"A.O.U. di Modena - Policlinico","city":"Modena","state":"Emilia-Romagna","zip":"41124","country":"Italy","geoPoint":{"lat":44.64783,"lon":10.92539}},{"facility":"Istituto Clinico Humanitas - Humanitas Mirasole S.p.A.","city":"Milano","state":"Lombardia","zip":"20089","country":"Italy","geoPoint":{"lat":45.46427,"lon":9.18951}},{"facility":"Fondazione IRCCS Istituto Nazionale dei Tumori","city":"Milano","state":"Lombardia","zip":"20133","country":"Italy","geoPoint":{"lat":45.46427,"lon":9.18951}},{"facility":"ASST Grande Ospedale Metropolitano Niguarda","city":"Milano","state":"Lombardia","zip":"20162","country":"Italy","geoPoint":{"lat":45.46427,"lon":9.18951}},{"facility":"A.O.U.I. Verona","city":"Verona","state":"Veneto","zip":"37134","country":"Italy","geoPoint":{"lat":45.4299,"lon":10.98444}},{"facility":"Seoul National University Hospital","city":"Seoul","zip":"03080","country":"Korea, Republic of","geoPoint":{"lat":37.566,"lon":126.9784}},{"facility":"Severance Hospital, Yonsei University Health System","city":"Seoul","zip":"03722","country":"Korea, Republic of","geoPoint":{"lat":37.566,"lon":126.9784}},{"facility":"Asan Medical Center","city":"Seoul","zip":"05505","country":"Korea, Republic of","geoPoint":{"lat":37.566,"lon":126.9784}},{"facility":"Samsung Medical Center","city":"Seoul","zip":"06351","country":"Korea, Republic of","geoPoint":{"lat":37.566,"lon":126.9784}},{"facility":"Nederlands Kanker Instituut","city":"Amsterdam","zip":"1066 CX","country":"Netherlands","geoPoint":{"lat":52.37403,"lon":4.88969}},{"facility":"Maastricht UMC","city":"Maastricht","zip":"6229 HX","country":"Netherlands","geoPoint":{"lat":50.84833,"lon":5.68889}},{"facility":"National University Hospital","city":"Singapore","zip":"119228","country":"Singapore","geoPoint":{"lat":1.28967,"lon":103.85007}},{"facility":"National Cancer Center Singapore","city":"Singapore","zip":"169610","country":"Singapore","geoPoint":{"lat":1.28967,"lon":103.85007}},{"facility":"Hospital Universitario Quirón de Madrid","city":"Pozuelo de Alarcón","state":"Madrid","zip":"28223","country":"Spain","geoPoint":{"lat":40.43293,"lon":-3.81338}},{"facility":"Hospital del Mar","city":"Barcelona","zip":"08003","country":"Spain","geoPoint":{"lat":41.38879,"lon":2.15899}},{"facility":"Ciutat Sanitària i Universitaria de la Vall d'Hebron","city":"Barcelona","zip":"08035","country":"Spain","geoPoint":{"lat":41.38879,"lon":2.15899}},{"facility":"Hospital Clínic i Provincial de Barcelona","city":"Barcelona","zip":"08036","country":"Spain","geoPoint":{"lat":41.38879,"lon":2.15899}},{"facility":"Hospital General Universitario Gregorio Marañón | Oncología","city":"Madrid","zip":"28007","country":"Spain","geoPoint":{"lat":40.4165,"lon":-3.70256}},{"facility":"Hospital Ramón y Cajal | Oncología","city":"Madrid","zip":"28034","country":"Spain","geoPoint":{"lat":40.4165,"lon":-3.70256}},{"facility":"Hospital Universitario 12 de Octubre","city":"Madrid","zip":"28041","country":"Spain","geoPoint":{"lat":40.4165,"lon":-3.70256}},{"facility":"Centro Integral Oncológico Clara Campal","city":"Madrid","zip":"28050","country":"Spain","geoPoint":{"lat":40.4165,"lon":-3.70256}},{"facility":"Hospital Virgen de la Victoria","city":"Málaga","zip":"29010","country":"Spain","geoPoint":{"lat":36.72016,"lon":-4.42034}},{"facility":"Kantonsspital Graubünden","city":"Chur","state":"Graubünden","zip":"7000","country":"Switzerland","geoPoint":{"lat":46.84986,"lon":9.53287}},{"facility":"Ospedale Regionale Bellinzona","city":"Bellinzona","state":"Ticino","zip":"6500","country":"Switzerland","geoPoint":{"lat":46.19278,"lon":9.01703}},{"facility":"Leicester Royal Infirmary","city":"Leicester","state":"Leicestershire","zip":"LE1 5WW","country":"United Kingdom","geoPoint":{"lat":52.6386,"lon":-1.13169}},{"facility":"Belfast City Hospital","city":"Belfast","state":"North Ireland","zip":"BT12 7AB","country":"United Kingdom","geoPoint":{"lat":54.59682,"lon":-5.92541}},{"facility":"Royal Marsden NHS Trust (Surrey)","city":"Sutton","state":"Surrey","zip":"SM2 5PT","country":"United Kingdom","geoPoint":{"lat":51.35,"lon":-0.2}},{"facility":"Guy's Hospital","city":"London","zip":"SE1 9RT","country":"United Kingdom","geoPoint":{"lat":51.50853,"lon":-0.12574}},{"facility":"Royal Marsden Hospital (London)","city":"London","zip":"SW3 6JJ","country":"United Kingdom","geoPoint":{"lat":51.50853,"lon":-0.12574}},{"facility":"Christie Hospital","city":"Manchester","zip":"M20 4BX","country":"United Kingdom","geoPoint":{"lat":53.48095,"lon":-2.23743}}]},"referencesModule":{"seeAlsoLinks":[{"label":"Click here to find results for studies related to Bayer products","url":"https://clinicaltrials.bayer.com/"}]},"ipdSharingStatementModule":{"ipdSharing":"NO","description":"Availability of this study's data will later be determined according to Bayer's commitment to the EFPIA/PhRMA \"Principles for responsible clinical trial data sharing\". This pertains to scope, timepoint and process of data access. As such, Bayer commits to sharing upon request from qualified researchers patient-level clinical trial data, study-level clinical trial data, and protocols from clinical trials in patients for medicines and indications approved in the US and EU as necessary for conducting legitimate research. This applies to data on new medicines and indications that have been approved by the EU and US regulatory agencies on or after January 01, 2014. Interested researchers can use www.clinicalstudydatarequest.com to request access to anonymized patient-level data and supporting documents from clinical studies to conduct research. Information on the Bayer criteria for listing studies and other relevant information is provided in the Study sponsors section of the portal."}},"derivedSection":{"miscInfoModule":{"versionHolder":"2023-07-03","removedCountries":["Germany"],"modelPredictions":{"bmiLimits":{"minBmi":0.00,"maxBmi":101.00}}},"conditionBrowseModule":{"browseLeaves":[{"id":"M12800","name":"Pancreatic Neoplasms","relevance":"LOW"},{"id":"M4910","name":"Breast Neoplasms","relevance":"LOW"},{"id":"M30063","name":"Triple Negative Breast Neoplasms","relevance":"LOW"},{"id":"M5224","name":"Carcinoma","relevance":"LOW"},{"id":"M14540","name":"Recurrence","relevance":"LOW"},{"id":"M10862","name":"Lung Neoplasms","relevance":"LOW"},{"id":"M5236","name":"Carcinoma, Non-Small-Cell Lung","relevance":"LOW"},{"id":"M20116","name":"Cholangiocarcinoma","relevance":"LOW"},{"id":"T4387","name":"Pancreatic Cancer","relevance":"LOW"},{"id":"T755","name":"Bile Duct Cancer","relevance":"LOW"}],"browseBranches":[{"abbrev":"BC04","name":"Neoplasms"},{"abbrev":"BC06","name":"Digestive System Diseases"},{"abbrev":"BC19","name":"Gland and Hormone Related Diseases"},{"abbrev":"All","name":"All Conditions"},{"abbrev":"BC17","name":"Skin and Connective Tissue Diseases"},{"abbrev":"BC23","name":"Symptoms and General Pathology"},{"abbrev":"BC08","name":"Respiratory Tract (Lung and Bronchial) Diseases"},{"abbrev":"Rare","name":"Rare Diseases"}]},"interventionBrowseModule":{"meshes":[{"id":"D000093542","term":"Gemcitabine"},{"id":"D000008453","term":"Maytansine"},{"id":"C000595240","term":"Anetumab ravtansine"}],"ancestors":[{"id":"D000000970","term":"Antineoplastic Agents"},{"id":"D000000964","term":"Antimetabolites, Antineoplastic"},{"id":"D000000963","term":"Antimetabolites"},{"id":"D000045504","term":"Molecular Mechanisms of Pharmacological Action"},{"id":"D000000972","term":"Antineoplastic Agents, Phytogenic"},{"id":"D000050257","term":"Tubulin Modulators"},{"id":"D000050256","term":"Antimitotic Agents"},{"id":"D000050258","term":"Mitosis Modulators"},{"id":"D000018796","term":"Immunoconjugates"},{"id":"D000007155","term":"Immunologic Factors"},{"id":"D000045505","term":"Physiological Effects of Drugs"}],"browseLeaves":[{"id":"M2986","name":"Gemcitabine","asFound":"Mg/kg","relevance":"HIGH"},{"id":"M5872","name":"Cisplatin","relevance":"LOW"},{"id":"M22244","name":"Pancrelipase","relevance":"LOW"},{"id":"M12804","name":"Pancreatin","relevance":"LOW"},{"id":"M233812","name":"Anetumab ravtansine","asFound":"Opioid overdose","relevance":"HIGH"},{"id":"M11126","name":"Maytansine","asFound":"Sauce","relevance":"HIGH"},{"id":"M3971","name":"Antimetabolites","relevance":"LOW"},{"id":"M25887","name":"Tubulin Modulators","relevance":"LOW"},{"id":"M25886","name":"Antimitotic Agents","relevance":"LOW"},{"id":"M20545","name":"Immunoconjugates","relevance":"LOW"},{"id":"M9891","name":"Immunologic Factors","relevance":"LOW"}],"browseBranches":[{"abbrev":"ANeo","name":"Antineoplastic Agents"},{"abbrev":"All","name":"All Drugs and Chemicals"},{"abbrev":"Gast","name":"Gastrointestinal Agents"}]}},"hasResults":false}