<?xml version="1.0" encoding="UTF-8"?>
<clinical_study rank="208">
  <!-- This xml conforms to an XML Schema at:
    https://clinicaltrials.gov/ct2/html/images/info/public.xsd -->
  <required_header>
    <download_date>ClinicalTrials.gov processed this data on May 26, 2023</download_date>
    <link_text>Link to the current ClinicalTrials.gov record.</link_text>
    <url>https://clinicaltrials.gov/show/NCT01282580</url>
  </required_header>
  <id_info>
    <org_study_id>OSU-10024</org_study_id>
    <secondary_id>NCI-2012-02933</secondary_id>
    <nct_id>NCT01282580</nct_id>
  </id_info>
  <brief_title>Dietary Fish and Omega 3 Fatty Acids for Breast Cancer Prevention</brief_title>
  <official_title>Omega 3 Fatty Acids and Breast Cancer Prevention: Protective Benefits of Increased Fish Consumption</official_title>
  <sponsors>
    <lead_sponsor>
      <agency>Ohio State University Comprehensive Cancer Center</agency>
      <agency_class>Other</agency_class>
    </lead_sponsor>
  </sponsors>
  <source>Ohio State University Comprehensive Cancer Center</source>
  <oversight_info>
    <has_dmc>Yes</has_dmc>
    <is_fda_regulated_drug>No</is_fda_regulated_drug>
    <is_fda_regulated_device>No</is_fda_regulated_device>
  </oversight_info>
  <brief_summary>
    <textblock>
      Research studies show that the type of fat in the diet may affect breast cancer risk. Fish&#xD;
      oil and fish contain increased amounts of omega 3 fatty acids which appear to stop or slow&#xD;
      down the growth and development of breast cancer cells in laboratory studies of mice and&#xD;
      breast cancer cells. The use of omega 3 fatty acids to reduce the risk of breast cancer&#xD;
      development in humans has not been adequately studied. Eating fish or taking fish oil may&#xD;
      increase the amount of omega 3 in the breast, which may lower one's risk of breast cancer&#xD;
      development.&#xD;
&#xD;
      Persons in this study with do one of the following: (1) take two capsules daily of omega 3&#xD;
      fatty acid supplements, or (2) eat several servings of canned salmon / tuna per week for a&#xD;
      total of three months. Amounts of omega 3 fatty acids in the body's tissues will be measured&#xD;
      by blood tests and a small sample of breast fat as obtained by a fine needle aspiration.&#xD;
&#xD;
      This study is supported by funding from the National Fisheries Institute, Food Innovation&#xD;
      Center of The Ohio State University, and The Ohio State University Comprehensive Cancer&#xD;
      Center.&#xD;
    </textblock>
  </brief_summary>
  <detailed_description>
    <textblock>
      The primary objectives of this study are to:&#xD;
&#xD;
      i.) Determine the effects of increased fish consumption on serum and breast fat tissue fatty&#xD;
      acids in women at high risk for developing breast cancer relative to an omega 3 fatty acid&#xD;
      supplement;&#xD;
&#xD;
      ii.) Assess adherence and tolerability of increased dietary intake of fish relative to an&#xD;
      omega 3 fatty acid supplement.&#xD;
&#xD;
      Secondary objectives include:&#xD;
&#xD;
      iii.) Evaluate possible correlations between physical factors such as body mass index (BMI)&#xD;
      and dietary factors and target tissue effects.&#xD;
&#xD;
      iv.) Explore additional biomarkers as surrogate endpoints to measure effects of fish&#xD;
      consumption.&#xD;
    </textblock>
  </detailed_description>
  <overall_status>Completed</overall_status>
  <start_date type="Actual">July 2010</start_date>
  <completion_date type="Actual">August 2014</completion_date>
  <primary_completion_date type="Actual">December 2012</primary_completion_date>
  <phase>Phase 1</phase>
  <study_type>Interventional</study_type>
  <has_expanded_access>No</has_expanded_access>
  <study_design_info>
    <allocation>Randomized</allocation>
    <intervention_model>Parallel Assignment</intervention_model>
    <primary_purpose>Prevention</primary_purpose>
    <masking>None (Open Label)</masking>
  </study_design_info>
  <primary_outcome>
    <measure>Fatty acid profiles of breast adipose tissue</measure>
    <time_frame>0 and 3 months</time_frame>
  </primary_outcome>
  <secondary_outcome>
    <measure>Fatty acid profiles of serum, red blood cell membranes</measure>
    <time_frame>0 and 3 months</time_frame>
  </secondary_outcome>
  <number_of_arms>2</number_of_arms>
  <enrollment type="Actual">25</enrollment>
  <condition>Breast Cancer</condition>
  <arm_group>
    <arm_group_label>Dietary fish (canned salmon, albacore)</arm_group_label>
    <arm_group_type>Experimental</arm_group_type>
    <description>Fish products: Canned albacore and salmon will be provided at no cost to the patient. Supplies of tuna and salmon will be provided in quantities sufficient for one month of daily intake by the subject. If desired, a subject can request a sufficient amount to allow for preparation of a meal for the family or household at no more than two times per week. Labels or portions of labels from the cans will be collected at the monthly study visits, and canned supplies will be replenished monthly or at more frequent intervals if needed. Subjects will be allowed to keep unused cans.</description>
  </arm_group>
  <arm_group>
    <arm_group_label>Lovaza-Omega 3 fatty acid capsules</arm_group_label>
    <arm_group_type>Experimental</arm_group_type>
    <description>Lovaza capsules will be provided at no cost to the patient. Pill bottles will be provided to the patient, with the start date and number of pills recorded. The supplement will be provided in sufficient supply for one month at a time. Pill bottles will be collected at monthly follow-up visits, and any unused capsules will be documented and discarded as biohazardous waste.</description>
  </arm_group>
  <intervention>
    <intervention_type>Dietary Supplement</intervention_type>
    <intervention_name>Lovaza-Omega 3 fatty acid capsules</intervention_name>
    <description>The study will require monthly visits at 0, 1, 2 and 3 months of study intervention. At each visit a fasting serum sample will be obtained, self-report diaries (adverse events, record of omega 3 supplement doses or fish servings taken/missed) will be collected, and pill count / labels from cans of fish will be recorded. Medications and supplements will be reviewed with participants at each monthly visit. At clinic visits at 0 and 3 months, a history and physical examination and breast adipose fine needle aspiration (FNA)will be performed.Omega 3 supplements will be dispensed in monthly amounts.</description>
    <arm_group_label>Lovaza-Omega 3 fatty acid capsules</arm_group_label>
  </intervention>
  <intervention>
    <intervention_type>Other</intervention_type>
    <intervention_name>Dietary fish (canned salmon, albacore)</intervention_name>
    <description>Participants randomized to dietary fish will be asked to incorporate fish in the form of canned albacore and salmon into their diets at four 6 oz servings per week for 3 months. Participants on the dietary fish arm of the study will receive recipes using canned salmon and/or albacore. Sufficient canned salmon/albacore will be available for subjects who wish to prepare a meal for the family/household. Dietary intake will be assessed via 3 day diet records (0 and 3 months) and food frequency questionnaires (0 and 3 months). Verbal and written instructions on how to keep diet records, with food measured or weighed, will be given.</description>
    <arm_group_label>Dietary fish (canned salmon, albacore)</arm_group_label>
    <other_name>canned fish</other_name>
  </intervention>
  <eligibility>
    <criteria>
      <textblock>
        Inclusion Criteria:&#xD;
&#xD;
          -  Increased risk for breast cancer based on family history, personal history&#xD;
&#xD;
          -  Normal mammogram, clinical breast examination in the past 12 months&#xD;
&#xD;
          -  &gt;1 year from pregnancy, lactation or chemotherapy&#xD;
&#xD;
        Exclusion Criteria:&#xD;
&#xD;
          -  Concurrent malignancy or metastatic malignancy of any kind&#xD;
&#xD;
          -  History of a bleeding tendency, use of anticoagulant medications&#xD;
&#xD;
          -  Inability to undergo fine needle aspiration of breast adipose tissue&#xD;
&#xD;
          -  Chronic use of omega-3 fatty acid supplements or regular consumption of &gt; 2&#xD;
             meals/servings of fish per week within the 3 months prior to entry on the study or any&#xD;
             other supplements that might interact with omega-3 fatty acid supplements&#xD;
&#xD;
          -  Known sensitivity or allergy to fish&#xD;
&#xD;
          -  Standing regimen of full dose aspirin (325 mg/day or more), Non-steroidal&#xD;
             anti-inflammatory drugs (NSAIDs) or NSAID-containing products.&#xD;
      </textblock>
    </criteria>
    <gender>Female</gender>
    <minimum_age>18 Years</minimum_age>
    <maximum_age>N/A</maximum_age>
    <healthy_volunteers>Accepts Healthy Volunteers</healthy_volunteers>
  </eligibility>
  <overall_official>
    <last_name>Lisa D Yee, MD</last_name>
    <role>Principal Investigator</role>
    <affiliation>Ohio State University</affiliation>
  </overall_official>
  <location>
    <facility>
      <name>The Ohio State University Comprehensive Cancer Center</name>
      <address>
        <city>Columbus</city>
        <state>Ohio</state>
        <zip>43210</zip>
        <country>United States</country>
      </address>
    </facility>
  </location>
  <location_countries>
    <country>United States</country>
  </location_countries>
  <link>
    <url>http://cancer.osu.edu</url>
    <description>Jamesline</description>
  </link>
  <verification_date>August 2019</verification_date>
  <study_first_submitted>January 21, 2011</study_first_submitted>
  <study_first_submitted_qc>January 24, 2011</study_first_submitted_qc>
  <study_first_posted type="Estimate">January 25, 2011</study_first_posted>
  <last_update_submitted>August 29, 2019</last_update_submitted>
  <last_update_submitted_qc>August 29, 2019</last_update_submitted_qc>
  <last_update_posted type="Actual">August 30, 2019</last_update_posted>
  <responsible_party>
    <responsible_party_type>Principal Investigator</responsible_party_type>
    <investigator_affiliation>Ohio State University Comprehensive Cancer Center</investigator_affiliation>
    <investigator_full_name>Steven Clinton</investigator_full_name>
    <investigator_title>Principal Investigator</investigator_title>
  </responsible_party>
  <keyword>Women at high risk of developing breast cancer</keyword>
  <condition_browse>
    <!-- CAUTION:  The following MeSH terms are assigned with an imperfect algorithm            -->
    <mesh_term>Breast Neoplasms</mesh_term>
  </condition_browse>
  <!-- Results have not yet been posted for this study                                          -->
</clinical_study>

