{"protocolSection":{"identificationModule":{"nctId":"NCT04267575","orgStudyIdInfo":{"id":"G190165"},"organization":{"fullName":"Jerome Canady Research Institute for Advanced Biological & Technological Sciences","class":"OTHER"},"briefTitle":"Canady Helios Cold Plasma Scalpel Treatment at the Surgical Margin and Macroscopic Tumor Sites","officialTitle":"Canady Helios Cold Plasma Scalpel Treatment at the Surgical Margin and Macroscopic Tumor Sites"},"statusModule":{"statusVerifiedDate":"2021-07","overallStatus":"UNKNOWN","lastKnownStatus":"ACTIVE_NOT_RECRUITING","expandedAccessInfo":{"hasExpandedAccess":false},"startDateStruct":{"date":"2019-07-30","type":"ACTUAL"},"primaryCompletionDateStruct":{"date":"2021-04-14","type":"ACTUAL"},"completionDateStruct":{"date":"2023-04-14","type":"ESTIMATED"},"studyFirstSubmitDate":"2020-02-11","studyFirstSubmitQcDate":"2020-02-11","studyFirstPostDateStruct":{"date":"2020-02-13","type":"ACTUAL"},"resultsFirstSubmitDate":"2021-07-16","resultsFirstSubmitQcDate":"2021-07-16","resultsFirstPostDateStruct":{"date":"2021-08-09","type":"ACTUAL"},"lastUpdateSubmitDate":"2021-07-16","lastUpdatePostDateStruct":{"date":"2021-08-09","type":"ACTUAL"}},"sponsorCollaboratorsModule":{"responsibleParty":{"type":"SPONSOR_INVESTIGATOR","investigatorFullName":"Jerome Canady, M.D.","investigatorTitle":"Sponsor-Investigator","investigatorAffiliation":"Jerome Canady Research Institute for Advanced Biological & Technological Sciences"},"leadSponsor":{"name":"Jerome Canady, M.D.","class":"OTHER"}},"oversightModule":{"oversightHasDmc":true,"isFdaRegulatedDrug":false,"isFdaRegulatedDevice":true,"isUnapprovedDevice":true},"descriptionModule":{"briefSummary":"The study designed is to evaluate the safety of Canady Helios™ Cold Plasma Scalpel (CHCPS) in patients with solid tumors with carcinomatosis scheduled to undergo surgical resection for cytoreduction. Patients with stage 4 resectable tumors as decided by a multidisciplinary disease management team may be included if the metastatic disease is non-synchronous (e.g. recurrent colorectal carcinoma with hepatic metastasis amenable for surgical resection).. Plasma is an ionized gas typically generated in high-temperature laboratory conditions. Plasma coagulators are currently used routinely as surgical tools with multiple applications that create temperatures between 37° C to 43°C and cause thermal injury. Earlier studies demonstrated the non-aggressive nature of cold plasma. As evidence accumulates, it is becoming clear that low-temperature cold plasma has an increasing role in biomedical applications."},"conditionsModule":{"conditions":["Recurrent Malignant Solid Neoplasm","Stage IV Breast Cancer","Stage IV Prostate Cancer","Stage IV Pancreatic Cancer","Stage IV Non-small Cell Lung Cancer","Stage IV Ovarian Cancer","Stage IV Fallopian Tube Cancer","Stage IV Colon Cancer","Stage IV Colorectal Cancer","Stage IV Liver Cancer","Stage IV Renal Cell Cancer","Stage IV Rectal Cancer","Stage IV Lung Cancer","Stage IV Small Intestinal Cancer","Stage IV Gastric Cancer","Stage IV Bladder Cancer"]},"designModule":{"studyType":"INTERVENTIONAL","phases":["NA"],"designInfo":{"allocation":"NA","interventionModel":"SINGLE_GROUP","primaryPurpose":"TREATMENT","maskingInfo":{"masking":"NONE"}},"enrollmentInfo":{"count":20,"type":"ACTUAL"}},"armsInterventionsModule":{"armGroups":[{"label":"Primary Arm","type":"EXPERIMENTAL","description":"After the gross solid tumor is removed, cold plasma is sprayed in the area of the resected tumor margins.","interventionNames":["Device: Canady Helios Cold Plasma Scalpel"]}],"interventions":[{"type":"DEVICE","name":"Canady Helios Cold Plasma Scalpel","description":"Device used to distribute cold plasma energy at the resected tumor margins.","armGroupLabels":["Primary Arm"]}]},"outcomesModule":{"primaryOutcomes":[{"measure":"Number of Participants With Complications Due To Cold Plasma Application","description":"Adverse events (CTCAE event version 4.03 to 5.0) within 30 days after Canady Helios Cold Plasma Scalpel treatment.","timeFrame":"Immediate after application of cold plasma, followed by 3 months, 6 months, 12 months and 15 month observations."}]},"eligibilityModule":{"eligibilityCriteria":"Inclusion Criteria:\n\nIn order to be eligible to participate in this study, an individual must meet all of the following criteria:\n\n* Solid tumors undergoing surgical treatment with carcinomatosis scheduled to undergo surgical resection for cytoreduction. Patients with stage 4 resectable tumors as decided by a multidisciplinary disease management team may be included if the metastatic disease is non-synchronous (e.g. recurrent colorectal carcinoma with hepatic metastasis amenable for surgical resection).\n* Provision of signed and dated informed consent form\n* Stated willingness to comply with all study procedures and availability for the duration of the study and must be willing to return for follow-up\n* 18 years of age or older and capable of providing informed consent indicating awareness of the investigational nature of this trial, in keeping with Good Clinical Practice (GCP) guidelines and institutional policy.\n* Biopsy (histopathology or cytology) diagnosis of a solid tumor as defined by the World Health Organization (WHO) or by cross-sectional imaging reviewed by a board-certified radiologist.\n* Good performance status (ECOG \\< 2), Karnofsky \\>60%,\n* Patients with low or acceptable surgical risk (American society of Anesthesiology (ASA) score of 3 or less.\n* Patient is a candidate for surgical therapy as discussed and recommended by the institutional disease management team (DMT, Tumor Board).\n\nAt the time of enrollment:\n\n* Absolute neutrophil count (ANC) exceeds 1200/mm3, white blood cell count exceeds 4000/mm3 and platelet count is greater than 100,000/mm3\n* An international normalized ratio (INR) ≤ 1.5 (patients who are therapeutically anticoagulated for non-related medical conditions such as atrial fibrillation and whose anti-thrombotic treatment can be withheld for operation will be eligible).\n* Adequate hepatic function must be met as evidenced by total serum bilirubin ≤ 3.0 mg/dl ; alkaline phosphatase \\< 2.5 times the upper limit of normal; and, aspartate aminotransferase (AST) less than 1.5 times upper limit of normal \\[alkaline phosphatase and AST cannot both exceed the upper limit of normal\\]\n* Serum renal functional parameters, blood urea nitrogen (BUN) and creatinine are within normal limits\n* For females of reproductive potential: use of highly effective contraception for at least 1 month prior to screening and agreement to use such a method during study participation.\n* Life expectancy of at least six months\n\nExclusion Criteria:\n\nAn individual who meets any of the following criteria will be excluded from participation in this study:\n\n* Patients with unresectable tumors as decided by a multidisciplinary disease management team\n* Patients with multiple metastatic sites not amenable for surgical resection\n* Pregnancy or lactation\n* Patients with low performance status (ECOG \\> 2 or Karnofsky \\< 60%)\n* Any one or more of the following hematological abnormalities\n* Hgb \\< 8gm/dl unable to be corrected with transfusion\n* Absolute Neutrophil Count \\< 1200/mm3\n* White blood cell count \\< 4000/mm3\n* Platelet count \\< 100,000/mm3\n* INR \\> 1.5 (except in patients who are therapeutically AST anticoagulated for non-related medical conditions such as atrial fibrillation and whose anti-thrombotic treatment cannot be withheld for operation will be eligible)\n* History of hepatic cirrhosis or present hepatic dysfunction\n* Alkaline phosphatase ≥ 2.5 times the upper limit of normal\n* ≥ 1.5 times upper limit of normal\n* Serum bilirubin \\> 3.0 mg/dl\n* Alkaline phosphatase and AST both exceed the upper limit of normal\n* Renal insufficiency indicated by a serum creatinine \\>1.5mg/dL.\n* Patients with high surgical risk (ASA 4-5) with significant history of a medical problem that would preclude the patient from undergoing an operative procedure such as a history of severe congestive heart failure or active ischemic heart disease.\n* Febrile illness within 7 days before scheduled surgery\n* Treatment with another investigational drug or other intervention within 60 days before surgery\n* Patients that are unable to- or unwilling to provide a written informed consent\n* Patients who underwent treatment with cold plasma within a year before study entry.","healthyVolunteers":false,"sex":"ALL","minimumAge":"18 Years","stdAges":["ADULT","OLDER_ADULT"]},"contactsLocationsModule":{"locations":[{"facility":"Canady Surgical Group PC","city":"Washington","state":"District of Columbia","zip":"20010","country":"United States","geoPoint":{"lat":38.89511,"lon":-77.03637}}],"locations_nested":[{"facility":"Canady Surgical Group PC","city":"Washington","state":"District of Columbia","zip":"20010","country":"United States","geoPoint":{"lat":38.89511,"lon":-77.03637}}]},"ipdSharingStatementModule":{"ipdSharing":"NO"}},"resultsSection":{"participantFlowModule":{"groups":[{"id":"FG000","title":"Primary Arm","description":"After the gross solid tumor is removed, cold plasma is sprayed in the area of the resected tumor margins.\n\nCanady Helios Cold Plasma Scalpel: Device used to distribute cold plasma energy at the resected tumor margins.\n\nPost-operatively, patients will be started back on Adjuvant chemotherapy, radiation, or immuno-therapy as per medical oncology and multi-disciplinary team."}],"periods":[{"title":"Overall Study","milestones":[{"type":"STARTED","achievements":[{"groupId":"FG000","numSubjects":"20"}]},{"type":"COMPLETED","achievements":[{"groupId":"FG000","numSubjects":"20"}]},{"type":"NOT COMPLETED","achievements":[{"groupId":"FG000","numSubjects":"0"}]}]}]},"baselineCharacteristicsModule":{"groups":[{"id":"BG000","title":"Primary Arm","description":"After the gross solid tumor is removed, cold plasma is sprayed in the area of the resected tumor margins.\n\nCanady Helios Cold Plasma Scalpel: Device used to distribute cold plasma energy at the resected tumor margins.\n\nPost-operatively, patients will be started back on Adjuvant chemotherapy, radiation, or immuno-therapy as per medical oncology and multi-disciplinary team."}],"denoms":[{"units":"Participants","counts":[{"groupId":"BG000","value":"20"}]}],"measures":[{"title":"Age, Categorical","paramType":"COUNT_OF_PARTICIPANTS","unitOfMeasure":"Participants","classes":[{"denoms":[{"units":"Participants","counts":[{"groupId":"BG000","value":"20"}]}],"categories":[{"title":"<=18 years","measurements":[{"groupId":"BG000","value":"0"}]},{"title":"Between 18 and 65 years","measurements":[{"groupId":"BG000","value":"14"}]},{"title":">=65 years","measurements":[{"groupId":"BG000","value":"6"}]}]}]},{"title":"Age, Continuous","paramType":"MEAN","dispersionType":"STANDARD_DEVIATION","unitOfMeasure":"years","classes":[{"denoms":[{"units":"Participants","counts":[{"groupId":"BG000","value":"20"}]}],"categories":[{"measurements":[{"groupId":"BG000","value":"59","spread":"14"}]}]}]},{"title":"Sex: Female, Male","paramType":"COUNT_OF_PARTICIPANTS","unitOfMeasure":"Participants","classes":[{"denoms":[{"units":"Participants","counts":[{"groupId":"BG000","value":"20"}]}],"categories":[{"title":"Female","measurements":[{"groupId":"BG000","value":"10"}]},{"title":"Male","measurements":[{"groupId":"BG000","value":"10"}]}]}]},{"title":"Ethnicity (NIH/OMB)","paramType":"COUNT_OF_PARTICIPANTS","unitOfMeasure":"Participants","classes":[{"denoms":[{"units":"Participants","counts":[{"groupId":"BG000","value":"20"}]}],"categories":[{"title":"Hispanic or Latino","measurements":[{"groupId":"BG000","value":"0"}]},{"title":"Not Hispanic or Latino","measurements":[{"groupId":"BG000","value":"19"}]},{"title":"Unknown or Not Reported","measurements":[{"groupId":"BG000","value":"1"}]}]}]},{"title":"Race (NIH/OMB)","paramType":"COUNT_OF_PARTICIPANTS","unitOfMeasure":"Participants","classes":[{"denoms":[{"units":"Participants","counts":[{"groupId":"BG000","value":"20"}]}],"categories":[{"title":"American Indian or Alaska Native","measurements":[{"groupId":"BG000","value":"0"}]},{"title":"Asian","measurements":[{"groupId":"BG000","value":"0"}]},{"title":"Native Hawaiian or Other Pacific Islander","measurements":[{"groupId":"BG000","value":"0"}]},{"title":"Black or African American","measurements":[{"groupId":"BG000","value":"1"}]},{"title":"White","measurements":[{"groupId":"BG000","value":"18"}]},{"title":"More than one race","measurements":[{"groupId":"BG000","value":"0"}]},{"title":"Unknown or Not Reported","measurements":[{"groupId":"BG000","value":"1"}]}]}]},{"title":"Region of Enrollment","populationDescription":"The population was split between 2 institutional medical centers. The study was started in Israel, and completed in the United States.","paramType":"COUNT_OF_PARTICIPANTS","unitOfMeasure":"Participants","classes":[{"title":"United States","denoms":[{"units":"Participants","counts":[{"groupId":"BG000","value":"15"}]}],"categories":[{"measurements":[{"groupId":"BG000","value":"15"}]}]},{"title":"Israel","denoms":[{"units":"Participants","counts":[{"groupId":"BG000","value":"5"}]}],"categories":[{"measurements":[{"groupId":"BG000","value":"5"}]}]}]},{"title":"Tumor Type","paramType":"COUNT_OF_PARTICIPANTS","unitOfMeasure":"Participants","classes":[{"denoms":[{"units":"Participants","counts":[{"groupId":"BG000","value":"20"}]}],"categories":[{"title":"Metastatic Recurrent Colon Cancer","measurements":[{"groupId":"BG000","value":"1"}]},{"title":"Metastatic Recurrent Ovarian Cancer","measurements":[{"groupId":"BG000","value":"1"}]},{"title":"Metastatic Recurrent Anal Squamous Carcinoma to the Liver (HPV Related)","measurements":[{"groupId":"BG000","value":"1"}]},{"title":"Metastatic Recurrent Mesothelioma to the abdominal wall","measurements":[{"groupId":"BG000","value":"1"}]},{"title":"Metastatic Recurrent Colon Cancer to the retroperitoneum","measurements":[{"groupId":"BG000","value":"1"}]},{"title":"Metastatic Recurrent Myxofibrosarcoma to the chest wall","measurements":[{"groupId":"BG000","value":"1"}]},{"title":"Metastatic Recurrent Breast Carcinoma to the right hip","measurements":[{"groupId":"BG000","value":"1"}]},{"title":"Metastatic Recurrent Non-Small cell lung Adenocarcinoma to the left/hip/upper end of femur","measurements":[{"groupId":"BG000","value":"1"}]},{"title":"Metastatic Renal Cell Carcinoma to the left clavicle","measurements":[{"groupId":"BG000","value":"1"}]},{"title":"Metastatic Cholangiocarcinoma to the left elbow/distal humerus","measurements":[{"groupId":"BG000","value":"1"}]},{"title":"Metastatic Non-Small Cell Lung Carcinoma (NSCLC) to right hip","measurements":[{"groupId":"BG000","value":"1"}]},{"title":"Metastatic Pleomorphic Sarcoma to the left distal femur","measurements":[{"groupId":"BG000","value":"1"}]},{"title":"Metastatic Recurrent Chordoma to the right gluteal posterior thigh","measurements":[{"groupId":"BG000","value":"1"}]},{"title":"Metastatic Recurrent Melanoma to the left pelvis","measurements":[{"groupId":"BG000","value":"1"}]},{"title":"Metastatic Pleomorphic Spindle Cell Sarcoma to the humerus","measurements":[{"groupId":"BG000","value":"1"}]},{"title":"Metastatic Recurrent Squamous Cell Carcinoma to the left hand and left axillary lymph node","measurements":[{"groupId":"BG000","value":"1"}]},{"title":"Metastatic Angiosarcoma of the right breast to the contralateral left breast and axilla","measurements":[{"groupId":"BG000","value":"1"}]},{"title":"Metastatic Recurrent Non-Small Cell Lung Carcinoma (NSCLC) to the left hemipelvis","measurements":[{"groupId":"BG000","value":"1"}]},{"title":"Metastatic Desmoplastic Small Round Cell Sarcoma (DSRCS) of left inguinal lymph node and testicle","measurements":[{"groupId":"BG000","value":"1"}]},{"title":"Metastatic Recurrent Adenoid Cystic Carcinoma of the neck","measurements":[{"groupId":"BG000","value":"1"}]}]}]}]},"outcomeMeasuresModule":{"outcomeMeasures":[{"type":"PRIMARY","title":"Number of Participants With Complications Due To Cold Plasma Application","description":"Adverse events (CTCAE event version 4.03 to 5.0) within 30 days after Canady Helios Cold Plasma Scalpel treatment.","reportingStatus":"POSTED","paramType":"COUNT_OF_PARTICIPANTS","unitOfMeasure":"Participants","timeFrame":"Immediate after application of cold plasma, followed by 3 months, 6 months, 12 months and 15 month observations.","groups":[{"id":"OG000","title":"Primary Arm","description":"After the gross solid tumor is removed, cold plasma is sprayed in the area of the resected tumor margins.\n\nCanady Helios Cold Plasma Scalpel: Device used to distribute cold plasma energy at the resected tumor margins.\n\nPost-operatively, patients will be started back on Adjuvant chemotherapy, radiation, or immuno-therapy as per medical oncology and multi-disciplinary team."}],"denoms":[{"units":"Participants","counts":[{"groupId":"OG000","value":"20"}]}],"classes":[{"categories":[{"title":"Number of participants with complications secondary to cold plasma application","measurements":[{"groupId":"OG000","value":"0"}]},{"title":"Number of patients receiving cold plasma application.","measurements":[{"groupId":"OG000","value":"20"}]}]}]}]},"adverseEventsModule":{"frequencyThreshold":"0","timeFrame":"Data has been collected for 16 months as of 5/21/21","description":"There have been 0 adverse events.","eventGroups":[{"id":"EG000","title":"Primary Arm","description":"Patients received previous chemotherapy, radiation, immuno-therapy and/or surgery prior to metastatic recurrent disease. In this study, the patients gross solid tumor was removed, and cold plasma was sprayed in the area of the resected tumor margins.\n\nCanady Helios Cold Plasma Scalpel: Device used to distribute cold plasma energy at the resected tumor margins.\n\nPost-operatively, patients will be started back on Adjuvant chemotherapy, radiation, or immuno-therapy as per medical oncology and multi-disciplinary team.","deathsNumAffected":2,"deathsNumAtRisk":20,"seriousNumAffected":0,"seriousNumAtRisk":20,"otherNumAffected":0,"otherNumAtRisk":20}]},"moreInfoModule":{"limitationsAndCaveats":{"description":"Coronavirus Disease 2019 (COVID-19) global pandemic prolonged the duration of the study."},"certainAgreement":{"piSponsorEmployee":false,"restrictionType":"GT60","restrictiveAgreement":true},"pointOfContact":{"title":"Jerome Canady, M.D.","organization":"Jerome Canady Research Institute for Advanced Biological and Technological Sciences","email":"drjcanady@gwu.edu","phone":"301-270-0147"}}},"documentSection":{"largeDocumentModule":{"largeDocs":[{"typeAbbrev":"Prot_SAP","hasProtocol":true,"hasSap":true,"hasIcf":false,"label":"Study Protocol and Statistical Analysis Plan","date":"2021-07-06","uploadDate":"2021-07-16T10:48","filename":"Prot_SAP_000.pdf","size":220845},{"typeAbbrev":"ICF","hasProtocol":false,"hasSap":false,"hasIcf":true,"label":"Informed Consent Form","date":"2019-11-06","uploadDate":"2021-05-21T14:20","filename":"ICF_001.pdf","size":1170380}]}},"derivedSection":{"miscInfoModule":{"versionHolder":"2023-07-03","modelPredictions":{"bmiLimits":{"minBmi":0.00,"maxBmi":101.00}}},"conditionBrowseModule":{"meshes":[{"id":"D000008175","term":"Lung Neoplasms"},{"id":"D000005185","term":"Fallopian Tube Neoplasms"},{"id":"D000002292","term":"Carcinoma, Renal Cell"},{"id":"D000007414","term":"Intestinal Neoplasms"}],"ancestors":[{"id":"D000012142","term":"Respiratory Tract Neoplasms"},{"id":"D000013899","term":"Thoracic Neoplasms"},{"id":"D000009371","term":"Neoplasms by Site"},{"id":"D000009369","term":"Neoplasms"},{"id":"D000008171","term":"Lung Diseases"},{"id":"D000012140","term":"Respiratory Tract Diseases"},{"id":"D000014565","term":"Urogenital Neoplasms"},{"id":"D000091662","term":"Genital Diseases"},{"id":"D000091642","term":"Urogenital Diseases"},{"id":"D000052801","term":"Male Urogenital Diseases"},{"id":"D000005770","term":"Gastrointestinal Neoplasms"},{"id":"D000004067","term":"Digestive System Neoplasms"},{"id":"D000004066","term":"Digestive System Diseases"},{"id":"D000005767","term":"Gastrointestinal Diseases"},{"id":"D000007410","term":"Intestinal Diseases"},{"id":"D000000291","term":"Adnexal Diseases"},{"id":"D000005831","term":"Genital Diseases, Female"},{"id":"D000052776","term":"Female Urogenital Diseases"},{"id":"D000005261","term":"Female Urogenital Diseases and Pregnancy Complications"},{"id":"D000005833","term":"Genital Neoplasms, Female"},{"id":"D000014571","term":"Urologic Neoplasms"},{"id":"D000014570","term":"Urologic Diseases"},{"id":"D000005184","term":"Fallopian Tube Diseases"},{"id":"D000000230","term":"Adenocarcinoma"},{"id":"D000002277","term":"Carcinoma"},{"id":"D000009375","term":"Neoplasms, Glandular and Epithelial"},{"id":"D000009370","term":"Neoplasms by Histologic Type"},{"id":"D000007680","term":"Kidney Neoplasms"},{"id":"D000007674","term":"Kidney Diseases"}],"browseLeaves":[{"id":"M12800","name":"Pancreatic Neoplasms","relevance":"LOW"},{"id":"M4910","name":"Breast Neoplasms","relevance":"LOW"},{"id":"M14668","name":"Respiratory Tract Infections","relevance":"LOW"},{"id":"M14540","name":"Recurrence","relevance":"LOW"},{"id":"M14025","name":"Prostatic Neoplasms","relevance":"LOW"},{"id":"M15754","name":"Stomach Neoplasms","relevance":"LOW"},{"id":"M5238","name":"Carcinoma, Renal Cell","asFound":"Renal Cell Cancer","relevance":"HIGH"},{"id":"M10862","name":"Lung Neoplasms","asFound":"Lung Cancer","relevance":"HIGH"},{"id":"M5236","name":"Carcinoma, Non-Small-Cell Lung","relevance":"LOW"},{"id":"M12664","name":"Ovarian Neoplasms","relevance":"LOW"},{"id":"M1704","name":"Carcinoma, Ovarian Epithelial","relevance":"LOW"},{"id":"M10803","name":"Liver Neoplasms","relevance":"LOW"},{"id":"M4720","name":"Urinary Bladder Neoplasms","relevance":"LOW"},{"id":"M8018","name":"Fallopian Tube Neoplasms","asFound":"Fallopian Tube Cancer","relevance":"HIGH"},{"id":"M5224","name":"Carcinoma","relevance":"LOW"},{"id":"M10138","name":"Intestinal Neoplasms","asFound":"Intestinal Cancer","relevance":"HIGH"},{"id":"M14669","name":"Respiratory Tract Neoplasms","relevance":"LOW"},{"id":"M16348","name":"Thoracic Neoplasms","relevance":"LOW"},{"id":"M10858","name":"Lung Diseases","relevance":"LOW"},{"id":"M14667","name":"Respiratory Tract Diseases","relevance":"LOW"},{"id":"M17005","name":"Urogenital Neoplasms","relevance":"LOW"},{"id":"M2877","name":"Genital Diseases","relevance":"LOW"},{"id":"M2876","name":"Urogenital Diseases","relevance":"LOW"},{"id":"M26785","name":"Male Urogenital Diseases","relevance":"LOW"},{"id":"M6946","name":"Digestive System Neoplasms","relevance":"LOW"},{"id":"M8576","name":"Gastrointestinal Neoplasms","relevance":"LOW"},{"id":"M8573","name":"Gastrointestinal Diseases","relevance":"LOW"},{"id":"M6945","name":"Digestive System Diseases","relevance":"LOW"},{"id":"M10134","name":"Intestinal Diseases","relevance":"LOW"},{"id":"M3333","name":"Adnexal Diseases","relevance":"LOW"},{"id":"M8633","name":"Genital Diseases, Female","relevance":"LOW"},{"id":"M26783","name":"Female Urogenital Diseases","relevance":"LOW"},{"id":"M13817","name":"Pregnancy Complications","relevance":"LOW"},{"id":"M8089","name":"Female Urogenital Diseases and Pregnancy Complications","relevance":"LOW"},{"id":"M8635","name":"Genital Neoplasms, Female","relevance":"LOW"},{"id":"M17010","name":"Urologic Neoplasms","relevance":"LOW"},{"id":"M17009","name":"Urologic Diseases","relevance":"LOW"},{"id":"M8017","name":"Fallopian Tube Diseases","relevance":"LOW"},{"id":"M3275","name":"Adenocarcinoma","relevance":"LOW"},{"id":"M12010","name":"Neoplasms, Glandular and Epithelial","relevance":"LOW"},{"id":"M12005","name":"Neoplasms by Histologic Type","relevance":"LOW"},{"id":"M10393","name":"Kidney Neoplasms","relevance":"LOW"},{"id":"M10388","name":"Kidney Diseases","relevance":"LOW"},{"id":"T4387","name":"Pancreatic Cancer","asFound":"Pancreatic Cancer","relevance":"HIGH"},{"id":"T5486","name":"Stomach Cancer","relevance":"LOW"},{"id":"T4906","name":"Renal Cell Carcinoma","relevance":"LOW"},{"id":"T4352","name":"Ovarian Cancer","asFound":"Ovarian Cancer","relevance":"HIGH"},{"id":"T4354","name":"Ovarian Epithelial Cancer","relevance":"LOW"},{"id":"T2189","name":"Fallopian Tube Cancer","asFound":"Fallopian Tube Cancer","relevance":"HIGH"},{"id":"T5273","name":"Small Intestine Cancer","asFound":"Small Intestinal Cancer","relevance":"HIGH"}],"browseBranches":[{"abbrev":"BC04","name":"Neoplasms"},{"abbrev":"BC06","name":"Digestive System Diseases"},{"abbrev":"BC19","name":"Gland and Hormone Related Diseases"},{"abbrev":"All","name":"All Conditions"},{"abbrev":"BC17","name":"Skin and Connective Tissue Diseases"},{"abbrev":"BC01","name":"Infections"},{"abbrev":"BC08","name":"Respiratory Tract (Lung and Bronchial) Diseases"},{"abbrev":"BC23","name":"Symptoms and General Pathology"},{"abbrev":"BXS","name":"Urinary Tract, Sexual Organs, and Pregnancy Conditions"},{"abbrev":"Rare","name":"Rare Diseases"}]},"interventionBrowseModule":{}},"hasResults":true}