<?xml version="1.0" encoding="UTF-8"?>
<clinical_study rank="158">
  <!-- This xml conforms to an XML Schema at:
    https://clinicaltrials.gov/ct2/html/images/info/public.xsd -->
  <required_header>
    <download_date>ClinicalTrials.gov processed this data on May 26, 2023</download_date>
    <link_text>Link to the current ClinicalTrials.gov record.</link_text>
    <url>https://clinicaltrials.gov/show/NCT01138384</url>
  </required_header>
  <id_info>
    <org_study_id>I198</org_study_id>
    <nct_id>NCT01138384</nct_id>
  </id_info>
  <brief_title>Study of Foretinib in Combination With Lapatinib in Patients With Metastatic Breast Cancer</brief_title>
  <official_title>A Phase I/II Study of Foretinib in Combination With Lapatinib in Patients With Human Epidermal Growth Factor Receptor 2(HER2)Over-Expressing Metastatic Breast Cancer</official_title>
  <sponsors>
    <lead_sponsor>
      <agency>NCIC Clinical Trials Group</agency>
      <agency_class>Other</agency_class>
    </lead_sponsor>
    <collaborator>
      <agency>GlaxoSmithKline</agency>
      <agency_class>Industry</agency_class>
    </collaborator>
  </sponsors>
  <source>Canadian Cancer Trials Group</source>
  <oversight_info>
    <has_dmc>Yes</has_dmc>
    <is_fda_regulated_drug>No</is_fda_regulated_drug>
    <is_fda_regulated_device>No</is_fda_regulated_device>
  </oversight_info>
  <brief_summary>
    <textblock>
      This research is being done because it is not yet known what dose of foretinib in combination&#xD;
      with lapatinib can be given safely to patients with breast cancer, nor what type and severity&#xD;
      of side effects will result from the combination of the two treatments. This research is also&#xD;
      being done because it is not clear if the addition of the new drug foretinib to treatment&#xD;
      with lapatinib can offer better results and longer survival than treatment with lapatinib&#xD;
      alone.&#xD;
    </textblock>
  </brief_summary>
  <detailed_description>
    <textblock>
      The purpose of this study is to find the dose of foretinib that can safely be given in&#xD;
      combination with lapatinib. This is done by starting at doses of both drugs lower than the&#xD;
      usual doses of each when given on their own. Patients are given foretinib and lapatinib and&#xD;
      are watched very closely to see what side effects they have and to make sure the side effects&#xD;
      are not severe. If the side effects are not severe, then more patients are asked to join the&#xD;
      study and are given higher does of foretinib and lapatinib. Patients joining the study later&#xD;
      on will get higher doses of foretinib and lapatinib than patients who join earlier. This will&#xD;
      continue until a dose is found that causes severe but temporary side effects. Doses higher&#xD;
      than that will not be given.&#xD;
    </textblock>
  </detailed_description>
  <overall_status>Completed</overall_status>
  <start_date type="Actual">June 3, 2010</start_date>
  <completion_date type="Actual">February 13, 2015</completion_date>
  <primary_completion_date type="Actual">May 14, 2014</primary_completion_date>
  <phase>Phase 1/Phase 2</phase>
  <study_type>Interventional</study_type>
  <has_expanded_access>No</has_expanded_access>
  <study_design_info>
    <allocation>N/A</allocation>
    <intervention_model>Single Group Assignment</intervention_model>
    <primary_purpose>Treatment</primary_purpose>
    <masking>None (Open Label)</masking>
  </study_design_info>
  <primary_outcome>
    <measure>Toxicity, maximum administered dose and the recommended phase II dose</measure>
    <time_frame>every 4 weeks</time_frame>
    <description>Adverse events will be graded using CTCAE V4.0</description>
  </primary_outcome>
  <secondary_outcome>
    <measure>Pharmacokinetic evaluation of lapatinib</measure>
    <time_frame>cycle 1 only</time_frame>
    <description>pharmacokinetic evaluation of lapatinib when administered in combination with foretinib</description>
  </secondary_outcome>
  <secondary_outcome>
    <measure>Preliminary evidence of efficacy</measure>
    <time_frame>every 8 weeks</time_frame>
    <description>All patients with measurable disease will be evaluated for response and progression using RECIST 1.1.</description>
  </secondary_outcome>
  <number_of_arms>1</number_of_arms>
  <enrollment type="Actual">19</enrollment>
  <condition>Breast Cancer</condition>
  <arm_group>
    <arm_group_label>Foretinib and Lapatinib</arm_group_label>
    <arm_group_type>Experimental</arm_group_type>
    <description>Patients will receive foretinib as a continuous oral dose, and lapatinib as a continuous oral dose. Lapatinib will commence on Day1, Cycle 1 and foretinib will commence on Day 3, Cycle 1.</description>
  </arm_group>
  <intervention>
    <intervention_type>Drug</intervention_type>
    <intervention_name>Foretinib</intervention_name>
    <description>Daily oral dosing at assigned dose beginning day 3 of cycle 1</description>
    <arm_group_label>Foretinib and Lapatinib</arm_group_label>
  </intervention>
  <intervention>
    <intervention_type>Drug</intervention_type>
    <intervention_name>Lapatinib</intervention_name>
    <description>Daily oral dosing at assigned dose beginning day 1 cycle 1.</description>
    <arm_group_label>Foretinib and Lapatinib</arm_group_label>
  </intervention>
  <eligibility>
    <criteria>
      <textblock>
        Inclusion Criteria:&#xD;
&#xD;
          -  Histologically confirmed diagnosis of invasive breast cancer, that is human epidermal&#xD;
             growth factor receptor 2 (HER2) positive assessed by FISH or IHC 3+ staining (in&#xD;
             accordance with ASCO guidelines) on the basis of the local evaluation of HER2 status.&#xD;
&#xD;
          -  Formalin fixed paraffin embedded tissue available for translational studies. Patients&#xD;
             entered on the expanded RP2D cohort must have an accessible tumour lesion for biopsy.&#xD;
&#xD;
          -  Advanced or recurrent/ metastatic disease incurable with standard therapies.&#xD;
&#xD;
          -  During the dose escalation phase patients are not required to have measurable disease,&#xD;
             but if they do, it will be recorded and followed. Patients at the expanded RP2D must&#xD;
             have measurable disease defined by the RECIST 1.1.&#xD;
&#xD;
          -  ECOG performance status 0, 1 or 2.&#xD;
&#xD;
          -  Age ≥ 18 years of age.&#xD;
&#xD;
          -  Any treatment-related major organ toxicities must be recovered to ≤ grade 1.&#xD;
&#xD;
          -  Patients may have had prior chemotherapy for adjuvant and/or for metastatic disease.&#xD;
             There is no limit to the number of previous chemotherapy regimens allowed provided&#xD;
             patients meet other eligibility criteria. A minimum of 21 days since the last dose of&#xD;
             chemotherapy must have elapsed prior to registration.&#xD;
&#xD;
          -  Patients may have had prior hormone therapy. There is no limit to the number of&#xD;
             previous hormone regimens allowed provided patients meet other eligibility criteria. A&#xD;
             minimum of 7 days since the last dose of hormone therapy must have elapsed prior to&#xD;
             registration.&#xD;
&#xD;
          -  Patients may have had prior therapy with trastuzumab or lapatinib. No prior therapy&#xD;
             with a c-Met inhibitor or angiogenesis inhibitor. Other targeted agents permissible&#xD;
             provided a minimum of 21 days has elapsed since last day of targeted therapy and&#xD;
             registration.&#xD;
&#xD;
          -  Patients may have had prior radiation therapy provided the patient has recovered from&#xD;
             acute toxic effects of the radiation therapy prior to registration and at least 21&#xD;
             days have elapsed from the day of the last fraction of radiation to the date of&#xD;
             registration.&#xD;
&#xD;
          -  Previous surgery is permitted provided that wound healing has occurred and at least 14&#xD;
             days have elapsed prior to registration if surgery was major.&#xD;
&#xD;
          -  Granulocytes (AGC) ≥ 1.5 x 109/L; Platelets ≥ 100 x 109/L&#xD;
&#xD;
          -  Serum creatinine ≤ 1.2 x UNL; Total bilirubin ≤ 1.2 x UNL; AST and ALT ≤ 2 x UNL;&#xD;
             Potassium within normal range; Magnesium within normal range&#xD;
&#xD;
          -  Left ventricular ejection fraction ≥ 50% demonstrated by MUGA scan or echocardiogram&#xD;
             within 28 days prior to registration.&#xD;
&#xD;
          -  Women must be post menopausal, surgically sterile or use a reliable form of&#xD;
             contraception while on study and for 90 days after discontinuing therapy. Women of&#xD;
             childbearing potential must have a pregnancy test taken and proven negative within 7&#xD;
             days prior to registration and must not be lactating.&#xD;
&#xD;
          -  Patients who require oral anticoagulants (coumadin, warfarin) are eligible&#xD;
&#xD;
          -  Patient consent must be obtained according to local Institutional and/or University&#xD;
             Human Experimentation Committee requirements.&#xD;
&#xD;
          -  Protocol treatment must begin within 2 working days of patient registration.&#xD;
&#xD;
        Exclusion Criteria:&#xD;
&#xD;
          -  History of other malignancies, except: adequately treated non-melanoma skin cancer,&#xD;
             curatively treated in-situ cancer of the cervix, or other solid tumours curatively&#xD;
             treated with no evidence of disease for ≥ 5 years.&#xD;
&#xD;
          -  Resting BP consistently higher than, systolic &gt; 150 mmHg and/or diastolic &gt; 100 mmHg&#xD;
             (in the presence or absence of a stable dose of anti-hypertensive medication) or&#xD;
             poorly controlled hypertension, history of labile hypertension or poor compliance with&#xD;
             anti-hypertensive medication.&#xD;
&#xD;
          -  Appreciable cavitating or actively bleeding lesions.&#xD;
&#xD;
          -  Untreated brain or meningeal metastases. (Patients with neurologically stable and&#xD;
             treated brain metastases who have discontinued corticosteroids at least two weeks&#xD;
             prior to study registration and have no evidence of cavitation or hemorrhage are&#xD;
             eligible).&#xD;
&#xD;
          -  Serious cardiac illness or condition including, but not limited to:&#xD;
&#xD;
               -  history of documented congestive heart failure (CHF)&#xD;
&#xD;
               -  systolic dysfunction (LVEF &lt; 50% by MUGA or ECHO)&#xD;
&#xD;
               -  high risk uncontrolled arrhythmias (ventricular tachycardia, high-grade AV-block,&#xD;
                  supraventricular arrhythmias which are not adequately rate-controlled)&#xD;
&#xD;
               -  unstable angina pectoris requiring anti-anginal medication&#xD;
&#xD;
               -  clinically significant valvular heart disease&#xD;
&#xD;
               -  evidence of transmural infarction on ECG&#xD;
&#xD;
               -  New York Heart Association (NYHA) Class III or IV functional status (see Appendix&#xD;
                  VIII)&#xD;
&#xD;
               -  Patients with QTc &gt; 450 msec are not eligible&#xD;
&#xD;
          -  GI tract disease resulting in an inability to absorb oral medication&#xD;
&#xD;
          -  Active or uncontrolled infections, or with serious illnesses or medical conditions&#xD;
             which would not permit the patient to be managed according to the protocol are not&#xD;
             eligible.&#xD;
&#xD;
          -  Known hypersensitivity to the study drugs or their components.&#xD;
&#xD;
          -  Potent CYP3A4 inhibitors/inducers (e.g. ketoconazole, carbamazepine) must be&#xD;
             discontinued at least 7 days prior to Day 1, Cycle 1.&#xD;
&#xD;
          -  Patients on treatment with agents with a known risk of Torsades de Pointes (List #1&#xD;
             http://torsades.org) are not eligible.&#xD;
&#xD;
          -  Proliferative diabetic retinopathy, retinal arteritis or hemorrhage.&#xD;
&#xD;
          -  History of pulmonary embolus or a deep vein thrombosis diagnosed and/or treated within&#xD;
             6 months prior to registration.&#xD;
      </textblock>
    </criteria>
    <gender>Female</gender>
    <minimum_age>18 Years</minimum_age>
    <maximum_age>N/A</maximum_age>
    <healthy_volunteers>No</healthy_volunteers>
  </eligibility>
  <overall_official>
    <last_name>Stephen Chia</last_name>
    <role>Study Chair</role>
    <affiliation>British Columbia Cancer Agency</affiliation>
  </overall_official>
  <location>
    <facility>
      <name>BCCA - Cancer Centre for the Southern Interior</name>
      <address>
        <city>Kelowna</city>
        <state>British Columbia</state>
        <zip>V1Y 5L3</zip>
        <country>Canada</country>
      </address>
    </facility>
  </location>
  <location>
    <facility>
      <name>BCCA - Vancouver Cancer Centre</name>
      <address>
        <city>Vancouver</city>
        <state>British Columbia</state>
        <zip>V5Z 4E6</zip>
        <country>Canada</country>
      </address>
    </facility>
  </location>
  <location>
    <facility>
      <name>Cancer Centre of Southeastern Ontario at Kingston</name>
      <address>
        <city>Kingston</city>
        <state>Ontario</state>
        <zip>K7L 5P9</zip>
        <country>Canada</country>
      </address>
    </facility>
  </location>
  <location>
    <facility>
      <name>London Regional Cancer Program</name>
      <address>
        <city>London</city>
        <state>Ontario</state>
        <zip>N6A 4L6</zip>
        <country>Canada</country>
      </address>
    </facility>
  </location>
  <location>
    <facility>
      <name>McGill University - Dept. Oncology</name>
      <address>
        <city>Montreal</city>
        <state>Quebec</state>
        <zip>H2W 1S6</zip>
        <country>Canada</country>
      </address>
    </facility>
  </location>
  <location_countries>
    <country>Canada</country>
  </location_countries>
  <results_reference>
    <citation>Chia SK, Ellard SL, Mates M, Welch S, Mihalcioiu C, Miller WH Jr, Gelmon K, Lohrisch C, Kumar V, Taylor S, Hagerman L, Goodwin R, Wang T, Sakashita S, Tsao MS, Eisenhauer E, Bradbury P. A phase-I study of lapatinib in combination with foretinib, a c-MET, AXL and vascular endothelial growth factor receptor inhibitor, in human epidermal growth factor receptor 2 (HER-2)-positive metastatic breast cancer. Breast Cancer Res. 2017 May 2;19(1):54. doi: 10.1186/s13058-017-0836-3.</citation>
    <PMID>28464908</PMID>
  </results_reference>
  <verification_date>April 2020</verification_date>
  <study_first_submitted>June 4, 2010</study_first_submitted>
  <study_first_submitted_qc>June 4, 2010</study_first_submitted_qc>
  <study_first_posted type="Estimate">June 7, 2010</study_first_posted>
  <last_update_submitted>September 16, 2020</last_update_submitted>
  <last_update_submitted_qc>September 16, 2020</last_update_submitted_qc>
  <last_update_posted type="Actual">September 17, 2020</last_update_posted>
  <responsible_party>
    <responsible_party_type>Sponsor</responsible_party_type>
  </responsible_party>
  <keyword>Breast Cancer</keyword>
  <condition_browse>
    <!-- CAUTION:  The following MeSH terms are assigned with an imperfect algorithm            -->
    <mesh_term>Breast Neoplasms</mesh_term>
  </condition_browse>
  <intervention_browse>
    <!-- CAUTION:  The following MeSH terms are assigned with an imperfect algorithm            -->
    <mesh_term>Lapatinib</mesh_term>
  </intervention_browse>
  <patient_data>
    <sharing_ipd>No</sharing_ipd>
  </patient_data>
  <!-- Results have not yet been posted for this study                                          -->
</clinical_study>

