<?xml version="1.0" encoding="UTF-8"?>
<clinical_study rank="461">
  <!-- This xml conforms to an XML Schema at:
    https://clinicaltrials.gov/ct2/html/images/info/public.xsd -->
  <required_header>
    <download_date>ClinicalTrials.gov processed this data on May 26, 2023</download_date>
    <link_text>Link to the current ClinicalTrials.gov record.</link_text>
    <url>https://clinicaltrials.gov/show/NCT05122585</url>
  </required_header>
  <id_info>
    <org_study_id>METCZ20200211</org_study_id>
    <nct_id>NCT05122585</nct_id>
  </id_info>
  <brief_title>Magnetic Tracer in the Sentinel Node Procedure in Breast Cancer: the Non-radioactive Alternative for Radio-isotopes</brief_title>
  <acronym>MagTrace</acronym>
  <official_title>Magnetic Tracer in the Sentinel Node Procedure in Breast Cancer: the Non-radioactive Alternative for Radio-isotopes</official_title>
  <sponsors>
    <lead_sponsor>
      <agency>Zuyderland Medisch Centrum</agency>
      <agency_class>Other</agency_class>
    </lead_sponsor>
    <collaborator>
      <agency>Sysmex America, Inc.</agency>
      <agency_class>Industry</agency_class>
    </collaborator>
  </sponsors>
  <source>Zuyderland Medisch Centrum</source>
  <oversight_info>
    <has_dmc>Yes</has_dmc>
    <is_fda_regulated_drug>No</is_fda_regulated_drug>
    <is_fda_regulated_device>No</is_fda_regulated_device>
  </oversight_info>
  <brief_summary>
    <textblock>
      Rationale:&#xD;
&#xD;
      In breast cancer, a sentinel node procedure is performed to investigate whether malignant&#xD;
      cells have spread to the axillary lymph nodes. This is an important part of determining the&#xD;
      stage of breast cancer and the final treatment plan.&#xD;
&#xD;
      A disadvantage of the sentinel node procedure is that it is performed using radioactive&#xD;
      tracing with concomitant radiation exposure for the patients and involved health care&#xD;
      personnel. In addition, the use of radioactive tracing puts high demands on the logistics in&#xD;
      the operation theatre: the capacity of patients that can be treated in one day is limited and&#xD;
      the radio-active tracing leads to many time-consuming precautionary measures.&#xD;
&#xD;
      A radiation free alternative would therefore have multiple advantages. Not only with respect&#xD;
      to radiation exposure for the patients and health care workers, but also by reducing the&#xD;
      waiting time for operation for the patients as it will make the planning of patients for&#xD;
      surgery more efficient.&#xD;
&#xD;
      Recently, a radiation free tracer for the sentinel node procedure has become available&#xD;
      (Magtrace). This tracer has been tested in small-case studies and is currently used as&#xD;
      standard care in several hospitals around the world.&#xD;
&#xD;
      Objective:&#xD;
&#xD;
      The primary objective of this study is to evaluate the diagnostic accuracy of Magtrace in the&#xD;
      sentinel node procedure in breast cancer in the Breast Care Centre in Zuyderland Medical&#xD;
      Centre; with the ultimate goal to make the sentinel node procedure a radiation free process.&#xD;
&#xD;
      Study design:&#xD;
&#xD;
      A prospective cohort of forty patients with breast cancer and an indication for a sentinel&#xD;
      node procedure will be injected with both Technetium (radioisotope) and Magtrace (magnetic).&#xD;
      All patients in this study will receive both tracers.&#xD;
&#xD;
      Study population:&#xD;
&#xD;
      Patients of 18 years or older with breast cancer and an indication for a sentinel node&#xD;
      procedure will be included. These patients will be recruited by their breast surgeon in the&#xD;
      outpatient department of the Breast Care Centre in Zuyderland Medical Centre.&#xD;
&#xD;
      Intervention (if applicable):&#xD;
&#xD;
      Sentinel node procedure using a magnetic tracer next to Technetium.&#xD;
&#xD;
      Main study parameters/endpoints:&#xD;
&#xD;
      The concordance in detection of sentinel nodes by Magtrace and the Technetium tracer,&#xD;
      measured by the sensitivity and specificity of Magtrace in detecting sentinel nodes with&#xD;
      Technetium tracer as gold standard.&#xD;
&#xD;
      Nature and extent of the burden and risks associated with participation, benefit and group&#xD;
      relatedness:&#xD;
&#xD;
      The goal of this project is evaluating the diagnostic accuracy of Magtrace in the sentinel&#xD;
      node procedure. To establish that Magtrace is a non-inferior and a non-radioactive&#xD;
      alternative for Technetium with respect to reliability in detecting metastases. The ultimate&#xD;
      goal is to make the sentinel node procedure a radiation free process.&#xD;
    </textblock>
  </brief_summary>
  <overall_status>Completed</overall_status>
  <start_date type="Actual">August 1, 2021</start_date>
  <completion_date type="Actual">February 9, 2022</completion_date>
  <primary_completion_date type="Actual">February 9, 2022</primary_completion_date>
  <phase>N/A</phase>
  <study_type>Interventional</study_type>
  <has_expanded_access>No</has_expanded_access>
  <study_design_info>
    <allocation>N/A</allocation>
    <intervention_model>Single Group Assignment</intervention_model>
    <primary_purpose>Treatment</primary_purpose>
    <masking>None (Open Label)</masking>
  </study_design_info>
  <primary_outcome>
    <measure>The concordance in detection of sentinel nodes by Magtrace and the Technetium tracer.</measure>
    <time_frame>During surgery</time_frame>
    <description>Number of sentinel lymph nodes detected using MagTrace and Technetium and their concordance.</description>
  </primary_outcome>
  <secondary_outcome>
    <measure>Operation time sentinel node procedure</measure>
    <time_frame>During Surgery</time_frame>
    <description>Surgery time.</description>
  </secondary_outcome>
  <number_of_arms>1</number_of_arms>
  <enrollment type="Actual">40</enrollment>
  <condition>Breast Cancer</condition>
  <arm_group>
    <arm_group_label>Prospective MagTrace patients</arm_group_label>
    <arm_group_type>Experimental</arm_group_type>
    <description>All prospective patients will receive a MagSeed in the diagnosed breast cancer tumor. In addition, they will receive MagTrace to detect the sentinel lymph node during surgery. Since this is an experimental study, the patients will also be injected with the golden standard of Technetium tracer.</description>
  </arm_group>
  <intervention>
    <intervention_type>Procedure</intervention_type>
    <intervention_name>MagSeed and MagTrace in breast cancer patiënts</intervention_name>
    <description>Combining MagSeed and Magtracer to perform a wide local excision breast conserving surgery and sentinel node biopsy.</description>
    <arm_group_label>Prospective MagTrace patients</arm_group_label>
  </intervention>
  <eligibility>
    <criteria>
      <textblock>
        Inclusion Criteria:&#xD;
&#xD;
          -  Female patient of 18 years or older.&#xD;
&#xD;
          -  Patient with breast cancer and indication for sentinel node procedure.&#xD;
&#xD;
        Exclusion Criteria:&#xD;
&#xD;
          -  Patients with a previous history of the sentinel node procedure or axillary lymph node&#xD;
             dissection in the unilateral breast.&#xD;
&#xD;
          -  Unable to comprehend implications and extent of study and sign for informed consent.&#xD;
&#xD;
          -  Known allergy or hypersensitivity to iron oxide or dextran.&#xD;
      </textblock>
    </criteria>
    <gender>Female</gender>
    <minimum_age>18 Years</minimum_age>
    <maximum_age>N/A</maximum_age>
    <healthy_volunteers>No</healthy_volunteers>
  </eligibility>
  <location>
    <facility>
      <name>Zuyderland Medical Center</name>
      <address>
        <city>Sittard</city>
        <state>Limburg</state>
        <zip>6162BG</zip>
        <country>Netherlands</country>
      </address>
    </facility>
  </location>
  <location_countries>
    <country>Netherlands</country>
  </location_countries>
  <verification_date>March 2022</verification_date>
  <study_first_submitted>November 4, 2021</study_first_submitted>
  <study_first_submitted_qc>November 4, 2021</study_first_submitted_qc>
  <study_first_posted type="Actual">November 17, 2021</study_first_posted>
  <last_update_submitted>March 31, 2022</last_update_submitted>
  <last_update_submitted_qc>March 31, 2022</last_update_submitted_qc>
  <last_update_posted type="Actual">April 1, 2022</last_update_posted>
  <responsible_party>
    <responsible_party_type>Principal Investigator</responsible_party_type>
    <investigator_affiliation>Zuyderland Medisch Centrum</investigator_affiliation>
    <investigator_full_name>Yvonne Vissers</investigator_full_name>
    <investigator_title>Principal investigator</investigator_title>
  </responsible_party>
  <keyword>MagTracer</keyword>
  <keyword>Sentinel Lymph Node</keyword>
  <keyword>Breast Cancer</keyword>
  <keyword>MagSeed</keyword>
  <keyword>Magnetic Tracer</keyword>
  <condition_browse>
    <!-- CAUTION:  The following MeSH terms are assigned with an imperfect algorithm            -->
    <mesh_term>Breast Neoplasms</mesh_term>
  </condition_browse>
  <patient_data>
    <sharing_ipd>No</sharing_ipd>
  </patient_data>
  <!-- Results have not yet been posted for this study                                          -->
</clinical_study>

