<?xml version="1.0" encoding="UTF-8"?>
<clinical_study rank="6">
  <!-- This xml conforms to an XML Schema at:
    https://clinicaltrials.gov/ct2/html/images/info/public.xsd -->
  <required_header>
    <download_date>ClinicalTrials.gov processed this data on May 26, 2023</download_date>
    <link_text>Link to the current ClinicalTrials.gov record.</link_text>
    <url>https://clinicaltrials.gov/show/NCT05563220</url>
  </required_header>
  <id_info>
    <org_study_id>STML-ELA-0222</org_study_id>
    <nct_id>NCT05563220</nct_id>
  </id_info>
  <brief_title>Open-Label Umbrella Study To Evaluate Safety And Efficacy Of Elacestrant In Various Combination In Patients With Metastatic Breast Cancer</brief_title>
  <acronym>ELEVATE</acronym>
  <official_title>A Phase 1b/2, Open-Label Umbrella Study To Evaluate Safety And Efficacy Of Elacestrant In Various Combination In Patients With Metastatic Breast Cancer</official_title>
  <sponsors>
    <lead_sponsor>
      <agency>Stemline Therapeutics, Inc.</agency>
      <agency_class>Other</agency_class>
    </lead_sponsor>
  </sponsors>
  <source>Stemline Therapeutics, Inc.</source>
  <oversight_info>
    <has_dmc>Yes</has_dmc>
    <is_fda_regulated_drug>Yes</is_fda_regulated_drug>
    <is_fda_regulated_device>No</is_fda_regulated_device>
  </oversight_info>
  <brief_summary>
    <textblock>
      This is a multicenter, Phase 1b/2 trial. The phase 1b part of the trial aims to determine the&#xD;
      RP2D of elacestrant when administered in combination with alpelisib, everolimus, palbociclib,&#xD;
      and ribociclib. The Phase 2 part of the trial will evaluate the efficacy and safety of the&#xD;
      various combinations in patients with ER+/HER2- advanced/metastatic breast cancer.&#xD;
    </textblock>
  </brief_summary>
  <detailed_description>
    <textblock>
      This is a multicenter, Phase 1b/2 trial. The Phase 1b aims at selecting the RP2D dose,&#xD;
      defined as a dose that is associated with less than 33% of patients experiencing a DLT of&#xD;
      elacestrant when administered in combination with alpelisib, everolimus, palbociclib, and&#xD;
      ribociclib, that is, ≤1 patient experiencing a DLT out of 6 DLT evaluable patients. For each&#xD;
      combination, this phase will have between 1 and 3 cohorts of 6 DLT-evaluable patients each.&#xD;
      The total number of DLT-evaluable patients in all the combinations will vary between 24 and&#xD;
      72.&#xD;
&#xD;
      The Phase 2 part of the trial will evaluate the efficacy and safety of the various&#xD;
      combinations in patients with ER+/HER2- advanced/metastatic breast cancer.&#xD;
&#xD;
      The treatment arms will be:&#xD;
&#xD;
        -  Arm A: 50 patients: elacestrant with alpelisib;&#xD;
&#xD;
        -  Arm B: 50 patients: elacestrant with everolimus;&#xD;
&#xD;
        -  Arm C: 60 patients (30 patients in each combination): elacestrant with either&#xD;
           abemaciclib or ribociclib;&#xD;
&#xD;
        -  Arm D: 90 patients (30 patients in each combination): elacestrant with either&#xD;
           palbociclib, abemaciclib, or ribociclib&#xD;
&#xD;
      The total number of patients in Phase 2 for all treatment arm combinations will be 250&#xD;
      patients&#xD;
    </textblock>
  </detailed_description>
  <overall_status>Recruiting</overall_status>
  <start_date type="Actual">January 24, 2023</start_date>
  <completion_date type="Anticipated">August 31, 2026</completion_date>
  <primary_completion_date type="Anticipated">December 31, 2024</primary_completion_date>
  <phase>Phase 1/Phase 2</phase>
  <study_type>Interventional</study_type>
  <has_expanded_access>No</has_expanded_access>
  <study_design_info>
    <allocation>Non-Randomized</allocation>
    <intervention_model>Parallel Assignment</intervention_model>
    <primary_purpose>Treatment</primary_purpose>
    <masking>None (Open Label)</masking>
  </study_design_info>
  <primary_outcome>
    <measure>Determine the recommended Phase 2 dose (RP2D) of elacestrant in combination with each of the other study drugs</measure>
    <time_frame>18 months</time_frame>
    <description>The recommended Phase 2 dose (RP2D) will be determined as the dose that is associated with less than 33% of patients (&lt;/+ 1 patient out of 6) experiencing a dose-limiting toxicities (DLTs) during the first cycle.</description>
  </primary_outcome>
  <secondary_outcome>
    <measure>Characterize the safety of elacestrant in combination with each of the other study drugs</measure>
    <time_frame>24 months</time_frame>
    <description>Number of Participants with Adverse events (AEs), serious adverse events (SAEs), with abnormal laboratory tests values, abnormal vital sign and abnormal electrocardiograms (ECG)</description>
  </secondary_outcome>
  <secondary_outcome>
    <measure>Pharmacokinetic assessment profile of elacestrant and each of the combination drugs.</measure>
    <time_frame>36 months</time_frame>
    <description>Describe the plasma pharmacokinetics (PK) of elacestrant and each of the combination drugs.</description>
  </secondary_outcome>
  <secondary_outcome>
    <measure>Overall Response Rate</measure>
    <time_frame>36 months</time_frame>
    <description>proportion of patients who achieve a best overall response (BOR) of confirmed partial response (PR) or complete response (CR)</description>
  </secondary_outcome>
  <secondary_outcome>
    <measure>Duration of Response</measure>
    <time_frame>36 months</time_frame>
    <description>time from the date of the first documented CR/PR until the first radiological documentation of disease progression or death</description>
  </secondary_outcome>
  <secondary_outcome>
    <measure>Clinical Benefit Rate</measure>
    <time_frame>36 months</time_frame>
    <description>Defined as the proportion of patients who have the best overall response with a complete response, partial response or stable disease.</description>
  </secondary_outcome>
  <secondary_outcome>
    <measure>Progression-free survival</measure>
    <time_frame>36 months</time_frame>
    <description>Time from the date of the first dose to the date of the first radiological documentation of disease progression or death, whichever occurs first</description>
  </secondary_outcome>
  <secondary_outcome>
    <measure>Overall Survival</measure>
    <time_frame>36 months</time_frame>
    <description>Time from the date of the first dose to the date of death from any cause</description>
  </secondary_outcome>
  <number_of_arms>4</number_of_arms>
  <enrollment type="Anticipated">322</enrollment>
  <condition>Breast Cancer</condition>
  <condition>Metastatic Breast Cancer</condition>
  <arm_group>
    <arm_group_label>Phase 1b Arm A: elacestrant with alpelisib</arm_group_label>
    <arm_group_type>Experimental</arm_group_type>
    <description>Elacestrant 258mg or 345mg + Alpelisib 250 mg or 300 mg</description>
  </arm_group>
  <arm_group>
    <arm_group_label>Phase 1b Arm B: elacestrant with everolimus</arm_group_label>
    <arm_group_type>Experimental</arm_group_type>
    <description>Elacestrant 258mg or 345mg + Everolimus 5.0mg, 7.5mg or possibly 10 mg</description>
  </arm_group>
  <arm_group>
    <arm_group_label>Phase 1b Arm C: elacestrant with abemaciclib or ribociclib:</arm_group_label>
    <arm_group_type>Experimental</arm_group_type>
    <description>Elacestrant 86 mg, 172 mg, 258 mg + Ribociclib 400 mg or possibly 600mg&#xD;
The recommended Phase 2 dose for the combination of elacestrant and abemaciclib is evaluated in the ongoing ELECTRA trial (ClinicalTrials.gov Identifier: NCT04791384)</description>
  </arm_group>
  <arm_group>
    <arm_group_label>Phase 1b Arm D: elacestrant with either palbociclib, abemaciclib, or ribociclib (no prior CDK4/6i)</arm_group_label>
    <arm_group_type>Experimental</arm_group_type>
    <description>Elacestrant 258mg or 345mg + Palbociclib 100 mg,125 mg OR The recommended Phase 2 dose for the combination of elacestrant and abemaciclib is evaluated in the ongoing ELECTRA trial (ClinicalTrials.gov Identifier: NCT04791384)&#xD;
Elacestrant 86 mg, 172 mg, 258 + Ribociclib 400 mg or possibly 600mg</description>
  </arm_group>
  <intervention>
    <intervention_type>Drug</intervention_type>
    <intervention_name>Elacestrant</intervention_name>
    <description>Elacestrant 86mg, 172mg, 258mg or 345mg QD in cycles of 28 days</description>
    <arm_group_label>Phase 1b Arm A: elacestrant with alpelisib</arm_group_label>
    <arm_group_label>Phase 1b Arm B: elacestrant with everolimus</arm_group_label>
    <arm_group_label>Phase 1b Arm C: elacestrant with abemaciclib or ribociclib:</arm_group_label>
    <arm_group_label>Phase 1b Arm D: elacestrant with either palbociclib, abemaciclib, or ribociclib (no prior CDK4/6i)</arm_group_label>
  </intervention>
  <intervention>
    <intervention_type>Drug</intervention_type>
    <intervention_name>Alpelisib</intervention_name>
    <description>Alpelisib 250 mg or 300 mg QD in cycles of 28 days</description>
    <arm_group_label>Phase 1b Arm A: elacestrant with alpelisib</arm_group_label>
    <other_name>PIQRAY</other_name>
  </intervention>
  <intervention>
    <intervention_type>Drug</intervention_type>
    <intervention_name>Everolimus</intervention_name>
    <description>Everolimus 5.0mg, 7.5mg, or 10mg QD in cycles of 28 days</description>
    <arm_group_label>Phase 1b Arm B: elacestrant with everolimus</arm_group_label>
    <other_name>Afinitor</other_name>
  </intervention>
  <intervention>
    <intervention_type>Drug</intervention_type>
    <intervention_name>Ribociclib</intervention_name>
    <description>ribociclib 400mg or 600mg once daily for 21 days followed by 7 days off in cycles of 28 days</description>
    <arm_group_label>Phase 1b Arm C: elacestrant with abemaciclib or ribociclib:</arm_group_label>
    <arm_group_label>Phase 1b Arm D: elacestrant with either palbociclib, abemaciclib, or ribociclib (no prior CDK4/6i)</arm_group_label>
    <other_name>KISQALI</other_name>
  </intervention>
  <intervention>
    <intervention_type>Drug</intervention_type>
    <intervention_name>Palbociclib</intervention_name>
    <description>palbociclib 100 mg or 125mg once a day for 21 days followed by 7 days off in cycles of 28 days</description>
    <arm_group_label>Phase 1b Arm D: elacestrant with either palbociclib, abemaciclib, or ribociclib (no prior CDK4/6i)</arm_group_label>
    <other_name>IBRANCE</other_name>
  </intervention>
  <eligibility>
    <criteria>
      <textblock>
        Inclusion Criteria:&#xD;
&#xD;
          1. Patient has signed the informed consent before all study specific activities are&#xD;
             conducted.&#xD;
&#xD;
          2. Women or men aged ≥18 years (or the minimum age of consent in accordance with the&#xD;
             local law), at the time of informed consent signature. Female patients may be either&#xD;
             postmenopausal, premenopausal, or perimenopausal.&#xD;
&#xD;
             -Postmenopausal status is defined by:&#xD;
&#xD;
               1. Age ≥60 years&#xD;
&#xD;
               2. Age &lt;60 years and amenorrhea for 12 or more months (in the absence of&#xD;
                  chemotherapy, tamoxifen, toremifene, or ovarian suppression) or a&#xD;
                  follicle-stimulating hormone (FSH) value &gt;40 mIU/mL and an estradiol value&lt;40&#xD;
                  pg/mL (140 pmol/L) or in postmenopausal ranges per local reference ranges&#xD;
&#xD;
               3. Documentation of prior surgical sterilization (i.e., bilateral tubal ligation,&#xD;
                  total hysterectomy, or bilateral oophorectomy, at least 1 month before first dose&#xD;
                  of trial therapy).&#xD;
&#xD;
                    -  Premenopausal and perimenopausal women and men must be concurrently&#xD;
                       receiving a luteinizing hormone-releasing hormone (LHRH) agonist initiated&#xD;
                       at least 4 weeks before the start of trial therapy and are planning to&#xD;
                       continue LHRH agonist treatment during the study.&#xD;
&#xD;
                    -  For perimenopausal women to be considered of non-childbearing potential, FSH&#xD;
                       levels must be &gt;40 mIU/ml.&#xD;
&#xD;
          3. Histopathologically or cytologically confirmed ER+, HER2-, breast cancer, per local&#xD;
             laboratory, as per the American Society of Clinical Oncology (ASCO)/College of&#xD;
             American Pathologists(CAP) guidelines (Allison et al, 2020, Wolff et al, 2018).Note:&#xD;
             In the context of this trial, ER status will be considered positive if ≥10% of tumor&#xD;
             cells demonstrate positive nuclear staining by immunohistochemistry.&#xD;
&#xD;
          4. At least one measurable lesion as per RECIST version 1.1 or a mainly lytic bone&#xD;
             lesion. Note: Patients with stable brain or subdural metastases are allowed if the&#xD;
             patient has completed local therapy and was on a stable or decreasing dose of&#xD;
             corticosteroids at baseline for management of brain metastasis for at least 4 weeks&#xD;
             before starting treatment in this study. The dose must be ≤2.0 mg/day of dexamethasone&#xD;
             or equivalent. Any signs (e.g., radiologic) or symptoms of brain metastases must be&#xD;
             stable for at least 4 weeks before starting study treatment.&#xD;
&#xD;
          5. ECOG performance status of 0 or 1.&#xD;
&#xD;
          6. Patient has adequate bone marrow and organ function, as defined by the following&#xD;
             laboratory values:&#xD;
&#xD;
               1. Absolute neutrophil count (ANC) ≥1.5 × 109/L&#xD;
&#xD;
               2. Platelets ≥100 × 109/L&#xD;
&#xD;
               3. Hemoglobin ≥9.0 g/dL&#xD;
&#xD;
               4. Potassium, sodium, calcium (corrected for serum albumin) and magnesium CTCAE&#xD;
                  grade ≤1&#xD;
&#xD;
               5. Cockcroft-Gault based creatinine clearance ≥50 mL/min.&#xD;
&#xD;
                  Note:&#xD;
&#xD;
                  • Creatinine clearance (male) = ([140-age in years] × weight in kg)/ ([serum&#xD;
                  creatinine in mg/dL] × 72)&#xD;
&#xD;
                  • Creatinine clearance (female) = (0.85 × [140-age in years] × weight in kg)/&#xD;
                  ([serum creatinine in mg/dL] × 72)&#xD;
&#xD;
               6. Serum albumin ≥3.0 g/dL (≥30 g/L)&#xD;
&#xD;
               7. In absence of liver metastases, alanine aminotransferase (ALT) and aspartate&#xD;
                  aminotransferase (AST) ≤ 3.0 × ULN. If the patient has liver metastases, ALT and&#xD;
                  AST ≤ 5 × ULN&#xD;
&#xD;
               8. Total serum bilirubin &lt;1.5 × ULN except for patients with Gilbert's syndrome who&#xD;
                  may be included if the total serum bilirubin is ≤3.0 × ULN or direct bilirubin ≤&#xD;
                  1.5 × ULN.&#xD;
&#xD;
        Exclusion Criteria:&#xD;
&#xD;
          1. Active or newly diagnosed CNS metastases, including meningeal carcinomatosis.&#xD;
&#xD;
          2. Patients with advanced, symptomatic visceral spread, that are at risk of&#xD;
             life-threatening complications in the short term, including massive uncontrolled&#xD;
             effusions (peritoneal, pleural, pericardial), pulmonary lymphangitis, or liver&#xD;
             involvement &gt;50%.&#xD;
&#xD;
          3. Prior chemotherapy or elacestrant in the advanced/metastatic setting.&#xD;
&#xD;
          4. Patient has a concurrent malignancy or history of invasive malignancy within 3 years&#xD;
             of enrollment, with the exception of basal or squamous cell skin cancer, superficial&#xD;
             bladder cancer, or carcinoma in situ of the cervix that has completed curative&#xD;
             therapy.&#xD;
&#xD;
          5. Uncontrolled significant active infections. • Patients with hepatitis B virus (HBV)&#xD;
             and/or hepatitis C virus (HCV) infection must have undetectable viral load during&#xD;
             screening.&#xD;
&#xD;
             • Patients known to be HIV+ are allowed as long as they have undetectable viral load&#xD;
             at baseline.&#xD;
&#xD;
          6. Documented pneumonitis/ILD prior to Cycle 1 Day 1.&#xD;
&#xD;
          7. Major surgery within 28 days before starting trial therapy.&#xD;
&#xD;
          8. Inability to take oral medications, refractory or chronic nausea, gastrointestinal&#xD;
             conditions (including significant gastric or bowel resection), history of&#xD;
             malabsorption syndrome, or any other uncontrolled gastrointestinal condition that&#xD;
             impact the absorption of the study drug.&#xD;
&#xD;
          9. Known intolerance to elacestrant or any of its excipients (see Table 18).&#xD;
&#xD;
         10. Females of childbearing potential who:&#xD;
&#xD;
               -  Within 28 days before starting trial therapy, did not use a highly effective&#xD;
                  method of contraception.&#xD;
&#xD;
               -  Do not agree to use a highly effective method of contraception throughout the&#xD;
                  entire study period and for 28 days after trial therapy discontinuation&#xD;
&#xD;
         11. Men who do not agree to abstain from donating sperm, or to use a highly effective&#xD;
             method of contraception, during the course of the treatment period and for 120 days&#xD;
             thereafter.&#xD;
&#xD;
         12. Patient is currently receiving or received any of the following medications prior to&#xD;
             first dose of trial therapy:&#xD;
&#xD;
             • Investigational anti-cancer therapy within 14 days (28 days for anticancer antibody&#xD;
             based treatment) or 5 half-lives, whichever is shorter,&#xD;
&#xD;
               -  Known strong or moderate inducers or inhibitors of cytochrome P450 (CYP) 3A4&#xD;
                  within 14 days or 5 half-lives, whichever is shorter, (Refer to&#xD;
                  http://medicine.iupui.edu/clinpharm/ddis/),&#xD;
&#xD;
               -  Herbal preparations/medications within 7 days. These include, but are not limited&#xD;
                  to, St. John's wort, kava, ephedra (ma huang), gingko biloba,&#xD;
                  dehydroepiandrosterone (DHEA), yohimbe, saw palmetto, and ginseng,&#xD;
&#xD;
               -  Vaccination, including but not limited to vaccination against COVID-19, during&#xD;
                  the 7 days prior to randomization.&#xD;
&#xD;
         13. Evidence of ongoing alcohol or drug abuse as assessed by the investigator.&#xD;
&#xD;
        Additional Eligibility for the Alpelisib Combination (Phase 1b and Arm A)&#xD;
&#xD;
        Inclusion:&#xD;
&#xD;
          1. PIK3CA mutation by local laboratory assessment.&#xD;
&#xD;
          2. One or two prior hormonal therapies in the metastatic setting, one of which was in&#xD;
             combination with a CDK4/6 inhibitor.&#xD;
&#xD;
        Exclusion:&#xD;
&#xD;
          1. Prior therapy with alpelisib or any other PI3K inhibitor.&#xD;
&#xD;
          2. Type 1 diabetes or uncontrolled type 2 diabetes (fasting plasma glucose level of &gt;140&#xD;
             mg/dL [7.7 mmol/L], or glycosylated hemoglobin [HbA1c] level of &gt;6.4%).&#xD;
&#xD;
          3. Known intolerance to alpelisib or any of its excipients.&#xD;
&#xD;
          4. Patient is currently receiving or received drugs known to be a BCRP inhibitor within&#xD;
             14 days or 5 half-lives, whichever is shorter, prior to first dose of trial therapy&#xD;
&#xD;
          5. Patient has ongoing osteonecrosis of the jaw from previous or concurrent treatment&#xD;
             with bisphosphonates or denosumab&#xD;
&#xD;
        Additional Eligibility for the Everolimus Combination (Phase 1b and Arm B)&#xD;
&#xD;
        Inclusion:&#xD;
&#xD;
        1. One or two prior hormonal therapies in the metastatic setting, one of which was in&#xD;
        combination with a CDK4/6 inhibitor.&#xD;
&#xD;
        Exclusion:&#xD;
&#xD;
          1. Prior therapy with everolimus.&#xD;
&#xD;
          2. Known intolerance to everolimus or any of its excipients.&#xD;
&#xD;
        Additional Eligibility for the Abemaciclib Combination (Arm C)&#xD;
&#xD;
        Inclusion:&#xD;
&#xD;
        1. One or two prior hormonal therapies in the metastatic setting, one of which was in&#xD;
        combination with a CDK4/6 inhibitor.&#xD;
&#xD;
        Exclusion:&#xD;
&#xD;
          1. Prior therapy with abemaciclib in the metastatic setting.&#xD;
&#xD;
          2. Known intolerance to abemaciclib or any of its excipients.&#xD;
&#xD;
        Additional Eligibility for the Ribociclib Combination (Phase 1b and Arm C)&#xD;
&#xD;
        Inclusion:&#xD;
&#xD;
        1. One or two prior hormonal therapies in the metastatic setting, one of which was in&#xD;
        combination with a CDK4/6 inhibitor.&#xD;
&#xD;
        Exclusion:&#xD;
&#xD;
          1. Prior therapy with ribociclib in the metastatic setting.&#xD;
&#xD;
          2. Known intolerance to ribociclib or any of its excipients.&#xD;
&#xD;
          3. Patient is currently receiving or received drugs known to prolong QT interval within&#xD;
             14 days or 5 half-lives, whichever is shorter, before the first dose of trial therapy.&#xD;
&#xD;
        Additional Eligibility for the Palbociclib Combination (Phase 1b)&#xD;
&#xD;
        Inclusion:&#xD;
&#xD;
        1. None.&#xD;
&#xD;
        Exclusion:&#xD;
&#xD;
          1. Prior therapy with palbociclib in the metastatic setting.&#xD;
&#xD;
          2. Known intolerance to palbociclib or any of its excipients&#xD;
&#xD;
        Additional Eligibility for the Palbociclib Combination (Arm D)&#xD;
&#xD;
        Inclusion:&#xD;
&#xD;
        1. One or two prior hormonal therapies in the metastatic setting.&#xD;
&#xD;
        Exclusion:&#xD;
&#xD;
          1. Prior therapy with a CDK4/6i in the metastatic setting.&#xD;
&#xD;
          2. Known intolerance to palbociclib or any of its excipients.&#xD;
&#xD;
        Additional Eligibility for the Abemaciclib Combination (Arm D)&#xD;
&#xD;
        Inclusion:&#xD;
&#xD;
        1. One or two prior hormonal therapies in the metastatic setting.&#xD;
&#xD;
        Exclusion:&#xD;
&#xD;
          1. Prior therapy with a CDK4/6i in the metastatic setting.&#xD;
&#xD;
          2. Known intolerance to abemaciclib or any of its excipients.&#xD;
&#xD;
        Additional Eligibility for Ribociclib Combination (Arm D)&#xD;
&#xD;
        Inclusion:&#xD;
&#xD;
        1. One or two prior hormonal therapies in the metastatic setting.&#xD;
&#xD;
        Exclusion:&#xD;
&#xD;
          1. Prior therapy with a CDK4/6i in the metastatic setting.&#xD;
&#xD;
          2. Known intolerance to ribociclib or any of its excipients.&#xD;
&#xD;
          3. Patient is currently receiving or received drugs known to prolong QT interval within&#xD;
             14 days or 5 half-lives, whichever is shorter, before the first dose of trial therapy.&#xD;
      </textblock>
    </criteria>
    <gender>All</gender>
    <minimum_age>18 Years</minimum_age>
    <maximum_age>N/A</maximum_age>
    <healthy_volunteers>No</healthy_volunteers>
  </eligibility>
  <overall_contact>
    <last_name>Stemline Trials</last_name>
    <phone>718-509-3742</phone>
    <email>trials@stemline.com</email>
  </overall_contact>
  <overall_contact_backup>
    <last_name>Mary Ann Samparani</last_name>
    <phone>646-731-2146</phone>
    <email>msamparani@stemline.com</email>
  </overall_contact_backup>
  <location>
    <facility>
      <name>Dothan Hematology and Oncology</name>
      <address>
        <city>Dothan</city>
        <state>Alabama</state>
        <zip>36303</zip>
        <country>United States</country>
      </address>
    </facility>
    <status>Recruiting</status>
    <investigator>
      <last_name>Jawaunna Blackmon</last_name>
      <role>Principal Investigator</role>
    </investigator>
  </location>
  <location>
    <facility>
      <name>TOI Clinical Research</name>
      <address>
        <city>Whittier</city>
        <state>California</state>
        <zip>90603</zip>
        <country>United States</country>
      </address>
    </facility>
    <status>Recruiting</status>
    <investigator>
      <last_name>Paul La Porte</last_name>
      <role>Principal Investigator</role>
    </investigator>
  </location>
  <location>
    <facility>
      <name>Ocala Oncology</name>
      <address>
        <city>Ocala</city>
        <state>Florida</state>
        <zip>34474</zip>
        <country>United States</country>
      </address>
    </facility>
    <status>Recruiting</status>
    <investigator>
      <last_name>Anju Vasudevan</last_name>
      <role>Principal Investigator</role>
    </investigator>
  </location>
  <location>
    <facility>
      <name>MD Alliance for Multispecialty Research, LLC</name>
      <address>
        <city>Merriam</city>
        <state>Kansas</state>
        <zip>66204</zip>
        <country>United States</country>
      </address>
    </facility>
    <status>Recruiting</status>
    <investigator>
      <last_name>Jaswinder Singh, MD</last_name>
      <role>Principal Investigator</role>
    </investigator>
  </location>
  <location>
    <facility>
      <name>Sarah Cannon Research Institute / Tennessee Oncology</name>
      <address>
        <city>Nashville</city>
        <state>Tennessee</state>
        <zip>37203</zip>
        <country>United States</country>
      </address>
    </facility>
    <status>Recruiting</status>
    <investigator>
      <last_name>Erika Hamilton</last_name>
      <role>Principal Investigator</role>
    </investigator>
  </location>
  <location_countries>
    <country>United States</country>
  </location_countries>
  <verification_date>May 2023</verification_date>
  <study_first_submitted>September 22, 2022</study_first_submitted>
  <study_first_submitted_qc>September 28, 2022</study_first_submitted_qc>
  <study_first_posted type="Actual">October 3, 2022</study_first_posted>
  <last_update_submitted>May 24, 2023</last_update_submitted>
  <last_update_submitted_qc>May 24, 2023</last_update_submitted_qc>
  <last_update_posted type="Estimate">May 26, 2023</last_update_posted>
  <responsible_party>
    <responsible_party_type>Sponsor</responsible_party_type>
  </responsible_party>
  <keyword>breast cancer</keyword>
  <condition_browse>
    <!-- CAUTION:  The following MeSH terms are assigned with an imperfect algorithm            -->
    <mesh_term>Breast Neoplasms</mesh_term>
  </condition_browse>
  <intervention_browse>
    <!-- CAUTION:  The following MeSH terms are assigned with an imperfect algorithm            -->
    <mesh_term>Everolimus</mesh_term>
    <mesh_term>Palbociclib</mesh_term>
  </intervention_browse>
  <!-- Results have not yet been posted for this study                                          -->
</clinical_study>

