{"protocolSection":{"identificationModule":{"nctId":"NCT05103293","orgStudyIdInfo":{"id":"PTC-breastNAT"},"organization":{"fullName":"Zhejiang Cancer Hospital","class":"OTHER"},"briefTitle":"PTC Guiding Neoadjuvant Treatment in Breast Cancer","officialTitle":"Neoadjuvant Therapy for Breast Cancer Based on Patient-derived Tumor-like Cell Clusters Advanced Drug Sensitization Regimens: a Phase II Randomized Controlled Clinical Study"},"statusModule":{"statusVerifiedDate":"2021-10","overallStatus":"NOT_YET_RECRUITING","expandedAccessInfo":{"hasExpandedAccess":false},"startDateStruct":{"date":"2021-11-01","type":"ESTIMATED"},"primaryCompletionDateStruct":{"date":"2022-01-01","type":"ESTIMATED"},"completionDateStruct":{"date":"2023-12-31","type":"ESTIMATED"},"studyFirstSubmitDate":"2021-10-06","studyFirstSubmitQcDate":"2021-10-29","studyFirstPostDateStruct":{"date":"2021-11-02","type":"ACTUAL"},"lastUpdateSubmitDate":"2021-10-29","lastUpdatePostDateStruct":{"date":"2021-11-02","type":"ACTUAL"}},"sponsorCollaboratorsModule":{"responsibleParty":{"type":"PRINCIPAL_INVESTIGATOR","investigatorFullName":"YU Xingfei","investigatorTitle":"Doctor","investigatorAffiliation":"Zhejiang Cancer Hospital"},"leadSponsor":{"name":"Zhejiang Cancer Hospital","class":"OTHER"}},"oversightModule":{"oversightHasDmc":false,"isFdaRegulatedDrug":false,"isFdaRegulatedDevice":false},"descriptionModule":{"briefSummary":"Patients with breast cancer meet criteria for enrollment are randomized into PTC group or control group. The neoadjuvant therapy regimens are guided by PTC test in the PTC group. The regimens in control group are included of (dd)EC-T for HER2 negative subtype, TCH(P) or EC-TH(P) for HER2 positive subtype. We compared the pCR rate between two groups as the primary endpoint.","detailedDescription":"1. Before neoadjuvant therapy, all samples will be obtained by core needle biopsy for PTC drug sensitivity test.\n2. After obtaining drug sensitivity results and confirming ER/PR and HER2 expression state, all recruited patients will be randomized into the PTC group or the routine treatment group, according to the method of random number table.\n3. Beijing Cornerstone Life Science and Technology Co., Ltd. is responsible for gene sequencing and PTC drug sensitivity test for biological samples. All samples for the study are clinical residuals and will be used in the study, store or destruction is unapplicable.\n4. Neoadjuvant therapy regimen in the PTC group is guided by PTC drug sensitivity results, and regimen in the routine treatment group is based on clinical guideline, such as (dd)EC-T for HER2 negative breast cancer, and TCH(P) or EC-TH(P) for HER2 positive breast cancer. All neoadjuvant therapy will be completed before operation if without PD.\n5. According to postoperative pathological remission, pCR patients in two groups continued to complete adjuvant targeted therapy based on original treatment. For non-pCR patients in the PTC group, PTC drug sensitivity test will be done again to guide adjuvant therapy, for non-pCR patients in the routine treatment group, Capecitabine for HER2 negative breast cancer, and T-DM1 or H(P) will be selected.\n6. All patients will be received radiotherapy or endocrine therapy if necessary."},"conditionsModule":{"conditions":["Pathological Conditions, Signs and Symptoms"],"keywords":["patient-derived tumor-like cell clusters","breast cancer","neoadjuvant therapy","pathologic complete response"]},"designModule":{"studyType":"INTERVENTIONAL","phases":["PHASE2"],"designInfo":{"allocation":"RANDOMIZED","interventionModel":"PARALLEL","primaryPurpose":"TREATMENT","maskingInfo":{"masking":"NONE"}},"enrollmentInfo":{"count":40,"type":"ESTIMATED"}},"armsInterventionsModule":{"armGroups":[{"label":"PTC group","type":"EXPERIMENTAL","description":"Patients randomized into this group receiving PTC test and choose regimens according to this test results","interventionNames":["Diagnostic Test: patient-derived tumor-like cell clusters drug sensitivity test"]},{"label":"Control group","type":"NO_INTERVENTION","description":"Patients randomized into this group receiving routine regimens according to subtypes"}],"interventions":[{"type":"DIAGNOSTIC_TEST","name":"patient-derived tumor-like cell clusters drug sensitivity test","interventionMappedName":[],"description":"Intervention Description：Neoadjuvant therapy regimen of patients in the PTC group is guided by PTC drug sensitivity results. After operation, adjuvant targeted therapy for pCR patients is based on original treatment, adjuvant targeted therapy for non-pCR patients is based on a secondary PTC drug sensitivity results.","armGroupLabels":["PTC group"],"otherNames":["PTC"]}]},"outcomesModule":{"primaryOutcomes":[{"measure":"pCR rate","description":"pathological complete response","timeFrame":"one month after operation"},{"measure":"objective response rate","description":"cCR or PR or SD according to RECIST1.1","timeFrame":"half year after randomize"}],"secondaryOutcomes":[{"measure":"2y-Disease free survival rate","description":"survive with neither invasive recurrence nor new invasive diseases","timeFrame":"2year"},{"measure":"5y-Disease free survival rate","description":"survive with neither invasive recurrence nor new invasive diseases","timeFrame":"5year"}]},"eligibilityModule":{"eligibilityCriteria":"Inclusion Criteria:\n\n1. Female between 18 to 70 years old.\n2. Patients diagnosed as invasive breast cancer by pathology.\n3. Clinical stage considered as T1-4N0-3M0.\n4. HER2 overexpression by IHC or FISH positive.\n5. Patients plan to accept neoadjuvant therapy, or plane to accept adjuvant therapy after neoadjuvant therapy and surgery.\n\nExclusion Criteria:\n\n1. Patients have already accepted any other anti-tumor treatment not included in our project.\n2. Patients with metastasis or not considered surgery therapy.\n3. Patients cannot accept chemotherapy or molecular targeted therapy, because of severe cardiovascular diseases or other reasons","healthyVolunteers":false,"sex":"FEMALE","minimumAge":"18 Years","maximumAge":"70 Years","stdAges":["ADULT","OLDER_ADULT"]}},"derivedSection":{"miscInfoModule":{"versionHolder":"2023-07-03","modelPredictions":{"bmiLimits":{"minBmi":0.00,"maxBmi":101.00}}},"conditionBrowseModule":{"meshes":[{"id":"D000001943","term":"Breast Neoplasms"}],"ancestors":[{"id":"D000009371","term":"Neoplasms by Site"},{"id":"D000009369","term":"Neoplasms"},{"id":"D000001941","term":"Breast Diseases"},{"id":"D000012871","term":"Skin Diseases"}],"browseLeaves":[{"id":"M4910","name":"Breast Neoplasms","asFound":"Breast Cancer","relevance":"HIGH"},{"id":"M4908","name":"Breast Diseases","relevance":"LOW"},{"id":"M15364","name":"Skin Diseases","relevance":"LOW"}],"browseBranches":[{"abbrev":"BC04","name":"Neoplasms"},{"abbrev":"BC17","name":"Skin and Connective Tissue Diseases"},{"abbrev":"All","name":"All Conditions"}]},"interventionBrowseModule":{}},"hasResults":false}