<?xml version="1.0" encoding="UTF-8"?>
<clinical_study rank="89">
  <!-- This xml conforms to an XML Schema at:
    https://clinicaltrials.gov/ct2/html/images/info/public.xsd -->
  <required_header>
    <download_date>ClinicalTrials.gov processed this data on May 26, 2023</download_date>
    <link_text>Link to the current ClinicalTrials.gov record.</link_text>
    <url>https://clinicaltrials.gov/show/NCT03180086</url>
  </required_header>
  <id_info>
    <org_study_id>2017P000129</org_study_id>
    <nct_id>NCT03180086</nct_id>
  </id_info>
  <brief_title>Breast Cancer Risk Assessment in Women Aged 40-49</brief_title>
  <official_title>Breast Cancer Risk Assessment in Women Aged 40-49</official_title>
  <sponsors>
    <lead_sponsor>
      <agency>Beth Israel Deaconess Medical Center</agency>
      <agency_class>Other</agency_class>
    </lead_sponsor>
  </sponsors>
  <source>Beth Israel Deaconess Medical Center</source>
  <oversight_info>
    <has_dmc>No</has_dmc>
    <is_fda_regulated_drug>No</is_fda_regulated_drug>
    <is_fda_regulated_device>No</is_fda_regulated_device>
  </oversight_info>
  <brief_summary>
    <textblock>
      In a randomized controlled trial, the investigators will test the effect of a novel strategy&#xD;
      for breast cancer risk assessment and risk-based management of women in their 40s seen in&#xD;
      primary care. The investigators anticipate that this approach will lead to more optimal use&#xD;
      of mammography screening and breast cancer prevention interventions in women in their 40s and&#xD;
      as a result will improve care of these women.&#xD;
    </textblock>
  </brief_summary>
  <detailed_description>
    <textblock>
      There is currently no standardized practice for addressing breast cancer risk in primary&#xD;
      care. While there are guidelines encouraging PCPs to assess patients' breast cancer risk, few&#xD;
      PCPs assess patients' risk due to time constraints in primary care, lack of familiarity with&#xD;
      risk calculators, and knowledge on how to incorporate risk into the care of women. Around 20%&#xD;
      of PCPs have reported using a risk calculator but few routinely asses patients' risk. In&#xD;
      HealthCare Associates (HCA), Beth Israel Deaconess Medical Center's primary-care based&#xD;
      practice, the online medical record (OMR) has recently been edited to allow for PCPs to enter&#xD;
      patients' breast cancer risk. However, it is not known whether PCPs are using this tab. To&#xD;
      calculate patient's breast cancer risk, PCPs must go to web-based calculators, ask patients&#xD;
      their risk factors, enter the information and then add the estimated risk to OMR. Previous&#xD;
      studies suggest that leaving risk assessment to PCPs results in few women having their risk&#xD;
      assessed. Instead, PCPs tend to simply use family history when deciding whether or not&#xD;
      patients are at high risk. However, family history is only one risk factor for breast cancer.&#xD;
      Therefore, the investigators will send women ages 40-49 participating in this study a&#xD;
      questionnaire to complete before a visit to assess their risk factors for breast cancer.&#xD;
      Using this information, the investigators will calculate patients' breast cancer risk using&#xD;
      the available breast cancer risk assessment models and will present women with a personalized&#xD;
      breast cancer risk report immediately before a visit with their PCP. After the visit,&#xD;
      patients will be asked to complete a follow-up questionnaire about their experience and&#xD;
      through their medical records will be followed to learn whether or not they are screened with&#xD;
      mammography. The investigators will follow high-risk women to learn whether or not they&#xD;
      receive a screening breast MRI, BRCA gene testing, and/or the option to take breast cancer&#xD;
      prevention medications. The investigators aim to recruit 445 women 40-49 years seen at HCA&#xD;
      into a single arm trial to learn the effect of our personalized risk based approach to breast&#xD;
      cancer screening and prevention on women in their 40's intentions to be screened and&#xD;
      knowledge of the pros and cons of screening.&#xD;
&#xD;
      Specific Aims: To determine the effect of a personalized risk based approach for breast&#xD;
      cancer screening and prevention for women in their 40s seen in primary care on:&#xD;
&#xD;
        1. women's intentions to be screened with mammography (primary outcome),&#xD;
&#xD;
        2. knowledge of the pros and cons of mammography screening, and&#xD;
&#xD;
        3. decisional conflict around screening; and on&#xD;
&#xD;
        4. patient report of PCP discussion of their breast cancer risk and of the pros and cons of&#xD;
           mammography screening.&#xD;
    </textblock>
  </detailed_description>
  <overall_status>Active, not recruiting</overall_status>
  <start_date type="Actual">July 1, 2017</start_date>
  <completion_date type="Anticipated">July 1, 2023</completion_date>
  <primary_completion_date type="Actual">November 25, 2019</primary_completion_date>
  <phase>N/A</phase>
  <study_type>Interventional</study_type>
  <has_expanded_access>No</has_expanded_access>
  <study_design_info>
    <allocation>N/A</allocation>
    <intervention_model>Single Group Assignment</intervention_model>
    <primary_purpose>Health Services Research</primary_purpose>
    <masking>None (Open Label)</masking>
  </study_design_info>
  <primary_outcome>
    <measure>Screening intentions</measure>
    <time_frame>1 week</time_frame>
    <description>Change in women's intentions to be screened with mammography after the intervention by 5-year breast cancer risk using a multivariable linear regression to examine the association between 5-year breast cancer risk and intentions to be screened after the intervention (as a continuous variable from 1 [not intending to be screened] to 15 [strongly intending to be screened]) adjusting for intentions to be screened at baseline as well as age, educational attainment, and race/ethnicity.</description>
  </primary_outcome>
  <secondary_outcome>
    <measure>Screening intentions within risk groups</measure>
    <time_frame>1 week</time_frame>
    <description>The investigators will us the paired t-test (or Wilcoxon Signed Rank Test if data are not normal) to examine the differences in intentions to be screened with mammography after the intervention within each risk group.</description>
  </secondary_outcome>
  <secondary_outcome>
    <measure>Knowledge of the pros and cons of mammography screening</measure>
    <time_frame>1 week</time_frame>
    <description>The investigators will use the paired t-test (or Wilcoxon Signed Rank Test when data are not normal) to examine the effect of the intervention on participants' knowledge of the benefits and risks of mammography screening (mean score on knowledge test)</description>
  </secondary_outcome>
  <secondary_outcome>
    <measure>Decisional conflict scale</measure>
    <time_frame>1 week</time_frame>
    <description>The DCS is a validated 16 item scale to measure uncertainty around a decision, whether one feels informed, clear about their personal values, and supported in their decision-making (Cronbach's alpha=0.78 to 0.92); scores range 0-100 and lower scores indicate less conflict.</description>
  </secondary_outcome>
  <secondary_outcome>
    <measure>Difference in PCP discussion of breast cancer risk</measure>
    <time_frame>1 week</time_frame>
    <description>The investigators will use McNemar's test to examine patient reports of PCP discussions of breast cancer risk [yes/no] before and after the intervention.</description>
  </secondary_outcome>
  <secondary_outcome>
    <measure>Difference in PCP discussion of pros/cons of mammography screening</measure>
    <time_frame>1 week</time_frame>
    <description>The investigators will use McNemar's test to examine patient report of PCP discussion of the pros and cons of mammography screening [yes/no] before and after the intervention.</description>
  </secondary_outcome>
  <secondary_outcome>
    <measure>PCP discussion of breast cancer prevention medications</measure>
    <time_frame>1 week</time_frame>
    <description>The investigators will use descriptive statistics to examine the proportion of women with &gt;1.7% 5-year breast cancer risk that report discussing breast cancer prevention medications with their PCP.</description>
  </secondary_outcome>
  <secondary_outcome>
    <measure>PCP documentation of discussions of breast cancer medications</measure>
    <time_frame>1 week</time_frame>
    <description>The investigators will use descriptive statistics to examine the proportion of women with &gt;1.7% 5-year breast cancer whose PCPs document discussions about breast cancer prevention medications on the day of the visit.</description>
  </secondary_outcome>
  <secondary_outcome>
    <measure>Prescription of breast cancer prevention medications</measure>
    <time_frame>6 months</time_frame>
    <description>The investigators will use descriptive statistics to report proportion of women with &gt;1.7% 5-year breast cancer risk who were prescribed breast cancer prevention medications through review of medication lists</description>
  </secondary_outcome>
  <secondary_outcome>
    <measure>Time until breast screening MRI</measure>
    <time_frame>6 months</time_frame>
    <description>The investigators will use the log-rank test to examine time until breast screening MRI among women with &gt;20% lifetime breast cancer risk by lifetime breast cancer risk score as a continuous variable.</description>
  </secondary_outcome>
  <secondary_outcome>
    <measure>Referral to genetic counseling</measure>
    <time_frame>6 months</time_frame>
    <description>The investigators will examine the proportion of women who meet NCCN criteria for genetic counseling for a BRCA mutation that are referred for genetic counseling</description>
  </secondary_outcome>
  <secondary_outcome>
    <measure>Attended genetic counseling</measure>
    <time_frame>6 months</time_frame>
    <description>The investigators will examine the proportion of women who meet NCCN criteria for genetic counseling for a BRCA mutation that meet with a genetic counselor</description>
  </secondary_outcome>
  <secondary_outcome>
    <measure>Time until next mammogram after intervention</measure>
    <time_frame>21 months</time_frame>
    <description>The investigators will examine the time until next mammogram after our intervention stratified by women's 5-year risk of breast cancer (based on the Breast Cancer Risk Assessment Tool [BCRAT]/Tice model [whichever is higher]) using the log-rank test.</description>
  </secondary_outcome>
  <secondary_outcome>
    <measure>Date of mammogram(s) after intervention</measure>
    <time_frame>21 months</time_frame>
    <description>The investigators will document the date of mammogram performed on any women in the study during the study's follow-up time period.</description>
  </secondary_outcome>
  <secondary_outcome>
    <measure>Type of mammogram(s) after intervention</measure>
    <time_frame>21 months</time_frame>
    <description>The investigators will document the type of mammogram performed on any women in the study during the study's follow-up time period.</description>
  </secondary_outcome>
  <secondary_outcome>
    <measure>No mammogram after intervention</measure>
    <time_frame>21 months</time_frame>
    <description>The investigators will perform a chart review of women not identified as having had a mammogram during the study's follow-up time period to confirm that there is no mammogram noted in their screening sheet.</description>
  </secondary_outcome>
  <secondary_outcome>
    <measure>Risk report acceptability</measure>
    <time_frame>1 week</time_frame>
    <description>The investigators will ask whether patients and PCPs found our risk report acceptable and/or helpful.</description>
  </secondary_outcome>
  <secondary_outcome>
    <measure>PCP facilitators and barriers</measure>
    <time_frame>up to 24 months</time_frame>
    <description>The investigators will examine facilitators and/or barriers noted by PCPs when assessing women's breast cancer risk and managing women based on their risk.</description>
  </secondary_outcome>
  <secondary_outcome>
    <measure>PCP risk of malpractice/litigation</measure>
    <time_frame>up to 24 months</time_frame>
    <description>The investigators will ask whether PCPs feel that our intervention would help lower their risk of malpractice litigation.</description>
  </secondary_outcome>
  <number_of_arms>1</number_of_arms>
  <enrollment type="Actual">338</enrollment>
  <condition>Breast Cancer</condition>
  <arm_group>
    <arm_group_label>Breast cancer risk report</arm_group_label>
    <arm_group_type>Experimental</arm_group_type>
    <description>An individualized report will inform women of their 5-year breast cancer risk using BCRAT or Tice (when breast density is available from a past mammogram), whichever is higher, and the average 5-year risk for women their age. The report will present 5-year risk as a frequency and in a pictograph and it will describe what experts recommend in terms of mammography screening, breast cancer prevention medications, breast MRIs, and BRCA testing, for women in their 40s based on their risk.</description>
  </arm_group>
  <intervention>
    <intervention_type>Other</intervention_type>
    <intervention_name>Breast cancer risk report</intervention_name>
    <description>An individualized report will inform women of their 5-year breast cancer risk using BCRAT or Tice (when breast density is available from a past mammogram), whichever is higher, and the average 5-year risk for women their age. The report will present 5-year risk as a frequency and in a pictograph and it will describe what experts recommend in terms of mammography screening, breast cancer prevention medications, breast MRIs, and BRCA testing, for women in their 40s based on their risk.</description>
    <arm_group_label>Breast cancer risk report</arm_group_label>
  </intervention>
  <eligibility>
    <criteria>
      <textblock>
        Inclusion Criteria:&#xD;
&#xD;
          -  women&#xD;
&#xD;
          -  aged 40-49 years&#xD;
&#xD;
          -  read and speak English&#xD;
&#xD;
          -  scheduled for a routine visit or physical examination with a non-resident PCP in the&#xD;
             next 4-12 weeks at HealthCare Associates (HCA, BIDMC's outpatient primary care&#xD;
             practice).&#xD;
&#xD;
        Exclusion Criteria:&#xD;
&#xD;
          -  women scheduled for acute care&#xD;
&#xD;
          -  women who had or will have a mammogram within 6 months of their PCP visit&#xD;
&#xD;
          -  women with a history of breast cancer or a BRCA mutation&#xD;
&#xD;
          -  women already receiving screening breast MRIs&#xD;
&#xD;
          -  women who have been referred to genetic counseling&#xD;
&#xD;
          -  women who have taken or are taking tamoxifen or aromatase inhibitors for breast cancer&#xD;
             prevention&#xD;
&#xD;
          -  women with a history of an abnormal mammogram in the past two years&#xD;
&#xD;
          -  women with a history of breast enlargement or reduction.&#xD;
      </textblock>
    </criteria>
    <gender>Female</gender>
    <gender_based>Yes</gender_based>
    <minimum_age>40 Years</minimum_age>
    <maximum_age>49 Years</maximum_age>
    <healthy_volunteers>No</healthy_volunteers>
  </eligibility>
  <overall_official>
    <last_name>Mara Schonberg, MD, MPH</last_name>
    <role>Principal Investigator</role>
    <affiliation>Beth Israel Deaconess Medical Center</affiliation>
  </overall_official>
  <location>
    <facility>
      <name>Beth Israel Deaconess Medical Center</name>
      <address>
        <city>Boston</city>
        <state>Massachusetts</state>
        <zip>02215</zip>
        <country>United States</country>
      </address>
    </facility>
  </location>
  <location_countries>
    <country>United States</country>
  </location_countries>
  <verification_date>December 2022</verification_date>
  <study_first_submitted>June 6, 2017</study_first_submitted>
  <study_first_submitted_qc>June 6, 2017</study_first_submitted_qc>
  <study_first_posted type="Actual">June 8, 2017</study_first_posted>
  <last_update_submitted>December 13, 2022</last_update_submitted>
  <last_update_submitted_qc>December 13, 2022</last_update_submitted_qc>
  <last_update_posted type="Actual">December 14, 2022</last_update_posted>
  <responsible_party>
    <responsible_party_type>Principal Investigator</responsible_party_type>
    <investigator_affiliation>Beth Israel Deaconess Medical Center</investigator_affiliation>
    <investigator_full_name>Mara Schonberg</investigator_full_name>
    <investigator_title>Principle Investigator - Staff Physician</investigator_title>
  </responsible_party>
  <keyword>Breast cancer risk</keyword>
  <keyword>Primary Care</keyword>
  <keyword>Women</keyword>
  <condition_browse>
    <!-- CAUTION:  The following MeSH terms are assigned with an imperfect algorithm            -->
    <mesh_term>Breast Neoplasms</mesh_term>
  </condition_browse>
  <patient_data>
    <sharing_ipd>No</sharing_ipd>
  </patient_data>
  <!-- Results have not yet been posted for this study                                          -->
</clinical_study>

