<?xml version="1.0" encoding="UTF-8"?>
<clinical_study rank="345">
  <!-- This xml conforms to an XML Schema at:
    https://clinicaltrials.gov/ct2/html/images/info/public.xsd -->
  <required_header>
    <download_date>ClinicalTrials.gov processed this data on May 26, 2023</download_date>
    <link_text>Link to the current ClinicalTrials.gov record.</link_text>
    <url>https://clinicaltrials.gov/show/NCT01819324</url>
  </required_header>
  <id_info>
    <org_study_id>Park003382HE</org_study_id>
    <secondary_id>5R21CA152129-02</secondary_id>
    <nct_id>NCT01819324</nct_id>
  </id_info>
  <brief_title>A Lifestyle Intervention for Breast Cancer Survivors</brief_title>
  <acronym>TTMI</acronym>
  <official_title>Targeting the Teachable Moment: A Lifestyle Intervention for Breast Cancer Survivors</official_title>
  <sponsors>
    <lead_sponsor>
      <agency>Hartford Hospital</agency>
      <agency_class>Other</agency_class>
    </lead_sponsor>
    <collaborator>
      <agency>National Cancer Institute (NCI)</agency>
      <agency_class>NIH</agency_class>
    </collaborator>
  </sponsors>
  <source>Hartford Hospital</source>
  <oversight_info>
    <has_dmc>Yes</has_dmc>
  </oversight_info>
  <brief_summary>
    <textblock>
      1. The purpose of the study is to test the effectiveness of a new mail-based intervention&#xD;
           for breast cancer survivors compared with standard lifestyle management and&#xD;
           no-treatment.&#xD;
&#xD;
        2. This intervention addresses both lifestyle factors such as dietary and physical&#xD;
           activities and psychological issues specific to breast cancer survivors to improve&#xD;
           healthy behaviors.&#xD;
    </textblock>
  </brief_summary>
  <detailed_description>
    <textblock>
      Participants will be assigned randomly to one of three groups: 1) newly developed mail-based&#xD;
      intervention (Targeting the Teachable Moment Intervention; TTMI), 2) standard Lifestyle&#xD;
      Intervention (SLM), and 3) usual care. Both TTMI and SLM focus on health behaviors, however&#xD;
      TTMI additionally addresses psychosocial issues specific to breast cancer survivors.&#xD;
&#xD;
      All participants will complete questionnaires at the time they start the study, the end of&#xD;
      the 4 months, and 3 months later for a follow-up.&#xD;
&#xD;
      If participants are assigned to any of the intervention group, they will receive materials&#xD;
      every other week for 4 months. If participants are assigned to the usual care group, they&#xD;
      will receive the same materials as the standard lifestyle intervention et the end of the 7&#xD;
      months.&#xD;
    </textblock>
  </detailed_description>
  <overall_status>Completed</overall_status>
  <start_date>April 2011</start_date>
  <completion_date type="Actual">July 2015</completion_date>
  <primary_completion_date type="Actual">November 2013</primary_completion_date>
  <phase>N/A</phase>
  <study_type>Interventional</study_type>
  <has_expanded_access>No</has_expanded_access>
  <study_design_info>
    <allocation>Randomized</allocation>
    <intervention_model>Parallel Assignment</intervention_model>
    <primary_purpose>Treatment</primary_purpose>
    <masking>None (Open Label)</masking>
  </study_design_info>
  <primary_outcome>
    <measure>Changes in eating habits measured by the National Cancer Institute Quick Food Scan</measure>
    <time_frame>Meaured at baseline, 4 months, and 7 months</time_frame>
    <description>Diet habits (amount of fat and fruit/vegetable uptake) will be assessed at 3 times: at baseline, at the end of the 4 months, and at the end of 7 months.</description>
  </primary_outcome>
  <primary_outcome>
    <measure>Changes in physical activity measured by the Paffenbarger physical activity questionnaire</measure>
    <time_frame>Meaured at baseline, 4 months, and 7 months</time_frame>
    <description>Frequency and amount of time for physical exercise will be measured at 3 times: at baseline, at the end of 4 months, and at the end of 7 months.</description>
  </primary_outcome>
  <secondary_outcome>
    <measure>Changes in coping strategies measured by the Brief COPE</measure>
    <time_frame>Measured at baseline, 4 months, and 7 months</time_frame>
    <description>Coping strategies (e.g., problem-focused coping, emotional approach coping) will be assessed at 3 times: at baseline, at the end of the 4 months, and at the end of 7 months.</description>
  </secondary_outcome>
  <secondary_outcome>
    <measure>Changes in Self-efficacy measured by the General Self-Efficacy Scale</measure>
    <time_frame>Measured at baseline, 4 months, and 7 months</time_frame>
    <description>A general sense of perceived self-efficacy will be measured at 3 times: at the baseline, at the end of 4 months, and at the end of 7 months</description>
  </secondary_outcome>
  <secondary_outcome>
    <measure>Changes in social support measured by the Interpersonal Support Evaluation List (ISEL)</measure>
    <time_frame>Measured at baseline, 4 months, and 7 months</time_frame>
    <description>Social support will be measured at 3 times: at baseline, at the end of 4 months, and at the end of 7 months</description>
  </secondary_outcome>
  <secondary_outcome>
    <measure>Changes in life meaning measured by the Meaning in Life Questionnaire (MLQ)</measure>
    <time_frame>Measured at baseline, 4 months, and 7 months</time_frame>
    <description>Presence of Meaning and Search for Meaning will be measured at 3 times: at baseline, at the end of 4 months, and at the end of 7 months.</description>
  </secondary_outcome>
  <other_outcome>
    <measure>Feedback of each module</measure>
    <time_frame>up to 4 months</time_frame>
    <description>usefulness of each module (e.g., whether each intervention is helpful or not) will be assessed at each mailing (for eight times) for 4 months.</description>
  </other_outcome>
  <number_of_arms>3</number_of_arms>
  <enrollment type="Actual">173</enrollment>
  <condition>Breast Cancer</condition>
  <arm_group>
    <arm_group_label>Targeting the Teachable Moment</arm_group_label>
    <arm_group_type>Experimental</arm_group_type>
    <description>Receiving Targeting the Teachable Moment Intervention materials (focusing on health behaviors and issues specific to breast cancer survivors) every other week for 4 months</description>
  </arm_group>
  <arm_group>
    <arm_group_label>Standardized Lifestyle Management</arm_group_label>
    <arm_group_type>Active Comparator</arm_group_type>
    <description>Receiving Standardized Lifestyle Management materials (focusing mostly on health behaviors) every other week for 4 months</description>
  </arm_group>
  <arm_group>
    <arm_group_label>Usual Care</arm_group_label>
    <arm_group_type>No Intervention</arm_group_type>
    <description>Receiving SLM materials at the end of the 7 months</description>
  </arm_group>
  <intervention>
    <intervention_type>Behavioral</intervention_type>
    <intervention_name>Targeting the Teachable Moment</intervention_name>
    <description>TTMI material (every other week for 4 months)</description>
    <arm_group_label>Targeting the Teachable Moment</arm_group_label>
    <other_name>TTMI</other_name>
  </intervention>
  <intervention>
    <intervention_type>Behavioral</intervention_type>
    <intervention_name>Standardized Lifestyle Management</intervention_name>
    <description>SLM material (every other week for 4 months)</description>
    <arm_group_label>Standardized Lifestyle Management</arm_group_label>
    <other_name>SLM</other_name>
  </intervention>
  <eligibility>
    <criteria>
      <textblock>
        Inclusion Criteria:&#xD;
&#xD;
          -  First diagnosed with breast cancer in the past 1.5 years&#xD;
&#xD;
          -  stage 0~2 breast cancer&#xD;
&#xD;
          -  no prior adjuvant treatment for another cancer&#xD;
&#xD;
          -  Can read and write English&#xD;
&#xD;
          -  Are not participating in other health behavior research right now&#xD;
&#xD;
        Exclusion Criteria:&#xD;
&#xD;
          -  apparent serious mental disturbance&#xD;
&#xD;
          -  male breast cancer survivors&#xD;
      </textblock>
    </criteria>
    <gender>Female</gender>
    <minimum_age>18 Years</minimum_age>
    <maximum_age>80 Years</maximum_age>
    <healthy_volunteers>No</healthy_volunteers>
  </eligibility>
  <overall_official>
    <last_name>Crystal L. Park, Ph.D</last_name>
    <role>Principal Investigator</role>
    <affiliation>University of Connecticut</affiliation>
  </overall_official>
  <location>
    <facility>
      <name>University of Connecticut</name>
      <address>
        <city>Storrs</city>
        <state>Connecticut</state>
        <zip>06269</zip>
        <country>United States</country>
      </address>
    </facility>
  </location>
  <location_countries>
    <country>United States</country>
  </location_countries>
  <verification_date>December 2015</verification_date>
  <study_first_submitted>March 18, 2013</study_first_submitted>
  <study_first_submitted_qc>March 22, 2013</study_first_submitted_qc>
  <study_first_posted type="Estimate">March 27, 2013</study_first_posted>
  <last_update_submitted>December 2, 2015</last_update_submitted>
  <last_update_submitted_qc>December 2, 2015</last_update_submitted_qc>
  <last_update_posted type="Estimate">December 3, 2015</last_update_posted>
  <responsible_party>
    <responsible_party_type>Sponsor</responsible_party_type>
  </responsible_party>
  <keyword>breast cancer survivors</keyword>
  <keyword>lifestyle intervention</keyword>
  <keyword>health behaviors</keyword>
  <condition_browse>
    <!-- CAUTION:  The following MeSH terms are assigned with an imperfect algorithm            -->
    <mesh_term>Breast Neoplasms</mesh_term>
  </condition_browse>
  <!-- Results have not yet been posted for this study                                          -->
</clinical_study>

