<?xml version="1.0" encoding="UTF-8"?>
<clinical_study rank="326">
  <!-- This xml conforms to an XML Schema at:
    https://clinicaltrials.gov/ct2/html/images/info/public.xsd -->
  <required_header>
    <download_date>ClinicalTrials.gov processed this data on May 26, 2023</download_date>
    <link_text>Link to the current ClinicalTrials.gov record.</link_text>
    <url>https://clinicaltrials.gov/show/NCT04118192</url>
  </required_header>
  <id_info>
    <org_study_id>RG_16-108</org_study_id>
    <nct_id>NCT04118192</nct_id>
  </id_info>
  <brief_title>NOSTRA-Feasibility Study: A Study Looking at Ultrasound Guided Biopsies for Breast Cancer</brief_title>
  <acronym>NOSTRA</acronym>
  <official_title>Can Patients With Residual Cancer After Chemotherapy for Early Breast Cancer be Identified With Multiple Ultrasound-guided Biopsies?</official_title>
  <sponsors>
    <lead_sponsor>
      <agency>University of Birmingham</agency>
      <agency_class>Other</agency_class>
    </lead_sponsor>
    <collaborator>
      <agency>Roche Pharma AG</agency>
      <agency_class>Industry</agency_class>
    </collaborator>
    <collaborator>
      <agency>Cancer Research UK</agency>
      <agency_class>Other</agency_class>
    </collaborator>
  </sponsors>
  <source>University of Birmingham</source>
  <oversight_info>
    <is_fda_regulated_drug>No</is_fda_regulated_drug>
    <is_fda_regulated_device>No</is_fda_regulated_device>
  </oversight_info>
  <brief_summary>
    <textblock>
      A prospective non-randomised multi-centre feasibility study to assess if patients with&#xD;
      residual cancer following dual-targeted neoadjuvant chemotherapy treatment for HER2-positive,&#xD;
      ER-negative early breast cancer can be identified by multiple ultrasound (US)-guided tumour&#xD;
      bed core biopsies&#xD;
    </textblock>
  </brief_summary>
  <detailed_description>
    <textblock>
      The NOSTRA-Feasibility study is designed to determine if it is safe to omit surgery after the&#xD;
      planned neoadjuvant chemotherapy plus dual-targeted anti-HER2 treatment. The study is needed&#xD;
      to determine whether patients with residual cancer can be identified by histological&#xD;
      examination of multiple ultrasound-guided tumour bed core biopsies following dual-targeted&#xD;
      neoadjuvant treatment for HER2-positive, ER-negative early primary breast cancer and whether&#xD;
      there is concordance between local pathology reporting and central pathology reporting by the&#xD;
      trials expert pathologists.&#xD;
    </textblock>
  </detailed_description>
  <overall_status>Recruiting</overall_status>
  <start_date type="Actual">May 22, 2019</start_date>
  <completion_date type="Anticipated">December 31, 2025</completion_date>
  <primary_completion_date type="Anticipated">December 31, 2025</primary_completion_date>
  <study_type>Observational</study_type>
  <has_expanded_access>No</has_expanded_access>
  <study_design_info>
    <observational_model>Cohort</observational_model>
    <time_perspective>Prospective</time_perspective>
  </study_design_info>
  <primary_outcome>
    <measure>Observed number of patients with false negative biopsies</measure>
    <time_frame>12 months post last patient recruited</time_frame>
    <description>The observed number of patients with false negative biopsies (i.e. no tumour in the biopsy but tumour in the surgical specimen) as a proportion of all those assessed by Local Histopathology Review</description>
  </primary_outcome>
  <secondary_outcome>
    <measure>Concordance between Local and Central Histopathology Review of core biopsies</measure>
    <time_frame>12 months post last patient recruited</time_frame>
    <description>is defined as the number of patients whose initial local pathological assessment of pCR is confirmed by Central Histopathology Review</description>
  </secondary_outcome>
  <secondary_outcome>
    <measure>Compliance with treatment</measure>
    <time_frame>12 months post last patient recruited</time_frame>
    <description>assessed by calculating relative dose intensity taking into account of both reductions in dose and delays to treatment.</description>
  </secondary_outcome>
  <secondary_outcome>
    <measure>Time to local recurrence</measure>
    <time_frame>Number of days from registration to local recurrence (if within trial duration, approximately 6.5 years)</time_frame>
    <description>Compliance with neoadjuvant and adjuvant treatment; will be assessed by calculating relative dose intensity taking into account of both reductions in dose and delays to treatment.</description>
  </secondary_outcome>
  <secondary_outcome>
    <measure>Time to distant recurrence</measure>
    <time_frame>Number of days from registration to local recurrence (if within trial duration, approximately 6.5 years)</time_frame>
    <description>defined in whole days from date of registration to distant recurrence or death from any cause. Patients who are alive and without distant recurrence at the time of analysis will be censored at the date last seen.</description>
  </secondary_outcome>
  <secondary_outcome>
    <measure>Overall survival</measure>
    <time_frame>Whole days from registration to death from any cause (if within trial duration, approximately 6.5 years)</time_frame>
    <description>defined in whole days as the date of registration to death from any cause. Patients alive at the time of analysis will be censored at the date last seen.</description>
  </secondary_outcome>
  <secondary_outcome>
    <measure>Re-evaluation of the primary outcome using the central pathological review determination of RCB to define false negative biopsies as RCB-0 or 1 (i.e. no tumour or minimal residual disease) in the core biopsies but RCB-2 or 3 in the surgical specimen</measure>
    <time_frame>Post-last patient last surgery (within approximately 6.5 years of start of trial)</time_frame>
    <description>This will be reported as a proportion of all recruited patients</description>
  </secondary_outcome>
  <secondary_outcome>
    <measure>Ability of the axillary lymph node assessments post-neoadjuvant treatment to identify definitive axillary lymph node involvement determined by surgery histopathology</measure>
    <time_frame>Post-last patient last surgery (within approximately 6.5 years of start of trial)</time_frame>
    <description>Sensitivity, specificity and false negative rates will be reported.</description>
  </secondary_outcome>
  <enrollment type="Anticipated">150</enrollment>
  <condition>Breast Cancer</condition>
  <intervention>
    <intervention_type>Procedure</intervention_type>
    <intervention_name>Tumour bed core biopsy</intervention_name>
    <description>Collection of up to 8 core biopsies across 4 zones of the whole tumour bed to detect residual cancer post neo-adjuvant treatment</description>
  </intervention>
  <biospec_retention>Samples With DNA</biospec_retention>
  <biospec_descr>
    <textblock>
      Tumour bed core biopsies&#xD;
    </textblock>
  </biospec_descr>
  <eligibility>
    <study_pop>
      <textblock>
        HER-2 positive ER-negative breast cancer patients&#xD;
      </textblock>
    </study_pop>
    <sampling_method>Probability Sample</sampling_method>
    <criteria>
      <textblock>
        Inclusion Criteria:&#xD;
&#xD;
          -  Patient with histological diagnosis of operable HER2-positive, ER-negative, early&#xD;
             stage invasive breast cancer&#xD;
&#xD;
          -  Tumour size ≥ 1cm and visible on US (T1c to T4d)&#xD;
&#xD;
          -  Patient fit and willing to receive, or is already receiving and has received no more&#xD;
             than five cycles of a NOSTRA-Feasibility Study approved treatment regimen, in the&#xD;
             opinion of the responsible clinician&#xD;
&#xD;
          -  Eastern Co-operative Group (ECOG) performance status of 0 or 1&#xD;
&#xD;
          -  Women of child-bearing potential, prepared to adopt highly effective contraceptive&#xD;
             measures if sexually active for at least 6 months after completion of study medication&#xD;
&#xD;
          -  Female, 18 years or older&#xD;
&#xD;
          -  Able to provide informed consent for the study&#xD;
&#xD;
          -  Availability of embedded paraffin tumour blocks from pre-chemotherapy biopsy&#xD;
&#xD;
          -  The radiology team are able and willing to perform the tumour bed core biopsies&#xD;
&#xD;
        Exclusion Criteria:&#xD;
&#xD;
          -  Previous ipsilateral invasive breast cancer or Ductal Carcinoma in Situ (DCIS)&#xD;
&#xD;
          -  Unequivocal evidence of distant metastatic disease at registration&#xD;
&#xD;
          -  Multi-focal disease at diagnosis&#xD;
&#xD;
          -  Active malignancy&#xD;
&#xD;
          -  Previous chemotherapy&#xD;
&#xD;
          -  Prior extensive radiotherapy (as judged by the Investigator) to bone marrow&#xD;
&#xD;
          -  Risk factors precluding the safe administration of the intended cytotoxic chemotherapy&#xD;
             regimen&#xD;
&#xD;
          -  Patient unsuitable for the planned dual-targeted anti-HER2 treatment in opinion of the&#xD;
             Investigator&#xD;
&#xD;
          -  Prior diagnosis of cardiac failure&#xD;
&#xD;
          -  Uncontrolled hypertension, coronary heart disease or other significant cardiac&#xD;
             abnormality&#xD;
&#xD;
          -  Bleeding diathesis&#xD;
&#xD;
          -  Any evidence of other disease which in the opinion of the Investigator places the&#xD;
             patient at high risk of treatment related complications&#xD;
&#xD;
          -  Pregnant (female patients of child bearing potential must have a urine or blood Human&#xD;
             Chorionic Gonadotropin test performed to rule out pregnancy prior to study entry)&#xD;
&#xD;
          -  Patient lactating&#xD;
&#xD;
          -  Patients who have received live vaccine within 4 weeks of the date of study entry&#xD;
&#xD;
          -  Any concomitant medical or psychiatric problems which in the opinion of the&#xD;
             Investigator would prevent completion of treatment or follow-up&#xD;
&#xD;
          -  Patient unfit and/or unwilling to undergo surgery&#xD;
&#xD;
          -  Patient unwilling or unable to comply with scheduled visits, treatment plan and study&#xD;
             procedures&#xD;
&#xD;
          -  Patient has started protocol non-compliant neo-adjuvant chemotherapy&#xD;
&#xD;
          -  Patient has started approved neoadjuvant chemotherapy but insufficient data is&#xD;
             available to complete relevant CRFs&#xD;
&#xD;
          -  Patient has already received more than five cycles of approved neoadjuvant&#xD;
             chemotherapy&#xD;
&#xD;
        Additional Inclusion Criteria for ctDNA Sub-Study&#xD;
&#xD;
          -  Patient has not yet started neoadjuvant treatment&#xD;
&#xD;
          -  Patient is willing and able to give blood samples as per ctDNA Sub-Study Guidelines&#xD;
      </textblock>
    </criteria>
    <gender>Female</gender>
    <minimum_age>18 Years</minimum_age>
    <maximum_age>N/A</maximum_age>
    <healthy_volunteers>No</healthy_volunteers>
  </eligibility>
  <overall_official>
    <last_name>Daniel Rea</last_name>
    <role>Principal Investigator</role>
    <affiliation>University of Birmingham</affiliation>
  </overall_official>
  <overall_contact>
    <last_name>Natalia Nicholson</last_name>
    <phone>0121 414 3604</phone>
    <email>nostra@trials.bham.ac.uk</email>
  </overall_contact>
  <location>
    <facility>
      <name>Basildon Hospital</name>
      <address>
        <city>Basildon</city>
        <state>Essex</state>
        <zip>SS16 5NL</zip>
        <country>United Kingdom</country>
      </address>
    </facility>
    <status>Recruiting</status>
    <contact>
      <last_name>Zina Aladili</last_name>
    </contact>
    <investigator>
      <last_name>Zina Aladili</last_name>
      <role>Principal Investigator</role>
    </investigator>
  </location>
  <location>
    <facility>
      <name>Belfast City Hospital</name>
      <address>
        <city>Belfast</city>
        <country>United Kingdom</country>
      </address>
    </facility>
    <status>Recruiting</status>
    <contact>
      <last_name>Eimear Nicholl</last_name>
    </contact>
    <investigator>
      <last_name>Stuart McIntosh</last_name>
      <role>Principal Investigator</role>
    </investigator>
  </location>
  <location>
    <facility>
      <name>Queen Elizabeth Hospital</name>
      <address>
        <city>Birmingham</city>
        <country>United Kingdom</country>
      </address>
    </facility>
    <status>Recruiting</status>
    <contact>
      <last_name>Shilpa Pius</last_name>
    </contact>
    <investigator>
      <last_name>Daniel Rea</last_name>
      <role>Principal Investigator</role>
    </investigator>
  </location>
  <location>
    <facility>
      <name>Blackpool Teaching Hospitals NHS Trust</name>
      <address>
        <city>Blackpool</city>
        <zip>FY3 8NR</zip>
        <country>United Kingdom</country>
      </address>
    </facility>
    <status>Recruiting</status>
    <contact>
      <last_name>Pavel Bezecny</last_name>
    </contact>
    <investigator>
      <last_name>Pavel Bezecny</last_name>
      <role>Principal Investigator</role>
    </investigator>
  </location>
  <location>
    <facility>
      <name>Southmead Hospital</name>
      <address>
        <city>Bristol</city>
        <zip>BS10 5NB</zip>
        <country>United Kingdom</country>
      </address>
    </facility>
    <status>Recruiting</status>
    <contact>
      <last_name>Sam Loud</last_name>
    </contact>
    <investigator>
      <last_name>Alexandra Valencia</last_name>
      <role>Principal Investigator</role>
    </investigator>
  </location>
  <location>
    <facility>
      <name>University Hospital of Llandough</name>
      <address>
        <city>Cardiff</city>
        <zip>CF64 2XX</zip>
        <country>United Kingdom</country>
      </address>
    </facility>
    <status>Recruiting</status>
    <contact>
      <last_name>Goyal Sumit</last_name>
    </contact>
    <investigator>
      <last_name>Goyal Sumit</last_name>
      <role>Principal Investigator</role>
    </investigator>
  </location>
  <location>
    <facility>
      <name>Cheltenham General Hospital</name>
      <address>
        <city>Cheltenham</city>
        <zip>GL53 7AN</zip>
        <country>United Kingdom</country>
      </address>
    </facility>
    <status>Recruiting</status>
    <contact>
      <last_name>Daniel Nelmes</last_name>
    </contact>
    <investigator>
      <last_name>Daniel Nelmes</last_name>
      <role>Principal Investigator</role>
    </investigator>
  </location>
  <location>
    <facility>
      <name>Dumfries and Galloway Royal Infirmary</name>
      <address>
        <city>Dumfries</city>
        <country>United Kingdom</country>
      </address>
    </facility>
    <status>Recruiting</status>
    <contact>
      <last_name>Janice Duignan</last_name>
    </contact>
    <investigator>
      <last_name>Aisling Hennessy</last_name>
      <role>Principal Investigator</role>
    </investigator>
  </location>
  <location>
    <facility>
      <name>Western General</name>
      <address>
        <city>Edinburgh</city>
        <country>United Kingdom</country>
      </address>
    </facility>
    <status>Recruiting</status>
    <contact>
      <last_name>Richard Allan</last_name>
    </contact>
    <investigator>
      <last_name>Caroline Michie</last_name>
      <role>Principal Investigator</role>
    </investigator>
  </location>
  <location>
    <facility>
      <name>Northwick Park Hospital</name>
      <address>
        <city>Harrow</city>
        <zip>HA1 3UJ</zip>
        <country>United Kingdom</country>
      </address>
    </facility>
    <status>Recruiting</status>
    <contact>
      <last_name>Prasanna Gurung</last_name>
    </contact>
    <investigator>
      <last_name>Sabina Rashid</last_name>
      <role>Principal Investigator</role>
    </investigator>
  </location>
  <location>
    <facility>
      <name>St James's University Hospital</name>
      <address>
        <city>Leeds</city>
        <zip>LS9 7TF</zip>
        <country>United Kingdom</country>
      </address>
    </facility>
    <status>Recruiting</status>
    <contact>
      <last_name>Amy Barber</last_name>
    </contact>
    <investigator>
      <last_name>Sebastian Trainor</last_name>
      <role>Principal Investigator</role>
    </investigator>
  </location>
  <location>
    <facility>
      <name>Royal Liverpool Hospital</name>
      <address>
        <city>Liverpool</city>
        <zip>L7 8XP</zip>
        <country>United Kingdom</country>
      </address>
    </facility>
    <status>Recruiting</status>
    <contact>
      <last_name>Alison McNamee</last_name>
    </contact>
    <investigator>
      <last_name>Julia Henderson</last_name>
      <role>Principal Investigator</role>
    </investigator>
  </location>
  <location>
    <facility>
      <name>Royal Marsden Hospital</name>
      <address>
        <city>London</city>
        <zip>SW3 6JJ</zip>
        <country>United Kingdom</country>
      </address>
    </facility>
    <status>Recruiting</status>
    <contact>
      <last_name>Holly Hogan</last_name>
    </contact>
    <investigator>
      <last_name>Marios Tasoulis</last_name>
      <role>Principal Investigator</role>
    </investigator>
  </location>
  <location>
    <facility>
      <name>Borders General Hospital</name>
      <address>
        <city>Melrose</city>
        <zip>TD6 9BS</zip>
        <country>United Kingdom</country>
      </address>
    </facility>
    <status>Recruiting</status>
    <contact>
      <last_name>Carol Bedi</last_name>
    </contact>
    <investigator>
      <last_name>Carol Bedi</last_name>
      <role>Principal Investigator</role>
    </investigator>
  </location>
  <location>
    <facility>
      <name>Royal Victoria Infirmary</name>
      <address>
        <city>Newcastle Upon Tyne</city>
        <zip>NE1 4LP</zip>
        <country>United Kingdom</country>
      </address>
    </facility>
    <status>Recruiting</status>
    <contact>
      <last_name>Henry Cain</last_name>
    </contact>
    <investigator>
      <last_name>Henry Cain</last_name>
      <role>Principal Investigator</role>
    </investigator>
  </location>
  <location>
    <facility>
      <name>Nottingham City Hospital</name>
      <address>
        <city>Nottingham</city>
        <zip>NG5 1PB</zip>
        <country>United Kingdom</country>
      </address>
    </facility>
    <status>Recruiting</status>
    <contact>
      <last_name>Steve Chan</last_name>
    </contact>
    <investigator>
      <last_name>Steve Chan</last_name>
      <role>Principal Investigator</role>
    </investigator>
  </location>
  <location>
    <facility>
      <name>Peterborough City Hospital</name>
      <address>
        <city>Peterborough</city>
        <zip>PE3 9GZ</zip>
        <country>United Kingdom</country>
      </address>
    </facility>
    <status>Recruiting</status>
    <contact>
      <last_name>Sarah Ayers</last_name>
    </contact>
    <investigator>
      <last_name>Sarah Ayers</last_name>
      <role>Principal Investigator</role>
    </investigator>
  </location>
  <location>
    <facility>
      <name>Poole Hospital</name>
      <address>
        <city>Poole</city>
        <zip>BH15 2JB</zip>
        <country>United Kingdom</country>
      </address>
    </facility>
    <status>Recruiting</status>
    <contact>
      <last_name>Abigail Evans</last_name>
    </contact>
    <investigator>
      <last_name>Abigail Evans</last_name>
      <role>Principal Investigator</role>
    </investigator>
  </location>
  <location>
    <facility>
      <name>Weston Park Hospital</name>
      <address>
        <city>Sheffield</city>
        <zip>S10 2SJ</zip>
        <country>United Kingdom</country>
      </address>
    </facility>
    <status>Recruiting</status>
    <contact>
      <last_name>Matthew Winter</last_name>
    </contact>
    <investigator>
      <last_name>Matthew Winter</last_name>
      <role>Principal Investigator</role>
    </investigator>
  </location>
  <location>
    <facility>
      <name>Southampton General Hospital</name>
      <address>
        <city>Southampton</city>
        <zip>SO16 6YD</zip>
        <country>United Kingdom</country>
      </address>
    </facility>
    <status>Recruiting</status>
    <contact>
      <last_name>Ramsey Cutress</last_name>
    </contact>
    <investigator>
      <last_name>Ramsey Cutress</last_name>
      <role>Principal Investigator</role>
    </investigator>
  </location>
  <location>
    <facility>
      <name>Singleton Hospital</name>
      <address>
        <city>Swansea</city>
        <country>United Kingdom</country>
      </address>
    </facility>
    <status>Recruiting</status>
    <contact>
      <last_name>Helen Cheley</last_name>
    </contact>
    <contact_backup>
      <last_name>Nia Viney</last_name>
    </contact_backup>
    <investigator>
      <last_name>Marianne Dillon</last_name>
      <role>Principal Investigator</role>
    </investigator>
  </location>
  <location>
    <facility>
      <name>Arrowe Park Hospital</name>
      <address>
        <city>Upton</city>
        <zip>CH49 5PE</zip>
        <country>United Kingdom</country>
      </address>
    </facility>
    <status>Recruiting</status>
    <contact>
      <last_name>Raman Vinayagam</last_name>
    </contact>
    <investigator>
      <last_name>Raman Vinayagam</last_name>
      <role>Principal Investigator</role>
    </investigator>
  </location>
  <location>
    <facility>
      <name>Thomas Linacre Centre</name>
      <address>
        <city>Wigan</city>
        <zip>WN1 1RU</zip>
        <country>United Kingdom</country>
      </address>
    </facility>
    <status>Recruiting</status>
    <contact>
      <last_name>Jenny Cannon</last_name>
    </contact>
    <investigator>
      <last_name>Konstantinos Zacharioudakis</last_name>
      <role>Principal Investigator</role>
    </investigator>
  </location>
  <location_countries>
    <country>United Kingdom</country>
  </location_countries>
  <verification_date>May 2023</verification_date>
  <study_first_submitted>September 5, 2019</study_first_submitted>
  <study_first_submitted_qc>October 3, 2019</study_first_submitted_qc>
  <study_first_posted type="Actual">October 8, 2019</study_first_posted>
  <last_update_submitted>May 9, 2023</last_update_submitted>
  <last_update_submitted_qc>May 9, 2023</last_update_submitted_qc>
  <last_update_posted type="Actual">May 10, 2023</last_update_posted>
  <responsible_party>
    <responsible_party_type>Sponsor</responsible_party_type>
  </responsible_party>
  <keyword>breast cancer</keyword>
  <keyword>HER2 positive</keyword>
  <keyword>ER negative</keyword>
  <keyword>Tumour bed core biopsies</keyword>
  <condition_browse>
    <!-- CAUTION:  The following MeSH terms are assigned with an imperfect algorithm            -->
    <mesh_term>Breast Neoplasms</mesh_term>
  </condition_browse>
  <patient_data>
    <sharing_ipd>Undecided</sharing_ipd>
  </patient_data>
  <!-- Results have not yet been posted for this study                                          -->
</clinical_study>

