<?xml version="1.0" encoding="UTF-8"?>
<clinical_study rank="482">
  <!-- This xml conforms to an XML Schema at:
    https://clinicaltrials.gov/ct2/html/images/info/public.xsd -->
  <required_header>
    <download_date>ClinicalTrials.gov processed this data on May 26, 2023</download_date>
    <link_text>Link to the current ClinicalTrials.gov record.</link_text>
    <url>https://clinicaltrials.gov/show/NCT00266110</url>
  </required_header>
  <id_info>
    <org_study_id>LCCC 0418</org_study_id>
    <secondary_id>P50CA058223</secondary_id>
    <secondary_id>R21CA105837</secondary_id>
    <secondary_id>KG100307</secondary_id>
    <nct_id>NCT00266110</nct_id>
  </id_info>
  <brief_title>Vaccine Therapy, Trastuzumab, and Vinorelbine in Treating Patients With Locally Recurrent or Metastatic Breast Cancer</brief_title>
  <official_title>Phase II Trial Evaluating the Toxicity and Efficacy of a Multiepitope Dendritic Cell Vaccine Given With Trastuzumab and Vinorelbine Ditartrate for the Treatment of Women With Metastatic Breast Cancer That Express HLA-A0201 and Whose Tumors Overexpress HER-2/NEU</official_title>
  <sponsors>
    <lead_sponsor>
      <agency>UNC Lineberger Comprehensive Cancer Center</agency>
      <agency_class>Other</agency_class>
    </lead_sponsor>
    <collaborator>
      <agency>National Cancer Institute (NCI)</agency>
      <agency_class>NIH</agency_class>
    </collaborator>
    <collaborator>
      <agency>Susan G. Komen Breast Cancer Foundation</agency>
      <agency_class>Other</agency_class>
    </collaborator>
  </sponsors>
  <source>UNC Lineberger Comprehensive Cancer Center</source>
  <oversight_info>
    <has_dmc>Yes</has_dmc>
  </oversight_info>
  <brief_summary>
    <textblock>
      RATIONALE: Vaccines made from a person's white blood cells may help the body build an&#xD;
      effective immune response to kill tumor cells. Monoclonal antibodies, such as trastuzumab,&#xD;
      can block tumor growth in different ways. Some block the ability of tumor cells to grow and&#xD;
      spread. Others find tumor cells and help kill them or carry tumor-killing substances to them.&#xD;
      Drugs used in chemotherapy, such as vinorelbine, work in different ways to stop the growth of&#xD;
      tumor cells, either by killing the cells or by stopping them from dividing. Giving vaccine&#xD;
      therapy together with trastuzumab and vinorelbine may kill more tumor cells.&#xD;
&#xD;
      PURPOSE: This phase II trial is studying how well giving vaccine therapy together with&#xD;
      trastuzumab and vinorelbine works in treating patients with locally recurrent or metastatic&#xD;
      breast cancer.&#xD;
    </textblock>
  </brief_summary>
  <detailed_description>
    <textblock>
      OBJECTIVES:&#xD;
&#xD;
      Primary&#xD;
&#xD;
        -  Determine the efficacy of multiepitope autologous dendritic cell vaccine in combination&#xD;
           with trastuzumab (Herceptin®) and vinorelbine ditartrate in patients with locally&#xD;
           recurrent or metastatic breast cancer whose tumors overexpress human epidermal growth&#xD;
           factor receptor 2 (HER2/neu).&#xD;
&#xD;
      Secondary&#xD;
&#xD;
        -  Determine if this regimen is effective in generating functional antigen-specific T&#xD;
           cells.&#xD;
&#xD;
      OUTLINE:&#xD;
&#xD;
        -  Therapeutic autologous dendritic cell (DC) preparation: Patients undergo mobilization of&#xD;
           DC and apheresis for production of therapeutic DC. DCs are expanded in vitro for 10-20&#xD;
           days and pulsed with E75 and E90 peptides.&#xD;
&#xD;
        -  Treatment: Patients receive vinorelbine ditartrate IV over 6-10 minutes, therapeutic&#xD;
           autologous DC intradermally over 2-5 minutes, and trastuzumab (Herceptin®) IV over 30-90&#xD;
           minutes on day 1. Patients receive sargramostim (GM-CSF) subcutaneously on days 2, 4,&#xD;
           and 6, or until neutrophil counts recover. Treatment repeats every 14 days for up to 6&#xD;
           courses (or more at the discretion of the investigator) in the absence of disease&#xD;
           progression or unacceptable toxicity.&#xD;
&#xD;
      After completion of study treatment, patients are followed every 3 months.&#xD;
    </textblock>
  </detailed_description>
  <overall_status>Completed</overall_status>
  <start_date type="Actual">December 2005</start_date>
  <completion_date type="Actual">October 27, 2017</completion_date>
  <primary_completion_date type="Actual">February 2013</primary_completion_date>
  <phase>Phase 2</phase>
  <study_type>Interventional</study_type>
  <has_expanded_access>No</has_expanded_access>
  <study_design_info>
    <allocation>N/A</allocation>
    <intervention_model>Single Group Assignment</intervention_model>
    <primary_purpose>Treatment</primary_purpose>
    <masking>None (Open Label)</masking>
  </study_design_info>
  <primary_outcome>
    <measure>Number of Participants With Response</measure>
    <time_frame>5-6 years</time_frame>
    <description>Response: Per Response Evaluation Criteria In Solid Tumors Criteria (RECIST v1.0) for target lesions and assessed: Complete Response (CR), Disappearance of all target lesions; Partial Response (PR), &gt;=30% decrease in the sum of the longest diameter of target lesions; Overall Response (OR) = CR + PR.</description>
  </primary_outcome>
  <secondary_outcome>
    <measure>Generation of E75/E90 Tetramer-positive CD8+ T Cells</measure>
    <time_frame>13 weeks</time_frame>
    <description>Evaluate the ability of peptide-pulsed dendritic cells plus trastuzumab to induce functional antigen specific T cells. Measured by percentage of intracellular cytokine staining for E75/E90 tetramer-positive CD8+ T cells</description>
  </secondary_outcome>
  <secondary_outcome>
    <measure>Generation of Interferon Gamma Positive CD8+T Cells</measure>
    <time_frame>13 weeks</time_frame>
    <description>Evaluate the ability of peptide-pulsed dendritic cells plus trastuzumab to induce functional antigen specific T cells. Measured by percentage of intracellular cytokine staining for interferon gamma positive CD8+ T cells</description>
  </secondary_outcome>
  <number_of_arms>1</number_of_arms>
  <enrollment type="Actual">17</enrollment>
  <condition>Breast Cancer</condition>
  <arm_group>
    <arm_group_label>Dendritic Cell Vaccine</arm_group_label>
    <arm_group_type>Experimental</arm_group_type>
    <description>Therapeutic autologous dendritic cells (Dendritic Cell Vaccine) i.d. injection, 20 x 106 DCs given per treatment Trastuzumab infusion Vinorelbine ditartrate infusion</description>
  </arm_group>
  <intervention>
    <intervention_type>Biological</intervention_type>
    <intervention_name>sargramostim</intervention_name>
    <description>All patients will receive Leukine (GM-CSF) at 250 mcg/m2 starting one day after the administration of chemotherapy x 7 days. Patients with neutrophil counts below 1,000/mm3 on day 8 will continue GM-CSF therapy until the neutrophil count is greater than 1,000/mm3.</description>
    <arm_group_label>Dendritic Cell Vaccine</arm_group_label>
    <other_name>Leukine</other_name>
  </intervention>
  <intervention>
    <intervention_type>Biological</intervention_type>
    <intervention_name>therapeutic autologous dendritic cells</intervention_name>
    <description>patients will receive (10 x 106) peptide-pulsed DCs given by i.d injection into either axilla or the inguinal region with each peptide given into a separate site. The total dose will be 20 x 106 DCs given per treatment.</description>
    <arm_group_label>Dendritic Cell Vaccine</arm_group_label>
  </intervention>
  <intervention>
    <intervention_type>Biological</intervention_type>
    <intervention_name>trastuzumab</intervention_name>
    <description>Trastuzumab will be infused in the side-port of a freely flowing IV over 90 minutes and at 6mg/kg if the subject has not previously received Trastuzumab, or if it has been more than 30 days since any prior trastuzumab administration. If the subject has previously received Trastuzumab within 30 days and has no adverse history with the drug, the infusion will be given over 30 minutes. If the subject is currently receiving Trastuzumab, the first study infusion will be given at 4mg/kg over 30 minutes. Subsequently, Trastuzumab will be infused at 4 mg/kg in the side-port of a freely flowing IV over 30 minutes.</description>
    <arm_group_label>Dendritic Cell Vaccine</arm_group_label>
    <other_name>Herceptin</other_name>
  </intervention>
  <intervention>
    <intervention_type>Drug</intervention_type>
    <intervention_name>vinorelbine ditartrate</intervention_name>
    <description>Vinorelbine 25 mg/m2 will be administered IV over six to ten minutes into the side port of a freely flowing IV line.</description>
    <arm_group_label>Dendritic Cell Vaccine</arm_group_label>
    <other_name>Navelbine</other_name>
  </intervention>
  <eligibility>
    <criteria>
      <textblock>
        PATIENT ELIGIBILITY&#xD;
&#xD;
        4.1 Inclusion Criteria 4.1.1 Histologically proven metastatic breast cancer with measurable&#xD;
        or evaluable disease per investigator discretion.&#xD;
&#xD;
        4.1.2 Patients must be 18 years of age or older. Women of child bearing potential must be&#xD;
        practicing barrier or oral contraception for the duration of the study, or documented as&#xD;
        surgically sterile or one year post-menopausal.&#xD;
&#xD;
        4.1.3 Eastern Cooperative Oncology Group (ECOG) performance status 0-2 (See Appendix A).&#xD;
&#xD;
        4.1.5 Cardiac function by multigated acquisition scan (MUGA) with an ejection fraction (EF)&#xD;
        &gt; 45% or an echocardiogram that shows normal left ventricle (LV) function.&#xD;
&#xD;
        4.1.6 Serum Creatinine &lt; 2.0 mg/dl. 4.1.7 Hepatic transaminases (alanine aminotransferase&#xD;
        (ALT) and aspartate aminotransferase (AST)) ≤3.0 times the upper limit of normal if no&#xD;
        liver metastases or ≤5 times the upper limit of normal if liver metastases are present.&#xD;
&#xD;
        4.1.8 Bilirubin no more than 2 times normal.&#xD;
&#xD;
        4.1.9 Seronegative for HIV.&#xD;
&#xD;
        4.1.10 Negative for Hepatitis B surface antigen.&#xD;
&#xD;
        4.1.11 Signed and dated informed consent.&#xD;
&#xD;
        4.1.12 HLA A0201+ by DNA genotyping.&#xD;
&#xD;
        4.1.13 Absolute neutrophil count greater than 1,500/mm3. Platelet count greater 100,000/mm3&#xD;
        and hemoglobin greater than or equal to 10&#xD;
&#xD;
        4.1.14. 3+ expression of HER-2/neu from original pathology (diagnostic) tumor sample by&#xD;
        Immunohistochemistry (IHC) or 2+ expression by IHC with gene amplification by fluorescence&#xD;
        in situ hybridization (FISH).&#xD;
&#xD;
        4.1.15. Patients will be eligible even if they have failed treatment for metastatic breast&#xD;
        cancer with trastuzumab and a chemotherapy agent other than vinorelbine or if they have&#xD;
        progressed within 12 months of receiving adjuvant chemotherapy using trastuzumab and a&#xD;
        taxane.&#xD;
&#xD;
        4.2 Exclusion Criteria&#xD;
&#xD;
        4.2.1 Patients with any serious medical, cardiac, or psychiatric condition which, in the&#xD;
        opinion of the investigator, would make the patient unsuitable for study participation or&#xD;
        would impede probable compliance with the protocol.&#xD;
&#xD;
        4.2.2 Patients with central nervous system metastases must have stable disease for at least&#xD;
        3 months prior to study entry.&#xD;
&#xD;
        4.2.3 Patient is currently taking steroid medications. Systemic steroid treatment is not&#xD;
        allowed.&#xD;
&#xD;
        4.2.4 Patients that have failed prior therapy with vinorelbine + trastuzumab will not be&#xD;
        eligible for therapy.&#xD;
&#xD;
        4.2.5 Patient has received hormonal or cytotoxic chemotherapy within 14 days of apheresis&#xD;
        and within 28-30 days prior to study treatment.&#xD;
      </textblock>
    </criteria>
    <gender>All</gender>
    <minimum_age>18 Years</minimum_age>
    <maximum_age>N/A</maximum_age>
    <healthy_volunteers>No</healthy_volunteers>
  </eligibility>
  <overall_official>
    <last_name>Jonathan S. Serody, MD</last_name>
    <role>Principal Investigator</role>
    <affiliation>UNC Lineberger Comprehensive Cancer Center</affiliation>
  </overall_official>
  <location>
    <facility>
      <name>Lineberger Comprehensive Cancer Center at University of North Carolina - Chapel Hill</name>
      <address>
        <city>Chapel Hill</city>
        <state>North Carolina</state>
        <zip>27599-7295</zip>
        <country>United States</country>
      </address>
    </facility>
  </location>
  <location_countries>
    <country>United States</country>
  </location_countries>
  <link>
    <url>http://www.unclineberger.org</url>
    <description>web address for Lineberger Comprehensive Cancer Center, University of North Carolina (UNC)</description>
  </link>
  <verification_date>August 2018</verification_date>
  <study_first_submitted>December 13, 2005</study_first_submitted>
  <study_first_submitted_qc>December 13, 2005</study_first_submitted_qc>
  <study_first_posted type="Estimate">December 15, 2005</study_first_posted>
  <results_first_submitted>March 28, 2017</results_first_submitted>
  <results_first_submitted_qc>March 28, 2017</results_first_submitted_qc>
  <results_first_posted type="Actual">May 9, 2017</results_first_posted>
  <last_update_submitted>August 14, 2018</last_update_submitted>
  <last_update_submitted_qc>August 14, 2018</last_update_submitted_qc>
  <last_update_posted type="Actual">September 12, 2018</last_update_posted>
  <responsible_party>
    <responsible_party_type>Sponsor</responsible_party_type>
  </responsible_party>
  <keyword>stage IV breast cancer</keyword>
  <keyword>recurrent breast cancer</keyword>
  <condition_browse>
    <!-- CAUTION:  The following MeSH terms are assigned with an imperfect algorithm            -->
    <mesh_term>Breast Neoplasms</mesh_term>
  </condition_browse>
  <intervention_browse>
    <!-- CAUTION:  The following MeSH terms are assigned with an imperfect algorithm            -->
    <mesh_term>Trastuzumab</mesh_term>
    <mesh_term>Vinorelbine</mesh_term>
    <mesh_term>Sargramostim</mesh_term>
  </intervention_browse>

  <clinical_results>

    <participant_flow>
      <recruitment_details>Participants were recruited from University of North Carolina (UNC) at Chapel Hill.</recruitment_details>
      <pre_assignment_details>105 patients were consented for this study, 103 were on-study, and 17 began treatment.</pre_assignment_details>
      <group_list>
        <group group_id="P1">
          <title>Dendritic Cell Vaccine</title>
          <description>Therapeutic autologous dendritic cells (Dendritic Cell Vaccine) i.d. injection, 20 x 106 DCs given per treatment Trastuzumab infusion Vinorelbine ditartrate infusion&#xD;
Sargramostim: All patients will receive Leukine (GM-CSF) at 250 mcg/m2 starting one day after the administration of chemotherapy x 7 days. Patients with neutrophil counts below 1,000/mm3 on day 8 will continue GM-CSF therapy until the neutrophil count is greater than 1,000/mm3.&#xD;
Therapeutic autologous dendritic cells: patients will receive (10 x 106) peptide-pulsed dendritic cells (DCs) given by i.d injection into either axilla or the inguinal region with each peptide given into a separate site. The total dose will be 20 x 106 DCs given per treatment.&#xD;
Trastuzumab: Trastuzumab will be infused in the side-port of a freely flowing IV over 90 minutes and at 6mg/kg if the subject has not previously received Trastuzumab, or if it has been more than 30 days since any prior trastuzumab administration.</description>
        </group>
      </group_list>
      <period_list>
        <period>
          <title>Overall Study</title>
          <milestone_list>
            <milestone>
              <title>STARTED</title>
              <participants_list>
                <participants group_id="P1" count="17"/>
              </participants_list>
            </milestone>
            <milestone>
              <title>COMPLETED</title>
              <participants_list>
                <participants group_id="P1" count="10"/>
              </participants_list>
            </milestone>
            <milestone>
              <title>NOT COMPLETED</title>
              <participants_list>
                <participants group_id="P1" count="7"/>
              </participants_list>
            </milestone>
          </milestone_list>
        </period>
      </period_list>
    </participant_flow>

    <baseline>
      <group_list>
        <group group_id="B1">
          <title>Dendritic Cell Vaccine</title>
          <description>Therapeutic autologous dendritic cells (Dendritic Cell Vaccine) i.d. injection, 20 x 106 DCs given per treatment Trastuzumab infusion Vinorelbine ditartrate infusion&#xD;
sargramostim: All patients will receive Leukine (GM-CSF) at 250 mcg/m2 starting one day after the administration of chemotherapy x 7 days. Patients with neutrophil counts below 1,000/mm3 on day 8 will continue GM-CSF therapy until the neutrophil count is greater than 1,000/mm3.&#xD;
therapeutic autologous dendritic cells: patients will receive (10 x 106) peptide-pulsed DCs given by i.d injection into either axilla or the inguinal region with each peptide given into a separate site. The total dose will be 20 x 106 DCs given per treatment.&#xD;
trastuzumab: Trastuzumab will be infused in the side-port of a freely flowing IV over 90 minutes and at 6mg/kg if the subject has not previously received Trastuzumab, or if it has been more than 30 days since any prior trastuzumab administration.</description>
        </group>
      </group_list>
      <analyzed_list>
        <analyzed>
          <units>Participants</units>
          <scope>Overall</scope>
          <count_list>
            <count group_id="B1" value="17"/>
          </count_list>
        </analyzed>
      </analyzed_list>
      <measure_list>
        <measure>
          <title>Age</title>
          <units>years</units>
          <param>Mean</param>
          <dispersion>Full Range</dispersion>
          <class_list>
            <class>
              <category_list>
                <category>
                  <measurement_list>
                    <measurement group_id="B1" value="65.18" lower_limit="47" upper_limit="80"/>
                  </measurement_list>
                </category>
              </category_list>
            </class>
          </class_list>
        </measure>
        <measure>
          <title>Sex: Female, Male</title>
          <units>Participants</units>
          <param>Count of Participants</param>
          <class_list>
            <class>
              <category_list>
                <category>
                  <title>Female</title>
                  <measurement_list>
                    <measurement group_id="B1" value="17"/>
                  </measurement_list>
                </category>
                <category>
                  <title>Male</title>
                  <measurement_list>
                    <measurement group_id="B1" value="0"/>
                  </measurement_list>
                </category>
              </category_list>
            </class>
          </class_list>
        </measure>
        <measure>
          <title>Race (NIH/OMB)</title>
          <units>Participants</units>
          <param>Count of Participants</param>
          <class_list>
            <class>
              <category_list>
                <category>
                  <title>American Indian or Alaska Native</title>
                  <measurement_list>
                    <measurement group_id="B1" value="0"/>
                  </measurement_list>
                </category>
                <category>
                  <title>Asian</title>
                  <measurement_list>
                    <measurement group_id="B1" value="0"/>
                  </measurement_list>
                </category>
                <category>
                  <title>Native Hawaiian or Other Pacific Islander</title>
                  <measurement_list>
                    <measurement group_id="B1" value="0"/>
                  </measurement_list>
                </category>
                <category>
                  <title>Black or African American</title>
                  <measurement_list>
                    <measurement group_id="B1" value="1"/>
                  </measurement_list>
                </category>
                <category>
                  <title>White</title>
                  <measurement_list>
                    <measurement group_id="B1" value="16"/>
                  </measurement_list>
                </category>
                <category>
                  <title>More than one race</title>
                  <measurement_list>
                    <measurement group_id="B1" value="0"/>
                  </measurement_list>
                </category>
                <category>
                  <title>Unknown or Not Reported</title>
                  <measurement_list>
                    <measurement group_id="B1" value="0"/>
                  </measurement_list>
                </category>
              </category_list>
            </class>
          </class_list>
        </measure>
        <measure>
          <title>Region of Enrollment</title>
          <units>Participants</units>
          <param>Count of Participants</param>
          <class_list>
            <class>
              <title>United States</title>
              <category_list>
                <category>
                  <measurement_list>
                    <measurement group_id="B1" value="17"/>
                  </measurement_list>
                </category>
              </category_list>
            </class>
          </class_list>
        </measure>
      </measure_list>
    </baseline>

    <outcome_list>
      <outcome>
        <type>Primary</type>
        <title>Number of Participants With Response</title>
        <description>Response: Per Response Evaluation Criteria In Solid Tumors Criteria (RECIST v1.0) for target lesions and assessed: Complete Response (CR), Disappearance of all target lesions; Partial Response (PR), &gt;=30% decrease in the sum of the longest diameter of target lesions; Overall Response (OR) = CR + PR.</description>
        <time_frame>5-6 years</time_frame>
        <group_list>
          <group group_id="O1">
            <title>Dendritic Cell Vaccine</title>
            <description>Therapeutic autologous dendritic cells (Dendritic Cell Vaccine) i.d. injection, 20 x 106 DCs given per treatment Trastuzumab infusion Vinorelbine ditartrate infusion&#xD;
sargramostim: All patients will receive Leukine (GM-CSF) at 250 mcg/m2 starting one day after the administration of chemotherapy x 7 days. Patients with neutrophil counts below 1,000/mm3 on day 8 will continue GM-CSF therapy until the neutrophil count is greater than 1,000/mm3.&#xD;
therapeutic autologous dendritic cells: patients will receive (10 x 106) peptide-pulsed DCs given by i.d injection into either axilla or the inguinal region with each peptide given into a separate site. The total dose will be 20 x 106 DCs given per treatment.&#xD;
trastuzumab: Trastuzumab will be infused in the side-port of a freely flowing IV over 90 minutes and at 6mg/kg if the subject has not previously received Trastuzumab, or if it has been more than 30 days since any prior trastuzumab administration.</description>
          </group>
        </group_list>
        <measure>
          <title>Number of Participants With Response</title>
          <description>Response: Per Response Evaluation Criteria In Solid Tumors Criteria (RECIST v1.0) for target lesions and assessed: Complete Response (CR), Disappearance of all target lesions; Partial Response (PR), &gt;=30% decrease in the sum of the longest diameter of target lesions; Overall Response (OR) = CR + PR.</description>
          <units>Participants</units>
          <param>Count of Participants</param>
          <analyzed_list>
            <analyzed>
              <units>Participants</units>
              <scope>Measure</scope>
              <count_list>
                <count group_id="O1" value="17"/>
              </count_list>
            </analyzed>
          </analyzed_list>
          <class_list>
            <class>
              <category_list>
                <category>
                  <measurement_list>
                    <measurement group_id="O1" value="0"/>
                  </measurement_list>
                </category>
              </category_list>
            </class>
          </class_list>
        </measure>
      </outcome>
      <outcome>
        <type>Secondary</type>
        <title>Generation of E75/E90 Tetramer-positive CD8+ T Cells</title>
        <description>Evaluate the ability of peptide-pulsed dendritic cells plus trastuzumab to induce functional antigen specific T cells. Measured by percentage of intracellular cytokine staining for E75/E90 tetramer-positive CD8+ T cells</description>
        <time_frame>13 weeks</time_frame>
        <population>One patient failed to have blood drawn for correlative studies following second vaccine.</population>
        <group_list>
          <group group_id="O1">
            <title>Dendritic Cell Vaccine</title>
            <description>Experimental: Dendritic Cell Vaccine&#xD;
Therapeutic autologous dendritic cells (Dendritic Cell Vaccine) i.d. injection, 20 x 106 DCs given per treatment Trastuzumab infusion Vinorelbine ditartrate infusion</description>
          </group>
        </group_list>
        <measure>
          <title>Generation of E75/E90 Tetramer-positive CD8+ T Cells</title>
          <description>Evaluate the ability of peptide-pulsed dendritic cells plus trastuzumab to induce functional antigen specific T cells. Measured by percentage of intracellular cytokine staining for E75/E90 tetramer-positive CD8+ T cells</description>
          <population>One patient failed to have blood drawn for correlative studies following second vaccine.</population>
          <units>Percentage</units>
          <param>Mean</param>
          <dispersion>Full Range</dispersion>
          <analyzed_list>
            <analyzed>
              <units>Participants</units>
              <scope>Measure</scope>
              <count_list>
                <count group_id="O1" value="16"/>
              </count_list>
            </analyzed>
          </analyzed_list>
          <class_list>
            <class>
              <category_list>
                <category>
                  <measurement_list>
                    <measurement group_id="O1" value="3.63" lower_limit=".17" upper_limit="19.4"/>
                  </measurement_list>
                </category>
              </category_list>
            </class>
          </class_list>
        </measure>
      </outcome>
      <outcome>
        <type>Secondary</type>
        <title>Generation of Interferon Gamma Positive CD8+T Cells</title>
        <description>Evaluate the ability of peptide-pulsed dendritic cells plus trastuzumab to induce functional antigen specific T cells. Measured by percentage of intracellular cytokine staining for interferon gamma positive CD8+ T cells</description>
        <time_frame>13 weeks</time_frame>
        <population>Three subjects had insufficient samples due to early withdraw from study, and one subject was removed from study before the vaccine was administered.</population>
        <group_list>
          <group group_id="O1">
            <title>Dendritic Cell Vaccine</title>
            <description>Experimental: Dendritic Cell Vaccine&#xD;
Therapeutic autologous dendritic cells (Dendritic Cell Vaccine) i.d. injection, 20 x 106 DCs given per treatment Trastuzumab infusion Vinorelbine ditartrate infusion</description>
          </group>
        </group_list>
        <measure>
          <title>Generation of Interferon Gamma Positive CD8+T Cells</title>
          <description>Evaluate the ability of peptide-pulsed dendritic cells plus trastuzumab to induce functional antigen specific T cells. Measured by percentage of intracellular cytokine staining for interferon gamma positive CD8+ T cells</description>
          <population>Three subjects had insufficient samples due to early withdraw from study, and one subject was removed from study before the vaccine was administered.</population>
          <units>percentage of cells</units>
          <param>Mean</param>
          <dispersion>Full Range</dispersion>
          <analyzed_list>
            <analyzed>
              <units>Participants</units>
              <scope>Measure</scope>
              <count_list>
                <count group_id="O1" value="13"/>
              </count_list>
            </analyzed>
          </analyzed_list>
          <class_list>
            <class>
              <category_list>
                <category>
                  <measurement_list>
                    <measurement group_id="O1" value="15.99" lower_limit="0.93" upper_limit="36.7"/>
                  </measurement_list>
                </category>
              </category_list>
            </class>
          </class_list>
        </measure>
      </outcome>
    </outcome_list>

    <reported_events>
      <time_frame>Toxicity was assessed for 16 weeks.</time_frame>
      <group_list>
        <group group_id="E1">
          <title>Dendritic Cell Vaccine</title>
          <description>Therapeutic autologous dendritic cells (Dendritic Cell Vaccine) i.d. injection, 20 x 106 DCs given per treatment Trastuzumab infusion Vinorelbine ditartrate infusion&#xD;
sargramostim: All patients will receive Leukine (GM-CSF) at 250 mcg/m2 starting one day after the administration of chemotherapy x 7 days. Patients with neutrophil counts below 1,000/mm3 on day 8 will continue GM-CSF therapy until the neutrophil count is greater than 1,000/mm3.&#xD;
therapeutic autologous dendritic cells: patients will receive (10 x 106) peptide-pulsed DCs given by i.d injection into either axilla or the inguinal region with each peptide given into a separate site. The total dose will be 20 x 106 DCs given per treatment.&#xD;
trastuzumab: Trastuzumab will be infused in the side-port of a freely flowing IV over 90 minutes and at 6mg/kg if the subject has not previously received Trastuzumab, or if it has been more than 30 days since any prior trastuzumab administration.</description>
        </group>
      </group_list>
      <serious_events>
        <default_vocab>CTCAE (3.0)</default_vocab>
        <default_assessment>Non-systematic Assessment</default_assessment>
        <category_list>
          <category>
            <title>Total</title>
            <event_list>
              <event>
                <sub_title>Total, all-cause mortality</sub_title>
                <counts group_id="E1" subjects_affected="15" subjects_at_risk="17"/>
              </event>
              <event>
                <sub_title>Total, serious adverse events</sub_title>
                <counts group_id="E1" subjects_affected="2" subjects_at_risk="17"/>
              </event>
            </event_list>
          </category>
          <category>
            <title>Gastrointestinal disorders</title>
            <event_list>
              <event>
                <sub_title>Nausea</sub_title>
                <counts group_id="E1" subjects_affected="1" subjects_at_risk="17"/>
              </event>
              <event>
                <sub_title>Pain - Abdomen NOS</sub_title>
                <counts group_id="E1" subjects_affected="1" subjects_at_risk="17"/>
              </event>
              <event>
                <sub_title>Constipation</sub_title>
                <counts group_id="E1" subjects_affected="1" subjects_at_risk="17"/>
              </event>
            </event_list>
          </category>
        </category_list>
      </serious_events>
      <other_events>
        <frequency_threshold>0</frequency_threshold>
        <default_vocab>CTCAE (3.0)</default_vocab>
        <default_assessment>Non-systematic Assessment</default_assessment>
        <category_list>
          <category>
            <title>Total</title>
            <event_list>
              <event>
                <sub_title>Total, other adverse events</sub_title>
                <counts group_id="E1" subjects_affected="12" subjects_at_risk="17"/>
              </event>
            </event_list>
          </category>
          <category>
            <title>Blood and lymphatic system disorders</title>
            <event_list>
              <event>
                <sub_title>Hemoglobin</sub_title>
                <counts group_id="E1" subjects_affected="5" subjects_at_risk="17"/>
              </event>
            </event_list>
          </category>
          <category>
            <title>Gastrointestinal disorders</title>
            <event_list>
              <event>
                <sub_title>Diarrhea</sub_title>
                <counts group_id="E1" subjects_affected="1" subjects_at_risk="17"/>
              </event>
              <event>
                <sub_title>Heartburn/dyspepsia</sub_title>
                <counts group_id="E1" subjects_affected="1" subjects_at_risk="17"/>
              </event>
              <event>
                <sub_title>Pain - Abdomen NOS</sub_title>
                <counts group_id="E1" subjects_affected="1" subjects_at_risk="17"/>
              </event>
            </event_list>
          </category>
          <category>
            <title>General disorders</title>
            <event_list>
              <event>
                <sub_title>Fatigue (asthenia, lethargy, malaise)</sub_title>
                <counts group_id="E1" subjects_affected="6" subjects_at_risk="17"/>
              </event>
              <event>
                <sub_title>Fever (in the absence of neutropenia, where neutropenia is defined as ANC &lt;1.0 x 10e9/L)</sub_title>
                <counts group_id="E1" subjects_affected="1" subjects_at_risk="17"/>
              </event>
              <event>
                <sub_title>Injection site reaction/extravasation changes</sub_title>
                <counts group_id="E1" subjects_affected="1" subjects_at_risk="17"/>
              </event>
              <event>
                <sub_title>Rigors/chills</sub_title>
                <counts group_id="E1" subjects_affected="1" subjects_at_risk="17"/>
              </event>
            </event_list>
          </category>
          <category>
            <title>Infections and infestations</title>
            <event_list>
              <event>
                <sub_title>Infection with normal ANC or Grade 1 or 2 neutrophils - Abdomen NOS</sub_title>
                <counts group_id="E1" subjects_affected="1" subjects_at_risk="17"/>
              </event>
              <event>
                <sub_title>Infection with normal ANC or Grade 1 or 2 neutrophils - Upper airway NOS</sub_title>
                <counts group_id="E1" subjects_affected="1" subjects_at_risk="17"/>
              </event>
            </event_list>
          </category>
          <category>
            <title>Investigations</title>
            <event_list>
              <event>
                <sub_title>ALT, SGPT (serum glutamic pyruvic transaminase)</sub_title>
                <counts group_id="E1" subjects_affected="1" subjects_at_risk="17"/>
              </event>
              <event>
                <sub_title>AST, SGOT(serum glutamic oxaloacetic transaminase)</sub_title>
                <counts group_id="E1" subjects_affected="1" subjects_at_risk="17"/>
              </event>
              <event>
                <sub_title>Creatinine</sub_title>
                <counts group_id="E1" subjects_affected="1" subjects_at_risk="17"/>
              </event>
              <event>
                <sub_title>Leukocytes (total WBC)</sub_title>
                <counts group_id="E1" subjects_affected="4" subjects_at_risk="17"/>
              </event>
              <event>
                <sub_title>Neutrophils/granulocytes (ANC/AGC)</sub_title>
                <counts group_id="E1" subjects_affected="3" subjects_at_risk="17"/>
              </event>
              <event>
                <sub_title>Platelets</sub_title>
                <counts group_id="E1" subjects_affected="1" subjects_at_risk="17"/>
              </event>
              <event>
                <sub_title>Weight loss</sub_title>
                <counts group_id="E1" subjects_affected="1" subjects_at_risk="17"/>
              </event>
            </event_list>
          </category>
          <category>
            <title>Metabolism and nutrition disorders</title>
            <event_list>
              <event>
                <sub_title>Albumin, serum-low (hypoalbuminemia)</sub_title>
                <counts group_id="E1" subjects_affected="1" subjects_at_risk="17"/>
              </event>
              <event>
                <sub_title>Anorexia</sub_title>
                <counts group_id="E1" subjects_affected="1" subjects_at_risk="17"/>
              </event>
              <event>
                <sub_title>Calcium, serum-low (hypocalcemia)</sub_title>
                <counts group_id="E1" subjects_affected="3" subjects_at_risk="17"/>
              </event>
              <event>
                <sub_title>Glucose, serum-high (hyperglycemia)</sub_title>
                <counts group_id="E1" subjects_affected="2" subjects_at_risk="17"/>
              </event>
              <event>
                <sub_title>Magnesium, serum-high (hypermagnesemia)</sub_title>
                <counts group_id="E1" subjects_affected="1" subjects_at_risk="17"/>
              </event>
              <event>
                <sub_title>Magnesium, serum-low (hypomagnesemia)</sub_title>
                <counts group_id="E1" subjects_affected="2" subjects_at_risk="17"/>
              </event>
              <event>
                <sub_title>Potassium, serum-high (hyperkalemia)</sub_title>
                <counts group_id="E1" subjects_affected="4" subjects_at_risk="17"/>
              </event>
              <event>
                <sub_title>Sodium, serum-low (hyponatremia)</sub_title>
                <counts group_id="E1" subjects_affected="4" subjects_at_risk="17"/>
              </event>
            </event_list>
          </category>
          <category>
            <title>Musculoskeletal and connective tissue disorders</title>
            <event_list>
              <event>
                <sub_title>Pain - Back</sub_title>
                <counts group_id="E1" subjects_affected="2" subjects_at_risk="17"/>
              </event>
              <event>
                <sub_title>Pain - Bone</sub_title>
                <counts group_id="E1" subjects_affected="1" subjects_at_risk="17"/>
              </event>
              <event>
                <sub_title>Pain - Extremity-limb</sub_title>
                <counts group_id="E1" subjects_affected="1" subjects_at_risk="17"/>
              </event>
              <event>
                <sub_title>Pain - Muscle</sub_title>
                <counts group_id="E1" subjects_affected="1" subjects_at_risk="17"/>
              </event>
              <event>
                <sub_title>Pain - Neck</sub_title>
                <counts group_id="E1" subjects_affected="1" subjects_at_risk="17"/>
              </event>
            </event_list>
          </category>
          <category>
            <title>Nervous system disorders</title>
            <event_list>
              <event>
                <sub_title>Neuropathy: sensory</sub_title>
                <counts group_id="E1" subjects_affected="2" subjects_at_risk="17"/>
              </event>
              <event>
                <sub_title>Speech impairment (e.g., dysphasia or aphasia)</sub_title>
                <counts group_id="E1" subjects_affected="1" subjects_at_risk="17"/>
              </event>
              <event>
                <sub_title>Taste alteration (dysgeusia)</sub_title>
                <counts group_id="E1" subjects_affected="1" subjects_at_risk="17"/>
              </event>
            </event_list>
          </category>
          <category>
            <title>Psychiatric disorders</title>
            <event_list>
              <event>
                <sub_title>Insomnia</sub_title>
                <counts group_id="E1" subjects_affected="1" subjects_at_risk="17"/>
              </event>
              <event>
                <sub_title>Mood alteration - Anxiety</sub_title>
                <counts group_id="E1" subjects_affected="1" subjects_at_risk="17"/>
              </event>
            </event_list>
          </category>
          <category>
            <title>Respiratory, thoracic and mediastinal disorders</title>
            <event_list>
              <event>
                <sub_title>Allergic rhinitis (including sneezing, nasal stuffiness, postnasal drip)</sub_title>
                <counts group_id="E1" subjects_affected="1" subjects_at_risk="17"/>
              </event>
              <event>
                <sub_title>Dyspnea (shortness of breath)</sub_title>
                <counts group_id="E1" subjects_affected="2" subjects_at_risk="17"/>
              </event>
            </event_list>
          </category>
          <category>
            <title>Skin and subcutaneous tissue disorders</title>
            <event_list>
              <event>
                <sub_title>Urticaria (hives, welts, wheals)</sub_title>
                <counts group_id="E1" subjects_affected="2" subjects_at_risk="17"/>
              </event>
            </event_list>
          </category>
          <category>
            <title>Vascular disorders</title>
            <event_list>
              <event>
                <sub_title>Hypotension</sub_title>
                <counts group_id="E1" subjects_affected="1" subjects_at_risk="17"/>
              </event>
            </event_list>
          </category>
        </category_list>
      </other_events>
    </reported_events>

    <certain_agreements>
      <pi_employee>All Principal Investigators ARE employed by the organization sponsoring the study.</pi_employee>
      <restrictive_agreement>There is NOT an agreement between Principal Investigators and the Sponsor (or its agents) that restricts the PI's rights to discuss or publish trial results after the trial is completed. </restrictive_agreement>
    </certain_agreements>
    <point_of_contact>
      <name_or_title>Robin V. Johnson</name_or_title>
      <organization>UNC Lineberger Comprehensive Cancer Center</organization>
      <phone>919-966-1125</phone>
      <email>Robin_V_Johnson@med.unc.edu</email>
    </point_of_contact>
  </clinical_results>
</clinical_study>

