{"protocolSection":{"identificationModule":{"nctId":"NCT03190720","orgStudyIdInfo":{"id":"2017-0328"},"organization":{"fullName":"Asan Medical Center","class":"OTHER"},"briefTitle":"Development of Exercise Promotion Program Using a Mobile Community","officialTitle":"Development of Exercise Promotion Program Using a Mobile Community Based on a Smart Phone Application in Breast Cancer Survivors"},"statusModule":{"statusVerifiedDate":"2019-01","overallStatus":"COMPLETED","expandedAccessInfo":{"hasExpandedAccess":false},"startDateStruct":{"date":"2018-01-30","type":"ACTUAL"},"primaryCompletionDateStruct":{"date":"2018-10-31","type":"ACTUAL"},"completionDateStruct":{"date":"2018-12-31","type":"ACTUAL"},"studyFirstSubmitDate":"2017-06-12","studyFirstSubmitQcDate":"2017-06-15","studyFirstPostDateStruct":{"date":"2017-06-19","type":"ACTUAL"},"lastUpdateSubmitDate":"2019-01-08","lastUpdatePostDateStruct":{"date":"2019-01-10","type":"ACTUAL"}},"sponsorCollaboratorsModule":{"responsibleParty":{"type":"PRINCIPAL_INVESTIGATOR","investigatorFullName":"Il Yong Chung","investigatorTitle":"Clinical Assistant Professor","investigatorAffiliation":"Asan Medical Center"},"leadSponsor":{"name":"Asan Medical Center","class":"OTHER"}},"oversightModule":{"oversightHasDmc":false,"isFdaRegulatedDrug":false,"isFdaRegulatedDevice":false},"descriptionModule":{"briefSummary":"This study aims to investigate the effect of a mobile community based on a smart phone application to enhance physical activities of breast cancer survivors."},"conditionsModule":{"conditions":["Breast Cancer","Physical Activity"]},"designModule":{"studyType":"INTERVENTIONAL","phases":["NA"],"designInfo":{"allocation":"NON_RANDOMIZED","interventionModel":"PARALLEL","interventionModelDescription":"two different single-arm study","primaryPurpose":"SUPPORTIVE_CARE","maskingInfo":{"masking":"NONE"}},"enrollmentInfo":{"count":64,"type":"ACTUAL"}},"armsInterventionsModule":{"armGroups":[{"label":"Mobile Community First","type":"EXPERIMENTAL","description":"Participants will be registered to a mobile community at first. After 6 weeks, They will leave the mobile community.","interventionNames":["Device: Mobile community"]},{"label":"Mobile Community Later","type":"EXPERIMENTAL","description":"Participants will not be registered to a mobile community at first. After 6 weeks, They will be registered to the mobile community.","interventionNames":["Device: Mobile community"]}],"interventions":[{"type":"DEVICE","name":"Mobile community","description":"A mobile community based on smartphone application (WalkOn) which gives participants to information about their own steps and others'.","armGroupLabels":["Mobile Community First","Mobile Community Later"]}]},"outcomesModule":{"primaryOutcomes":[{"measure":"Distress","description":"Assessment using Patient Health Questionnaire (PHQ-9)","timeFrame":"up to 3months"}],"secondaryOutcomes":[{"measure":"Physical activity","description":"Assessment using International Physical Activity Questionnaire (IPAQ)","timeFrame":"up to 3months"}]},"eligibilityModule":{"eligibilityCriteria":"Inclusion Criteria:\n\n* Stage 0-III breast cancer\n\nExclusion Criteria:\n\n* Stage IV breast cancer\n* Breast cancer recurrence or metastasis\n* Severe medical illness","healthyVolunteers":false,"sex":"FEMALE","minimumAge":"20 Years","maximumAge":"60 Years","stdAges":["ADULT"]},"contactsLocationsModule":{"locations":[{"facility":"Asan Medical Center","city":"Seoul","state":"Korea","zip":"05505","country":"Korea, Republic of","geoPoint":{"lat":37.566,"lon":126.9784}}],"locations_nested":[{"facility":"Asan Medical Center","city":"Seoul","state":"Korea","zip":"05505","country":"Korea, Republic of","geoPoint":{"lat":37.566,"lon":126.9784}}]},"referencesModule":{"references":[{"pmid":"31998651","type":"DERIVED","citation":"Chung IY, Jung M, Park YR, Cho D, Chung H, Min YH, Park HJ, Lee M, Lee SB, Chung S, Son BH, Ahn SH, Lee JW. Exercise Promotion and Distress Reduction Using a Mobile App-Based Community in Breast Cancer Survivors. Front Oncol. 2020 Jan 10;9:1505. doi: 10.3389/fonc.2019.01505. eCollection 2019."}]},"ipdSharingStatementModule":{"ipdSharing":"NO"}},"derivedSection":{"miscInfoModule":{"versionHolder":"2023-07-03","modelPredictions":{"bmiLimits":{"minBmi":0.00,"maxBmi":101.00}}},"conditionBrowseModule":{"meshes":[{"id":"D000001943","term":"Breast Neoplasms"}],"ancestors":[{"id":"D000009371","term":"Neoplasms by Site"},{"id":"D000009369","term":"Neoplasms"},{"id":"D000001941","term":"Breast Diseases"},{"id":"D000012871","term":"Skin Diseases"}],"browseLeaves":[{"id":"M4910","name":"Breast Neoplasms","asFound":"Breast Cancer","relevance":"HIGH"},{"id":"M4908","name":"Breast Diseases","relevance":"LOW"},{"id":"M15364","name":"Skin Diseases","relevance":"LOW"}],"browseBranches":[{"abbrev":"BC04","name":"Neoplasms"},{"abbrev":"BC17","name":"Skin and Connective Tissue Diseases"},{"abbrev":"All","name":"All Conditions"}]},"interventionBrowseModule":{}},"hasResults":false}