<?xml version="1.0" encoding="UTF-8"?>
<clinical_study rank="120">
  <!-- This xml conforms to an XML Schema at:
    https://clinicaltrials.gov/ct2/html/images/info/public.xsd -->
  <required_header>
    <download_date>ClinicalTrials.gov processed this data on May 26, 2023</download_date>
    <link_text>Link to the current ClinicalTrials.gov record.</link_text>
    <url>https://clinicaltrials.gov/show/NCT01914614</url>
  </required_header>
  <id_info>
    <org_study_id>IRB # 13-0560-P3H</org_study_id>
    <secondary_id>K12DA035150</secondary_id>
    <nct_id>NCT01914614</nct_id>
  </id_info>
  <brief_title>A Pilot Study of Working Women and Breast Cancer</brief_title>
  <official_title>A Pilot Study of Working Women and Breast Cancer</official_title>
  <sponsors>
    <lead_sponsor>
      <agency>Robin Vanderpool</agency>
      <agency_class>Other</agency_class>
    </lead_sponsor>
    <collaborator>
      <agency>National Institute on Drug Abuse (NIDA)</agency>
      <agency_class>NIH</agency_class>
    </collaborator>
  </sponsors>
  <source>University of Kentucky</source>
  <oversight_info>
    <has_dmc>No</has_dmc>
  </oversight_info>
  <brief_summary>
    <textblock>
      The purpose of this research is to better understand the relationship between employment and&#xD;
      breast cancer. Research is being conducted to understand how workplace factors influence&#xD;
      breast cancer patients' ability to adhere to recommended cancer treatment and effectively&#xD;
      recover from cancer. Investigators hope to use the findings from the study to help working&#xD;
      breast cancer survivors make informed decisions about treatment and employment in&#xD;
      collaboration with their employers and healthcare providers.&#xD;
    </textblock>
  </brief_summary>
  <detailed_description>
    <textblock>
      Patients enrolled will be interviewed three times over a six month period. They will be asked&#xD;
      questions about their experiences in managing their cancer while taking care of their job&#xD;
      responsibilities. Patients will be asked to complete a survey that asks questions about their&#xD;
      breast cancer treatment, their job, and how they manage their responsibilities while&#xD;
      undergoing cancer treatment.&#xD;
&#xD;
      The first initial meeting will be conducted at a time and location that is convenient for the&#xD;
      patient. This meeting should last about an hour to an hour and a half.&#xD;
&#xD;
      Three and six months after the initial interview, study participants will be asked to&#xD;
      complete a follow-up survey by either telephone or Internet/Web, depending on their&#xD;
      preference. These telephone surveys will last between 15-30 minutes.&#xD;
    </textblock>
  </detailed_description>
  <overall_status>Completed</overall_status>
  <start_date>November 2013</start_date>
  <completion_date type="Actual">April 2015</completion_date>
  <primary_completion_date type="Actual">April 2015</primary_completion_date>
  <study_type>Observational</study_type>
  <has_expanded_access>No</has_expanded_access>
  <study_design_info>
    <time_perspective>Prospective</time_perspective>
  </study_design_info>
  <primary_outcome>
    <measure>Guideline concordant breast cancer treatment as defined by National Comprehensive Cancer Network (NCCN) Clinical Practice Guidelines in Oncology and oncologist assessments.</measure>
    <time_frame>6 months</time_frame>
    <description>Differences in receipt of guideline-concordant breast cancer treatment between working poor and working non-poor survivors as explained by variations in occupation and work organization factors associated with each group of women. Guideline-concordant treatment will be informed by National Comprehensive Cancer Network (NCCN) Clinical Practice Guidelines in Oncology and oncologist assessments.</description>
  </primary_outcome>
  <secondary_outcome>
    <measure>Breast cancer treatment adherence, including completion of prescribed chemotherapy regimens, prescribed radiation treatment regimen, and/or surgical follow-up appointments.</measure>
    <time_frame>6 months</time_frame>
    <description>Differences in breast cancer treatment adherence rates between working poor and non-poor survivors as explained by variations in occupation and work organization factors associated with each group of women.</description>
  </secondary_outcome>
  <secondary_outcome>
    <measure>Satisfaction with breast cancer treatment decision-making</measure>
    <time_frame>6 months</time_frame>
    <description>Differences in satisfaction with breast cancer treatment decision-making between working poor and working non-poor survivors as explained by variations in occupation and work organization factors associated with each group of women.</description>
  </secondary_outcome>
  <secondary_outcome>
    <measure>Quality of life</measure>
    <time_frame>6 months</time_frame>
    <description>Differences in quality of life measures between working poor and working non-poor survivors explained by variations in occupation and work organization factors associated with each group of women.</description>
  </secondary_outcome>
  <number_of_groups>2</number_of_groups>
  <enrollment type="Actual">22</enrollment>
  <condition>Breast Cancer</condition>
  <arm_group>
    <arm_group_label>Working Poor Survivors</arm_group_label>
    <description>Low Wage workers</description>
  </arm_group>
  <arm_group>
    <arm_group_label>Non-Working Poor Survivors</arm_group_label>
    <description>Higher-Wage Salary Workers</description>
  </arm_group>
  <eligibility>
    <study_pop>
      <textblock>
        Women diagnosed with a new, primary breast cancer within 3 months of enrollment and who&#xD;
        were employed at the time of diagnosis.&#xD;
      </textblock>
    </study_pop>
    <sampling_method>Probability Sample</sampling_method>
    <criteria>
      <textblock>
        Inclusion Criteria:&#xD;
&#xD;
          -  Women age 18-65&#xD;
&#xD;
          -  Working at least 20 hours per week&#xD;
&#xD;
          -  Currently patients of the University of Kentucky Markey Cancer Center&#xD;
&#xD;
          -  Are able to read, write, and communicate in English&#xD;
&#xD;
          -  Have reliable telephone or Internet/Web access in or outside the home&#xD;
&#xD;
        Exclusion Criteria:&#xD;
&#xD;
          -  Self-employed&#xD;
&#xD;
          -  Unemployed&#xD;
&#xD;
          -  Cognitively impaired&#xD;
      </textblock>
    </criteria>
    <gender>Female</gender>
    <minimum_age>18 Years</minimum_age>
    <maximum_age>65 Years</maximum_age>
    <healthy_volunteers>No</healthy_volunteers>
  </eligibility>
  <overall_official>
    <last_name>Robin Vanderpool, DrPH</last_name>
    <role>Principal Investigator</role>
    <affiliation>University of Kentucky</affiliation>
  </overall_official>
  <location>
    <facility>
      <name>UK Center for Clinical and Translational Science</name>
      <address>
        <city>Lexington</city>
        <state>Kentucky</state>
        <zip>40536</zip>
        <country>United States</country>
      </address>
    </facility>
  </location>
  <location>
    <facility>
      <name>University of Kentucky Markey Cancer Center</name>
      <address>
        <city>Lexington</city>
        <state>Kentucky</state>
        <zip>40536</zip>
        <country>United States</country>
      </address>
    </facility>
  </location>
  <location_countries>
    <country>United States</country>
  </location_countries>
  <verification_date>May 2015</verification_date>
  <study_first_submitted>July 26, 2013</study_first_submitted>
  <study_first_submitted_qc>August 1, 2013</study_first_submitted_qc>
  <study_first_posted type="Estimate">August 2, 2013</study_first_posted>
  <last_update_submitted>May 26, 2015</last_update_submitted>
  <last_update_submitted_qc>May 26, 2015</last_update_submitted_qc>
  <last_update_posted type="Estimate">May 27, 2015</last_update_posted>
  <responsible_party>
    <responsible_party_type>Sponsor-Investigator</responsible_party_type>
    <investigator_affiliation>University of Kentucky</investigator_affiliation>
    <investigator_full_name>Robin Vanderpool</investigator_full_name>
    <investigator_title>Principal Investigator</investigator_title>
  </responsible_party>
  <keyword>Breast Cancer</keyword>
  <keyword>Working Women</keyword>
  <condition_browse>
    <!-- CAUTION:  The following MeSH terms are assigned with an imperfect algorithm            -->
    <mesh_term>Breast Neoplasms</mesh_term>
  </condition_browse>
  <!-- Results have not yet been posted for this study                                          -->
</clinical_study>

