<?xml version="1.0" encoding="UTF-8"?>
<clinical_study rank="365">
  <!-- This xml conforms to an XML Schema at:
    https://clinicaltrials.gov/ct2/html/images/info/public.xsd -->
  <required_header>
    <download_date>ClinicalTrials.gov processed this data on May 26, 2023</download_date>
    <link_text>Link to the current ClinicalTrials.gov record.</link_text>
    <url>https://clinicaltrials.gov/show/NCT00008320</url>
  </required_header>
  <id_info>
    <org_study_id>NCCTG-N0031</org_study_id>
    <secondary_id>NCI-2012-02368</secondary_id>
    <secondary_id>CDR0000068397</secondary_id>
    <nct_id>NCT00008320</nct_id>
  </id_info>
  <brief_title>Ceramide Cream in Treating Women With Cutaneous Breast Cancer</brief_title>
  <official_title>A Phase II Study Of Topical Ceramide Lipids As Treatment For Cutaneous Breast Cancer</official_title>
  <sponsors>
    <lead_sponsor>
      <agency>Alliance for Clinical Trials in Oncology</agency>
      <agency_class>Other</agency_class>
    </lead_sponsor>
    <collaborator>
      <agency>National Cancer Institute (NCI)</agency>
      <agency_class>NIH</agency_class>
    </collaborator>
  </sponsors>
  <source>Alliance for Clinical Trials in Oncology</source>
  <oversight_info>
    <has_dmc>No</has_dmc>
  </oversight_info>
  <brief_summary>
    <textblock>
      RATIONALE: Drugs used in chemotherapy use different ways to stop tumor cells from dividing so&#xD;
      they stop growing or die.&#xD;
&#xD;
      PURPOSE: Phase II trial to study the effectiveness of ceramide cream in treating women who&#xD;
      have cutaneous breast cancer.&#xD;
    </textblock>
  </brief_summary>
  <detailed_description>
    <textblock>
      OBJECTIVES: I. Determine the objective response rate in women with cutaneous breast cancer&#xD;
      treated with topical ceramide cream. II. Determine the time to progression in patients&#xD;
      treated with this regimen. III. Determine the toxicity of this regimen in these patients. IV.&#xD;
      Assess the quality of life of these patients treated with this regimen.&#xD;
&#xD;
      OUTLINE: Topical ceramide cream is applied to all cutaneous lesions twice daily. Courses&#xD;
      repeat every 28 days in the absence of disease progression or unacceptable toxicity. Quality&#xD;
      of life is assessed at baseline and then at 1 and 3 months. Patients are followed every 3&#xD;
      months for 1 year and then every 6 months for 4 years.&#xD;
    </textblock>
  </detailed_description>
  <overall_status>Completed</overall_status>
  <start_date>January 2001</start_date>
  <completion_date type="Actual">October 2009</completion_date>
  <primary_completion_date type="Actual">April 2002</primary_completion_date>
  <phase>Phase 2</phase>
  <study_type>Interventional</study_type>
  <has_expanded_access>No</has_expanded_access>
  <study_design_info>
    <allocation>N/A</allocation>
    <intervention_model>Single Group Assignment</intervention_model>
    <primary_purpose>Treatment</primary_purpose>
    <masking>None (Open Label)</masking>
  </study_design_info>
  <primary_outcome>
    <measure>response rate</measure>
    <time_frame>up to 5 years</time_frame>
  </primary_outcome>
  <secondary_outcome>
    <measure>time to progression</measure>
    <time_frame>Up to 5 years</time_frame>
  </secondary_outcome>
  <secondary_outcome>
    <measure>quality of life</measure>
    <time_frame>Up to 5 years</time_frame>
  </secondary_outcome>
  <number_of_arms>1</number_of_arms>
  <enrollment type="Actual">26</enrollment>
  <condition>Breast Cancer</condition>
  <arm_group>
    <arm_group_label>ceramide cream</arm_group_label>
    <arm_group_type>Experimental</arm_group_type>
    <description>Topical ceramide cream is applied to all cutaneous lesions twice daily. Courses repeat every 28 days in the absence of disease progression or unacceptable toxicity. Quality of life is assessed at baseline and then at 1 and 3 months. Patients are followed every 3 months for 1 year and then every 6 months for 4 years.</description>
  </arm_group>
  <intervention>
    <intervention_type>Drug</intervention_type>
    <intervention_name>ceramide</intervention_name>
    <arm_group_label>ceramide cream</arm_group_label>
  </intervention>
  <eligibility>
    <criteria>
      <textblock>
        DISEASE CHARACTERISTICS: Histologically or cytologically confirmed cutaneous breast cancer&#xD;
        for which no curative or significantly palliative therapy exists including chest wall&#xD;
        radiotherapy Measurable disease Disease progression after at least 1 hormonal therapy for&#xD;
        estrogen receptor positive disease and after radiotherapy if chest wall disease has been&#xD;
        previously irradiated No infection at site of cutaneous metastatic disease Hormone receptor&#xD;
        status: Estrogen receptor status known&#xD;
&#xD;
        PATIENT CHARACTERISTICS: Age: 18 and over Sex: Female Menopausal status: Not specified&#xD;
        Performance status: ECOG 0-3 Life expectancy: At least 12 weeks Hematopoietic: Not&#xD;
        specified Hepatic: Not specified Renal: Not specified Other: Not pregnant or nursing&#xD;
        Negative pregnancy test Fertile patients must use effective contraception&#xD;
&#xD;
        PRIOR CONCURRENT THERAPY: Biologic therapy: No concurrent biologic therapy during first 2&#xD;
        months of study Chemotherapy: No other concurrent local antineoplastic therapy for&#xD;
        cutaneous disease No concurrent systemic chemotherapy during first 2 months of study&#xD;
        Endocrine therapy: See Disease Characteristics Radiotherapy: See Disease Characteristics At&#xD;
        least 4 weeks since prior radiotherapy No concurrent radiotherapy during first 2 months of&#xD;
        study except for CNS disease Surgery: Not specified&#xD;
      </textblock>
    </criteria>
    <gender>Female</gender>
    <minimum_age>18 Years</minimum_age>
    <maximum_age>N/A</maximum_age>
    <healthy_volunteers>No</healthy_volunteers>
  </eligibility>
  <overall_official>
    <last_name>Aminah Jatoi, MD</last_name>
    <role>Study Chair</role>
    <affiliation>Mayo Clinic</affiliation>
  </overall_official>
  <location>
    <facility>
      <name>CCOP - Scottsdale Oncology Program</name>
      <address>
        <city>Scottsdale</city>
        <state>Arizona</state>
        <zip>85259-5404</zip>
        <country>United States</country>
      </address>
    </facility>
  </location>
  <location>
    <facility>
      <name>CCOP - Carle Cancer Center</name>
      <address>
        <city>Urbana</city>
        <state>Illinois</state>
        <zip>61801</zip>
        <country>United States</country>
      </address>
    </facility>
  </location>
  <location>
    <facility>
      <name>CCOP - Cedar Rapids Oncology Project</name>
      <address>
        <city>Cedar Rapids</city>
        <state>Iowa</state>
        <zip>52403-1206</zip>
        <country>United States</country>
      </address>
    </facility>
  </location>
  <location>
    <facility>
      <name>CCOP - Iowa Oncology Research Association</name>
      <address>
        <city>Des Moines</city>
        <state>Iowa</state>
        <zip>50309-1016</zip>
        <country>United States</country>
      </address>
    </facility>
  </location>
  <location>
    <facility>
      <name>Siouxland Hematology-Oncology</name>
      <address>
        <city>Sioux City</city>
        <state>Iowa</state>
        <zip>51101-1733</zip>
        <country>United States</country>
      </address>
    </facility>
  </location>
  <location>
    <facility>
      <name>CCOP - Wichita</name>
      <address>
        <city>Wichita</city>
        <state>Kansas</state>
        <zip>67214-3882</zip>
        <country>United States</country>
      </address>
    </facility>
  </location>
  <location>
    <facility>
      <name>Mayo Clinic Cancer Center</name>
      <address>
        <city>Rochester</city>
        <state>Minnesota</state>
        <zip>55905</zip>
        <country>United States</country>
      </address>
    </facility>
  </location>
  <location>
    <facility>
      <name>CCOP - Missouri Valley Cancer Consortium</name>
      <address>
        <city>Omaha</city>
        <state>Nebraska</state>
        <zip>68131</zip>
        <country>United States</country>
      </address>
    </facility>
  </location>
  <location>
    <facility>
      <name>Medcenter One Health System</name>
      <address>
        <city>Bismarck</city>
        <state>North Dakota</state>
        <zip>58501</zip>
        <country>United States</country>
      </address>
    </facility>
  </location>
  <location>
    <facility>
      <name>CCOP - Merit Care Hospital</name>
      <address>
        <city>Fargo</city>
        <state>North Dakota</state>
        <zip>58122</zip>
        <country>United States</country>
      </address>
    </facility>
  </location>
  <location>
    <facility>
      <name>CCOP - Toledo Community Hospital Oncology Program</name>
      <address>
        <city>Toledo</city>
        <state>Ohio</state>
        <zip>43623-3456</zip>
        <country>United States</country>
      </address>
    </facility>
  </location>
  <location>
    <facility>
      <name>Rapid City Regional Hospital</name>
      <address>
        <city>Rapid City</city>
        <state>South Dakota</state>
        <zip>57709</zip>
        <country>United States</country>
      </address>
    </facility>
  </location>
  <location>
    <facility>
      <name>CCOP - Sioux Community Cancer Consortium</name>
      <address>
        <city>Sioux Falls</city>
        <state>South Dakota</state>
        <zip>57105-1080</zip>
        <country>United States</country>
      </address>
    </facility>
  </location>
  <location_countries>
    <country>United States</country>
  </location_countries>
  <verification_date>December 2016</verification_date>
  <study_first_submitted>January 6, 2001</study_first_submitted>
  <study_first_submitted_qc>March 24, 2004</study_first_submitted_qc>
  <study_first_posted type="Estimate">March 25, 2004</study_first_posted>
  <last_update_submitted>December 2, 2016</last_update_submitted>
  <last_update_submitted_qc>December 2, 2016</last_update_submitted_qc>
  <last_update_posted type="Estimate">December 6, 2016</last_update_posted>
  <responsible_party>
    <responsible_party_type>Sponsor</responsible_party_type>
  </responsible_party>
  <keyword>stage IV breast cancer</keyword>
  <keyword>recurrent breast cancer</keyword>
  <condition_browse>
    <!-- CAUTION:  The following MeSH terms are assigned with an imperfect algorithm            -->
    <mesh_term>Breast Neoplasms</mesh_term>
  </condition_browse>
  <!-- Results have not yet been posted for this study                                          -->
</clinical_study>

