{"protocolSection":{"identificationModule":{"nctId":"NCT05738993","orgStudyIdInfo":{"id":"BCD-178-1"},"organization":{"fullName":"Biocad","class":"INDUSTRY"},"briefTitle":"A Double-Blind, Comparative, Randomized Clinical Study of the Pharmacokinetics, Safety, and Immunogenicity of a Single Intravenous Infusion of BCD-178 or Perjeta® in Healthy Volunteers","officialTitle":"A Double-Blind, Comparative, Randomized Clinical Study of the Pharmacokinetics, Safety, and Immunogenicity of a Single Intravenous Infusion of BCD-178 or Perjeta® in Healthy Volunteers"},"statusModule":{"statusVerifiedDate":"2023-02","overallStatus":"ACTIVE_NOT_RECRUITING","expandedAccessInfo":{"hasExpandedAccess":false},"startDateStruct":{"date":"2022-08-08","type":"ACTUAL"},"primaryCompletionDateStruct":{"date":"2023-04-30","type":"ESTIMATED"},"completionDateStruct":{"date":"2024-01-31","type":"ESTIMATED"},"studyFirstSubmitDate":"2023-02-13","studyFirstSubmitQcDate":"2023-02-13","studyFirstPostDateStruct":{"date":"2023-02-22","type":"ACTUAL"},"lastUpdateSubmitDate":"2023-02-13","lastUpdatePostDateStruct":{"date":"2023-02-22","type":"ACTUAL"}},"sponsorCollaboratorsModule":{"responsibleParty":{"type":"SPONSOR"},"leadSponsor":{"name":"Biocad","class":"INDUSTRY"}},"oversightModule":{"oversightHasDmc":false,"isFdaRegulatedDrug":false,"isFdaRegulatedDevice":false},"descriptionModule":{"briefSummary":"This is a double-blind, comparative, randomized phase I study comparing pharmacokinetics, safety and immunogenicity profiles of a biosimilar pertuzumab (BCD-178) and Perjeta after a single intravenous infusion in healthy male volunteers"},"conditionsModule":{"conditions":["Breast Cancer"]},"designModule":{"studyType":"INTERVENTIONAL","phases":["PHASE1"],"designInfo":{"allocation":"RANDOMIZED","interventionModel":"PARALLEL","primaryPurpose":"TREATMENT","maskingInfo":{"masking":"QUADRUPLE","whoMasked":["PARTICIPANT","CARE_PROVIDER","INVESTIGATOR","OUTCOMES_ASSESSOR"]}},"enrollmentInfo":{"count":100,"type":"ACTUAL"}},"armsInterventionsModule":{"armGroups":[{"label":"BCD-178 group","type":"EXPERIMENTAL","description":"single IV infusion of BCD-178 at a dose of 420 mg","interventionNames":["Drug: BCD-178"]},{"label":"Perjeta Group","type":"ACTIVE_COMPARATOR","description":"single IV infusion of Perjeta at a dose of 420 mg","interventionNames":["Drug: Perjeta"]}],"interventions":[{"type":"DRUG","name":"BCD-178","interventionMappedName":[],"description":"A single intravenous (IV) infusion at a dose of 420 mg","armGroupLabels":["BCD-178 group"],"otherNames":["pertuzumab"]},{"type":"DRUG","name":"Perjeta","interventionMappedName":[],"description":"A single intravenous (IV) infusion at a dose of 420 mg","armGroupLabels":["Perjeta Group"],"otherNames":["pertuzumab"]}]},"outcomesModule":{"primaryOutcomes":[{"measure":"AUC0-∞","description":"Area under the concentration-time curve of the drug over the time interval from zero to infinity","timeFrame":"pre-dose to day 91, 23 timepoints"}],"secondaryOutcomes":[{"measure":"Cmax","description":"maximum observed plasma concentration of the drug","timeFrame":"pre-dose to day 91, 23 timepoints"},{"measure":"Tmax","description":"time from administration to maximum observed plasma concentration of the drug","timeFrame":"pre-dose to day 91, 23 timepoints"},{"measure":"T½","description":"Elimination half-life","timeFrame":"pre-dose to day 91, 23 timepoints"},{"measure":"Kel","description":"elimination rate constant","timeFrame":"pre-dose to day 91, 23 timepoints"},{"measure":"CL","description":"total clearance","timeFrame":"pre-dose to day 91, 23 timepoints"},{"measure":"Vd","description":"volume of distribution","timeFrame":"pre-dose to day 91, 23 timepoints"},{"measure":"safety assessment","description":"frequency, severity, and profile of adverse events","timeFrame":"Day 1 to day 91"},{"measure":"immunogenicity assessment","description":"binding anti-drug antibodies (BAb) and neutralizing anti-drug antibodies (NAb)","timeFrame":"pre-dose to day 91, 5 timepoints"}]},"eligibilityModule":{"eligibilityCriteria":"Inclusion Criteria:\n\n* Signed informed consent;\n* Men aged 18-45 years;\n* Body mass index (BMI) in the range of 18.5 30.0 kg/m2;\n* The confirmed \"healthy\" status;\n* Left ventricular ejection fraction (LVEF) \\> 50 % based on the results of EchoCG at screening;\n* Willingness of the volunteers and their sexual partners of childbearing potential to use reliable methods of contraception, starting from signing the informed consent form, during the study, and for 6 months after the drug administration;\n\nExclusion Criteria:\n\n* Known allergy or intolerance to monoclonal antibody products (murine, chimeric, humanized, fully human) or any other components of the study drugs;\n* Values of standard laboratory and instrumental parameters exceeding the normal limits accepted at the study site;\n* History or evidence of any chronic disease","healthyVolunteers":true,"sex":"MALE","minimumAge":"18 Years","maximumAge":"45 Years","stdAges":["ADULT"]},"contactsLocationsModule":{"locations":[{"facility":"City Polyclinic №77","city":"Saint Petersburg","zip":"192177","country":"Russian Federation","geoPoint":{"lat":59.93863,"lon":30.31413}},{"facility":"X7 Clinical Research","city":"Saint Petersburg","zip":"194214","country":"Russian Federation","geoPoint":{"lat":59.93863,"lon":30.31413}}],"locations_nested":[{"facility":"City Polyclinic №77","city":"Saint Petersburg","zip":"192177","country":"Russian Federation","geoPoint":{"lat":59.93863,"lon":30.31413}},{"facility":"X7 Clinical Research","city":"Saint Petersburg","zip":"194214","country":"Russian Federation","geoPoint":{"lat":59.93863,"lon":30.31413}}]}},"derivedSection":{"miscInfoModule":{"versionHolder":"2023-07-03","modelPredictions":{"bmiLimits":{"minBmi":0.00,"maxBmi":101.00}}},"conditionBrowseModule":{"browseLeaves":[{"id":"M4910","name":"Breast Neoplasms","relevance":"LOW"}],"browseBranches":[{"abbrev":"BC04","name":"Neoplasms"},{"abbrev":"BC17","name":"Skin and Connective Tissue Diseases"},{"abbrev":"All","name":"All Conditions"}]},"interventionBrowseModule":{"meshes":[{"id":"C000485206","term":"Pertuzumab"}],"ancestors":[{"id":"D000074322","term":"Antineoplastic Agents, Immunological"},{"id":"D000000970","term":"Antineoplastic Agents"}],"browseLeaves":[{"id":"M289187","name":"Pertuzumab","asFound":"Identification","relevance":"HIGH"},{"id":"M1346","name":"Antineoplastic Agents, Immunological","relevance":"LOW"}],"browseBranches":[{"abbrev":"ANeo","name":"Antineoplastic Agents"},{"abbrev":"All","name":"All Drugs and Chemicals"}]}},"hasResults":false}