{"protocolSection":{"identificationModule":{"nctId":"NCT02798263","orgStudyIdInfo":{"id":"FUSaoPaulo PT 4"},"organization":{"fullName":"Federal University of São Paulo","class":"OTHER"},"briefTitle":"Breast Cancer Rehabilitation With Acupuncture and Physical Therapy Protocol","officialTitle":"Randomized Clinical Trials of Acupuncture Effectiveness in the Rehabilitation of Women Under the Physical and Functional Dysfunction to Surgical Treatment of Breast Cancer"},"statusModule":{"statusVerifiedDate":"2022-01","overallStatus":"COMPLETED","expandedAccessInfo":{"hasExpandedAccess":false},"startDateStruct":{"date":"2016-05","type":"ACTUAL"},"primaryCompletionDateStruct":{"date":"2021-06","type":"ACTUAL"},"completionDateStruct":{"date":"2021-06","type":"ACTUAL"},"studyFirstSubmitDate":"2016-05-16","studyFirstSubmitQcDate":"2016-06-08","studyFirstPostDateStruct":{"date":"2016-06-14","type":"ESTIMATED"},"lastUpdateSubmitDate":"2022-01-25","lastUpdatePostDateStruct":{"date":"2022-01-26","type":"ACTUAL"}},"sponsorCollaboratorsModule":{"responsibleParty":{"type":"PRINCIPAL_INVESTIGATOR","investigatorFullName":"Gil Facina","investigatorTitle":"Doctor","investigatorAffiliation":"Federal University of São Paulo"},"leadSponsor":{"name":"Federal University of São Paulo","class":"OTHER"}},"oversightModule":{"oversightHasDmc":true},"descriptionModule":{"briefSummary":"The pain is very common complaint, and the neck is one of the most affected spots, mainly due to muscle contracture of the cervical and scapular region, triggered by emotional stress associated with muscle retraction involved resulting from postoperative scarring or post-radiotherapy.O fear fibrosis move the limb and inactivity postoperative lead to gradual impairment of muscle strength and flexibility, and loss of ADM, which also predisposes to the appearance of pain.\n\nGoals Study the effectiveness of acupuncture in rehabilitation of physical and functional disorders of women undergoing surgery for breast cancer.\n\n1. Presence of pain by Visual Analog Scale of Pain (VAS).\n2. Shoulder Range of Motion (ROM) by active goniometry of flexion movements, extension, adduction, abduction, internal rotation and external rotation\n3. lymphedema presence through top member perimetry.\n4. upper limb function through the DASH questionnaire.\n5. Depressive symptoms through BECK questionnaire.\n6. Quality of life through the EORTC questionnaire.\n7. Muscle strength of flexion, extension, adduction, abduction, internal rotation and shoulder external rotation with the Hand Held Dynamometer 01,163 model of Lafayette Instrument Company.\n\nPatients will be divided into three randomized groups with 30 patients per group, who will receive weekly treatment for 10 weeks, and the group I treated with standard therapeutic exercise, pre-defined, based on stretching the neck muscles, shoulder girdle and exercises for ADM upper limb lasting 30 minutes; group II is treated com30 minutes classical acupuncture using pre-defined spots, and finally, grupoIII be used in the same acupuncture points of the group II, but using the Stiper® in place of the needles. If the patients in groups II and III still of pain at the end of 10 sessions will be treated complementarily with kinesiotherapy.","detailedDescription":"Objectives General Study the effectiveness of acupuncture in rehabilitation of physical and functional disorders of women undergoing surgery for breast cancer.\n\nSpecific\n\nTo evaluate the (the):\n\n1. Presence of pain by Visual Analog Scale of Pain (VAS).\n2. Shoulder Range of Motion (ROM) by active goniometry of flexion movements, extension, adduction, abduction, internal rotation and external rotation\n3. lymphedema presence through top member perimetry.\n4. upper limb function through the DASH questionnaire.\n5. Depressive symptoms through BECK questionnaire.\n6. Quality of life through the EORTC questionnaire.\n7. Muscle strength of flexion, extension, adduction, abduction, internal rotation and shoulder external rotation with the Hand Held Dynamometer 01,163 model of Lafayette Instrument Company.\n\nrationale The increased incidence of breast cancer and successful treatment result in greater survival. These patients may have chronic condition of pain in the area of the shoulder girdle and upper limb, including the thoracic and cervical spine. Knowing that in our previous project in which the group treated only with kinesiotherapy showed good results and when joined acupuncture no superiority, the investigators created new research study in order to determine whether acupuncture and Stiper® in isolated groups, would present equivalence results when compared to kinesiotherapy.The investigators propose then treat with acupuncture and analyze the rehabilitation of these patients.\n\nmethodology This study will be performed at the Clinic of the Department of Mastology the Department of Gynecology, Federal University of São Paulo (UNIFESP) - Paulista School of Medicine (EPM). Patients will be recruited, selected and informed about the study objectives, relevance, activities to be developed and the possibility of improvement, as well as answer your questions and concerns about the disease. Later the patients who wish to participate in the study protocol will sign a consent form and specific savy for this project."},"conditionsModule":{"conditions":["Pain"]},"designModule":{"studyType":"INTERVENTIONAL","phases":["NA"],"designInfo":{"allocation":"RANDOMIZED","interventionModel":"PARALLEL","primaryPurpose":"TREATMENT","maskingInfo":{"masking":"NONE"}},"enrollmentInfo":{"count":79,"type":"ACTUAL"}},"armsInterventionsModule":{"armGroups":[{"label":"Group I kinesiotherapy","type":"EXPERIMENTAL","description":"Treated with standard therapeutic exercise, pre-defined, based on stretching the neck muscles, shoulder girdle and upper limb exercises for ADM lasting 30 minutes","interventionNames":["Other: Kinesiotherapy"]},{"label":": Group II Acupuncture","type":"EXPERIMENTAL","description":"Treated with 30 minutes of classical acupuncture using predefined points","interventionNames":["Other: Acupuncture"]},{"label":"Group III Stiper","type":"EXPERIMENTAL","description":"They will be used the same acupuncture points of the group II, but using the needles in place Stiper®","interventionNames":["Other: Stiper"]}],"interventions":[{"type":"OTHER","name":"Kinesiotherapy","description":"Compare the standard treatment of pain, by kinesiotherapy versus acupuncture and Stiper.Standard therapeutic exercise, pre-defined, based on stretching the neck muscles, shoulder girdle and upper limb exercises for ADM lasting 30 minutes.","armGroupLabels":["Group I kinesiotherapy"]},{"type":"OTHER","name":"Acupuncture","description":"30 minutes of classical acupuncture using predefined points.","armGroupLabels":[": Group II Acupuncture"]},{"type":"OTHER","name":"Stiper","description":"They will be used the same acupuncture points of the group II, but using the needles in place Stiper.","armGroupLabels":["Group III Stiper"]}]},"outcomesModule":{"primaryOutcomes":[{"measure":"Presence of pain","description":"Presence of pain by Visual Analog Scale of Pain (VAS).","timeFrame":"four years"}],"secondaryOutcomes":[{"measure":"shoulder range of motion","description":"Shoulder range of motion by active goniometry of flexion movements, extension, adduction, abduction, internal rotation and external rotation in degrees","timeFrame":"four years"},{"measure":"lymphedema presence","description":"lymphedema presence through top member perimetry(centimeters).","timeFrame":"four years"},{"measure":"upper limb function","description":"upper limb function through the DASH questionnaire.","timeFrame":"four years"},{"measure":"depressive symptoms","description":"Depressive symptoms through BECK questionnaire.","timeFrame":"four years"},{"measure":"quality of life of patients after breast cancer surgery","description":"Quality of life through the EORTC questionnaire.","timeFrame":"four years"},{"measure":"muscle strength","description":"Muscle strength of flexion, extension, adduction, abduction, internal rotation and shoulder external rotation with the Hand Held Dynamometer 01,163 model of Lafayette Instrument Company(Kg).","timeFrame":"four years"}]},"eligibilityModule":{"eligibilityCriteria":"Inclusion Criteria:\n\n* Underwent surgical treatment of breast cancer, radical or conservative, and exhibiting pain in the region of the shoulder girdle and upper limb, including thoracic and cervical spine after three months of surgery\n* Patients should be older than 18 years\n* Level of pain ≥ 3 on the Visual Analogue Scale (VAS)\n\nExclusion Criteria:\n\n* Bilateral breast surgery\n* Metastatic disease\n* Vascular disorders and tactile sensitivity, with diabetes mellitus type I and II and decompensated with lower education level than four years","healthyVolunteers":false,"sex":"FEMALE","minimumAge":"18 Years","maximumAge":"80 Years","stdAges":["ADULT","OLDER_ADULT"]},"contactsLocationsModule":{"locations":[{"facility":"University Federal of Sao Paulo","city":"Sao Paulo","zip":"SP","country":"Brazil","geoPoint":{"lat":-23.5475,"lon":-46.63611}}],"locations_nested":[{"facility":"University Federal of Sao Paulo","city":"Sao Paulo","zip":"SP","country":"Brazil","geoPoint":{"lat":-23.5475,"lon":-46.63611}}]},"ipdSharingStatementModule":{"ipdSharing":"NO"}},"derivedSection":{"miscInfoModule":{"versionHolder":"2023-07-03","modelPredictions":{"bmiLimits":{"minBmi":0.00,"maxBmi":101.00}}},"conditionBrowseModule":{"browseLeaves":[{"id":"M4910","name":"Breast Neoplasms","relevance":"LOW"},{"id":"M12756","name":"Pain","relevance":"LOW"}],"browseBranches":[{"abbrev":"BC04","name":"Neoplasms"},{"abbrev":"BC17","name":"Skin and Connective Tissue Diseases"},{"abbrev":"All","name":"All Conditions"},{"abbrev":"BC23","name":"Symptoms and General Pathology"}]},"interventionBrowseModule":{}},"hasResults":false}