<?xml version="1.0" encoding="UTF-8"?>
<clinical_study rank="133">
  <!-- This xml conforms to an XML Schema at:
    https://clinicaltrials.gov/ct2/html/images/info/public.xsd -->
  <required_header>
    <download_date>ClinicalTrials.gov processed this data on May 26, 2023</download_date>
    <link_text>Link to the current ClinicalTrials.gov record.</link_text>
    <url>https://clinicaltrials.gov/show/NCT05840068</url>
  </required_header>
  <id_info>
    <org_study_id>IGF level in breast cancer</org_study_id>
    <nct_id>NCT05840068</nct_id>
  </id_info>
  <brief_title>IGF Level in Breast Cancer Patients Treated With Metformin</brief_title>
  <official_title>Metformin Effect as a Chemotherapeutic Adjuvant on Level of IGF in Non-diabetic Breast Cancer Patients</official_title>
  <sponsors>
    <lead_sponsor>
      <agency>Beni-Suef University</agency>
      <agency_class>Other</agency_class>
    </lead_sponsor>
  </sponsors>
  <source>Beni-Suef University</source>
  <oversight_info>
    <is_fda_regulated_drug>No</is_fda_regulated_drug>
    <is_fda_regulated_device>No</is_fda_regulated_device>
  </oversight_info>
  <brief_summary>
    <textblock>
      The purpose of this study is to examine the impact of metformin as an adjuvant to&#xD;
      chemotherapy on IGF levels in both progressing and non progressing cases of metastatic breast&#xD;
      cancer in female patients.&#xD;
    </textblock>
  </brief_summary>
  <detailed_description>
    <textblock>
      One hundred and seven women with metastatic breast cancer (MBC) are randomly assigned to&#xD;
      either a metformin (500 mg twice daily) or placebo (placebo) group during chemotherapy. All&#xD;
      patients followed the standard chemotherapy protocol developed by the South Egypt Cancer&#xD;
      Institute (SECI). Blood IGF-1 levels were measured at the start of treatment (baseline) and&#xD;
      again six months later.&#xD;
    </textblock>
  </detailed_description>
  <overall_status>Completed</overall_status>
  <start_date type="Actual">June 1, 2020</start_date>
  <completion_date type="Actual">July 31, 2021</completion_date>
  <primary_completion_date type="Actual">July 31, 2021</primary_completion_date>
  <phase>Phase 4</phase>
  <study_type>Interventional</study_type>
  <has_expanded_access>No</has_expanded_access>
  <study_design_info>
    <allocation>Randomized</allocation>
    <intervention_model>Parallel Assignment</intervention_model>
    <primary_purpose>Treatment</primary_purpose>
    <masking>None (Open Label)</masking>
  </study_design_info>
  <primary_outcome>
    <measure>IGF-1 levels</measure>
    <time_frame>6 months.</time_frame>
    <description>IGF-1 levels were measured before and after treatment.</description>
  </primary_outcome>
  <secondary_outcome>
    <measure>Progression-free survival (PFS)</measure>
    <time_frame>1 Year</time_frame>
    <description>The measurement values of IGF were divided into two groups, high and low, based on the cut off value. After a year of observation, researchers in both groups compared their progression-free survival (PFS).</description>
  </secondary_outcome>
  <number_of_arms>2</number_of_arms>
  <enrollment type="Actual">107</enrollment>
  <condition>Breast Cancer Female</condition>
  <arm_group>
    <arm_group_label>Metformin and Chemotherapy</arm_group_label>
    <arm_group_type>Experimental</arm_group_type>
    <description>Metformin (500 mg twice daily) plus chemotherapy is administered to Group A (n=57)</description>
  </arm_group>
  <arm_group>
    <arm_group_label>Chemotherapy alone</arm_group_label>
    <arm_group_type>Other</arm_group_type>
    <description>Chemotherapy is administered alone to Group B (n=50).</description>
  </arm_group>
  <intervention>
    <intervention_type>Drug</intervention_type>
    <intervention_name>MetFORMIN 500 Mg Oral Tablet</intervention_name>
    <description>MetFORMIN 500 Mg Oral Tablet</description>
    <arm_group_label>Metformin and Chemotherapy</arm_group_label>
    <other_name>Glucophage 500 oral tablet and Chemotherapy</other_name>
  </intervention>
  <intervention>
    <intervention_type>Drug</intervention_type>
    <intervention_name>Chemotherapy</intervention_name>
    <description>The standard chemotherapy protocol developed by the South Egypt Cancer Institute (SECI).</description>
    <arm_group_label>Chemotherapy alone</arm_group_label>
    <arm_group_label>Metformin and Chemotherapy</arm_group_label>
    <other_name>Chemotherapy alone</other_name>
  </intervention>
  <eligibility>
    <criteria>
      <textblock>
        Inclusion Criteria:&#xD;
&#xD;
          -  Female patients with MBC&#xD;
&#xD;
          -  patients older than 18&#xD;
&#xD;
          -  nondiabetic patients&#xD;
&#xD;
          -  patients who received only chemotherapy&#xD;
&#xD;
        Exclusion Criteria:&#xD;
&#xD;
          -  patients with non-metastatic breast cancer&#xD;
&#xD;
          -  patients receiving hormonal therapy or radiotherapy&#xD;
&#xD;
          -  patients with diabetes&#xD;
&#xD;
          -  history of cardiac diseases&#xD;
&#xD;
          -  hypersensitivity, or allergy to metformin.&#xD;
      </textblock>
    </criteria>
    <gender>Female</gender>
    <gender_based>Yes</gender_based>
    <minimum_age>18 Years</minimum_age>
    <maximum_age>N/A</maximum_age>
    <healthy_volunteers>Accepts Healthy Volunteers</healthy_volunteers>
  </eligibility>
  <location>
    <facility>
      <name>Marian S. Boshra</name>
      <address>
        <city>Banī Suwayf</city>
        <zip>62514</zip>
        <country>Egypt</country>
      </address>
    </facility>
  </location>
  <location_countries>
    <country>Egypt</country>
  </location_countries>
  <reference>
    <citation>Ko KP, Ma SH, Yang JJ, Hwang Y, Ahn C, Cho YM, Noh DY, Park BJ, Han W, Park SK. Metformin intervention in obese non-diabetic patients with breast cancer: phase II randomized, double-blind, placebo-controlled trial. Breast Cancer Res Treat. 2015 Sep;153(2):361-70. doi: 10.1007/s10549-015-3519-8. Epub 2015 Aug 21.</citation>
    <PMID>26293146</PMID>
  </reference>
  <reference>
    <citation>Essa NM, Salem HF, Elgendy MO, Gabr A, Omran MM, Hassan NA, Tashkandi HM, Harakeh S, Boshra MS. Efficacy of Metformin as Adjuvant Therapy in Metastatic Breast Cancer Treatment. J Clin Med. 2022 Sep 20;11(19):5505. doi: 10.3390/jcm11195505.</citation>
    <PMID>36233373</PMID>
  </reference>
  <results_reference>
    <citation>Pollak M. Insulin and insulin-like growth factor signalling in neoplasia. Nat Rev Cancer. 2008 Dec;8(12):915-28. doi: 10.1038/nrc2536. Erratum In: Nat Rev Cancer. 2009 Mar;9(3):224.</citation>
    <PMID>19029956</PMID>
  </results_reference>
  <verification_date>May 2023</verification_date>
  <study_first_submitted>April 21, 2023</study_first_submitted>
  <study_first_submitted_qc>April 21, 2023</study_first_submitted_qc>
  <study_first_posted type="Actual">May 3, 2023</study_first_posted>
  <last_update_submitted>May 2, 2023</last_update_submitted>
  <last_update_submitted_qc>May 2, 2023</last_update_submitted_qc>
  <last_update_posted type="Actual">May 3, 2023</last_update_posted>
  <responsible_party>
    <responsible_party_type>Principal Investigator</responsible_party_type>
    <investigator_affiliation>Beni-Suef University</investigator_affiliation>
    <investigator_full_name>Marian S. Boshra</investigator_full_name>
    <investigator_title>Dr.</investigator_title>
  </responsible_party>
  <keyword>Metformin</keyword>
  <keyword>Breast cancer</keyword>
  <keyword>IGF</keyword>
  <condition_browse>
    <!-- CAUTION:  The following MeSH terms are assigned with an imperfect algorithm            -->
    <mesh_term>Breast Neoplasms</mesh_term>
  </condition_browse>
  <intervention_browse>
    <!-- CAUTION:  The following MeSH terms are assigned with an imperfect algorithm            -->
    <mesh_term>Metformin</mesh_term>
  </intervention_browse>
  <patient_data>
    <sharing_ipd>Undecided</sharing_ipd>
  </patient_data>
  <!-- Results have not yet been posted for this study                                          -->
</clinical_study>

