<?xml version="1.0" encoding="UTF-8"?>
<clinical_study rank="197">
  <!-- This xml conforms to an XML Schema at:
    https://clinicaltrials.gov/ct2/html/images/info/public.xsd -->
  <required_header>
    <download_date>ClinicalTrials.gov processed this data on May 26, 2023</download_date>
    <link_text>Link to the current ClinicalTrials.gov record.</link_text>
    <url>https://clinicaltrials.gov/show/NCT02546934</url>
  </required_header>
  <id_info>
    <org_study_id>Fudan BR2015-18 CBCSG018</org_study_id>
    <nct_id>NCT02546934</nct_id>
  </id_info>
  <brief_title>ABX Plus Cisplatin Versus Gemcitabine Plus Cisplatin in Triple Negative Breast Cancer (TNBC)</brief_title>
  <acronym>TNBC</acronym>
  <official_title>A Phase III, Multicenter, Randomized Study of ABX Plus Cisplatin (AP) Versus Gemcitabine Plus Cisplatin (GP) as First-Line Treatment in Patients With Advanced Triple-Negative Breast Cancer</official_title>
  <sponsors>
    <lead_sponsor>
      <agency>Fudan University</agency>
      <agency_class>Other</agency_class>
    </lead_sponsor>
  </sponsors>
  <source>Fudan University</source>
  <oversight_info>
    <has_dmc>No</has_dmc>
  </oversight_info>
  <brief_summary>
    <textblock>
      ABX Plus Cisplatin Versus Gemcitabine Plus Cisplatin in Triple Negative Breast Cancer (TNBC)&#xD;
    </textblock>
  </brief_summary>
  <detailed_description>
    <textblock>
      A Phase III, Multicenter, Randomized Study of ABX Plus Cisplatin (AP) Versus Gemcitabine Plus&#xD;
      Cisplatin (GP) as First-Line Treatment in Patients With Advanced Triple-Negative Breast&#xD;
      Cancer&#xD;
    </textblock>
  </detailed_description>
  <overall_status>Completed</overall_status>
  <start_date>March 2016</start_date>
  <completion_date type="Actual">April 2020</completion_date>
  <primary_completion_date type="Actual">April 2020</primary_completion_date>
  <phase>Phase 3</phase>
  <study_type>Interventional</study_type>
  <has_expanded_access>No</has_expanded_access>
  <study_design_info>
    <allocation>Randomized</allocation>
    <intervention_model>Parallel Assignment</intervention_model>
    <primary_purpose>Treatment</primary_purpose>
    <masking>None (Open Label)</masking>
  </study_design_info>
  <primary_outcome>
    <measure>PFS (Progression Free Survival)</measure>
    <time_frame>6 weeks</time_frame>
  </primary_outcome>
  <secondary_outcome>
    <measure>Objective Response Rate (ORR)</measure>
    <time_frame>6 weeks</time_frame>
  </secondary_outcome>
  <secondary_outcome>
    <measure>Number of Participants with Adverse Events as a Measure of Safety and Tolerability</measure>
    <time_frame>6 weeks</time_frame>
  </secondary_outcome>
  <secondary_outcome>
    <measure>Overall Survival (OS)</measure>
    <time_frame>From date of randomization until the date of first documented progression or date of death from any cause, whichever came first, assessed up to 100 months</time_frame>
  </secondary_outcome>
  <number_of_arms>2</number_of_arms>
  <enrollment type="Anticipated">254</enrollment>
  <condition>Breast Cancer</condition>
  <arm_group>
    <arm_group_label>ABX, cisplatin</arm_group_label>
    <arm_group_type>Experimental</arm_group_type>
    <description>AP (ABX and cisplatin combination)</description>
  </arm_group>
  <arm_group>
    <arm_group_label>Gemcitabine, Cisplatin</arm_group_label>
    <arm_group_type>Active Comparator</arm_group_type>
    <description>GP (Gemcitabine and Cisplatin combination)</description>
  </arm_group>
  <intervention>
    <intervention_type>Drug</intervention_type>
    <intervention_name>ABX, cisplatin</intervention_name>
    <description>ABX 125 mg/m2, IV drip 30 minutes, D1, D8 Cisplatin 75 mg/m2, IV drip 120 minutes, D1</description>
    <arm_group_label>ABX, cisplatin</arm_group_label>
    <other_name>experimental arm</other_name>
  </intervention>
  <intervention>
    <intervention_type>Drug</intervention_type>
    <intervention_name>Gemcitabine, Cisplatin</intervention_name>
    <description>Gemcitabine 1250 mg/m2, IV drip 30 minutes, D1, D8 Cisplatin 75 mg/m2, IV drip 120 minutes, D1</description>
    <arm_group_label>Gemcitabine, Cisplatin</arm_group_label>
    <other_name>control arm</other_name>
  </intervention>
  <eligibility>
    <criteria>
      <textblock>
        Inclusion Criteria:&#xD;
&#xD;
          1. Females with age between 18 and 70 years old&#xD;
&#xD;
          2. Histological proven unresectable recurrent or advanced breast cancer, including de&#xD;
             novo stage IV disease.&#xD;
&#xD;
          3. Triple-negative for estrogen receptor (ER), progestogen receptor (PR), and human&#xD;
             epithelial receptor-2 (HER2) by immunohistochemistry (ER &lt;1%, PR &lt;1% and Her2&#xD;
             negative). A negative Her2 gene amplification should be verified by FISH test for&#xD;
             those patients with Her2 (2+). For those with Her2 (1+), FISH test might be considered&#xD;
             by the investigator.&#xD;
&#xD;
          4. No prior chemotherapy for metastatic breast cancer is permitted. Prior administration&#xD;
             of chemotherapy in the adjuvant/neoadjuvant setting is acceptable if completed 6&#xD;
             months before the enrollment.&#xD;
&#xD;
          5. At least one measurable disease according to the response evaluation criteria in solid&#xD;
             tumor (RECIST 1.1)&#xD;
&#xD;
          6. Performance status no more than 1&#xD;
&#xD;
          7. All patients enrolled are required to have adequate hematologic, hepatic, and renal&#xD;
             function&#xD;
&#xD;
          8. Life expectancy longer than 12 weeks&#xD;
&#xD;
          9. No serious medical history of heart, lung, liver and kidney&#xD;
&#xD;
         10. Be able to understand the study procedures and sign informed consent.&#xD;
&#xD;
        Exclusion Criteria:&#xD;
&#xD;
          1. Pregnant or lactating women (female patients of child-bearing potential must have a&#xD;
             negative serum pregnancy test within 14 days before the first day of drug dosing, or,&#xD;
             if positive, a pregnancy should be ruled out by ultrasound)&#xD;
&#xD;
          2. Women of child-bearing potential, unwilling to use adequate contraceptive protection&#xD;
             during the process of the study&#xD;
&#xD;
          3. Treatment with radiotherapy at the axial skeleton within 4 weeks before the first&#xD;
             treatment or has not recovered from all toxicities of previous radiotherapy&#xD;
&#xD;
          4. Treatment with an investigational product within 4 weeks before the first treatment&#xD;
&#xD;
          5. Patients with symptomatic central nervous system metastases are not permitted, except&#xD;
             for those with stable and asymptomatic brain metastases who have completed cranial&#xD;
             irradiation, and have at least one measurable lesion outside the brain. Radiotherapy&#xD;
             should be completed within 4 weeks prior to the registration&#xD;
&#xD;
          6. Other active malignancies (including other hematologic malignancies) or other&#xD;
             malignancies within the last 5 years, except for cured nonmelanoma skin cancer or&#xD;
             cervical intraepithelial neoplasia.&#xD;
&#xD;
          7. Patients having a history of clinically significant cardiovascular, hepatic,&#xD;
             respiratory or renal diseases, clinically significant hematological and endocrinal&#xD;
             abnormalities, clinically significant neurological or psychiatric conditions&#xD;
&#xD;
          8. Uncontrolled serious infection&#xD;
      </textblock>
    </criteria>
    <gender>Female</gender>
    <minimum_age>18 Years</minimum_age>
    <maximum_age>70 Years</maximum_age>
    <healthy_volunteers>No</healthy_volunteers>
  </eligibility>
  <overall_official>
    <last_name>Xichun Hu, MD, PhD</last_name>
    <role>Principal Investigator</role>
    <affiliation>Fudan University</affiliation>
  </overall_official>
  <location>
    <facility>
      <name>Fudan University Cancer Hospital</name>
      <address>
        <city>Shanghai</city>
        <zip>200032</zip>
        <country>China</country>
      </address>
    </facility>
  </location>
  <location_countries>
    <country>China</country>
  </location_countries>
  <verification_date>April 2022</verification_date>
  <study_first_submitted>September 10, 2015</study_first_submitted>
  <study_first_submitted_qc>September 10, 2015</study_first_submitted_qc>
  <study_first_posted type="Estimate">September 11, 2015</study_first_posted>
  <last_update_submitted>April 20, 2022</last_update_submitted>
  <last_update_submitted_qc>April 20, 2022</last_update_submitted_qc>
  <last_update_posted type="Actual">April 22, 2022</last_update_posted>
  <responsible_party>
    <responsible_party_type>Principal Investigator</responsible_party_type>
    <investigator_affiliation>Fudan University</investigator_affiliation>
    <investigator_full_name>Xichun Hu</investigator_full_name>
    <investigator_title>Dr</investigator_title>
  </responsible_party>
  <keyword>triple negative breast cancer</keyword>
  <keyword>fine line chemotherapy</keyword>
  <condition_browse>
    <!-- CAUTION:  The following MeSH terms are assigned with an imperfect algorithm            -->
    <mesh_term>Breast Neoplasms</mesh_term>
    <mesh_term>Triple Negative Breast Neoplasms</mesh_term>
  </condition_browse>
  <intervention_browse>
    <!-- CAUTION:  The following MeSH terms are assigned with an imperfect algorithm            -->
    <mesh_term>Cisplatin</mesh_term>
    <mesh_term>Gemcitabine</mesh_term>
  </intervention_browse>
  <!-- Results have not yet been posted for this study                                          -->
</clinical_study>

