{"protocolSection":{"identificationModule":{"nctId":"NCT01396993","orgStudyIdInfo":{"id":"iTOP"},"organization":{"fullName":"Medical University of Vienna","class":"OTHER"},"briefTitle":"Prospective Non-randomized Evaluation of Oncoplastic Surgery","officialTitle":"Prospective Trial Evaluating Cosmetic And Oncologic Outcome Of Immediate Techniques For Oncoplastic Surgery In Breast Cancer","acronym":"iTOP"},"statusModule":{"statusVerifiedDate":"2015-09","overallStatus":"UNKNOWN","lastKnownStatus":"ACTIVE_NOT_RECRUITING","expandedAccessInfo":{"hasExpandedAccess":false},"startDateStruct":{"date":"2011-07"},"primaryCompletionDateStruct":{"date":"2015-07","type":"ACTUAL"},"completionDateStruct":{"date":"2016-08","type":"ESTIMATED"},"studyFirstSubmitDate":"2011-07-18","studyFirstSubmitQcDate":"2011-07-18","studyFirstPostDateStruct":{"date":"2011-07-19","type":"ESTIMATED"},"lastUpdateSubmitDate":"2015-09-22","lastUpdatePostDateStruct":{"date":"2015-09-23","type":"ESTIMATED"}},"sponsorCollaboratorsModule":{"responsibleParty":{"type":"PRINCIPAL_INVESTIGATOR","investigatorFullName":"Florian Fitzal","investigatorTitle":"Professor of Surgery","investigatorAffiliation":"Medical University of Vienna"},"leadSponsor":{"name":"Medical University of Vienna","class":"OTHER"}},"oversightModule":{"oversightHasDmc":true},"descriptionModule":{"briefSummary":"Breast conserving therapy (BCT) is the standard treatment for intraductal or invasive breast cancer patients. However cosmetic results, e.g. symmetry and nipple displacement, are sometimes poor reducing the quality of life. The use of immediate techniques for oncoplastic surgery (iTOP) seems to improve subjective cosmetic outcome. Oncologic safety of iTOP has been demonstrated by several authors using restrospective analyses. However, no prospective observational trial has been done to objectively evaluate cosmetic and oncologic outcome comparing BCT with iTOP. The aim of this study is to investigate this issue within a prospective non randomized observational trial at the Medical University Vienna."},"conditionsModule":{"conditions":["Breast Image Scale Index for Self Esteem Evaluation","Breast Symmetry Index","Quality of Life","Morbidity","Oncological Outcome"]},"designModule":{"studyType":"OBSERVATIONAL","designInfo":{"observationalModel":"COHORT","timePerspective":"PROSPECTIVE"},"enrollmentInfo":{"count":150,"type":"ESTIMATED"}},"armsInterventionsModule":{"armGroups":[{"label":"iTOP","description":"Patients undergoing immediate techniques for oncoplastic surgery (level I only parenchmyl rotation and breast undermining as well as level II using complex reduction plastics for nipple-areola-complex movings) and patients with mastectomy and immediate reconstruction","interventionNames":["Procedure: Breast Surgery"]},{"label":"BCT","description":"patients undergoing conservative breast surgery","interventionNames":["Procedure: Breast Surgery"]}],"interventions":[{"type":"PROCEDURE","name":"Breast Surgery","description":"breast conserving surgery AND immediate defect filling using local flaps (level I) or reduction plastics (level II) as well as mastectomy and immediate reconstruction using free flaps","armGroupLabels":["iTOP"]},{"type":"PROCEDURE","name":"Breast Surgery","description":"Breast conserving therapy without defect correction","armGroupLabels":["BCT"]}]},"outcomesModule":{"primaryOutcomes":[{"measure":"breast image scale","description":"self esteem measured by the breast image scale will be assessed before and every 6 months after surgery as primary endpoint.","timeFrame":"2 years"}],"secondaryOutcomes":[{"measure":"quality of life","description":"BREAST Q, non-validated questionnaires","timeFrame":"2 years"},{"measure":"Morbidity","description":"Necrosis, infection, reoperations and bleedings as well as heamtoma and seroma formation will be clinically assessed after surgery","timeFrame":"6 months"},{"measure":"breast symmetry index","description":"Using the breast analyzing tool software we will analyze breast symmetry before and every 6 months after surgery","timeFrame":"2 years"},{"measure":"oncologic parameters","description":"local, distent and overal survival 2 as well as 5 years after surgery will be assessed","timeFrame":"2-5 years"}]},"eligibilityModule":{"eligibilityCriteria":"Inclusion Criteria:\n\n* Patients scheduled for unilateral breast conserving surgery due to cancer or a suspicious lesion, in whom \\>10%\\* of breast volume (measured by mammograms using a defined formular 37) has to be removed or breast cancer patients scheduled for mastectomy and immediate reconstruction (immediate or delayed contralateral correction is allowed)\n* BIRADS IV, V or VI are eligible\n* \\> 18 years of age\n* Psychological and physical capable of understanding and performing the trial\n* Signed written informed consent \\* If oncologic safety necessitates to resect more than half of one breast quadrant\n\nExclusion Criteria:\n\n* Inflammatory breast cancer\n* Progression after neoadjuvant therapy\n* Pregnant women\n* Patients unable to perform surgery under general anaesthesia\n* Bilateral breast lesions","healthyVolunteers":true,"sex":"FEMALE","minimumAge":"18 Years","maximumAge":"65 Years","stdAges":["ADULT","OLDER_ADULT"],"studyPopulation":"Patients with a BIRADS IV, V or VI breast lesion are preoperatively asked to take part in this study if more than 10% of breast tissue will be excised or mastectomy and immediate reconstruction is planned. Patients with planned mastectomy without immediate reconstruction are not included. Patients scheduled for breast conservation can decide whether they undergo regular breast conservation (BCT) or BCT using immediate techniques of oncoplastic surgery (iTOP). A contralateral correction may be performed in both groups at any time of the trial. The use of a contralateral correction of patients without an immediate oncoplastic procedure does not initiate a change into the other group (intention to treat analyses).","samplingMethod":"NON_PROBABILITY_SAMPLE"},"contactsLocationsModule":{"locations":[{"facility":"Medical University Vienna","city":"Vienna","zip":"1090","country":"Austria","geoPoint":{"lat":48.20849,"lon":16.37208}}],"locations_nested":[{"facility":"Medical University Vienna","city":"Vienna","zip":"1090","country":"Austria","geoPoint":{"lat":48.20849,"lon":16.37208}}]}},"derivedSection":{"miscInfoModule":{"versionHolder":"2023-07-03","modelPredictions":{"bmiLimits":{"minBmi":0.00,"maxBmi":101.00}}},"conditionBrowseModule":{"browseLeaves":[{"id":"M4910","name":"Breast Neoplasms","relevance":"LOW"},{"id":"T6034","name":"Quality of Life","asFound":"Quality of Life","relevance":"HIGH"}],"browseBranches":[{"abbrev":"BC04","name":"Neoplasms"},{"abbrev":"BC17","name":"Skin and Connective Tissue Diseases"},{"abbrev":"All","name":"All Conditions"},{"abbrev":"BXM","name":"Behaviors and Mental Disorders"}]},"interventionBrowseModule":{}},"hasResults":false}