{"protocolSection":{"identificationModule":{"nctId":"NCT00423254","orgStudyIdInfo":{"id":"MKC1106-PP-001"},"organization":{"fullName":"Mannkind Corporation","class":"INDUSTRY"},"briefTitle":"Safety and Immune Response to a Multi-component Immune Based Therapy (MKC1106-PP) for Patients With Advanced Cancer.","officialTitle":"A Phase I Multicenter, Open Label, Clinical Trial of Immune Response, Safety and Tolerability of DNA Vector pPRA-PSM With Synthetic Peptides E-PRA and E-PSM in Subjects With Advance Solid Malignancies"},"statusModule":{"statusVerifiedDate":"2010-08","overallStatus":"COMPLETED","expandedAccessInfo":{"hasExpandedAccess":false},"startDateStruct":{"date":"2007-02"},"primaryCompletionDateStruct":{"date":"2009-09","type":"ACTUAL"},"completionDateStruct":{"date":"2009-11","type":"ACTUAL"},"studyFirstSubmitDate":"2007-01-12","studyFirstSubmitQcDate":"2007-01-12","studyFirstPostDateStruct":{"date":"2007-01-18","type":"ESTIMATED"},"lastUpdateSubmitDate":"2010-08-02","lastUpdatePostDateStruct":{"date":"2010-08-03","type":"ESTIMATED"}},"sponsorCollaboratorsModule":{"responsibleParty":{"oldNameTitle":"Mihail Obrocea/Vice President-Oncology - Medical & Regulatory Affairs","oldOrganization":"MannKind Corporation"},"leadSponsor":{"name":"Mannkind Corporation","class":"INDUSTRY"}},"oversightModule":{"oversightHasDmc":false},"descriptionModule":{"briefSummary":"The present clinical trial is a dose comparison of a multi-component active immunotherapy designed to stimulate an immune reaction to specific tumor associated antigens which are highly expressed on a large number of solid cancers.","detailedDescription":"The majority of tumors are ignored by the immune system and it was thought for a long time that tumor antigens did not exist. However, recently a number of tumor antigens have been described. These antigens reside on cancer cells and can be recognized by specific T-cells which can ultimately attack and destroy the tumor."},"conditionsModule":{"conditions":["Ovarian","Melanoma","Renal","Prostate","Colorectal","Endometrial Carcinoma","Cervical Carcinoma","Testicular Cancer","Thyroid Cancer","Small Cell Lung Carcinoma","Mesothelioma","Breast Carcinoma","Esophageal Carcinoma","Gastric Cancer","Pancreatic Carcinoma","Neuroendocrine Cancer","Liver Cancer","Gallbladder Cancer","Biliary Tract Cancer","Anal Carcinoma","Bone Sarcomas","Soft Tissue Sarcomas","Carcinoma of Unknown Origin, Primary"],"keywords":["Cancer Vaccine"]},"designModule":{"studyType":"INTERVENTIONAL","phases":["PHASE1"],"designInfo":{"allocation":"RANDOMIZED","interventionModel":"SINGLE_GROUP","primaryPurpose":"TREATMENT","maskingInfo":{"masking":"NONE"}},"enrollmentInfo":{"count":12,"type":"ACTUAL"}},"armsInterventionsModule":{"armGroups":[{"label":"Low Dose Cohort","type":"EXPERIMENTAL","interventionNames":["Biological: PSMA/PRAME"]},{"label":"High Dose Cohort","type":"EXPERIMENTAL","interventionNames":["Biological: PSMA/PRAME"]}],"interventions":[{"type":"BIOLOGICAL","name":"PSMA/PRAME","description":"Low dose","armGroupLabels":["Low Dose Cohort"]},{"type":"BIOLOGICAL","name":"PSMA/PRAME","description":"high dose","armGroupLabels":["High Dose Cohort"]}]},"outcomesModule":{"primaryOutcomes":[{"measure":"To determine the immunologic response to the treatment with MKC1106-PP regimen and 2) to determine the safety and adverse event profile of MKC1106-PP","timeFrame":"Every 6 Weeks"}],"secondaryOutcomes":[{"measure":"to determine the blood plasmid levels by PCR analysis","timeFrame":"Every 6 Weeks"},{"measure":"measure cytokine levels","timeFrame":"Every 6 Weeks"},{"measure":"to describe any objective tumor responses to the treatment with MKC1106-PP","timeFrame":"Every 6 Weeks"}]},"eligibilityModule":{"eligibilityCriteria":"Inclusion Criteria:\n\n18 years of age or older Advanced, refractory solid malignancy that is histologically proven Measurable disease ECOG performance status of 0, 1 or 2 Adequate bone marrow reserve as evidenced by a Absolute neutrophil count (ANC) = 1,500/microL; Platelet count = 100,000/microL Adequate renal and hepatic function as evidenced by a serum creatinine = 1.5 mg/dL; Serum total bilirubin = 2.0 mg/dL; Alkaline phosphatase = 3X the ULN for the reference lab (= 5 the ULN for the reference lab for subjects with known hepatic metastases); SGOT/SGPT = 3X the ULN for the reference lab (= 5 the ULN for the reference lab for subjects with known hepatic metastases)\n\nExclusion Criteria:\n\nSymptomatic central nervous system (CNS) metastases Any autoimmune disorder Positive HIV, hepatitis B or hepatitis C antibody test Any allogeneic transplant Congestive heart failure Affected inguinal lymph nodes (metastatic process) or lack inguinal lymph nodes (resection)","healthyVolunteers":false,"sex":"ALL","minimumAge":"18 Years","stdAges":["ADULT","OLDER_ADULT"]},"contactsLocationsModule":{"locations":[{"facility":"Arizona Cancer Center","city":"Tuscon","state":"Arizona","zip":"85724-5024","country":"United States","geoPoint":{"lat":32.22174,"lon":-110.92648}},{"facility":"Lombardi Comprehensive Cancer Center at Georgetown","city":"Washington","state":"District of Columbia","zip":"20057","country":"United States","geoPoint":{"lat":38.89511,"lon":-77.03637}},{"facility":"H Lee Moffitt Cancer Center University of So Florida","city":"Tampa","state":"Florida","zip":"33612","country":"United States","geoPoint":{"lat":27.94752,"lon":-82.45843}},{"facility":"Nevada Cancer Institute","city":"Sparks","state":"Nevada","zip":"89431","country":"United States","geoPoint":{"lat":39.53491,"lon":-119.75269}},{"facility":"Dartmouth Hitchcock Medical Center","city":"Lebanon","state":"New Hampshire","zip":"03756","country":"United States","geoPoint":{"lat":43.64229,"lon":-72.25176}}],"locations_nested":[{"facility":"Arizona Cancer Center","city":"Tuscon","state":"Arizona","zip":"85724-5024","country":"United States","geoPoint":{"lat":32.22174,"lon":-110.92648}},{"facility":"Lombardi Comprehensive Cancer Center at Georgetown","city":"Washington","state":"District of Columbia","zip":"20057","country":"United States","geoPoint":{"lat":38.89511,"lon":-77.03637}},{"facility":"H Lee Moffitt Cancer Center University of So Florida","city":"Tampa","state":"Florida","zip":"33612","country":"United States","geoPoint":{"lat":27.94752,"lon":-82.45843}},{"facility":"Nevada Cancer Institute","city":"Sparks","state":"Nevada","zip":"89431","country":"United States","geoPoint":{"lat":39.53491,"lon":-119.75269}},{"facility":"Dartmouth Hitchcock Medical Center","city":"Lebanon","state":"New Hampshire","zip":"03756","country":"United States","geoPoint":{"lat":43.64229,"lon":-72.25176}}]}},"derivedSection":{"miscInfoModule":{"versionHolder":"2023-07-03","modelPredictions":{"bmiLimits":{"minBmi":0.00,"maxBmi":101.00}}},"conditionBrowseModule":{"meshes":[{"id":"D000002277","term":"Carcinoma"},{"id":"D000012509","term":"Sarcoma"},{"id":"D000008654","term":"Mesothelioma"},{"id":"D000001943","term":"Breast Neoplasms"},{"id":"D000001661","term":"Biliary Tract Neoplasms"},{"id":"D000016889","term":"Endometrial Neoplasms"},{"id":"D000005706","term":"Gallbladder Neoplasms"},{"id":"D000010190","term":"Pancreatic Neoplasms"},{"id":"D000004938","term":"Esophageal Neoplasms"},{"id":"D000013736","term":"Testicular Neoplasms"},{"id":"D000055752","term":"Small Cell Lung Carcinoma"},{"id":"D000018278","term":"Carcinoma, Neuroendocrine"}],"ancestors":[{"id":"D000009375","term":"Neoplasms, Glandular and Epithelial"},{"id":"D000009370","term":"Neoplasms by Histologic Type"},{"id":"D000009369","term":"Neoplasms"},{"id":"D000018358","term":"Neuroendocrine Tumors"},{"id":"D000017599","term":"Neuroectodermal Tumors"},{"id":"D000009373","term":"Neoplasms, Germ Cell and Embryonal"},{"id":"D000009380","term":"Neoplasms, Nerve Tissue"},{"id":"D000018204","term":"Neoplasms, Connective and Soft Tissue"},{"id":"D000005770","term":"Gastrointestinal Neoplasms"},{"id":"D000004067","term":"Digestive System Neoplasms"},{"id":"D000009371","term":"Neoplasms by Site"},{"id":"D000004066","term":"Digestive System Diseases"},{"id":"D000005767","term":"Gastrointestinal Diseases"},{"id":"D000004701","term":"Endocrine Gland Neoplasms"},{"id":"D000006258","term":"Head and Neck Neoplasms"},{"id":"D000004700","term":"Endocrine System Diseases"},{"id":"D000000236","term":"Adenoma"},{"id":"D000018301","term":"Neoplasms, Mesothelial"},{"id":"D000008175","term":"Lung Neoplasms"},{"id":"D000012142","term":"Respiratory Tract Neoplasms"},{"id":"D000013899","term":"Thoracic Neoplasms"},{"id":"D000008171","term":"Lung Diseases"},{"id":"D000012140","term":"Respiratory Tract Diseases"},{"id":"D000001941","term":"Breast Diseases"},{"id":"D000012871","term":"Skin Diseases"},{"id":"D000001660","term":"Biliary Tract Diseases"},{"id":"D000014594","term":"Uterine Neoplasms"},{"id":"D000005833","term":"Genital Neoplasms, Female"},{"id":"D000014565","term":"Urogenital Neoplasms"},{"id":"D000014591","term":"Uterine Diseases"},{"id":"D000005831","term":"Genital Diseases, Female"},{"id":"D000052776","term":"Female Urogenital Diseases"},{"id":"D000005261","term":"Female Urogenital Diseases and Pregnancy Complications"},{"id":"D000091642","term":"Urogenital Diseases"},{"id":"D000091662","term":"Genital Diseases"},{"id":"D000005705","term":"Gallbladder Diseases"},{"id":"D000010182","term":"Pancreatic Diseases"},{"id":"D000004935","term":"Esophageal Diseases"},{"id":"D000005834","term":"Genital Neoplasms, Male"},{"id":"D000005832","term":"Genital Diseases, Male"},{"id":"D000052801","term":"Male Urogenital Diseases"},{"id":"D000013733","term":"Testicular Diseases"},{"id":"D000006058","term":"Gonadal Disorders"},{"id":"D000002283","term":"Carcinoma, Bronchogenic"},{"id":"D000001984","term":"Bronchial Neoplasms"},{"id":"D000000230","term":"Adenocarcinoma"}],"browseLeaves":[{"id":"M12800","name":"Pancreatic Neoplasms","asFound":"Pancreatic Carcinoma","relevance":"HIGH"},{"id":"M4910","name":"Breast Neoplasms","asFound":"Breast Carcinoma","relevance":"HIGH"},{"id":"M5224","name":"Carcinoma","asFound":"Carcinoma","relevance":"HIGH"},{"id":"M11218","name":"Melanoma","relevance":"LOW"},{"id":"M15754","name":"Stomach Neoplasms","relevance":"LOW"},{"id":"M16196","name":"Testicular Neoplasms","asFound":"Testicular Cancer","relevance":"HIGH"},{"id":"M10862","name":"Lung Neoplasms","relevance":"LOW"},{"id":"M15017","name":"Sarcoma","asFound":"Sarcoma","relevance":"HIGH"},{"id":"M15024","name":"Osteosarcoma","relevance":"LOW"},{"id":"M28013","name":"Small Cell Lung Carcinoma","asFound":"Small Cell Lung Carcinoma","relevance":"HIGH"},{"id":"M16413","name":"Thyroid Neoplasms","relevance":"LOW"},{"id":"M16408","name":"Thyroid Diseases","relevance":"LOW"},{"id":"M10803","name":"Liver Neoplasms","relevance":"LOW"},{"id":"M7778","name":"Esophageal Neoplasms","asFound":"Esophageal Carcinoma","relevance":"HIGH"},{"id":"M11324","name":"Mesothelioma","asFound":"Mesothelioma","relevance":"HIGH"},{"id":"M4011","name":"Anus Neoplasms","relevance":"LOW"},{"id":"M2538","name":"Mesothelioma, Malignant","relevance":"LOW"},{"id":"M20113","name":"Carcinoma, Neuroendocrine","asFound":"Neuroendocrine Cancer","relevance":"HIGH"},{"id":"M4637","name":"Biliary Tract Neoplasms","asFound":"Biliary Tract Cancer","relevance":"HIGH"},{"id":"M18925","name":"Endometrial Neoplasms","asFound":"Endometrial Carcinoma","relevance":"HIGH"},{"id":"M8514","name":"Gallbladder Neoplasms","asFound":"Gallbladder Cancer","relevance":"HIGH"},{"id":"M12010","name":"Neoplasms, Glandular and Epithelial","relevance":"LOW"},{"id":"M12005","name":"Neoplasms by Histologic Type","relevance":"LOW"},{"id":"M20185","name":"Neuroendocrine Tumors","relevance":"LOW"},{"id":"M19535","name":"Neuroectodermal Tumors","relevance":"LOW"},{"id":"M20078","name":"Neuroectodermal Tumors, Primitive","relevance":"LOW"},{"id":"M12008","name":"Neoplasms, Germ Cell and Embryonal","relevance":"LOW"},{"id":"M12015","name":"Neoplasms, Nerve Tissue","relevance":"LOW"},{"id":"M20040","name":"Neoplasms, Connective and Soft Tissue","relevance":"LOW"},{"id":"M6946","name":"Digestive System Neoplasms","relevance":"LOW"},{"id":"M8576","name":"Gastrointestinal Neoplasms","relevance":"LOW"},{"id":"M8573","name":"Gastrointestinal Diseases","relevance":"LOW"},{"id":"M6945","name":"Digestive System Diseases","relevance":"LOW"},{"id":"M7553","name":"Endocrine Gland Neoplasms","relevance":"LOW"},{"id":"M9038","name":"Head and Neck Neoplasms","relevance":"LOW"},{"id":"M7552","name":"Endocrine System Diseases","relevance":"LOW"},{"id":"M3281","name":"Adenoma","relevance":"LOW"},{"id":"M20135","name":"Neoplasms, Mesothelial","relevance":"LOW"},{"id":"M14669","name":"Respiratory Tract Neoplasms","relevance":"LOW"},{"id":"M16348","name":"Thoracic Neoplasms","relevance":"LOW"},{"id":"M10858","name":"Lung Diseases","relevance":"LOW"},{"id":"M14667","name":"Respiratory Tract Diseases","relevance":"LOW"},{"id":"M4908","name":"Breast Diseases","relevance":"LOW"},{"id":"M15364","name":"Skin Diseases","relevance":"LOW"},{"id":"M4636","name":"Biliary Tract Diseases","relevance":"LOW"},{"id":"M17032","name":"Uterine Neoplasms","relevance":"LOW"},{"id":"M8635","name":"Genital Neoplasms, Female","relevance":"LOW"},{"id":"M17005","name":"Urogenital Neoplasms","relevance":"LOW"},{"id":"M17029","name":"Uterine Diseases","relevance":"LOW"},{"id":"M8633","name":"Genital Diseases, Female","relevance":"LOW"},{"id":"M2877","name":"Genital Diseases","relevance":"LOW"},{"id":"M2876","name":"Urogenital Diseases","relevance":"LOW"},{"id":"M26783","name":"Female Urogenital Diseases","relevance":"LOW"},{"id":"M13817","name":"Pregnancy Complications","relevance":"LOW"},{"id":"M8089","name":"Female Urogenital Diseases and Pregnancy Complications","relevance":"LOW"},{"id":"M8513","name":"Gallbladder Diseases","relevance":"LOW"},{"id":"M12792","name":"Pancreatic Diseases","relevance":"LOW"},{"id":"M7775","name":"Esophageal Diseases","relevance":"LOW"},{"id":"M8636","name":"Genital Neoplasms, Male","relevance":"LOW"},{"id":"M8634","name":"Genital Diseases, Male","relevance":"LOW"},{"id":"M26785","name":"Male Urogenital Diseases","relevance":"LOW"},{"id":"M16193","name":"Testicular Diseases","relevance":"LOW"},{"id":"M8853","name":"Gonadal Disorders","relevance":"LOW"},{"id":"M5230","name":"Carcinoma, Bronchogenic","relevance":"LOW"},{"id":"M4950","name":"Bronchial Neoplasms","relevance":"LOW"},{"id":"M3275","name":"Adenocarcinoma","relevance":"LOW"},{"id":"T4387","name":"Pancreatic Cancer","asFound":"Pancreatic Carcinoma","relevance":"HIGH"},{"id":"T5486","name":"Stomach Cancer","relevance":"LOW"},{"id":"T5284","name":"Soft Tissue Sarcoma","asFound":"Soft Tissue Sarcoma","relevance":"HIGH"},{"id":"T4340","name":"Osteosarcoma","relevance":"LOW"},{"id":"T761","name":"Biliary Tract Cancer","asFound":"Biliary Tract Cancer","relevance":"HIGH"},{"id":"T5271","name":"Small Cell Lung Cancer","asFound":"Small Cell Lung Carcinoma","relevance":"HIGH"},{"id":"T2425","name":"Gallbladder Cancer","asFound":"Gallbladder Cancer","relevance":"HIGH"},{"id":"T362","name":"Anal Cancer","relevance":"LOW"},{"id":"T2141","name":"Esophageal Cancer","asFound":"Esophageal Carcinoma","relevance":"HIGH"},{"id":"T3584","name":"Malignant Mesothelioma","relevance":"LOW"},{"id":"T4091","name":"Neuroendocrine Tumor","relevance":"LOW"},{"id":"T4092","name":"Neuroepithelioma","relevance":"LOW"}],"browseBranches":[{"abbrev":"BC04","name":"Neoplasms"},{"abbrev":"BC06","name":"Digestive System Diseases"},{"abbrev":"BC19","name":"Gland and Hormone Related Diseases"},{"abbrev":"All","name":"All Conditions"},{"abbrev":"BC17","name":"Skin and Connective Tissue Diseases"},{"abbrev":"BXS","name":"Urinary Tract, Sexual Organs, and Pregnancy Conditions"},{"abbrev":"BC08","name":"Respiratory Tract (Lung and Bronchial) Diseases"},{"abbrev":"Rare","name":"Rare Diseases"}]},"interventionBrowseModule":{"browseLeaves":[{"id":"M17050","name":"Vaccines","relevance":"LOW"}],"browseBranches":[{"abbrev":"All","name":"All Drugs and Chemicals"}]}},"hasResults":false}