<?xml version="1.0" encoding="UTF-8"?>
<clinical_study rank="294">
  <!-- This xml conforms to an XML Schema at:
    https://clinicaltrials.gov/ct2/html/images/info/public.xsd -->
  <required_header>
    <download_date>ClinicalTrials.gov processed this data on May 26, 2023</download_date>
    <link_text>Link to the current ClinicalTrials.gov record.</link_text>
    <url>https://clinicaltrials.gov/show/NCT05412225</url>
  </required_header>
  <id_info>
    <org_study_id>22-136</org_study_id>
    <nct_id>NCT05412225</nct_id>
  </id_info>
  <brief_title>A Study of an Alternative Treatment Approach (Preoperative Radiotherapy, Then Mastectomy, Then Immediate Reconstruction Surgery) in People With T4 Breast Cancer</brief_title>
  <official_title>Feasibility of Preoperative Radiotherapy in T3 and T4 Breast Cancer Patients Who Are Responders to Neoadjuvant Chemotherapy to Allow for Immediate Reconstruction: a Prospective Study</official_title>
  <sponsors>
    <lead_sponsor>
      <agency>Memorial Sloan Kettering Cancer Center</agency>
      <agency_class>Other</agency_class>
    </lead_sponsor>
  </sponsors>
  <source>Memorial Sloan Kettering Cancer Center</source>
  <oversight_info>
    <is_fda_regulated_drug>No</is_fda_regulated_drug>
    <is_fda_regulated_device>No</is_fda_regulated_device>
  </oversight_info>
  <brief_summary>
    <textblock>
      The purpose of this study to test an alternative treatment approach that involves giving&#xD;
      participants radiotherapy before their mastectomy (preoperative radiotherapy) and performing&#xD;
      immediate reconstruction surgery at the time of mastectomy. The immediate reconstruction&#xD;
      surgery is called an immediate autologous reconstruction (IR) and is different than the&#xD;
      standard reconstruction surgery people with T4 breast cancer have. IR is a surgical procedure&#xD;
      where immediately following your mastectomy, the surgeon takes tissue from another part of&#xD;
      your body and uses it to re-create your breast. The standard reconstruction surgery occurs&#xD;
      later and can be done with an implant or tissue from your body.&#xD;
&#xD;
      The main purpose of this study to find out if the alternative treatment approach shown above&#xD;
      is feasible. The study will see how safe this alternative treatment approach is compared with&#xD;
      the standard treatment approach.&#xD;
    </textblock>
  </brief_summary>
  <overall_status>Recruiting</overall_status>
  <start_date type="Actual">June 6, 2022</start_date>
  <completion_date type="Anticipated">June 6, 2025</completion_date>
  <primary_completion_date type="Anticipated">June 6, 2025</primary_completion_date>
  <phase>Phase 1</phase>
  <study_type>Interventional</study_type>
  <has_expanded_access>No</has_expanded_access>
  <study_design_info>
    <allocation>N/A</allocation>
    <intervention_model>Single Group Assignment</intervention_model>
    <primary_purpose>Treatment</primary_purpose>
    <masking>None (Open Label)</masking>
  </study_design_info>
  <primary_outcome>
    <measure>Compare the rate of wound complications for partners who receive neoadjuvant radiotherapy (NART) and modified radical mastectomy with immediate autologous reconstruction (IR) following neoadjuvant chemotherapy (NAC) compared w/current standard of care</measure>
    <time_frame>5 years</time_frame>
    <description>Prospectively assess the feasibility of neoadjuvant radiotherapy (NART) and modified radical mastectomy with immediate autologous reconstruction (IR) following neoadjuvant chemotherapy (NAC) in patients with clinical T4 breast cancer, compared with the current standard of care ( [NAC, modified radical mastectomy [MRM] with delayed reconstruction, and postmastectomy radiotherapy [PMRT]), by assessing the rate of wound complications (surgical site infection [SSI], reoperative intervention, and flap failure)</description>
  </primary_outcome>
  <number_of_arms>1</number_of_arms>
  <enrollment type="Anticipated">60</enrollment>
  <condition>Breast Cancer</condition>
  <condition>Invasive Breast Cancer</condition>
  <arm_group>
    <arm_group_label>Participants with clinical T4 biopsy-proven breast cancer</arm_group_label>
    <arm_group_type>Experimental</arm_group_type>
    <description>Participants with clinical T4 biopsy-proven breast cancer with no evidence of distant metastases who demonstrate a complete or partial response to standard neoadjuvant chemotherapy/NAC and desire immediate autologous reconstruction/IR will be eligible to enroll.</description>
  </arm_group>
  <intervention>
    <intervention_type>Diagnostic Test</intervention_type>
    <intervention_name>Pre-neoadjuvant radiotherapy (NART) biopsy</intervention_name>
    <description>Participants will undergo pre-NART core biopsy guided by post-NAC MRI to the area of residual enhancement or to the previously biopsied cancer if no residual enhancement remains</description>
    <arm_group_label>Participants with clinical T4 biopsy-proven breast cancer</arm_group_label>
  </intervention>
  <intervention>
    <intervention_type>Radiation</intervention_type>
    <intervention_name>Neoadjuvant radiotherapy</intervention_name>
    <description>After biopsy, participants will undergo neoadjuvant radiotherapy/NART</description>
    <arm_group_label>Participants with clinical T4 biopsy-proven breast cancer</arm_group_label>
    <other_name>NART</other_name>
  </intervention>
  <intervention>
    <intervention_type>Procedure</intervention_type>
    <intervention_name>Unilateral total mastectomy with axillary lymph node dissection</intervention_name>
    <description>At 2-6 weeks after completion of NART, participants will undergo unilateral MRM (total mastectomy with axillary lymph node dissection), with resection of all involved breast skin. Skin-sparing mastectomy will not be permitted. All patients will also undergo simultaneous unilateral autologous-based breast reconstruction with DIEP, ms-TRAM, or latissimus dorsi flap.</description>
    <arm_group_label>Participants with clinical T4 biopsy-proven breast cancer</arm_group_label>
    <other_name>MRM</other_name>
  </intervention>
  <eligibility>
    <criteria>
      <textblock>
        Inclusion Criteria:&#xD;
&#xD;
          -  Female sex, aged ≥18 years, with biopsy-proven invasive breast cancer&#xD;
&#xD;
          -  cT3-4 cN0-3 tumor&#xD;
&#xD;
          -  Partial or complete response to NAC on imaging and clinical examination using the&#xD;
             Response Evaluation Criteria in Solid Tumors (RECISTv1.1) definition.&#xD;
&#xD;
          -  Desire to undergo autologous reconstruction and assessed to be an appropriate&#xD;
             candidate by a plastic and reconstructive surgeon&#xD;
&#xD;
          -  Able to read and understand English&#xD;
&#xD;
        Exclusion Criteria:&#xD;
&#xD;
          -  Prior ipsilateral breast cancer&#xD;
&#xD;
          -  Bilateral breast cancer&#xD;
&#xD;
          -  Pregnant&#xD;
&#xD;
          -  Stage IV disease at presentation&#xD;
&#xD;
          -  Stable disease or progressive disease after NAC&#xD;
&#xD;
          -  Surgically unresectable breast disease&#xD;
&#xD;
          -  BMI &gt;40&#xD;
&#xD;
          -  Prior history of thoracic radiotherapy&#xD;
      </textblock>
    </criteria>
    <gender>Female</gender>
    <minimum_age>18 Years</minimum_age>
    <maximum_age>N/A</maximum_age>
    <healthy_volunteers>No</healthy_volunteers>
  </eligibility>
  <overall_official>
    <last_name>Audree Tadros, MD</last_name>
    <role>Principal Investigator</role>
    <affiliation>Memorial Sloan Kettering Cancer Center</affiliation>
  </overall_official>
  <overall_contact>
    <last_name>Audree Tadros, MD</last_name>
    <phone>646-888-4456</phone>
    <email>tadrosa@mskcc.org</email>
  </overall_contact>
  <overall_contact_backup>
    <last_name>Atif Khan, MD</last_name>
    <phone>848-225-6334</phone>
    <email>khana7@mskcc.org</email>
  </overall_contact_backup>
  <location>
    <facility>
      <name>Memorial Sloan Kettering Basking Ridge (Limited Protocol Activities)</name>
      <address>
        <city>Basking Ridge</city>
        <state>New Jersey</state>
        <zip>07920</zip>
        <country>United States</country>
      </address>
    </facility>
    <status>Recruiting</status>
    <contact>
      <last_name>Audree Tadros, MD</last_name>
      <phone>646-888-4456</phone>
    </contact>
  </location>
  <location>
    <facility>
      <name>Memorial Sloan Kettering Monmouth (Limited Protocol Activities)</name>
      <address>
        <city>Middletown</city>
        <state>New Jersey</state>
        <zip>07748</zip>
        <country>United States</country>
      </address>
    </facility>
    <status>Recruiting</status>
    <contact>
      <last_name>Audree Tadros, MD</last_name>
      <phone>646-888-4456</phone>
    </contact>
  </location>
  <location>
    <facility>
      <name>Memorial Sloan Kettering Bergen (Limited Protocol Activities)</name>
      <address>
        <city>Montvale</city>
        <state>New Jersey</state>
        <zip>07645</zip>
        <country>United States</country>
      </address>
    </facility>
    <status>Recruiting</status>
    <contact>
      <last_name>Audree Tadros, MD</last_name>
      <phone>646-888-4456</phone>
    </contact>
  </location>
  <location>
    <facility>
      <name>Memorial Sloan Kettering Cancer Center @ Suffolk-Commack (Limited protocol activity)</name>
      <address>
        <city>Commack</city>
        <state>New York</state>
        <zip>11725</zip>
        <country>United States</country>
      </address>
    </facility>
    <status>Recruiting</status>
    <contact>
      <last_name>Audree Tadros, MD</last_name>
      <phone>646-888-4456</phone>
    </contact>
  </location>
  <location>
    <facility>
      <name>Memorial Sloan Kettering Westchester (Limited Protocol Activities)</name>
      <address>
        <city>Harrison</city>
        <state>New York</state>
        <zip>10604</zip>
        <country>United States</country>
      </address>
    </facility>
    <status>Recruiting</status>
    <contact>
      <last_name>Audree Tadros, MD</last_name>
      <phone>646-888-4456</phone>
    </contact>
  </location>
  <location>
    <facility>
      <name>Memorial Sloan Kettering Cancer Center</name>
      <address>
        <city>New York</city>
        <state>New York</state>
        <zip>10065</zip>
        <country>United States</country>
      </address>
    </facility>
    <status>Recruiting</status>
    <contact>
      <last_name>Audree Tadros, MD</last_name>
      <phone>646-888-4456</phone>
    </contact>
  </location>
  <location>
    <facility>
      <name>Memorial Sloan Kettering Nassau (Limited Protocol Activities)</name>
      <address>
        <city>Uniondale</city>
        <state>New York</state>
        <zip>11553</zip>
        <country>United States</country>
      </address>
    </facility>
    <status>Recruiting</status>
    <contact>
      <last_name>Audree Tadros, MD</last_name>
      <phone>646-888-4456</phone>
    </contact>
  </location>
  <location_countries>
    <country>United States</country>
  </location_countries>
  <link>
    <url>http://www.mskcc.org</url>
    <description>Memorial Sloan Kettering Cancer Center</description>
  </link>
  <verification_date>March 2023</verification_date>
  <study_first_submitted>June 6, 2022</study_first_submitted>
  <study_first_submitted_qc>June 6, 2022</study_first_submitted_qc>
  <study_first_posted type="Actual">June 9, 2022</study_first_posted>
  <last_update_submitted>March 8, 2023</last_update_submitted>
  <last_update_submitted_qc>March 8, 2023</last_update_submitted_qc>
  <last_update_posted type="Actual">March 10, 2023</last_update_posted>
  <responsible_party>
    <responsible_party_type>Sponsor</responsible_party_type>
  </responsible_party>
  <keyword>breast cancer</keyword>
  <keyword>mastectomy</keyword>
  <keyword>Memorial Sloan Kettering Cancer Center</keyword>
  <keyword>22-136</keyword>
  <condition_browse>
    <!-- CAUTION:  The following MeSH terms are assigned with an imperfect algorithm            -->
    <mesh_term>Breast Neoplasms</mesh_term>
  </condition_browse>
  <patient_data>
    <sharing_ipd>Yes</sharing_ipd>
    <ipd_description>Memorial Sloan Kettering Cancer Center supports the international committee of medical journal editors (ICMJE) and the ethical obligation of responsible sharing of data from clinical trials. The protocol summary, a statistical summary, and informed consent form will be made available on clinicaltrials.gov when required as a condition of Federal awards, other agreements supporting the research and/or as otherwise required. Requests for deidentified individual participant data can be made beginning 12 months after publication and for up to 36 months post publication. Deidentified individual participant data reported in the manuscript will be shared under the terms of a Data Use Agreement and may only be used for approved proposals. Requests may be made to: crdatashare@mskcc.org.</ipd_description>
  </patient_data>
  <!-- Results have not yet been posted for this study                                          -->
</clinical_study>

