<?xml version="1.0" encoding="UTF-8"?>
<clinical_study rank="59">
  <!-- This xml conforms to an XML Schema at:
    https://clinicaltrials.gov/ct2/html/images/info/public.xsd -->
  <required_header>
    <download_date>ClinicalTrials.gov processed this data on May 26, 2023</download_date>
    <link_text>Link to the current ClinicalTrials.gov record.</link_text>
    <url>https://clinicaltrials.gov/show/NCT02443428</url>
  </required_header>
  <id_info>
    <org_study_id>OBU-N-H-01</org_study_id>
    <nct_id>NCT02443428</nct_id>
  </id_info>
  <brief_title>Eribulin Use for the Treatment of Advanced Breast Cancer: A Prospective Observational Registry</brief_title>
  <official_title>Eribulin (HALAVEN) Use for the Treatment of Advanced Breast Cancer: A Prospective Observational Registry</official_title>
  <sponsors>
    <lead_sponsor>
      <agency>Eisai Limited</agency>
      <agency_class>Industry</agency_class>
    </lead_sponsor>
  </sponsors>
  <source>Eisai Inc.</source>
  <oversight_info>
    <has_dmc>No</has_dmc>
  </oversight_info>
  <brief_summary>
    <textblock>
      The purpose of this prospective observational registry is to monitor safety of eribulin in&#xD;
      routine clinical practice. Additionally, this study will also assess the effectiveness of&#xD;
      eribulin in real-life settings.&#xD;
    </textblock>
  </brief_summary>
  <overall_status>Completed</overall_status>
  <start_date>August 2013</start_date>
  <completion_date type="Actual">October 2015</completion_date>
  <primary_completion_date type="Actual">October 2015</primary_completion_date>
  <study_type>Observational</study_type>
  <has_expanded_access>No</has_expanded_access>
  <study_design_info>
    <observational_model>Cohort</observational_model>
    <time_perspective>Prospective</time_perspective>
  </study_design_info>
  <primary_outcome>
    <measure>Number of participants with adverse events (AEs) and serious adverse events (SAEs)</measure>
    <time_frame>From date of first administration of study drug up to 30 days after last administration of study drug or until approximately 2 years</time_frame>
    <description>Safety assessment will consist of monitoring of all AEs, including SAEs at every visit. All participants will be evaluable for safety from the time of their first treatment with eribulin.</description>
  </primary_outcome>
  <secondary_outcome>
    <measure>Tumour response</measure>
    <time_frame>From date of enrollment, Day 1 and Day 8 of every 21 day cycle or up to approximately 2 years</time_frame>
  </secondary_outcome>
  <secondary_outcome>
    <measure>Overall survival (OS)</measure>
    <time_frame>From date of first administration of study drug to date of death or up to approximately 2 years</time_frame>
  </secondary_outcome>
  <secondary_outcome>
    <measure>Demographic and clinical characteristics</measure>
    <time_frame>Up to approximately 2 years</time_frame>
  </secondary_outcome>
  <secondary_outcome>
    <measure>Duration of treatment</measure>
    <time_frame>Historical data collected at Baseline</time_frame>
  </secondary_outcome>
  <secondary_outcome>
    <measure>Incidence of dose delays</measure>
    <time_frame>From date of first administration up to approximately 2 years</time_frame>
  </secondary_outcome>
  <secondary_outcome>
    <measure>Incidence of dose reductions</measure>
    <time_frame>From date of first administration up to approximately 2 years</time_frame>
  </secondary_outcome>
  <secondary_outcome>
    <measure>Relative dose intensity (RDI) of eribulin</measure>
    <time_frame>From date of first administration up to approximately 2 years</time_frame>
  </secondary_outcome>
  <secondary_outcome>
    <measure>Treatment patterns for locally advanced or metastatic breast cancer</measure>
    <time_frame>Historical data collected at Baseline</time_frame>
  </secondary_outcome>
  <number_of_groups>1</number_of_groups>
  <enrollment type="Actual">77</enrollment>
  <condition>Breast Cancer</condition>
  <arm_group>
    <arm_group_label>Eribulin Mesilate</arm_group_label>
    <description>Participants will be treated in accordance with normal clinical practice. The recommend dose of eribulin is 1.23 mg/m2 administered intravenously on days 1 and 8 of every 21-day cycle. Treatment with eribulin is continued until disease progression, onset of unacceptable drug toxicities, or participant/physician's request to discontinue.</description>
  </arm_group>
  <eligibility>
    <study_pop>
      <textblock>
        Participants with locally advanced or metastatic breast cancer who have progressed after up&#xD;
        to two chemotherapeutic regimens for advanced disease will be prospectively included in the&#xD;
        registry. Prior therapy should have included an anthracycline and a taxanes unless the&#xD;
        patient was not suitable for these treatments.&#xD;
      </textblock>
    </study_pop>
    <sampling_method>Probability Sample</sampling_method>
    <criteria>
      <textblock>
        Inclusion Criteria&#xD;
&#xD;
        The participants have to meet all of the following criteria to be eligible to enter into&#xD;
        the prospective registry:&#xD;
&#xD;
          1. Participants older than 18 years of age&#xD;
&#xD;
          2. Willing and able to provide informed consent&#xD;
&#xD;
          3. Diagnosis of locally advanced or metastatic breast cancer&#xD;
&#xD;
          4. Progression after up to two previous chemotherapy regimens for advanced disease. Prior&#xD;
             therapy should have included an anthracycline and a taxanes in either the adjuvant or&#xD;
             advanced setting unless not suitable&#xD;
&#xD;
          5. Adequate bone marrow, liver, and renal function&#xD;
&#xD;
          6. Life expectancy greater than 12 weeks&#xD;
&#xD;
        Exclusion Criteria&#xD;
&#xD;
        Participants meeting the following criteria will not be permitted to enter the study:&#xD;
&#xD;
          1. Prior treatment with eribulin&#xD;
&#xD;
          2. Participants who have received more than two prior chemotherapeutic regimens for&#xD;
             advanced disease&#xD;
      </textblock>
    </criteria>
    <gender>All</gender>
    <minimum_age>18 Years</minimum_age>
    <maximum_age>N/A</maximum_age>
    <healthy_volunteers>No</healthy_volunteers>
  </eligibility>
  <overall_official>
    <last_name>Hartmut Kristeleit</last_name>
    <role>Study Director</role>
    <affiliation>Guy's Hospital, Great Maze Pond</affiliation>
  </overall_official>
  <location>
    <facility>
      <address>
        <city>Aarhus</city>
        <country>Denmark</country>
      </address>
    </facility>
  </location>
  <location>
    <facility>
      <address>
        <city>Copenhagen</city>
        <country>Denmark</country>
      </address>
    </facility>
  </location>
  <location>
    <facility>
      <address>
        <city>Dublin</city>
        <country>Ireland</country>
      </address>
    </facility>
  </location>
  <location>
    <facility>
      <address>
        <city>Bath</city>
        <country>United Kingdom</country>
      </address>
    </facility>
  </location>
  <location>
    <facility>
      <address>
        <city>Cottingham</city>
        <country>United Kingdom</country>
      </address>
    </facility>
  </location>
  <location>
    <facility>
      <address>
        <city>Derby</city>
        <country>United Kingdom</country>
      </address>
    </facility>
  </location>
  <location>
    <facility>
      <address>
        <city>London</city>
        <country>United Kingdom</country>
      </address>
    </facility>
  </location>
  <location>
    <facility>
      <address>
        <city>Maidstone</city>
        <country>United Kingdom</country>
      </address>
    </facility>
  </location>
  <location>
    <facility>
      <address>
        <city>Manchester</city>
        <country>United Kingdom</country>
      </address>
    </facility>
  </location>
  <location>
    <facility>
      <address>
        <city>Norwich</city>
        <country>United Kingdom</country>
      </address>
    </facility>
  </location>
  <location>
    <facility>
      <address>
        <city>Oxford</city>
        <country>United Kingdom</country>
      </address>
    </facility>
  </location>
  <location>
    <facility>
      <address>
        <city>Plymouth</city>
        <country>United Kingdom</country>
      </address>
    </facility>
  </location>
  <location_countries>
    <country>Denmark</country>
    <country>Ireland</country>
    <country>United Kingdom</country>
  </location_countries>
  <verification_date>April 2016</verification_date>
  <study_first_submitted>May 11, 2015</study_first_submitted>
  <study_first_submitted_qc>May 11, 2015</study_first_submitted_qc>
  <study_first_posted type="Estimate">May 13, 2015</study_first_posted>
  <last_update_submitted>April 14, 2016</last_update_submitted>
  <last_update_submitted_qc>April 14, 2016</last_update_submitted_qc>
  <last_update_posted type="Estimate">April 15, 2016</last_update_posted>
  <responsible_party>
    <responsible_party_type>Sponsor</responsible_party_type>
  </responsible_party>
  <keyword>Breast Cancer</keyword>
  <condition_browse>
    <!-- CAUTION:  The following MeSH terms are assigned with an imperfect algorithm            -->
    <mesh_term>Breast Neoplasms</mesh_term>
  </condition_browse>
  <!-- Results have not yet been posted for this study                                          -->
</clinical_study>

