<?xml version="1.0" encoding="UTF-8"?>
<clinical_study rank="336">
  <!-- This xml conforms to an XML Schema at:
    https://clinicaltrials.gov/ct2/html/images/info/public.xsd -->
  <required_header>
    <download_date>ClinicalTrials.gov processed this data on May 26, 2023</download_date>
    <link_text>Link to the current ClinicalTrials.gov record.</link_text>
    <url>https://clinicaltrials.gov/show/NCT04603820</url>
  </required_header>
  <id_info>
    <org_study_id>GEICAM/2017-07</org_study_id>
    <nct_id>NCT04603820</nct_id>
  </id_info>
  <brief_title>Registry Study of Pregnancy and Breast Cancer</brief_title>
  <acronym>EMBARCAM</acronym>
  <official_title>An Ambispective Observational Registry Study of Pregnancy and Breast Cancer</official_title>
  <sponsors>
    <lead_sponsor>
      <agency>Spanish Breast Cancer Research Group</agency>
      <agency_class>Other</agency_class>
    </lead_sponsor>
  </sponsors>
  <source>Spanish Breast Cancer Research Group</source>
  <oversight_info>
    <has_dmc>No</has_dmc>
    <is_fda_regulated_drug>No</is_fda_regulated_drug>
    <is_fda_regulated_device>No</is_fda_regulated_device>
  </oversight_info>
  <brief_summary>
    <textblock>
      An ambispective observational registry study of pregnancy and breast cancer&#xD;
    </textblock>
  </brief_summary>
  <detailed_description>
    <textblock>
      A multicenter, observational, non-post-marketing (non-PMS), ambispective (retrospective and&#xD;
      prospective from the registry opening) study which will enroll patients with breast cancer in&#xD;
      any of these three situations:&#xD;
&#xD;
        1. Patients with gestational breast cancer, defined as breast cancer diagnosed during&#xD;
           pregnancy, breastfeeding or up to a year after delivery.&#xD;
&#xD;
        2. Patients who become pregnant after a breast cancer diagnosis.&#xD;
&#xD;
        3. Patients with breast cancer who have followed any fertility preservation technique prior&#xD;
           to the start of breast cancer treatment.&#xD;
&#xD;
      It is estimated a minimum recruitment period of approximately 3 years from the study&#xD;
      activation. The study will remain open as long as possible in order to collect as much&#xD;
      information as possible. GEICAM will actively search for funding for this.&#xD;
&#xD;
      Patients may also be concurrently enrolled in an interventional clinical trial. This&#xD;
      observational registry study of pregnancy and breast cancer that collects significant data&#xD;
      obtained from standard clinical practice, regarding the clinical characteristics of patients&#xD;
      with breast cancer in any of the three situations described above. These data will allow the&#xD;
      performance of both descriptive and exploratory analyses in order to evaluate the&#xD;
      associations between different breast cancer subtypes and risk factors observed.&#xD;
&#xD;
      Finally, this study will collect high quality molecular data derived from the analysis of&#xD;
      biological samples (paraffin-embedded tumor and peripheral blood samples) to reach a better&#xD;
      understanding of the biological mechanisms involved in breast cancer in relation to&#xD;
      pregnancy.&#xD;
&#xD;
      No treatment regimen will be protocol specified. This is an observational study in which&#xD;
      clinical decisions concerning the optimum management strategy for a particular patient are&#xD;
      taken independently of and/or prior to, any decision by the physician to invite a patient to&#xD;
      participate in the study. The treating physician will make all treatment decisions according&#xD;
      to his/her regular clinical practice independent of this study.&#xD;
    </textblock>
  </detailed_description>
  <overall_status>Recruiting</overall_status>
  <start_date type="Actual">November 18, 2019</start_date>
  <completion_date type="Anticipated">January 2040</completion_date>
  <primary_completion_date type="Anticipated">January 2040</primary_completion_date>
  <study_type>Observational</study_type>
  <has_expanded_access>No</has_expanded_access>
  <study_design_info>
    <observational_model>Case-Only</observational_model>
    <time_perspective>Other</time_perspective>
  </study_design_info>
  <primary_outcome>
    <measure>Number of participants with breast cancer diagnosis during the gestation, breastfeeding, first year after the delivery (not during breastfeeding period), after a pregnancy and followed by any fertility preservation method before the anticancer treatment</measure>
    <time_frame>Baseline visit</time_frame>
    <description>Data for this study will be recorded into the electronic case report form (eCRF) via web using Remote Data Capture (RDC) from Oracle Clinical®. Once patient has signed the ICF or verified that the data of deceased patients can be included, designated site personnel will complete the register of each patient in the eCRF, where an identification number will automatically be assigned.&#xD;
Data will be recorded in the eCRF at the time of patient enrollment and approximately every year.</description>
  </primary_outcome>
  <primary_outcome>
    <measure>Race of participants with breast cancer diagnosis during the gestation, breastfeeding, first year after the delivery (not during breastfeeding period), after a pregnancy and followed by any fertility preservation method before the anticancer treatment</measure>
    <time_frame>Baseline visit</time_frame>
    <description>Data for this study will be recorded into the eCRF via web using RDC (Remote Data Capture) from Oracle Clinical®. Once patient has signed the ICF or verified that the data of deceased patients can be included, designated site personnel will complete the register of each patient in the eCRF, where an identification number will automatically be assigned.&#xD;
Data will be recorded in the eCRF at the time of patient enrollment and approximately every year.</description>
  </primary_outcome>
  <primary_outcome>
    <measure>Age of participants with breast cancer diagnosis during the gestation, breastfeeding, first year after the delivery (not during breastfeeding period), after a pregnancy and followed by any fertility preservation method before the anticancer treatment</measure>
    <time_frame>Baseline visit</time_frame>
    <description>Data for this study will be recorded into the eCRF via web using RDC (Remote Data Capture) from Oracle Clinical®. Once patient has signed the ICF or verified that the data of deceased patients can be included, designated site personnel will complete the register of each patient in the eCRF, where an identification number will automatically be assigned.&#xD;
Data will be recorded in the eCRF at the time of patient enrollment and approximately every year.</description>
  </primary_outcome>
  <secondary_outcome>
    <measure>Clinicopathological characteristics of cancer: Tumor size</measure>
    <time_frame>3 years</time_frame>
    <description>Assess the clinicopathological characteristics of cancer in the patients enrolled in the study. For this, it is used the Tumor, Node, Metastasis (TNM) staging system is the most common way that doctors stage breast cancer. Patient scans and tests give some information about the stage of the cancer.&#xD;
Tumor (T) size describes the size of the tumour. Larger T is associated with inferior survival.&#xD;
Tumor cannot be assessed (TX): can't be assessed. Tis: ductal carcinoma in situ. T1: tumour is 2 centimetres (cm) across or less. T1mi: tumour is 0.1cm across or less T1a: tumour &gt;0.1 cm but &lt;0.5 cm T1b: tumour &gt;0.5 cm but &lt;1 cm T1c: tumour &gt;1 cm but &lt;2 cm T2: tumour &gt;2 cm but &lt;5 cm across. T3: tumour &gt;5 cm across. T4a: tumour has spread into the chest wall T4b: tumour has spread into the skin and the breast might be swollen T4c: tumour has spread to both the skin and the chest wall T4d: inflammatory carcinoma</description>
  </secondary_outcome>
  <secondary_outcome>
    <measure>Clinicopathological characteristics of cancer: lymph node condition</measure>
    <time_frame>3 years</time_frame>
    <description>Assess the clinicopathological characteristics of cancer in the patients enrolled in the study. For this, it is used the Tumor, Node, Metastasis (TNM) staging system is the most common way that doctors stage breast cancer. Patient scans and tests give some information about the stage of the cancer.&#xD;
Lymph Node (N) conditions describes whether the cancer has spread to the Lymph Nodes (LN). Prognosis is better when cancer has not spread to the LN. The more LN that contain cancer, the poorer prognosis tends to be.&#xD;
Node cannot be assessed (NX): LN can't be assessed N0: no Cancer Cells (CC) N1: CC in the LN in the armpit but the nodes are not stuck to surrounding tissues.&#xD;
N2a: CC in the LN in the armpit, which are stuck to each other and to other structures.&#xD;
N2b: CC in the LN behind the breast bone. N3a: CC in LN below the collarbone. N3b: CC in LN in the armpit and behind the breastbone. N3c: CC in LN above the collarbone.</description>
  </secondary_outcome>
  <secondary_outcome>
    <measure>Clinicopathological characteristics of cancer: metastasis presence</measure>
    <time_frame>3 years</time_frame>
    <description>Assess the clinicopathological characteristics of cancer in the patients enrolled in the study. For this, it is used the Tumor, Node, Metastasis (TNM) staging system is the most common way that doctors stage breast cancer. Patient scans and tests give some information about the stage of the cancer.&#xD;
Metastasis (M) describes whether the cancer has spread to a different part of the body.&#xD;
M0 means that there is no sign that the cancer has spread. cMo(i+) means there is no sign of the cancer on physical examination, scans or x-rays. But cancer cells are present in blood, bone marrow, or lymph nodes far away from the breast cancer - the cells are found by laboratory tests M1 means the cancer has spread to another part of the body.</description>
  </secondary_outcome>
  <secondary_outcome>
    <measure>Clinicopathological characteristics of cancer: histopathological differentiation degree</measure>
    <time_frame>3 years</time_frame>
    <description>Cancer cells are given a Grade (G) when they are removed from the breast and checked under a microscope. The G is based on how much the cancer cells look like normal cells.&#xD;
G1 or well differentiated (score 3, 4, or 5): cells are slower-growing, and look more like normal breast tissue.&#xD;
G2 or moderately differentiated (score 6, 7): cells are growing at a speed of and look like cells somewhere between G1 and 3.&#xD;
G3 or poorly differentiated (score 8, 9): cells look very different from normal and will probably grow and spread faster.&#xD;
The histopathological differentiation is analyzed on tumor samples. The collection of a sample of the primary archival tumor and/or a sample of metastatic lesions will be requested, when available.</description>
  </secondary_outcome>
  <secondary_outcome>
    <measure>Clinicopathological characteristics of cancer: hormonal receptor status</measure>
    <time_frame>3 years</time_frame>
    <description>Receptors (R) are proteins in or on cells that can attach to certain substances in the blood. Normal breast cells and some breast cancer cells have R that attach to the hormones estrogen and progesterone, and depend on these hormones to grow.&#xD;
Breast cancer cells may have one, both, or none of these R:&#xD;
Estrogen Receptors (ER) -positive: are called ER-positive (or ER+) cancers.&#xD;
Progesterone Receptors (PR) -positive: are called PR-positive (or PR+) cancers.&#xD;
Hormone receptor (HR) -positive: If the cancer cell has one or both of the R above, the term hormone-receptive positive (also called hormone-positive or HR+) breast cancer may be used.&#xD;
HR-negative: If the cancer cell has neither the ER nor the PR, it's called hormone-receptor negative (also called hormone-negative or HR-).&#xD;
The hormonal R status is analyzed on tumor samples. The collection of a sample of the primary archival tumor and/or a sample of metastatic lesions will be requested, when available.</description>
  </secondary_outcome>
  <secondary_outcome>
    <measure>Clinicopathological characteristics of cancer: human epidermal growth factor receptor 2 (HER2) condition</measure>
    <time_frame>3 years</time_frame>
    <description>HER2 is a growth-promoting protein on the outside of all breast cells. Cells with higher than normal levels of HER2 are called HER2+. These cancers tend to grow and spread faster than other breast cancers, but are much more likely to respond to treatment with drugs that target the HER2 protein.&#xD;
A biopsy or surgery sample of the cancer is tested with either immunohistochemical stains (IHC) or Fluorescent in situ hybridization (FISH).&#xD;
IHC result 0 or 1+: cancer is considered HER2-negative. These cancers do not respond to treatment with drugs that target HER2.&#xD;
IHC result is 3+: the cancer is HER2-positive. These cancers are usually treated with drugs that target HER2.&#xD;
IHC result is 2+: HER2 status of the tumor is not clear and is called &quot;equivocal.&quot; HER2 status needs to be tested with FISH to clarify the result.&#xD;
HER2 is analyzed on tumor samples. The collection of a sample of the primary archival tumor and/or a sample of metastatic lesions will be requested, when available.</description>
  </secondary_outcome>
  <secondary_outcome>
    <measure>Clinicopathological characteristics of cancer: Ki67 proliferation index</measure>
    <time_frame>3 years</time_frame>
    <description>Ki-67 is a protein in cells that increases as they prepare to divide into new cells. A staining process can measure the percentage of tumor cells that are positive for Ki-67. The more positive cells there are, the more quickly they are dividing and forming new cells. In breast cancer, a result of less than 10% is considered low, 10-20% borderline, and high if more than 20%.&#xD;
Ki-67 is analyzed on tumor samples. The collection of a sample of the primary archival tumor and/or a sample of metastatic lesions will be requested, when available.</description>
  </secondary_outcome>
  <secondary_outcome>
    <measure>Clinicopathological characteristics of cancer: BRCA1 and 2 mutations</measure>
    <time_frame>3 years</time_frame>
    <description>BRCA1 and BRCA2 are human genes that produce tumor suppressor proteins. These proteins help repair damaged DNA and, therefore, play a role in ensuring the stability of each cell's genetic material. When either of these genes is mutated, or altered, such that its protein product is not made or does not function correctly, DNA damage may not be repaired properly. As a result, cells are more likely to develop additional genetic alterations that can lead to cancer.&#xD;
People who have inherited mutations in BRCA1 and BRCA2 tend to develop breast and ovarian cancers at younger ages than people who do not have these mutations.&#xD;
BRCA1 and 2 mutations are analyzed on whole blood samples, that are preferably collected at the enrolment visit (after signing the informed consent).</description>
  </secondary_outcome>
  <secondary_outcome>
    <measure>Disease-free survival (DFS) of pregnant women with breast cancer, pregnant patients after breast cancer and patients who have undergone techniques for the preservation of fertility.</measure>
    <time_frame>3 years</time_frame>
    <description>Disease-free survival (DFS): It is defined as the time from date of initial breast cancer surgery to the date of the first documented relapse event (local, regional and/or distant) of the disease, second breast or non-breast primary tumor, or death due to any cause, whichever occurs first. In the event that none of the previous events were observed, censoring the last contact date will be considered.</description>
  </secondary_outcome>
  <secondary_outcome>
    <measure>Event-free survival (EFS) of pregnant women with breast cancer, pregnant patients after breast cancer and patients who have undergone techniques for the preservation of fertility.</measure>
    <time_frame>3 years</time_frame>
    <description>Event-free survival (EFS): It is defined as the time from date of breast cancer diagnosis to the date of the first documented event of disease progression which excludes the potentially curative surgery, relapse (local, regional and/or distant) of the disease after the curative surgery, second breast or non-breast primary tumor, or death due to any cause, whichever occurs first. In the event that none of the previous events were observed, censoring the last contact date will be considered.</description>
  </secondary_outcome>
  <secondary_outcome>
    <measure>Progression-free survival (PFS) of pregnant women with breast cancer, pregnant patients after breast cancer and patients who have undergone techniques for the preservation of fertility.</measure>
    <time_frame>3 years</time_frame>
    <description>Progression-free survival (PFS): It is defined as the time from the start date of a specific treatment to the documentation of disease progression on such treatment, or death due to any cause, whichever occurs first. In the event that none of the previous events were observed, censoring the last contact date will be considered.</description>
  </secondary_outcome>
  <secondary_outcome>
    <measure>Overall survival (OS) of pregnant women with breast cancer, pregnant patients after breast cancer and patients who have undergone techniques for the preservation of fertility.</measure>
    <time_frame>3 years</time_frame>
    <description>Overall survival (OS): It is defined as the time from date of initial breast cancer diagnosis to the date of death due to any cause.</description>
  </secondary_outcome>
  <secondary_outcome>
    <measure>Correlation of the molecular profiles identified with the patients' clinicopathological and epidemiological characteristics and their disease evolution.</measure>
    <time_frame>3 years</time_frame>
  </secondary_outcome>
  <secondary_outcome>
    <measure>Association between gestational breast cancer and a specific genotype or gene expression profile.</measure>
    <time_frame>3 years</time_frame>
  </secondary_outcome>
  <secondary_outcome>
    <measure>Number of patients with breast cancer managed to get pregnant, spontaneously or through in vitro fertilization (IVF) methods</measure>
    <time_frame>3 years</time_frame>
    <description>Number of patients with breast cancer managed to get pregnant, spontaneously or through in vitro fertilization (IVF) methods, considering both the patients with early disease and the patients with advanced disease.</description>
  </secondary_outcome>
  <secondary_outcome>
    <measure>Number of patients with breast cancer that have followed fertility preservation techniques and what type of techniques were used.</measure>
    <time_frame>3 years</time_frame>
  </secondary_outcome>
  <secondary_outcome>
    <measure>Enumerate the potential risks of fertility preservation techniques in women with breast cancer.</measure>
    <time_frame>3 years</time_frame>
  </secondary_outcome>
  <secondary_outcome>
    <measure>Pregnancy outcome from women diagnosed with gestational breast cancer or women with breast cancer diagnosis who became pregnant.</measure>
    <time_frame>3 years</time_frame>
  </secondary_outcome>
  <secondary_outcome>
    <measure>Progress of the babies born from women diagnosed with gestational breast cancer or women with breast cancer diagnosis who became pregnant.</measure>
    <time_frame>3 years</time_frame>
    <description>Regarding the live-born children, serious diseases and age until the progression is known.</description>
  </secondary_outcome>
  <other_outcome>
    <measure>Potential relationship of clinical activity biomarkers and the probability of developing gestational breast cancer or having a relapse after the pregnancy</measure>
    <time_frame>3 years</time_frame>
  </other_outcome>
  <enrollment type="Anticipated">1000</enrollment>
  <condition>Breast Cancer and Pregnancy</condition>
  <biospec_retention>Samples With DNA</biospec_retention>
  <biospec_descr>
    <textblock>
      A whole blood sample will be collected from all patients enrolled preferably at the&#xD;
      enrollment visit (after signing the ICF).&#xD;
    </textblock>
  </biospec_descr>
  <eligibility>
    <study_pop>
      <textblock>
        Patients with breast cancer in any of these three situations:&#xD;
&#xD;
          1. Patients with gestational breast cancer, defined as breast cancer diagnosed during&#xD;
             pregnancy, breastfeeding or up to a year after delivery.&#xD;
&#xD;
          2. Patients who become pregnant after a breast cancer diagnosis.&#xD;
&#xD;
          3. Patients with breast cancer who have followed any fertility preservation technique&#xD;
             prior to the start of breast cancer treatment.&#xD;
      </textblock>
    </study_pop>
    <sampling_method>Non-Probability Sample</sampling_method>
    <criteria>
      <textblock>
        Inclusion Criteria:&#xD;
&#xD;
          1. The patient should have signed and dated the informed consent form (ICF). The&#xD;
             enrollment of patients who have died is allowed.&#xD;
&#xD;
          2. Women aged ≥ 18 years.&#xD;
&#xD;
          3. Patients in one of the following situations:&#xD;
&#xD;
               -  Patients with breast cancer diagnosis during pregnancy, breastfeeding or within&#xD;
                  the year after delivery.&#xD;
&#xD;
               -  Patients with breast cancer who become pregnant after treatment.&#xD;
&#xD;
               -  Patients with breast cancer who were subjected to any fertility preservation&#xD;
                  method prior to the start of breast cancer treatment.&#xD;
&#xD;
          4. The patients referred to in the previous section and the patients who meet these&#xD;
             characteristics prospectively could be enrolled retrospectively upon registry opening.&#xD;
&#xD;
          5. All cases diagnosed at the same site may be included. In order to prevent&#xD;
             duplications, in case the patient followed her treatment and follow-up at another&#xD;
             site, she will be enrolled as per the site where the diagnosis was made, requesting&#xD;
             information of the treatment and progression, when possible.&#xD;
&#xD;
          6. Availability of clinical, epidemiological and progress data.&#xD;
&#xD;
        Exclusion Criteria:&#xD;
&#xD;
        Patients who do not wish to participate in the study for any reason could not be included&#xD;
        in the study.&#xD;
      </textblock>
    </criteria>
    <gender>Female</gender>
    <minimum_age>18 Years</minimum_age>
    <maximum_age>N/A</maximum_age>
    <healthy_volunteers>No</healthy_volunteers>
  </eligibility>
  <overall_official>
    <last_name>Study Director</last_name>
    <role>Study Director</role>
    <affiliation>Instituto Valenciano de Oncología, Valencia, España</affiliation>
  </overall_official>
  <overall_official>
    <last_name>Study Director</last_name>
    <role>Study Director</role>
    <affiliation>Hospital Universitario Reina Sofía de Córdoba, Córdoba, España</affiliation>
  </overall_official>
  <overall_official>
    <last_name>Study Director</last_name>
    <role>Study Director</role>
    <affiliation>Hospital Clínico Universitario de Valencia, Valencia, España</affiliation>
  </overall_official>
  <overall_official>
    <last_name>Study Director</last_name>
    <role>Study Director</role>
    <affiliation>Centro Nacional de Epidemiología. Instituto de Salud Carlos III, Madrid, España</affiliation>
  </overall_official>
  <overall_contact>
    <last_name>Study Project Manager</last_name>
    <phone>0034 916892870</phone>
    <email>inicio_ensayos@geicam.org</email>
  </overall_contact>
  <overall_contact_backup>
    <last_name>Start-Up Unit Manager</last_name>
    <phone>0034 916892870</phone>
    <email>inicio_ensayos@geicam.org</email>
  </overall_contact_backup>
  <location>
    <facility>
      <name>Hospital Central de Asturias</name>
      <address>
        <city>Oviedo</city>
        <state>Asturias</state>
        <zip>33011</zip>
        <country>Spain</country>
      </address>
    </facility>
    <status>Recruiting</status>
  </location>
  <location>
    <facility>
      <name>Hospital Universitari Germans Trias i Pujol</name>
      <address>
        <city>Badalona</city>
        <state>Barcelona</state>
        <zip>08916</zip>
        <country>Spain</country>
      </address>
    </facility>
    <status>Not yet recruiting</status>
  </location>
  <location>
    <facility>
      <name>Hospital Universitario Mutua de Terrassa</name>
      <address>
        <city>Terrassa</city>
        <state>Barcelona</state>
        <zip>08221</zip>
        <country>Spain</country>
      </address>
    </facility>
    <status>Not yet recruiting</status>
  </location>
  <location>
    <facility>
      <name>Hospital Universitario de Basurto</name>
      <address>
        <city>Bilbao</city>
        <state>Bizkaia</state>
        <zip>48013</zip>
        <country>Spain</country>
      </address>
    </facility>
    <status>Not yet recruiting</status>
  </location>
  <location>
    <facility>
      <name>Hospital Unviersitari Son Espases</name>
      <address>
        <city>Palma De Mallorca</city>
        <state>Islas Baleares</state>
        <zip>07120</zip>
        <country>Spain</country>
      </address>
    </facility>
    <status>Recruiting</status>
  </location>
  <location>
    <facility>
      <name>Hospital Nuestra Señora de la Candelaria</name>
      <address>
        <city>Santa Cruz De Tenerife</city>
        <state>Islas Canarias</state>
        <zip>38010</zip>
        <country>Spain</country>
      </address>
    </facility>
    <status>Not yet recruiting</status>
  </location>
  <location>
    <facility>
      <name>Complejo Hospitalario de Galicia (CHUAC)</name>
      <address>
        <city>A Coruña</city>
        <state>La Coruña</state>
        <zip>15009</zip>
        <country>Spain</country>
      </address>
    </facility>
    <status>Recruiting</status>
  </location>
  <location>
    <facility>
      <name>Hospital Universitario Doctor Negrín</name>
      <address>
        <city>Las Palmas De Gran Canaria</city>
        <state>Las Palmas</state>
        <zip>35010</zip>
        <country>Spain</country>
      </address>
    </facility>
    <status>Not yet recruiting</status>
  </location>
  <location>
    <facility>
      <name>Hospital Universitario Severo Ochoa</name>
      <address>
        <city>Leganés</city>
        <state>Madrid</state>
        <zip>28911</zip>
        <country>Spain</country>
      </address>
    </facility>
    <status>Not yet recruiting</status>
  </location>
  <location>
    <facility>
      <name>Hospital Universitario Puerta de Hierro</name>
      <address>
        <city>Majadahonda</city>
        <state>Madrid</state>
        <zip>28222</zip>
        <country>Spain</country>
      </address>
    </facility>
    <status>Recruiting</status>
  </location>
  <location>
    <facility>
      <name>Hospital Clínico Universitario Virgen de la Arrixaca</name>
      <address>
        <city>El Palmar</city>
        <state>Murcia</state>
        <zip>30120</zip>
        <country>Spain</country>
      </address>
    </facility>
    <status>Recruiting</status>
  </location>
  <location>
    <facility>
      <name>Complejo Hospitalario de Navarra</name>
      <address>
        <city>Pamplona</city>
        <state>Navarra</state>
        <zip>31008</zip>
        <country>Spain</country>
      </address>
    </facility>
    <status>Recruiting</status>
  </location>
  <location>
    <facility>
      <name>Hospital General Universitario de Albacete</name>
      <address>
        <city>Albacete</city>
        <zip>02006</zip>
        <country>Spain</country>
      </address>
    </facility>
    <status>Not yet recruiting</status>
  </location>
  <location>
    <facility>
      <name>Hospital General Universitario de Alicante</name>
      <address>
        <city>Alicante</city>
        <zip>03010</zip>
        <country>Spain</country>
      </address>
    </facility>
    <status>Not yet recruiting</status>
  </location>
  <location>
    <facility>
      <name>Hospital del Mar</name>
      <address>
        <city>Barcelona</city>
        <zip>08003</zip>
        <country>Spain</country>
      </address>
    </facility>
    <status>Not yet recruiting</status>
  </location>
  <location>
    <facility>
      <name>Hospital Clinic i Provincial</name>
      <address>
        <city>Barcelona</city>
        <zip>08036</zip>
        <country>Spain</country>
      </address>
    </facility>
    <status>Not yet recruiting</status>
  </location>
  <location>
    <facility>
      <name>Hospital San Pedro de Alcántara</name>
      <address>
        <city>Cáceres</city>
        <zip>10003</zip>
        <country>Spain</country>
      </address>
    </facility>
    <status>Not yet recruiting</status>
  </location>
  <location>
    <facility>
      <name>Complejo Hospitalario Reina Sofía</name>
      <address>
        <city>Córdoba</city>
        <zip>14004</zip>
        <country>Spain</country>
      </address>
    </facility>
    <status>Not yet recruiting</status>
  </location>
  <location>
    <facility>
      <name>Hospital Universitario San Cecilio</name>
      <address>
        <city>Granada</city>
        <zip>18016</zip>
        <country>Spain</country>
      </address>
    </facility>
    <status>Not yet recruiting</status>
  </location>
  <location>
    <facility>
      <name>Hospital General Universitario Gregorio Marañón</name>
      <address>
        <city>Madrid</city>
        <zip>28007</zip>
        <country>Spain</country>
      </address>
    </facility>
    <status>Not yet recruiting</status>
  </location>
  <location>
    <facility>
      <name>Hospital Clínico San Carlos</name>
      <address>
        <city>Madrid</city>
        <zip>28040</zip>
        <country>Spain</country>
      </address>
    </facility>
    <status>Not yet recruiting</status>
  </location>
  <location>
    <facility>
      <name>Hospital Universitario de Salamanca</name>
      <address>
        <city>Salamanca</city>
        <zip>37007</zip>
        <country>Spain</country>
      </address>
    </facility>
    <status>Recruiting</status>
  </location>
  <location>
    <facility>
      <name>Hospital Universitario Virgen del Rocío</name>
      <address>
        <city>Sevilla</city>
        <zip>41013</zip>
        <country>Spain</country>
      </address>
    </facility>
    <status>Recruiting</status>
  </location>
  <location>
    <facility>
      <name>Hospital Virgen de la Salud de Toledo</name>
      <address>
        <city>Toledo</city>
        <zip>45004</zip>
        <country>Spain</country>
      </address>
    </facility>
    <status>Not yet recruiting</status>
  </location>
  <location>
    <facility>
      <name>Instituto Valenciano de Oncología</name>
      <address>
        <city>Valencia</city>
        <zip>46009</zip>
        <country>Spain</country>
      </address>
    </facility>
    <status>Not yet recruiting</status>
  </location>
  <location>
    <facility>
      <name>Hospital Clínico Universitario de Valencia</name>
      <address>
        <city>Valencia</city>
        <zip>46010</zip>
        <country>Spain</country>
      </address>
    </facility>
    <status>Not yet recruiting</status>
  </location>
  <location>
    <facility>
      <name>Hospital Universitari i Politecnic La Fè</name>
      <address>
        <city>Valencia</city>
        <zip>46026</zip>
        <country>Spain</country>
      </address>
    </facility>
    <status>Not yet recruiting</status>
  </location>
  <location>
    <facility>
      <name>Hospital Universitario Miguel Servet</name>
      <address>
        <city>Zaragoza</city>
        <zip>50009</zip>
        <country>Spain</country>
      </address>
    </facility>
    <status>Not yet recruiting</status>
  </location>
  <location_countries>
    <country>Spain</country>
  </location_countries>
  <link>
    <url>http://www.geicam.org</url>
    <description>Spanish Breast Cancer Research Group (GEICAM) is a Spanish Breast Cancer Research Group</description>
  </link>
  <verification_date>November 2022</verification_date>
  <study_first_submitted>June 10, 2020</study_first_submitted>
  <study_first_submitted_qc>October 20, 2020</study_first_submitted_qc>
  <study_first_posted type="Actual">October 27, 2020</study_first_posted>
  <last_update_submitted>November 15, 2022</last_update_submitted>
  <last_update_submitted_qc>November 15, 2022</last_update_submitted_qc>
  <last_update_posted type="Actual">November 16, 2022</last_update_posted>
  <responsible_party>
    <responsible_party_type>Sponsor</responsible_party_type>
  </responsible_party>
  <keyword>Pregnancy</keyword>
  <keyword>Gestational breast cancer</keyword>
  <keyword>Fertility preservation technique</keyword>
  <keyword>Breast Cancer</keyword>
  <condition_browse>
    <!-- CAUTION:  The following MeSH terms are assigned with an imperfect algorithm            -->
    <mesh_term>Breast Neoplasms</mesh_term>
  </condition_browse>
  <!-- Results have not yet been posted for this study                                          -->
</clinical_study>

