<?xml version="1.0" encoding="UTF-8"?>
<clinical_study rank="170">
  <!-- This xml conforms to an XML Schema at:
    https://clinicaltrials.gov/ct2/html/images/info/public.xsd -->
  <required_header>
    <download_date>ClinicalTrials.gov processed this data on May 26, 2023</download_date>
    <link_text>Link to the current ClinicalTrials.gov record.</link_text>
    <url>https://clinicaltrials.gov/show/NCT05474690</url>
  </required_header>
  <id_info>
    <org_study_id>HNCH-BC010</org_study_id>
    <nct_id>NCT05474690</nct_id>
  </id_info>
  <brief_title>A Study Comparing the Efficacy of TCbHP and ECHP-THP in the Neoadjuvant Treatment of HER2-positive Breast Cancer</brief_title>
  <official_title>A Non-inferior, Randomized Controlled Phase III Clinical Study Comparing the Efficacy of TCbHPand ECHP-THP in Neoadjuvant Treatment of Operable HER2-positive Breast Cancer</official_title>
  <sponsors>
    <lead_sponsor>
      <agency>Henan Cancer Hospital</agency>
      <agency_class>Other</agency_class>
    </lead_sponsor>
  </sponsors>
  <source>Henan Cancer Hospital</source>
  <oversight_info>
    <has_dmc>Yes</has_dmc>
    <is_fda_regulated_drug>No</is_fda_regulated_drug>
    <is_fda_regulated_device>No</is_fda_regulated_device>
  </oversight_info>
  <brief_summary>
    <textblock>
      In 2020, the incidence of breast cancer surpassed that of lung cancer for the first time,&#xD;
      becoming the number one cancer in the world. HER2 is an important prognostic indicator and&#xD;
      therapeutic target for breast cancer. HER2-overexpressing breast cancer accounts for about&#xD;
      20% to 30% of all breast cancer patients. Targeted therapy for HER2 protein is the core&#xD;
      treatment for this type of breast cancer. At present, the neoadjuvant treatment mode of&#xD;
      trastuzumab and pertuzumab dual-target chemotherapy has become the standard neoadjuvant&#xD;
      treatment for high-risk HER2-positive breast cancer. For patients with early-stage high-risk&#xD;
      or locally advanced HER2-positive breast cancer, whether standard neoadjuvant regimen without&#xD;
      anthracycline can achieve the same therapeutic effect compared with regimen containing&#xD;
      anthracycline is still inconclusive.Therefore, this study aimed to compare the efficacy and&#xD;
      safety of two neoadjuvant treatment regimens, TCbHP*6 and ECHP*4-THP*4, in the neoadjuvant&#xD;
      treatment of HER2-positive breast cancer through a randomized controlled phase 3 clinical&#xD;
      trial.&#xD;
    </textblock>
  </brief_summary>
  <detailed_description>
    <textblock>
      Subjects were screened according to inclusion and exclusion criteria. Subjects who met the&#xD;
      inclusion conditions were randomly divided into TCbHP group and ECHP-THP group according to&#xD;
      1:1.&#xD;
&#xD;
      Stratified at randomization by the following factors: T, N, HER2 expression (HER2 protein 3+&#xD;
      vs HER2 protein 2+ but FISH+), and hormone receptor status (HR positive vs HR negative).&#xD;
&#xD;
        1. Drug dose of TCbHP regimen: docetaxel 75 mg/m2 + carboplatin (AUC=6) + trastuzumab&#xD;
           (first loading dose 8 mg/kg, sequential maintenance dose 6 mg/kg) + Pascal Tocilizumab&#xD;
           (initial loading dose of 840 mg, followed by maintenance dose of 420 mg), every 21 days&#xD;
           as a cycle.&#xD;
&#xD;
        2. Dosage of ECHP-THP regimen: epirubicin 90mg/m2 + cyclophosphamide 600mg/m2 followed by&#xD;
           docetaxel 90mg/m2, trastuzumab (the first loading dose of 8 mg/kg, followed by&#xD;
           maintenance The dose is 6 mg/kg) + Pertuzumab (the initial loading dose of 840 mg, and&#xD;
           the sequential maintenance dose of 420 mg), every 21 days as a cycle.&#xD;
    </textblock>
  </detailed_description>
  <overall_status>Recruiting</overall_status>
  <start_date type="Actual">May 11, 2022</start_date>
  <completion_date type="Anticipated">September 30, 2024</completion_date>
  <primary_completion_date type="Anticipated">September 30, 2024</primary_completion_date>
  <phase>Phase 3</phase>
  <study_type>Interventional</study_type>
  <has_expanded_access>No</has_expanded_access>
  <study_design_info>
    <allocation>Randomized</allocation>
    <intervention_model>Parallel Assignment</intervention_model>
    <primary_purpose>Treatment</primary_purpose>
    <masking>None (Open Label)</masking>
  </study_design_info>
  <primary_outcome>
    <measure>Pathological Complete Response (pCR)</measure>
    <time_frame>up to 24 weeks</time_frame>
    <description>Percentage of Participants With Pathological Complete Response (pCR) (ypT0/is/N0M0) after 6 cycles of neoadjuvant chemotherapy</description>
  </primary_outcome>
  <secondary_outcome>
    <measure>Number of treatment-related adverse events assessed by CTCAE v4.0</measure>
    <time_frame>up to 24 weeks</time_frame>
    <description>Evaluate the nature, incidence and severity of chemotherapy adverse events according to CTCAE 5.0</description>
  </secondary_outcome>
  <secondary_outcome>
    <measure>Number of participants with treatment-related adverse events as assessed by CTCAE v4.0</measure>
    <time_frame>up to 24 weeks</time_frame>
    <description>Dose adjustment rate and withdrawal rate of chemotherapy drugs in two chemotherapy regimens</description>
  </secondary_outcome>
  <secondary_outcome>
    <measure>ORR</measure>
    <time_frame>up to 24 weeks</time_frame>
    <description>Objective response rate.ORR assessed according to the evaluation criteria for the efficacy of solid tumors (RECIST 1.1)</description>
  </secondary_outcome>
  <secondary_outcome>
    <measure>DFS</measure>
    <time_frame>up to 60 months</time_frame>
    <description>From the date of surgery to the first local, regional, contralateral or distant recurrence, and death from any cause</description>
  </secondary_outcome>
  <secondary_outcome>
    <measure>OS</measure>
    <time_frame>up to 120 months</time_frame>
    <description>From date of surgery to death from any cause，whichever came first</description>
  </secondary_outcome>
  <other_outcome>
    <measure>gene mutation rate</measure>
    <time_frame>up to 24 weeks</time_frame>
    <description>Exploring polygenic predictive models that influence PCR for different neoadjuvant regimens</description>
  </other_outcome>
  <number_of_arms>2</number_of_arms>
  <enrollment type="Anticipated">456</enrollment>
  <condition>Breast Cancer</condition>
  <condition>HER2-positive Breast Cancer</condition>
  <arm_group>
    <arm_group_label>TCbHP chemotherapy regimen</arm_group_label>
    <arm_group_type>Active Comparator</arm_group_type>
    <description>Docetaxel + Carboplatin + Trastuzumab + Pertuzumab</description>
  </arm_group>
  <arm_group>
    <arm_group_label>ECHP-THP chemotherapy regimen</arm_group_label>
    <arm_group_type>Experimental</arm_group_type>
    <description>(Epirubicin + Cyclophosphamide - Docetaxel) + (Trastuzumab + Pertuzumab)</description>
  </arm_group>
  <intervention>
    <intervention_type>Drug</intervention_type>
    <intervention_name>Docetaxel + Carboplatin + Trastuzumab + Pertuzumab</intervention_name>
    <description>Subjects who met the inclusion conditions were randomly divided into TCbHP group and ECHP-THP group according to 1:1.&#xD;
Stratified at randomization by the following factors: T, N, HER2 expression (HER2 protein 3+ vs HER2 protein 2+ but FISH+), and hormone receptor status (HR positive vs HR negative).&#xD;
TCbHP regimen drug dose: docetaxel 75 mg/m2 + carboplatin (AUC=6) + trastuzumab (first loading dose 8 mg/kg, sequential maintenance dose 6 mg/kg) + pertuzumab Antibiotics (the initial loading dose of 840 mg, and the sequential maintenance dose of 420 mg), every 21 days as a cycle.</description>
    <arm_group_label>TCbHP chemotherapy regimen</arm_group_label>
    <other_name>TCbHP regimen group</other_name>
  </intervention>
  <intervention>
    <intervention_type>Drug</intervention_type>
    <intervention_name>(Epirubicin + Cyclophosphamide - Docetaxel) + (Trastuzumab + Pertuzumab)</intervention_name>
    <description>Dosage of ECHP-THP regimen: epirubicin 90mg/m2+cyclophosphamide 600mg/m2 followed by docetaxel 90mg/m2, trastuzumab (first loading dose 8 mg/kg, sequential maintenance dose 6 mg /kg) + Pertuzumab (the initial loading dose of 840 mg, and the sequential maintenance dose of 420 mg), every 21 days as a cycle.</description>
    <arm_group_label>ECHP-THP chemotherapy regimen</arm_group_label>
    <other_name>ECHP-THP regimen group</other_name>
  </intervention>
  <eligibility>
    <criteria>
      <textblock>
        Inclusion Criteria:&#xD;
&#xD;
          1. 18 years ≤ age ≤ 65 years, Performance Status- Eastern Cooperative Oncology Group&#xD;
             (ECOG) 0-1；&#xD;
&#xD;
          2. Clinical T2-T4d, or T1c with axillary LN+；&#xD;
&#xD;
          3. HER2 + invasive breast cancer confirmed by histopathology Note: HER2 expression&#xD;
             positive refers to the tumor cells with immunohistochemical staining intensity of 3 +&#xD;
             or confirmed positive by fluorescence in situ hybridization [fish] at least once&#xD;
             during the pathological detection/review of primary tumor in the Department of&#xD;
             pathology of participating research center hospital；&#xD;
&#xD;
          4. Clinically measurable lesions: measurable lesions revealed by ultrasound, molybdenum&#xD;
             target or MR (optional) within 1 month before randomization&#xD;
&#xD;
          5. Organ and bone marrow function test within one month before chemotherapy showed no&#xD;
             chemotherapy contraindication： Absolute value of neutrophil count ≥ 2.0×10^9 / L&#xD;
             Hemoglobin ≥ 100g / L Platelet count ≥ 100×10^9 / L Total bilirubin &lt; 1.5 ULN (upper&#xD;
             limit of normal value) Creatinine &lt; 1.5 × ULN AST/ALT &lt; 1.5×ULN&#xD;
&#xD;
          6. Echocardiography: left ventricular ejection fraction (LVEF ≥ 55%)；&#xD;
&#xD;
          7. For women of childbearing age, serum pregnancy test was negative 14 days ；&#xD;
&#xD;
          8. Signed the informed consent form prior to patient entry；&#xD;
&#xD;
        Exclusion Criteria:&#xD;
&#xD;
          1. Stage IV (metastatic) breast cancer;&#xD;
&#xD;
          2. supraclavicular lymph node metastasis；&#xD;
&#xD;
          3. For this disease, chemotherapy, endocrine therapy, targeted therapy, reflex therapy,&#xD;
             etc. have been received;&#xD;
&#xD;
          4. The patient has a second primary malignancy other than adequately treated skin cancer;&#xD;
&#xD;
          5. The patient has undergone major surgical procedures not related to breast cancer&#xD;
             within 4 weeks prior to enrollment, or the patient has not fully recovered from such&#xD;
             surgical procedures;&#xD;
&#xD;
          6. The patient has severe heart disease or discomfort, including but not limited to the&#xD;
             following:Diagnosed history of heart failure or systolic dysfunction (LVEF &lt;&#xD;
             50%)；High-risk uncontrolled arrhythmias；Angina pectoris requiring antianginal&#xD;
             medication；Clinically significant heart valve disease；ECG showing transmural&#xD;
             myocardial infarction；Poorly controlled high blood pressure；&#xD;
&#xD;
          7. Because the patient has other serious and uncontrollable medical diseases, the&#xD;
             investigator believes that chemotherapy is contraindicated;&#xD;
&#xD;
          8. Known history of allergy to the drug components of this regimen; history of&#xD;
             immunodeficiency, including HIV positive test, or other acquired or congenital&#xD;
             immunodeficiency diseases, or a history of organ transplantation;&#xD;
      </textblock>
    </criteria>
    <gender>Female</gender>
    <minimum_age>18 Years</minimum_age>
    <maximum_age>65 Years</maximum_age>
    <healthy_volunteers>No</healthy_volunteers>
  </eligibility>
  <overall_official>
    <last_name>Zhenzhen Liu</last_name>
    <role>Principal Investigator</role>
    <affiliation>Henan Cancer Hospital</affiliation>
  </overall_official>
  <overall_contact>
    <last_name>Zhenzhen Liu</last_name>
    <phone>13603862755</phone>
    <email>liuzhenzhen73@126.com</email>
  </overall_contact>
  <overall_contact_backup>
    <last_name>Dechuang Jiao</last_name>
    <phone>13598004327</phone>
    <email>jiaodechuang@163.com</email>
  </overall_contact_backup>
  <location>
    <facility>
      <name>Henan cancer hospital</name>
      <address>
        <city>Zhengzhou</city>
        <state>Henan</state>
        <country>China</country>
      </address>
    </facility>
    <status>Recruiting</status>
    <contact>
      <last_name>Zhenzhen Liu</last_name>
      <phone>13603862755</phone>
      <email>liuzhenzhen73@126.com</email>
    </contact>
  </location>
  <location_countries>
    <country>China</country>
  </location_countries>
  <verification_date>July 2022</verification_date>
  <study_first_submitted>May 17, 2022</study_first_submitted>
  <study_first_submitted_qc>July 24, 2022</study_first_submitted_qc>
  <study_first_posted type="Actual">July 26, 2022</study_first_posted>
  <last_update_submitted>July 24, 2022</last_update_submitted>
  <last_update_submitted_qc>July 24, 2022</last_update_submitted_qc>
  <last_update_posted type="Actual">July 26, 2022</last_update_posted>
  <responsible_party>
    <responsible_party_type>Principal Investigator</responsible_party_type>
    <investigator_affiliation>Henan Cancer Hospital</investigator_affiliation>
    <investigator_full_name>Zhenzhen Liu</investigator_full_name>
    <investigator_title>Director</investigator_title>
  </responsible_party>
  <keyword>Breast cancer</keyword>
  <keyword>HER2</keyword>
  <keyword>pathological complete remission</keyword>
  <condition_browse>
    <!-- CAUTION:  The following MeSH terms are assigned with an imperfect algorithm            -->
    <mesh_term>Breast Neoplasms</mesh_term>
  </condition_browse>
  <intervention_browse>
    <!-- CAUTION:  The following MeSH terms are assigned with an imperfect algorithm            -->
    <mesh_term>Cyclophosphamide</mesh_term>
    <mesh_term>Carboplatin</mesh_term>
    <mesh_term>Docetaxel</mesh_term>
    <mesh_term>Trastuzumab</mesh_term>
    <mesh_term>Epirubicin</mesh_term>
    <mesh_term>Pertuzumab</mesh_term>
  </intervention_browse>
  <!-- Results have not yet been posted for this study                                          -->
</clinical_study>

