<?xml version="1.0" encoding="UTF-8"?>
<clinical_study rank="316">
  <!-- This xml conforms to an XML Schema at:
    https://clinicaltrials.gov/ct2/html/images/info/public.xsd -->
  <required_header>
    <download_date>ClinicalTrials.gov processed this data on May 26, 2023</download_date>
    <link_text>Link to the current ClinicalTrials.gov record.</link_text>
    <url>https://clinicaltrials.gov/show/NCT05346510</url>
  </required_header>
  <id_info>
    <org_study_id>Shengjing-LJY07</org_study_id>
    <nct_id>NCT05346510</nct_id>
  </id_info>
  <brief_title>Prone Positioning CT Scan and Ultrasound Assessing Axillary Lymph Nodes in Patients With Breast Cancer Official Title: Evaluation of Axillary Lymph Nodes Using Prone Positioning Computed Tomography Scan and Ultrasound in Patients With Breast Cancer</brief_title>
  <official_title>Evaluation of Axillary Lymph Nodes Using Prone Positioning Computed Tomography Scan and Ultrasound in Patients With Breast Cancer</official_title>
  <sponsors>
    <lead_sponsor>
      <agency>Shengjing Hospital</agency>
      <agency_class>Other</agency_class>
    </lead_sponsor>
  </sponsors>
  <source>Shengjing Hospital</source>
  <oversight_info>
    <has_dmc>Yes</has_dmc>
    <is_fda_regulated_drug>No</is_fda_regulated_drug>
    <is_fda_regulated_device>No</is_fda_regulated_device>
  </oversight_info>
  <brief_summary>
    <textblock>
      The early diagnosis and evaluation of breast cancer is of great significance to its treatment&#xD;
      and prognosis. Among the multiple factors affecting the prognosis, the degree of axillary&#xD;
      lymph node metastasis is one of the most vital factors.&#xD;
&#xD;
      Accurately understanding the status of axillary lymph nodes prior to surgery allows better&#xD;
      prediction of staging, enables correct treatment plans, and guides the scope of node&#xD;
      dissection during surgery. For patients with early breast cancer or clinically negative&#xD;
      axillary lymph nodes, sentinel lymph node biopsy (SLNB) can largely avoid complications such&#xD;
      as upper extremity lymphedema caused by axillary lymph node dissection (ALND). Thus, clinical&#xD;
      identification of negative lymph nodes becomes more valuable. Based on clinical verification,&#xD;
      the NCCN guidelines (edition 2019) made the following recommendation: SLNB is performed for&#xD;
      patients with clinically negative axillary lymph nodes, and the biopsy findings determine&#xD;
      whether ALND is included; ALND is performed for patients with clinically positive axillary&#xD;
      nodes. Currently, imaging examinations have limitations is assessing axillary lymph nodes.&#xD;
      Finding an accurate and non-invasive method in preoperative axillary assessment has been a&#xD;
      project that needs to be urgently addressed. Ultrasonography has advantages in its&#xD;
      simplicity, non-invasiveness, economy, and on radiation, however it is highly subjective,&#xD;
      dependent upon examiner's experience and knowledge, and is difficult to detect deeper and&#xD;
      small lesions. Molybdenum Target examination plays an important role in diagnosis of breast&#xD;
      cancer, however it is expensive and limited in evaluating the whole axilla. PET-CT is&#xD;
      restricted by its high cost and is not a routine examination in China.&#xD;
&#xD;
      Therefore, computed tomography (CT) scan is more advantageous in determination of lymph node&#xD;
      metastasis. The 2014 GORO KUTOMI study suggested that lymph node morphology assessed as clear&#xD;
      by preoperative CT was an independent predictor of sentinel lymph node metastasis. CT scan&#xD;
      can not only evaluate the presence or absence of distant metastasis and pectoralis muscle&#xD;
      invasion, but also provide intuitive, accurate and detailed evaluation of axillary,&#xD;
      supraclavicular, and pectoralis major intramuscular lymph nodes. The diagnostic criteria of&#xD;
      magnetic resonance imaging (MRI) is relatively vague; CT can also obtain imaging data of the&#xD;
      lungs, mediastinum, whereas MRI has no such function. Based on previous studies, we will&#xD;
      further explore and evaluate axillary node status using prone positioning CT scan and&#xD;
      ultrasound in patients with breast cancer.&#xD;
    </textblock>
  </brief_summary>
  <detailed_description>
    <textblock>
      A total of 500 patients who are newly diagnosed with operable breast cancer in Liaoning&#xD;
      Oncology Hospital are approached and recruited. Inclusion criteria: 1. preoperative chest CT&#xD;
      and axillary Doppler ultrasound examination in the prone position; 2. perform ALND; 3.&#xD;
      regular follow-up post surgery, short-term and long-term. Exclusion criteria: history of&#xD;
      other benign or malignant tumors causing axillary lymphadenopathy.&#xD;
&#xD;
      Comparisons are made:&#xD;
&#xD;
      A: between suspiciously positive and suspiciously negative axillary lymph nodes B: between&#xD;
      LNSD positive among suspiciously positive axillary lymph nodes and negative axillary lymph&#xD;
      nodes f C: between positive and negative AAUS D: between positive and negative AAUS among&#xD;
      negative lymph nodes detected by CT scan E: between positive and negative AAUS among lymph&#xD;
      nodes with negative LNSD&#xD;
&#xD;
      Chi-square test and t test are used to assess statistical significance between groups.&#xD;
&#xD;
      Methods: Lymph node short diameter (LNSD) is measured using CT scan imaging (LNSD &gt; 1cm is&#xD;
      considered positive), axillary lymph node status is assessed according to axillary lymph node&#xD;
      Doppler ultrasound. ALND will be performed in patients with positive axillary lymph nodes on&#xD;
      CT scan; PALND will be performed for those with negative axillary lymph nodes on CT scan but&#xD;
      positive on AAUS; SLNB will be performed for those with negative axillary lymph nodes on CT&#xD;
      scan and on AAUS.&#xD;
&#xD;
      The prognosis in each patient group is to be evaluated by short-term observational indicators&#xD;
      (e.g. lymphedema and/or status of axillary lymphatic return), and long-term indicators (e.g.&#xD;
      lymphedema and/or axillary lymph node recurrence). The accuracy of CT scan assessing positive&#xD;
      lymph nodes and positive AAUS will be evaluated according to the postoperative histology&#xD;
      results.&#xD;
    </textblock>
  </detailed_description>
  <overall_status>Recruiting</overall_status>
  <start_date type="Actual">March 1, 2022</start_date>
  <completion_date type="Anticipated">August 31, 2027</completion_date>
  <primary_completion_date type="Anticipated">September 1, 2022</primary_completion_date>
  <phase>N/A</phase>
  <study_type>Interventional</study_type>
  <has_expanded_access>No</has_expanded_access>
  <study_design_info>
    <allocation>Non-Randomized</allocation>
    <intervention_model>Parallel Assignment</intervention_model>
    <primary_purpose>Diagnostic</primary_purpose>
    <masking>None (Open Label)</masking>
  </study_design_info>
  <primary_outcome>
    <measure>Agreement rates with postoperative histology</measure>
    <time_frame>Two weeks</time_frame>
    <description>The accuracy of CT scan detecting positive axillary lymph node and positive AAUS is assessed by the postoperative histology results</description>
  </primary_outcome>
  <secondary_outcome>
    <measure>The incidence of postoperative lymphedema (short-term observational indicator)</measure>
    <time_frame>Two years</time_frame>
    <description>The purpose of SLNB is to reduce the scope of axillary lymph node dissection, therefore reduce the occurrence of complications.</description>
  </secondary_outcome>
  <secondary_outcome>
    <measure>Axillary recurrence rate</measure>
    <time_frame>Five years</time_frame>
    <description>Axillary recurrence rate as a long-term observational indicator</description>
  </secondary_outcome>
  <number_of_arms>3</number_of_arms>
  <enrollment type="Anticipated">500</enrollment>
  <condition>Breast Cancer</condition>
  <arm_group>
    <arm_group_label>ALND Group</arm_group_label>
    <arm_group_type>Experimental</arm_group_type>
    <description>ALND is performed in patients with positive axillary lymph nodes on CT scan and on AAUS.</description>
  </arm_group>
  <arm_group>
    <arm_group_label>pALND Group</arm_group_label>
    <arm_group_type>Experimental</arm_group_type>
    <description>pALND is performed in patients with negative axillary lymph nodes on CT scan but positive on AAUS.</description>
  </arm_group>
  <arm_group>
    <arm_group_label>SLNB Group</arm_group_label>
    <arm_group_type>Experimental</arm_group_type>
    <description>SLNB will be performed for those with negative axillary lymph nodes on CT scan and on AAUS.</description>
  </arm_group>
  <intervention>
    <intervention_type>Procedure</intervention_type>
    <intervention_name>ALND Group</intervention_name>
    <description>ALND is performed in patients with positive axillary lymph nodes on CT scan and on AAUS. pALND is performed in patients with negative axillary lymph nodes on CT scan but positive on AAUS.SLNB will be performed for those with negative axillary lymph nodes on CT scan and on AAUS.</description>
    <arm_group_label>ALND Group</arm_group_label>
    <arm_group_label>SLNB Group</arm_group_label>
    <arm_group_label>pALND Group</arm_group_label>
    <other_name>pALND Group</other_name>
    <other_name>SLNB Group</other_name>
  </intervention>
  <eligibility>
    <criteria>
      <textblock>
        Inclusion Criteria:&#xD;
&#xD;
          -  Preoperative chest CT and axillary Doppler ultrasound examination in the prone&#xD;
             position&#xD;
&#xD;
          -  Perform ALND&#xD;
&#xD;
          -  Regular post surgery follow-up (short-term and long-term)&#xD;
&#xD;
        Exclusion Criteria:&#xD;
&#xD;
        •History of other benign or malignant tumors causing axillary lymphadenopathy&#xD;
      </textblock>
    </criteria>
    <gender>Female</gender>
    <gender_based>Yes</gender_based>
    <minimum_age>18 Years</minimum_age>
    <maximum_age>70 Years</maximum_age>
    <healthy_volunteers>No</healthy_volunteers>
  </eligibility>
  <overall_official>
    <last_name>Jianyi Li, Dr</last_name>
    <role>Principal Investigator</role>
    <affiliation>Cancer Hospital of China Medical University, Liaoning Cancer Hospital</affiliation>
  </overall_official>
  <overall_contact>
    <last_name>Jianyi Li, Dr</last_name>
    <phone>8618940257177</phone>
    <email>sjbreast@yeah.net</email>
  </overall_contact>
  <location>
    <facility>
      <name>Liaoning Oncology Hospital</name>
      <address>
        <city>Shenyang</city>
        <state>Liaoning</state>
        <zip>110042</zip>
        <country>China</country>
      </address>
    </facility>
    <status>Recruiting</status>
  </location>
  <location_countries>
    <country>China</country>
  </location_countries>
  <verification_date>April 2022</verification_date>
  <study_first_submitted>April 19, 2022</study_first_submitted>
  <study_first_submitted_qc>April 25, 2022</study_first_submitted_qc>
  <study_first_posted type="Actual">April 26, 2022</study_first_posted>
  <last_update_submitted>April 25, 2022</last_update_submitted>
  <last_update_submitted_qc>April 25, 2022</last_update_submitted_qc>
  <last_update_posted type="Actual">April 26, 2022</last_update_posted>
  <responsible_party>
    <responsible_party_type>Principal Investigator</responsible_party_type>
    <investigator_affiliation>Shengjing Hospital</investigator_affiliation>
    <investigator_full_name>Jianyi Li</investigator_full_name>
    <investigator_title>Principal Investigator</investigator_title>
  </responsible_party>
  <keyword>Breast cancer</keyword>
  <keyword>axillary lymph node</keyword>
  <keyword>prone positioning computed tomography</keyword>
  <keyword>ultrasound</keyword>
  <condition_browse>
    <!-- CAUTION:  The following MeSH terms are assigned with an imperfect algorithm            -->
    <mesh_term>Breast Neoplasms</mesh_term>
  </condition_browse>
  <!-- Results have not yet been posted for this study                                          -->
</clinical_study>

