<?xml version="1.0" encoding="UTF-8"?>
<clinical_study rank="419">
  <!-- This xml conforms to an XML Schema at:
    https://clinicaltrials.gov/ct2/html/images/info/public.xsd -->
  <required_header>
    <download_date>ClinicalTrials.gov processed this data on May 26, 2023</download_date>
    <link_text>Link to the current ClinicalTrials.gov record.</link_text>
    <url>https://clinicaltrials.gov/show/NCT00004182</url>
  </required_header>
  <id_info>
    <org_study_id>NU 98B3</org_study_id>
    <secondary_id>NU-98B3</secondary_id>
    <secondary_id>P-UPJOHN-976475150</secondary_id>
    <secondary_id>NCI-G99-1642</secondary_id>
    <nct_id>NCT00004182</nct_id>
  </id_info>
  <brief_title>Irinotecan in Treating Patients With Metastatic or Recurrent Breast Cancer</brief_title>
  <official_title>Phase II Study for the Evaluation of CPT-11 (Irinotecan, Camptosar) in Patients With Metastatic or Recurrent Breast Cancer</official_title>
  <sponsors>
    <lead_sponsor>
      <agency>Northwestern University</agency>
      <agency_class>Other</agency_class>
    </lead_sponsor>
    <collaborator>
      <agency>National Cancer Institute (NCI)</agency>
      <agency_class>NIH</agency_class>
    </collaborator>
  </sponsors>
  <source>Northwestern University</source>
  <oversight_info>
    <has_dmc>Yes</has_dmc>
  </oversight_info>
  <brief_summary>
    <textblock>
      RATIONALE: Drugs used in chemotherapy use different ways to stop tumor cells from dividing so&#xD;
      they stop growing or die.&#xD;
&#xD;
      PURPOSE: Phase II trial to study the effectiveness of irinotecan in treating patients who&#xD;
      have metastatic or recurrent breast cancer.&#xD;
    </textblock>
  </brief_summary>
  <detailed_description>
    <textblock>
      OBJECTIVES: I. Determine the objective response rate to irinotecan in patients with&#xD;
      metastatic breast cancer who have received prior anthracycline and taxane based chemotherapy&#xD;
      for metastatic disease. II. Determine the toxicities of irinotecan in these patients. III.&#xD;
      Determine survival time, duration of response, and time to treatment failure in these&#xD;
      patients after this therapy.&#xD;
&#xD;
      OUTLINE: Patients receive irinotecan IV over 90 minutes weekly for 4 weeks. Treatment repeats&#xD;
      every 6 weeks in the absence of disease progression or unacceptable toxicity. Patients are&#xD;
      followed at day 30, then every 3 months.&#xD;
&#xD;
      PROJECTED ACCRUAL: A total of 14-29 patients will be accrued for this study.&#xD;
    </textblock>
  </detailed_description>
  <overall_status>Completed</overall_status>
  <start_date>October 1999</start_date>
  <completion_date type="Actual">April 2000</completion_date>
  <primary_completion_date type="Actual">April 2000</primary_completion_date>
  <phase>Phase 2</phase>
  <study_type>Interventional</study_type>
  <has_expanded_access>No</has_expanded_access>
  <study_design_info>
    <primary_purpose>Treatment</primary_purpose>
  </study_design_info>
  <condition>Breast Cancer</condition>
  <intervention>
    <intervention_type>Drug</intervention_type>
    <intervention_name>irinotecan hydrochloride</intervention_name>
  </intervention>
  <eligibility>
    <criteria>
      <textblock>
        DISEASE CHARACTERISTICS: Histologically proven advanced breast cancer Must have received&#xD;
        anthracycline and taxane based chemotherapy for metastatic disease Measurable disease No&#xD;
        CNS metastases or carcinomatous meningitis Hormone receptor status: Not specified&#xD;
&#xD;
        PATIENT CHARACTERISTICS: Age: 18 and over Menopausal status: Not specified Performance&#xD;
        status: ECOG 0-2 Life expectancy: At least 12 weeks Hematopoietic: Granulocyte count&#xD;
        greater than 1500/mm3 Hemoglobin at least 9.0 g/dL Platelet count greater than 100,000/mm3&#xD;
        Hepatic: Bilirubin no greater than 1.3 mg/dL SGOT no greater than 3 times upper limit of&#xD;
        normal (no greater than 5 times ULN if liver involvement) No Gilbert's disease Renal:&#xD;
        Creatinine no greater than 2.0 mg/dL Calcium at least 12.0 mg/dL Cardiovascular: No&#xD;
        myocardial infarction in the past 6 months No congestive heart failure requiring therapy&#xD;
        Other: No active or uncontrolled infection HIV negative No psychiatric disorder that would&#xD;
        preclude study No prior malignancy within the past 5 years except adequately treated basal&#xD;
        cell or squamous cell skin cancer or carcinoma in situ of the cervix No history of seizures&#xD;
        No uncontrolled diabetes mellitus (random blood sugar at least 200 mg) No other severe&#xD;
        disease that would preclude study Not pregnant or nursing Fertile patients must use&#xD;
        effective contraception&#xD;
&#xD;
        PRIOR CONCURRENT THERAPY: Biologic therapy: Not specified Chemotherapy: See Disease&#xD;
        Characteristics Greater than 4 weeks since prior chemotherapy No prior irinotecan or&#xD;
        topotecan Endocrine therapy: Not specified Radiotherapy: Greater than 4 weeks since prior&#xD;
        radiotherapy No radiotherapy to greater than 30% of bone marrow Surgery: Not specified&#xD;
        Other: No concurrent phenytoin, phenobarbitol, or other antiepileptic prophylaxis&#xD;
      </textblock>
    </criteria>
    <gender>All</gender>
    <minimum_age>18 Years</minimum_age>
    <maximum_age>N/A</maximum_age>
    <healthy_volunteers>No</healthy_volunteers>
  </eligibility>
  <overall_official>
    <last_name>William J. Gradishar, MD</last_name>
    <role>Study Chair</role>
    <affiliation>Robert H. Lurie Cancer Center</affiliation>
  </overall_official>
  <location>
    <facility>
      <name>Stanford University Medical Center</name>
      <address>
        <city>Stanford</city>
        <state>California</state>
        <zip>94305-5408</zip>
        <country>United States</country>
      </address>
    </facility>
  </location>
  <location>
    <facility>
      <name>Robert H. Lurie Comprehensive Cancer Center, Northwestern University</name>
      <address>
        <city>Chicago</city>
        <state>Illinois</state>
        <zip>60611</zip>
        <country>United States</country>
      </address>
    </facility>
  </location>
  <location_countries>
    <country>United States</country>
  </location_countries>
  <verification_date>May 2012</verification_date>
  <study_first_submitted>January 21, 2000</study_first_submitted>
  <study_first_submitted_qc>August 19, 2004</study_first_submitted_qc>
  <study_first_posted type="Estimate">August 20, 2004</study_first_posted>
  <disposition_first_submitted>February 16, 2011</disposition_first_submitted>
  <disposition_first_submitted_qc>February 16, 2011</disposition_first_submitted_qc>
  <disposition_first_posted type="Estimate">February 18, 2011</disposition_first_posted>
  <last_update_submitted>May 31, 2012</last_update_submitted>
  <last_update_submitted_qc>May 31, 2012</last_update_submitted_qc>
  <last_update_posted type="Estimate">June 6, 2012</last_update_posted>
  <responsible_party>
    <responsible_party_type>Sponsor</responsible_party_type>
  </responsible_party>
  <keyword>stage IV breast cancer</keyword>
  <keyword>recurrent breast cancer</keyword>
  <condition_browse>
    <!-- CAUTION:  The following MeSH terms are assigned with an imperfect algorithm            -->
    <mesh_term>Breast Neoplasms</mesh_term>
  </condition_browse>
  <intervention_browse>
    <!-- CAUTION:  The following MeSH terms are assigned with an imperfect algorithm            -->
    <mesh_term>Irinotecan</mesh_term>
  </intervention_browse>
  <!-- Results have not yet been posted, but a results disposition has been submitted           -->
</clinical_study>

