<?xml version="1.0" encoding="UTF-8"?>
<clinical_study rank="468">
  <!-- This xml conforms to an XML Schema at:
    https://clinicaltrials.gov/ct2/html/images/info/public.xsd -->
  <required_header>
    <download_date>ClinicalTrials.gov processed this data on May 26, 2023</download_date>
    <link_text>Link to the current ClinicalTrials.gov record.</link_text>
    <url>https://clinicaltrials.gov/show/NCT00003351</url>
  </required_header>
  <id_info>
    <org_study_id>NCCTG-963255</org_study_id>
    <secondary_id>CDR0000066332</secondary_id>
    <nct_id>NCT00003351</nct_id>
  </id_info>
  <brief_title>Irinotecan in Treating Patients With Refractory Metastatic Breast Cancer</brief_title>
  <official_title>Randomized Phase II Trial of Irinotecan (CPT-11) In Patients With Refractory Metastatic Breast Cancer</official_title>
  <sponsors>
    <lead_sponsor>
      <agency>Alliance for Clinical Trials in Oncology</agency>
      <agency_class>Other</agency_class>
    </lead_sponsor>
    <collaborator>
      <agency>National Cancer Institute (NCI)</agency>
      <agency_class>NIH</agency_class>
    </collaborator>
  </sponsors>
  <source>Alliance for Clinical Trials in Oncology</source>
  <oversight_info>
    <has_dmc>Yes</has_dmc>
  </oversight_info>
  <brief_summary>
    <textblock>
      RATIONALE: Drugs used in chemotherapy use different ways to stop tumor cells from dividing so&#xD;
      they stop growing or die.&#xD;
&#xD;
      PURPOSE: Randomized phase II trial to compare the effectiveness of two regimens of irinotecan&#xD;
      in treating patients who have refractory metastatic breast cancer.&#xD;
    </textblock>
  </brief_summary>
  <detailed_description>
    <textblock>
      OBJECTIVES: I. Assess the antitumor activity and toxicity of two different schedules of&#xD;
      irinotecan in the treatment of patients with refractory metastatic breast cancer who have&#xD;
      received 1 or 2 previous chemotherapy regimens (up to one prior therapy for metastatic&#xD;
      disease and one for adjuvant therapy). II. Compare the time to progression, survival, and&#xD;
      quality of life of these patients on these 2 different schedules of irinotecan.&#xD;
&#xD;
      OUTLINE: This is a randomized study. Patients are stratified according to dominant disease&#xD;
      (visceral vs nonvisceral), performance status (0-1 vs 2), and prior chemotherapy in&#xD;
      metastatic setting (yes vs no). Patients assigned to arm I receive irinotecan intravenously&#xD;
      over 90 minutes every week for 4 weeks followed by a 2 week rest period. Treatment is&#xD;
      repeated every 6 weeks in the absence of disease progression or unacceptable toxicity.&#xD;
      Patients assigned to arm II receive irinotecan intravenously over 90 minutes every 3 weeks&#xD;
      for 6 weeks. Treatment is repeated every 6 weeks in the absence of disease progression or&#xD;
      unacceptable toxicity. Quality of life is assessed before and during treatment. Patients are&#xD;
      followed every 3 months for 2 years, then annually for 1 year.&#xD;
&#xD;
      PROJECTED ACCRUAL: A total of 42-100 patients (21-50 patients per arm) will be accrued for&#xD;
      this study within 3.5 years.&#xD;
    </textblock>
  </detailed_description>
  <overall_status>Completed</overall_status>
  <start_date>August 1998</start_date>
  <completion_date type="Actual">October 2006</completion_date>
  <primary_completion_date type="Actual">October 2006</primary_completion_date>
  <phase>Phase 2</phase>
  <study_type>Interventional</study_type>
  <has_expanded_access>No</has_expanded_access>
  <study_design_info>
    <allocation>Randomized</allocation>
    <intervention_model>Parallel Assignment</intervention_model>
    <primary_purpose>Treatment</primary_purpose>
    <masking>None (Open Label)</masking>
  </study_design_info>
  <primary_outcome>
    <measure>Time to progression</measure>
    <time_frame>Up to 3 years</time_frame>
  </primary_outcome>
  <secondary_outcome>
    <measure>Survival</measure>
    <time_frame>Up to 3 years</time_frame>
  </secondary_outcome>
  <secondary_outcome>
    <measure>Quality of life</measure>
    <time_frame>Up to 3 years</time_frame>
  </secondary_outcome>
  <number_of_arms>2</number_of_arms>
  <enrollment type="Actual">104</enrollment>
  <condition>Breast Cancer</condition>
  <arm_group>
    <arm_group_label>Arm I: irinotecan</arm_group_label>
    <arm_group_type>Experimental</arm_group_type>
    <description>Patients receive irinotecan intravenously over 90 minutes every week for 4 weeks followed by a 2 week rest period. Treatment is repeated every 6 weeks in the absence of disease progression or unacceptable toxicity.&#xD;
Quality of life is assessed before and during treatment. Patients are followed every 3 months for 2 years, then annually for 1 year.</description>
  </arm_group>
  <arm_group>
    <arm_group_label>Arm II: irinotecan</arm_group_label>
    <arm_group_type>Experimental</arm_group_type>
    <description>Patients receive irinotecan intravenously over 90 minutes every 3 weeks for 6 weeks. Treatment is repeated every 6 weeks in the absence of disease progression or unacceptable toxicity.&#xD;
Quality of life is assessed before and during treatment. Patients are followed every 3 months for 2 years, then annually for 1 year.</description>
  </arm_group>
  <intervention>
    <intervention_type>Drug</intervention_type>
    <intervention_name>irinotecan hydrochloride</intervention_name>
    <arm_group_label>Arm I: irinotecan</arm_group_label>
    <arm_group_label>Arm II: irinotecan</arm_group_label>
  </intervention>
  <eligibility>
    <criteria>
      <textblock>
        DISEASE CHARACTERISTICS: Histologically confirmed adenocarcinoma of the breast with&#xD;
        progressing locoregional or metastatic disease Measurable or evaluable indicator lesion No&#xD;
        uncontrolled CNS metastases&#xD;
&#xD;
        PATIENT CHARACTERISTICS: Age: 18 and over Performance status: ECOG 0-2 Life expectancy:&#xD;
        Greater than 3 months Hematopoietic: Absolute neutrophil count at least 1,500/mm3 Platelet&#xD;
        count at least 100,000/mm3 Hepatic: Bilirubin no greater than 0.3 mg/dL above upper limit&#xD;
        of normal (ULN) AST no greater than 3 times ULN Renal: Creatinine no greater than 1.0 mg/dL&#xD;
        above ULN Cardiovascular: No New York Heart Association class III or IV heart disease&#xD;
        Other: No uncontrolled infection No chronic debilitating disease Not pregnant or lactating&#xD;
        Fertile patients must use effective contraception&#xD;
&#xD;
        PRIOR CONCURRENT THERAPY: Biologic therapy: Not specified Chemotherapy: At least 4 weeks&#xD;
        since chemotherapy No more than 2 prior chemotherapy regimens for metastatic disease No&#xD;
        more than 1 prior chemotherapy regimen in the adjuvant setting At least 1 prior regimen&#xD;
        containing taxane or doxorubicin for metastatic disease or in the adjuvant setting&#xD;
        Endocrine therapy: Not specified Radiotherapy: No radiotherapy to greater than 25% of bone&#xD;
        marrow No prior treatment with strontium 89 Surgery: At least 4 weeks since major surgery&#xD;
        Other: No concurrent metoclopramide&#xD;
      </textblock>
    </criteria>
    <gender>All</gender>
    <minimum_age>18 Years</minimum_age>
    <maximum_age>N/A</maximum_age>
    <healthy_volunteers>No</healthy_volunteers>
  </eligibility>
  <overall_official>
    <last_name>Edith A. Perez, MD</last_name>
    <role>Study Chair</role>
    <affiliation>Mayo Clinic</affiliation>
  </overall_official>
  <location>
    <facility>
      <name>CCOP - Scottsdale Oncology Program</name>
      <address>
        <city>Scottsdale</city>
        <state>Arizona</state>
        <zip>85259-5404</zip>
        <country>United States</country>
      </address>
    </facility>
  </location>
  <location>
    <facility>
      <name>CCOP - Illinois Oncology Research Association</name>
      <address>
        <city>Peoria</city>
        <state>Illinois</state>
        <zip>61602</zip>
        <country>United States</country>
      </address>
    </facility>
  </location>
  <location>
    <facility>
      <name>CCOP - Carle Cancer Center</name>
      <address>
        <city>Urbana</city>
        <state>Illinois</state>
        <zip>61801</zip>
        <country>United States</country>
      </address>
    </facility>
  </location>
  <location>
    <facility>
      <name>CCOP - Cedar Rapids Oncology Project</name>
      <address>
        <city>Cedar Rapids</city>
        <state>Iowa</state>
        <zip>52403-1206</zip>
        <country>United States</country>
      </address>
    </facility>
  </location>
  <location>
    <facility>
      <name>CCOP - Iowa Oncology Research Association</name>
      <address>
        <city>Des Moines</city>
        <state>Iowa</state>
        <zip>50309-1016</zip>
        <country>United States</country>
      </address>
    </facility>
  </location>
  <location>
    <facility>
      <name>Siouxland Hematology-Oncology</name>
      <address>
        <city>Sioux City</city>
        <state>Iowa</state>
        <zip>51101-1733</zip>
        <country>United States</country>
      </address>
    </facility>
  </location>
  <location>
    <facility>
      <name>CCOP - Wichita</name>
      <address>
        <city>Wichita</city>
        <state>Kansas</state>
        <zip>67214-3882</zip>
        <country>United States</country>
      </address>
    </facility>
  </location>
  <location>
    <facility>
      <name>CCOP - Ochsner</name>
      <address>
        <city>New Orleans</city>
        <state>Louisiana</state>
        <zip>70121</zip>
        <country>United States</country>
      </address>
    </facility>
  </location>
  <location>
    <facility>
      <name>CCOP - Ann Arbor Regional</name>
      <address>
        <city>Ann Arbor</city>
        <state>Michigan</state>
        <zip>48106</zip>
        <country>United States</country>
      </address>
    </facility>
  </location>
  <location>
    <facility>
      <name>CCOP - Duluth</name>
      <address>
        <city>Duluth</city>
        <state>Minnesota</state>
        <zip>55805</zip>
        <country>United States</country>
      </address>
    </facility>
  </location>
  <location>
    <facility>
      <name>Mayo Clinic Cancer Center</name>
      <address>
        <city>Rochester</city>
        <state>Minnesota</state>
        <zip>55905</zip>
        <country>United States</country>
      </address>
    </facility>
  </location>
  <location>
    <facility>
      <name>CentraCare Clinic</name>
      <address>
        <city>Saint Cloud</city>
        <state>Minnesota</state>
        <zip>56303</zip>
        <country>United States</country>
      </address>
    </facility>
  </location>
  <location>
    <facility>
      <name>CCOP - Metro-Minnesota</name>
      <address>
        <city>Saint Louis Park</city>
        <state>Minnesota</state>
        <zip>55416</zip>
        <country>United States</country>
      </address>
    </facility>
  </location>
  <location>
    <facility>
      <name>CCOP - Missouri Valley Cancer Consortium</name>
      <address>
        <city>Omaha</city>
        <state>Nebraska</state>
        <zip>68131</zip>
        <country>United States</country>
      </address>
    </facility>
  </location>
  <location>
    <facility>
      <name>Medcenter One Health System</name>
      <address>
        <city>Bismarck</city>
        <state>North Dakota</state>
        <zip>58501</zip>
        <country>United States</country>
      </address>
    </facility>
  </location>
  <location>
    <facility>
      <name>CCOP - Merit Care Hospital</name>
      <address>
        <city>Fargo</city>
        <state>North Dakota</state>
        <zip>58122</zip>
        <country>United States</country>
      </address>
    </facility>
  </location>
  <location>
    <facility>
      <name>Altru Health Systems</name>
      <address>
        <city>Grand Forks</city>
        <state>North Dakota</state>
        <zip>58201</zip>
        <country>United States</country>
      </address>
    </facility>
  </location>
  <location>
    <facility>
      <name>CCOP - Toledo Community Hospital Oncology Program</name>
      <address>
        <city>Toledo</city>
        <state>Ohio</state>
        <zip>43623-3456</zip>
        <country>United States</country>
      </address>
    </facility>
  </location>
  <location>
    <facility>
      <name>CCOP - Geisinger Clinic and Medical Center</name>
      <address>
        <city>Danville</city>
        <state>Pennsylvania</state>
        <zip>17822-2001</zip>
        <country>United States</country>
      </address>
    </facility>
  </location>
  <location>
    <facility>
      <name>Rapid City Regional Hospital</name>
      <address>
        <city>Rapid City</city>
        <state>South Dakota</state>
        <zip>57709</zip>
        <country>United States</country>
      </address>
    </facility>
  </location>
  <location>
    <facility>
      <name>CCOP - Sioux Community Cancer Consortium</name>
      <address>
        <city>Sioux Falls</city>
        <state>South Dakota</state>
        <zip>57105-1080</zip>
        <country>United States</country>
      </address>
    </facility>
  </location>
  <location>
    <facility>
      <name>Allan Blair Cancer Centre</name>
      <address>
        <city>Regina</city>
        <state>Saskatchewan</state>
        <zip>S4T 7T1</zip>
        <country>Canada</country>
      </address>
    </facility>
  </location>
  <location_countries>
    <country>Canada</country>
    <country>United States</country>
  </location_countries>
  <results_reference>
    <citation>Perez EA, Hillman DW, Milliard JA, et al.: Randomized phase II study of 2 schedules of irinotecan (CPT-11) for patients (pts) with refractory metastatic breast cancer (MBC): an NCCTG Cooperative Group study. [Abstract] Proceedings of the American Society of Clinical Oncology 21: A-206, 2002.</citation>
  </results_reference>
  <verification_date>July 2016</verification_date>
  <study_first_submitted>November 1, 1999</study_first_submitted>
  <study_first_submitted_qc>February 27, 2004</study_first_submitted_qc>
  <study_first_posted type="Estimate">March 1, 2004</study_first_posted>
  <last_update_submitted>July 12, 2016</last_update_submitted>
  <last_update_submitted_qc>July 12, 2016</last_update_submitted_qc>
  <last_update_posted type="Estimate">July 14, 2016</last_update_posted>
  <responsible_party>
    <responsible_party_type>Sponsor</responsible_party_type>
  </responsible_party>
  <keyword>stage IV breast cancer</keyword>
  <condition_browse>
    <!-- CAUTION:  The following MeSH terms are assigned with an imperfect algorithm            -->
    <mesh_term>Breast Neoplasms</mesh_term>
  </condition_browse>
  <intervention_browse>
    <!-- CAUTION:  The following MeSH terms are assigned with an imperfect algorithm            -->
    <mesh_term>Irinotecan</mesh_term>
  </intervention_browse>
  <!-- Results have not yet been posted for this study                                          -->
</clinical_study>

