<?xml version="1.0" encoding="UTF-8"?>
<clinical_study rank="145">
  <!-- This xml conforms to an XML Schema at:
    https://clinicaltrials.gov/ct2/html/images/info/public.xsd -->
  <required_header>
    <download_date>ClinicalTrials.gov processed this data on May 26, 2023</download_date>
    <link_text>Link to the current ClinicalTrials.gov record.</link_text>
    <url>https://clinicaltrials.gov/show/NCT02789657</url>
  </required_header>
  <id_info>
    <org_study_id>BrUOG 308</org_study_id>
    <nct_id>NCT02789657</nct_id>
  </id_info>
  <brief_title>Neoadjuvant Therapy in Clinical Stage I-III HER2-positive Breast Cancer.</brief_title>
  <official_title>Efficacy of Carboplatin and Paclitaxel With Trastuzumab and Pertuzumab (wPCbTP) and Switching to an Anthracycline-based Regimen (AC) in Non-responding Patients in Clinical Stage I-III HER2-positive Breast Cancer.</official_title>
  <sponsors>
    <lead_sponsor>
      <agency>Brown University</agency>
      <agency_class>Other</agency_class>
    </lead_sponsor>
    <collaborator>
      <agency>Women and Infants Hospital of Rhode Island</agency>
      <agency_class>Other</agency_class>
    </collaborator>
    <collaborator>
      <agency>Rhode Island Hospital</agency>
      <agency_class>Other</agency_class>
    </collaborator>
    <collaborator>
      <agency>The Miriam Hospital</agency>
      <agency_class>Other</agency_class>
    </collaborator>
  </sponsors>
  <source>Brown University</source>
  <oversight_info>
    <has_dmc>Yes</has_dmc>
  </oversight_info>
  <brief_summary>
    <textblock>
      Neoadjuvant therapy is given to breast cancer patients whose cancers are relatively large or&#xD;
      have spread to lymph nodes or both. The primary goal of this treatment is to prevent the&#xD;
      cancer from coming back (recurring) elsewhere in the body, but if it makes the cancer in the&#xD;
      breast and lymph nodes shrink it might be easier to remove. This could allow a patient to&#xD;
      have a lumpectomy instead of a mastectomy and reduce the number of lymph nodes that the&#xD;
      surgeon has to remove. In some cases, the neoadjuvant therapy works so well that it kills all&#xD;
      of the cancer in the breast and lymph nodes. This is referred to as a pathologic complete&#xD;
      response (pCR). Patients who achieve a pCR have a much lower risk of the cancer recurring&#xD;
      elsewhere in their bodies.&#xD;
&#xD;
      Investigators aren't sure which chemotherapy drugs work best with the HER2-targeted drugs,&#xD;
      and what combination of these drugs causes the fewest side effects.Thus, this study has two&#xD;
      main goals:&#xD;
&#xD;
        1. To find out if treatment with wPCbTP, weekly paclitaxel and carboplatin given with&#xD;
           trastuzumab and pertuzumab every 3 weeks, leads to as many pCRs as TCHP in patients with&#xD;
           HER2-positive breast cancer, but has fewer side effects.&#xD;
&#xD;
        2. To find out if HER2-positive patients whose cancers are not responding well after 12&#xD;
           weeks of wPCbTP get a better response when they are switched to a doxorubicin-containing&#xD;
           regimen called AC for 4 cycles (8-12 weeks).&#xD;
    </textblock>
  </brief_summary>
  <detailed_description>
    <textblock>
      See summary above&#xD;
    </textblock>
  </detailed_description>
  <overall_status>Completed</overall_status>
  <start_date type="Actual">November 21, 2016</start_date>
  <completion_date type="Actual">March 27, 2020</completion_date>
  <primary_completion_date type="Actual">November 14, 2019</primary_completion_date>
  <phase>Phase 2</phase>
  <study_type>Interventional</study_type>
  <has_expanded_access>No</has_expanded_access>
  <study_design_info>
    <allocation>Non-Randomized</allocation>
    <intervention_model>Parallel Assignment</intervention_model>
    <primary_purpose>Treatment</primary_purpose>
    <masking>None (Open Label)</masking>
  </study_design_info>
  <primary_outcome>
    <measure>Percent of Patients Who Achieve a pCR</measure>
    <time_frame>at surgery post approximately 18 weeks of treatment</time_frame>
    <description>pCR is pathologic complete response defined as ypT0/isN0 on pathology report</description>
  </primary_outcome>
  <primary_outcome>
    <measure>Number of of Patients Who Develop Major Toxicities as Defined in Protocol.</measure>
    <time_frame>From start of neo-adjuvant treatment through approximately 18 weeks.</time_frame>
    <description>Defined based on CTCAE version 4:&#xD;
Neutropenia (grade&gt;2)&#xD;
Thrombocytopenia (grade &gt;2)&#xD;
Anemia (grade &gt;2)&#xD;
Diarrhea (any grade, grade &gt;3)&#xD;
Neuropathy (any grade, grade 2, grade &gt;3)&#xD;
Vomiting (any grade, grade &gt;3)</description>
  </primary_outcome>
  <number_of_arms>4</number_of_arms>
  <enrollment type="Actual">32</enrollment>
  <condition>Breast Cancer</condition>
  <arm_group>
    <arm_group_label>Optimal- 18 weeks</arm_group_label>
    <arm_group_type>Experimental</arm_group_type>
    <description>18 weeks (6 cycles) of paclitaxel, carboplatin, trastuzumab and pertuzumab. Post treatment, patients will undergo surgery.</description>
  </arm_group>
  <arm_group>
    <arm_group_label>Sub-optimal with AC</arm_group_label>
    <arm_group_type>Experimental</arm_group_type>
    <description>12 weeks (4 cycles) of paclitaxel, carboplatin, trastuzumab and pertuzumab. Post 12 weeks, initiation of doxorubicin and cyclophosphamide for 4 cycles (6 weeks), followed by surgery.</description>
  </arm_group>
  <arm_group>
    <arm_group_label>Optimal with AC</arm_group_label>
    <arm_group_type>Experimental</arm_group_type>
    <description>Less than 18 weeks (6 cycles) of paclitaxel, carboplatin, trastuzumab and pertuzumab, followed by initiation of doxorubicin and cyclophosphamide. Post treatment, patients will undergo surgery.</description>
  </arm_group>
  <arm_group>
    <arm_group_label>Sub-optimal no AC</arm_group_label>
    <arm_group_type>Experimental</arm_group_type>
    <description>18 weeks (6 cycles) of paclitaxel, carboplatin, trastuzumab and pertuzumab. Post treatment, patients will undergo surgery.</description>
  </arm_group>
  <intervention>
    <intervention_type>Drug</intervention_type>
    <intervention_name>paclitaxel</intervention_name>
    <description>80 mg/m2 (or nab-paclitaxel 80-100 mg/m2) weekly</description>
    <arm_group_label>Optimal with AC</arm_group_label>
    <arm_group_label>Optimal- 18 weeks</arm_group_label>
    <arm_group_label>Sub-optimal no AC</arm_group_label>
    <arm_group_label>Sub-optimal with AC</arm_group_label>
    <other_name>taxel, onxal</other_name>
  </intervention>
  <intervention>
    <intervention_type>Drug</intervention_type>
    <intervention_name>Trastuzumab</intervention_name>
    <description>Either every 3 weeks (8 mg/kg cycle 1 then 6 mg/kg cycles 2-4) or weekly (4 mg/kg week 1 then 2 mg/kg weeks 2-12)</description>
    <arm_group_label>Optimal with AC</arm_group_label>
    <arm_group_label>Optimal- 18 weeks</arm_group_label>
    <arm_group_label>Sub-optimal no AC</arm_group_label>
    <arm_group_label>Sub-optimal with AC</arm_group_label>
    <other_name>Herceptin</other_name>
  </intervention>
  <intervention>
    <intervention_type>Drug</intervention_type>
    <intervention_name>Pertuzumab</intervention_name>
    <description>every 3 weeks (840 mg cycle 1 then 420 mg cycles 2-4) or weeks 1 and 2 cycle 1 (420 mg each dose) during the first 3-6 weeks of treatment, then 420 mg day 1 of cycles 2-4.</description>
    <arm_group_label>Optimal with AC</arm_group_label>
    <arm_group_label>Optimal- 18 weeks</arm_group_label>
    <arm_group_label>Sub-optimal no AC</arm_group_label>
    <arm_group_label>Sub-optimal with AC</arm_group_label>
    <other_name>Perjeta</other_name>
  </intervention>
  <intervention>
    <intervention_type>Drug</intervention_type>
    <intervention_name>carboplatin</intervention_name>
    <description>AUC 2 administered weekly with no planned treatment breaks</description>
    <arm_group_label>Optimal with AC</arm_group_label>
    <arm_group_label>Optimal- 18 weeks</arm_group_label>
    <arm_group_label>Sub-optimal no AC</arm_group_label>
    <arm_group_label>Sub-optimal with AC</arm_group_label>
    <other_name>paraplatin</other_name>
  </intervention>
  <intervention>
    <intervention_type>Procedure</intervention_type>
    <intervention_name>Breast surgery</intervention_name>
    <description>breast conserving or mastectomy</description>
    <arm_group_label>Optimal with AC</arm_group_label>
    <arm_group_label>Optimal- 18 weeks</arm_group_label>
    <arm_group_label>Sub-optimal no AC</arm_group_label>
    <arm_group_label>Sub-optimal with AC</arm_group_label>
  </intervention>
  <intervention>
    <intervention_type>Drug</intervention_type>
    <intervention_name>AC</intervention_name>
    <description>doxorubicin and cyclophosphamide (AC) every 2 or 3 weeks for 4 cycles&#xD;
Dose-dense AC: Doxorubicin 60 mg/m2 and cyclophosphamide 600 mg/m2 IV day 1 every 2 weeks x 4 cycles&#xD;
Standard AC: Doxorubicin 60 mg/m2 and cyclophosphamide 600 mg/m2 IV day 1 r every 3 weeks x 4 cycles</description>
    <arm_group_label>Optimal with AC</arm_group_label>
    <arm_group_label>Sub-optimal with AC</arm_group_label>
  </intervention>
  <eligibility>
    <criteria>
      <textblock>
        Inclusion Criteria:&#xD;
&#xD;
        1 Histologically confirmed adenocarcinoma of the breast, with sufficient tissue available&#xD;
        from needle or incisional biopsy (excisional biopsy not permitted) for ER, PR and HER2&#xD;
        testing.&#xD;
&#xD;
        2. Resectable - clinical stage I (only with T=2.0 cm), IIA-IIIA - T2 N0-T3N0 or T1-3 N1-N2a&#xD;
        - or unresectable - clinical stage IIIB-C - T4 or N2b-3 - disease. No evidence of M1&#xD;
        disease. Pretreatment clinical stage will be recorded by the treating physician.&#xD;
&#xD;
        3. Breast tumor measuring at least 1 cm in greatest dimension by ultrasound or MRI;&#xD;
        patients without measurable disease in the breast (TX) by imaging studies are eligible if&#xD;
        they have measurable disease (a node measuring at least 1 cm along its short axis, and&#xD;
        histologically confirmed to contain metastatic disease) in the axilla.&#xD;
&#xD;
        4. HER2+, defined by either IHC 3+ or amplification of the HER2 gene by FISH analysis&#xD;
        (ratio &gt;2.0 or &gt;6 HER2 targets per cell; patients with equivocal HER2 testing, 2+ by IHC&#xD;
        with a FISH ratio of &lt;2.0 and 4-6 HER2 signals per nucleus, are not eligible).&#xD;
&#xD;
        5. Patients with multiple foci of invasive cancer in the same breast are eligible if any&#xD;
        single lesion meets the above size criteria and all sampled lesions &gt; 1 cm in maximum&#xD;
        dimension are histologically similar and HER2+. Patients are also eligible , or if there is&#xD;
        a focus of HER2- invasive cancer that is &lt;1 cm in maximum dimension and in a different&#xD;
        quadrant of the breast from the HER2+ cancer, such that its presence will not interfere&#xD;
        with clinical or pathologic assessment of response of the HER2+ cancer. The presence of&#xD;
        DCIS or LCIS in either breast will not render a patient ineligible. Patients with a small&#xD;
        focus of invasive cancer detected in the contralateral breast (clinical T1a/bN0) are&#xD;
        eligible, whether the contralateral tumor is HER2+ or HER2-, while patients with a more&#xD;
        advanced invasive cancer in the contralateral breast are not eligible; in patients with a&#xD;
        small focus of invasive cancer in the contralateral breast or a small focus of HER2- cancer&#xD;
        in the same breast only the histologic response in the HER2+ target lesion will be&#xD;
        considered in determining the patient's pathologic response.&#xD;
&#xD;
        6 It is recommended that patients have a pretreatment echocardiogram or MUGA scan with an&#xD;
        LVEF above the institutional lower limit of normal.&#xD;
&#xD;
        7. Female, age &gt;18, Zubrod PS 0-1. 8. It is recommended that patients have adequate bone&#xD;
        marrow, renal and hepatic function. Examples of this include: ANC &gt; 1000/ul, platelet count&#xD;
        &gt;100,000/ul, HGB&gt; 9.0 g/dl, serum creatinine &lt;1.5 mg/dl or measured creatinine clearance of&#xD;
        &gt;30 ml/min and AST &lt;5 x ULN.&#xD;
&#xD;
        9. Signed informed consent.&#xD;
&#xD;
        Exclusion Criteria:&#xD;
&#xD;
          1. Prior chemotherapy, hormonal therapy, or radiation therapy for this cancer&#xD;
&#xD;
          2. Patients with congestive heart failure, unstable angina pectoris, absolute exclusion&#xD;
             for BP &gt;180 (systolic) or &gt;100 (diastolic); for BP 160-180/90-100, assurance from the&#xD;
             treating MD that this is being addressed and that the MD is comfortable initiating&#xD;
             study treatment despite the elevated value(s)uncontrolled clinically significant&#xD;
             arrhythmia or grade II or greater peripheral vascular disease are not eligible.&#xD;
             Patients with BP &gt;180 (systolic) or &gt;100 (diastolic) are excluded; patients with BP&#xD;
             160-180/90-100 are eligible with assurance from the treating MD that this is being&#xD;
             addressed and that the MD is comfortable initiating study treatment despite the&#xD;
             elevated value(s).&#xD;
&#xD;
          3. Patients with myocardial infarction, stroke or arterial thrombotic event within the&#xD;
             past 12 months are not eligible.&#xD;
&#xD;
          4. Pregnant and lactating women are not eligible. All patients of reproductive potential&#xD;
             should have a negative pregnancy test at baseline and be advised to use an effective&#xD;
             barrier method of contraception if sexually active during treatment on the study and&#xD;
             for 2 months post the last treatment. Sites will be asked to confirm the patient's&#xD;
             menopausal status at study entry and that premenopausal women had a negative pregnancy&#xD;
             test performed within 7 days of starting treatment, but will not be required to submit&#xD;
             test results.&#xD;
&#xD;
          5. Active (defined as symptomatic, currently requiring treatment or likely to require&#xD;
             treatment within the 6 months following study enrollment, or likely to affect the&#xD;
             efficacy or tolerability of the study treatment) non-breast malignancy.&#xD;
&#xD;
          6. Baseline grade &gt;2 peripheral neuropathy&#xD;
      </textblock>
    </criteria>
    <gender>Female</gender>
    <minimum_age>18 Years</minimum_age>
    <maximum_age>N/A</maximum_age>
    <healthy_volunteers>No</healthy_volunteers>
  </eligibility>
  <overall_official>
    <last_name>Howard Safran, MD</last_name>
    <role>Study Chair</role>
    <affiliation>BrUOG Study Chair</affiliation>
  </overall_official>
  <location>
    <facility>
      <name>Rhode Island Hospital and The Miriam Hospital</name>
      <address>
        <city>Providence</city>
        <state>Rhode Island</state>
        <zip>02903</zip>
        <country>United States</country>
      </address>
    </facility>
  </location>
  <location>
    <facility>
      <name>Women and Infants hospital of RI</name>
      <address>
        <city>Providence</city>
        <state>Rhode Island</state>
        <zip>02905</zip>
        <country>United States</country>
      </address>
    </facility>
  </location>
  <location_countries>
    <country>United States</country>
  </location_countries>
  <verification_date>April 2022</verification_date>
  <study_first_submitted>May 30, 2016</study_first_submitted>
  <study_first_submitted_qc>May 30, 2016</study_first_submitted_qc>
  <study_first_posted type="Estimate">June 3, 2016</study_first_posted>
  <results_first_submitted>February 24, 2022</results_first_submitted>
  <results_first_submitted_qc>April 4, 2022</results_first_submitted_qc>
  <results_first_posted type="Actual">April 28, 2022</results_first_posted>
  <last_update_submitted>April 27, 2022</last_update_submitted>
  <last_update_submitted_qc>April 27, 2022</last_update_submitted_qc>
  <last_update_posted type="Actual">May 19, 2022</last_update_posted>
  <responsible_party>
    <responsible_party_type>Sponsor</responsible_party_type>
  </responsible_party>
  <keyword>neoadjuvant breast cancer</keyword>
  <keyword>stage I-III breast cancer</keyword>
  <keyword>HER 2 positive breast cancer</keyword>
  <condition_browse>
    <!-- CAUTION:  The following MeSH terms are assigned with an imperfect algorithm            -->
    <mesh_term>Breast Neoplasms</mesh_term>
  </condition_browse>
  <intervention_browse>
    <!-- CAUTION:  The following MeSH terms are assigned with an imperfect algorithm            -->
    <mesh_term>Paclitaxel</mesh_term>
    <mesh_term>Carboplatin</mesh_term>
    <mesh_term>Trastuzumab</mesh_term>
    <mesh_term>Pertuzumab</mesh_term>
  </intervention_browse>
  <provided_document_section>
    <provided_document>
      <document_type>Study Protocol and Statistical Analysis Plan</document_type>
      <document_has_protocol>Yes</document_has_protocol>
      <document_has_icf>No</document_has_icf>
      <document_has_sap>Yes</document_has_sap>
      <document_date>May 7, 2018</document_date>
      <document_url>https://ClinicalTrials.gov/ProvidedDocs/57/NCT02789657/Prot_SAP_000.pdf</document_url>
    </provided_document>
  </provided_document_section>

  <clinical_results>

    <participant_flow>
      <group_list>
        <group group_id="P1">
          <title>Experimental: Optimal- 18 Weeks</title>
          <description>18 weeks (6 cycles) of paclitaxel, carboplatin, trastuzumab and pertuzumab. Post treatment, patients will undergo surgery.</description>
        </group>
        <group group_id="P2">
          <title>Experimental: Sub-optimal With AC</title>
          <description>12 weeks (4 cycles) of paclitaxel, carboplatin, trastuzumab and pertuzumab. Post 12 weeks, initiation of doxorubicin and cyclophosphamide for 4 cycles (6 weeks), followed by surgery.</description>
        </group>
        <group group_id="P3">
          <title>Experimental: Optimal With AC</title>
          <description>Less than 18 weeks (6 cycles) of paclitaxel, carboplatin, trastuzumab and pertuzumab, followed by initiation of doxorubicin and cyclophosphamide. Post treatment, patients will undergo surgery.</description>
        </group>
        <group group_id="P4">
          <title>Experimental: Sub-optimal no AC</title>
          <description>18 weeks (6 cycles) of paclitaxel, carboplatin, trastuzumab and pertuzumab. Post treatment, patients will undergo surgery.</description>
        </group>
      </group_list>
      <period_list>
        <period>
          <title>Overall Study</title>
          <milestone_list>
            <milestone>
              <title>STARTED</title>
              <participants_list>
                <participants group_id="P1" count="27"/>
                <participants group_id="P2" count="3"/>
                <participants group_id="P3" count="0"/>
                <participants group_id="P4" count="2"/>
              </participants_list>
            </milestone>
            <milestone>
              <title>COMPLETED</title>
              <participants_list>
                <participants group_id="P1" count="25"/>
                <participants group_id="P2" count="3"/>
                <participants group_id="P3" count="0"/>
                <participants group_id="P4" count="2"/>
              </participants_list>
            </milestone>
            <milestone>
              <title>NOT COMPLETED</title>
              <participants_list>
                <participants group_id="P1" count="2"/>
                <participants group_id="P2" count="0"/>
                <participants group_id="P3" count="0"/>
                <participants group_id="P4" count="0"/>
              </participants_list>
            </milestone>
          </milestone_list>
          <drop_withdraw_reason_list>
            <drop_withdraw_reason>
              <title>Withdrawal by Subject</title>
              <participants_list>
                <participants group_id="P1" count="2"/>
                <participants group_id="P2" count="0"/>
                <participants group_id="P3" count="0"/>
                <participants group_id="P4" count="0"/>
              </participants_list>
            </drop_withdraw_reason>
          </drop_withdraw_reason_list>
        </period>
      </period_list>
    </participant_flow>

    <baseline>
      <population>No participants received less than 18 weeks (6 cycles) of paclitaxel, carboplatin, trastuzumab and pertuzumab, followed by initiation of doxorubicin and cyclophosphamide.</population>
      <group_list>
        <group group_id="B1">
          <title>Experimental: Optimal- 18 Weeks</title>
          <description>18 weeks (6 cycles) of paclitaxel, carboplatin, trastuzumab and pertuzumab. Post treatment, patients will undergo surgery.</description>
        </group>
        <group group_id="B2">
          <title>Experimental: Sub-optimal With AC</title>
          <description>12 weeks (4 cycles) of paclitaxel, carboplatin, trastuzumab and pertuzumab. Post 12 weeks, initiation of doxorubicin and cyclophosphamide for 4 cycles (6 weeks), followed by surgery.</description>
        </group>
        <group group_id="B3">
          <title>Experimental: Optimal With AC</title>
          <description>Less than 18 weeks (6 cycles) of paclitaxel, carboplatin, trastuzumab and pertuzumab, followed by initiation of doxorubicin and cyclophosphamide. Post treatment, patients will undergo surgery.</description>
        </group>
        <group group_id="B4">
          <title>Experimental: Sub-optimal no AC</title>
          <description>18 weeks (6 cycles) of paclitaxel, carboplatin, trastuzumab and pertuzumab. Post treatment, patients will undergo surgery.</description>
        </group>
        <group group_id="B5">
          <title>Total</title>
          <description>Total of all reporting groups</description>
        </group>
      </group_list>
      <analyzed_list>
        <analyzed>
          <units>Participants</units>
          <scope>Overall</scope>
          <count_list>
            <count group_id="B1" value="27"/>
            <count group_id="B2" value="3"/>
            <count group_id="B3" value="0"/>
            <count group_id="B4" value="2"/>
            <count group_id="B5" value="32"/>
          </count_list>
        </analyzed>
      </analyzed_list>
      <measure_list>
        <measure>
          <title>Age</title>
          <units>Participants</units>
          <param>Count of Participants</param>
          <class_list>
            <class>
              <analyzed_list>
                <analyzed>
                  <units>Participants</units>
                  <scope>Class</scope>
                  <count_list>
                    <count group_id="B1" value="27"/>
                    <count group_id="B2" value="3"/>
                    <count group_id="B3" value="0"/>
                    <count group_id="B4" value="2"/>
                    <count group_id="B5" value="32"/>
                  </count_list>
                </analyzed>
              </analyzed_list>
              <category_list>
                <category>
                  <title>&lt;=18 years</title>
                  <measurement_list>
                    <measurement group_id="B1" value="0"/>
                    <measurement group_id="B2" value="0"/>
                    <measurement group_id="B3" value="0"/>
                    <measurement group_id="B4" value="0"/>
                    <measurement group_id="B5" value="0"/>
                  </measurement_list>
                </category>
                <category>
                  <title>Between 18 and 65 years</title>
                  <measurement_list>
                    <measurement group_id="B1" value="22"/>
                    <measurement group_id="B2" value="3"/>
                    <measurement group_id="B3" value="0"/>
                    <measurement group_id="B4" value="2"/>
                    <measurement group_id="B5" value="27"/>
                  </measurement_list>
                </category>
                <category>
                  <title>&gt;=65 years</title>
                  <measurement_list>
                    <measurement group_id="B1" value="5"/>
                    <measurement group_id="B2" value="0"/>
                    <measurement group_id="B3" value="0"/>
                    <measurement group_id="B4" value="0"/>
                    <measurement group_id="B5" value="5"/>
                  </measurement_list>
                </category>
              </category_list>
            </class>
          </class_list>
        </measure>
        <measure>
          <title>Age</title>
          <units>years</units>
          <param>Median</param>
          <dispersion>Full Range</dispersion>
          <class_list>
            <class>
              <analyzed_list>
                <analyzed>
                  <units>Participants</units>
                  <scope>Class</scope>
                  <count_list>
                    <count group_id="B1" value="27"/>
                    <count group_id="B2" value="3"/>
                    <count group_id="B3" value="0"/>
                    <count group_id="B4" value="2"/>
                    <count group_id="B5" value="32"/>
                  </count_list>
                </analyzed>
              </analyzed_list>
              <category_list>
                <category>
                  <measurement_list>
                    <measurement group_id="B1" value="51" lower_limit="29" upper_limit="81"/>
                    <measurement group_id="B2" value="48" lower_limit="36" upper_limit="62"/>
                    <measurement group_id="B4" value="45" lower_limit="38" upper_limit="54"/>
                    <measurement group_id="B5" value="50" lower_limit="29" upper_limit="81"/>
                  </measurement_list>
                </category>
              </category_list>
            </class>
          </class_list>
        </measure>
        <measure>
          <title>Sex: Female, Male</title>
          <units>Participants</units>
          <param>Count of Participants</param>
          <class_list>
            <class>
              <analyzed_list>
                <analyzed>
                  <units>Participants</units>
                  <scope>Class</scope>
                  <count_list>
                    <count group_id="B1" value="27"/>
                    <count group_id="B2" value="3"/>
                    <count group_id="B3" value="0"/>
                    <count group_id="B4" value="2"/>
                    <count group_id="B5" value="32"/>
                  </count_list>
                </analyzed>
              </analyzed_list>
              <category_list>
                <category>
                  <title>Female</title>
                  <measurement_list>
                    <measurement group_id="B1" value="27"/>
                    <measurement group_id="B2" value="3"/>
                    <measurement group_id="B3" value="0"/>
                    <measurement group_id="B4" value="2"/>
                    <measurement group_id="B5" value="32"/>
                  </measurement_list>
                </category>
                <category>
                  <title>Male</title>
                  <measurement_list>
                    <measurement group_id="B1" value="0"/>
                    <measurement group_id="B2" value="0"/>
                    <measurement group_id="B3" value="0"/>
                    <measurement group_id="B4" value="0"/>
                    <measurement group_id="B5" value="0"/>
                  </measurement_list>
                </category>
              </category_list>
            </class>
          </class_list>
        </measure>
        <measure>
          <title>Race and Ethnicity Not Collected</title>
          <population>Race and Ethnicity were not collected from any participant.</population>
          <units>Participants</units>
          <param>Count of Participants</param>
          <class_list>
            <class>
              <analyzed_list>
                <analyzed>
                  <units>Participants</units>
                  <scope>Class</scope>
                  <count_list>
                    <count group_id="B1" value="0"/>
                    <count group_id="B2" value="0"/>
                    <count group_id="B3" value="0"/>
                    <count group_id="B4" value="0"/>
                    <count group_id="B5" value="0"/>
                  </count_list>
                </analyzed>
              </analyzed_list>
              <category_list>
                <category>
                  <measurement_list>
                    <measurement group_id="B5" value="0"/>
                  </measurement_list>
                </category>
              </category_list>
            </class>
          </class_list>
        </measure>
        <measure>
          <title>Region of Enrollment</title>
          <units>participants</units>
          <param>Number</param>
          <class_list>
            <class>
              <title>United States</title>
              <analyzed_list>
                <analyzed>
                  <units>Participants</units>
                  <scope>Class</scope>
                  <count_list>
                    <count group_id="B1" value="27"/>
                    <count group_id="B2" value="3"/>
                    <count group_id="B3" value="0"/>
                    <count group_id="B4" value="2"/>
                    <count group_id="B5" value="32"/>
                  </count_list>
                </analyzed>
              </analyzed_list>
              <category_list>
                <category>
                  <measurement_list>
                    <measurement group_id="B1" value="27"/>
                    <measurement group_id="B2" value="3"/>
                    <measurement group_id="B4" value="2"/>
                    <measurement group_id="B5" value="32"/>
                  </measurement_list>
                </category>
              </category_list>
            </class>
          </class_list>
        </measure>
      </measure_list>
    </baseline>

    <outcome_list>
      <outcome>
        <type>Primary</type>
        <title>Percent of Patients Who Achieve a pCR</title>
        <description>pCR is pathologic complete response defined as ypT0/isN0 on pathology report</description>
        <time_frame>at surgery post approximately 18 weeks of treatment</time_frame>
        <population>No participants received less than 18 weeks (6 cycles) of paclitaxel, carboplatin, trastuzumab and pertuzumab, followed by initiation of doxorubicin and cyclophosphamide.</population>
        <group_list>
          <group group_id="O1">
            <title>Experimental: Optimal- 18 Weeks</title>
            <description>18 weeks (6 cycles) of paclitaxel, carboplatin, trastuzumab and pertuzumab. Post treatment, patients will undergo surgery.</description>
          </group>
          <group group_id="O2">
            <title>Experimental: Sub-optimal With AC</title>
            <description>12 weeks (4 cycles) of paclitaxel, carboplatin, trastuzumab and pertuzumab. Post 12 weeks, initiation of doxorubicin and cyclophosphamide for 4 cycles (6 weeks), followed by surgery.</description>
          </group>
          <group group_id="O3">
            <title>Experimental: Optimal With AC</title>
            <description>Less than 18 weeks (6 cycles) of paclitaxel, carboplatin, trastuzumab and pertuzumab, followed by initiation of doxorubicin and cyclophosphamide. Post treatment, patients will undergo surgery.</description>
          </group>
          <group group_id="O4">
            <title>Experimental: Sub-optimal no AC</title>
            <description>18 weeks (6 cycles) of paclitaxel, carboplatin, trastuzumab and pertuzumab. Post treatment, patients will undergo surgery.</description>
          </group>
        </group_list>
        <measure>
          <title>Percent of Patients Who Achieve a pCR</title>
          <description>pCR is pathologic complete response defined as ypT0/isN0 on pathology report</description>
          <population>No participants received less than 18 weeks (6 cycles) of paclitaxel, carboplatin, trastuzumab and pertuzumab, followed by initiation of doxorubicin and cyclophosphamide.</population>
          <units>Participants</units>
          <param>Count of Participants</param>
          <analyzed_list>
            <analyzed>
              <units>Participants</units>
              <scope>Measure</scope>
              <count_list>
                <count group_id="O1" value="25"/>
                <count group_id="O2" value="3"/>
                <count group_id="O3" value="0"/>
                <count group_id="O4" value="2"/>
              </count_list>
            </analyzed>
          </analyzed_list>
          <class_list>
            <class>
              <category_list>
                <category>
                  <measurement_list>
                    <measurement group_id="O1" value="19"/>
                    <measurement group_id="O2" value="2"/>
                    <measurement group_id="O3" value="0"/>
                    <measurement group_id="O4" value="0"/>
                  </measurement_list>
                </category>
              </category_list>
            </class>
          </class_list>
        </measure>
      </outcome>
      <outcome>
        <type>Primary</type>
        <title>Number of of Patients Who Develop Major Toxicities as Defined in Protocol.</title>
        <description>Defined based on CTCAE version 4:&#xD;
Neutropenia (grade&gt;2)&#xD;
Thrombocytopenia (grade &gt;2)&#xD;
Anemia (grade &gt;2)&#xD;
Diarrhea (any grade, grade &gt;3)&#xD;
Neuropathy (any grade, grade 2, grade &gt;3)&#xD;
Vomiting (any grade, grade &gt;3)</description>
        <time_frame>From start of neo-adjuvant treatment through approximately 18 weeks.</time_frame>
        <population>No participants received less than 18 weeks (6 cycles) of paclitaxel, carboplatin, trastuzumab and pertuzumab, followed by initiation of doxorubicin and cyclophosphamide.</population>
        <group_list>
          <group group_id="O1">
            <title>Experimental: Optimal- 18 Weeks</title>
            <description>18 weeks (6 cycles) of paclitaxel, carboplatin, trastuzumab and pertuzumab. Post treatment, patients will undergo surgery.</description>
          </group>
          <group group_id="O2">
            <title>Experimental: Sub-optimal With AC</title>
            <description>12 weeks (4 cycles) of paclitaxel, carboplatin, trastuzumab and pertuzumab. Post 12 weeks, initiation of doxorubicin and cyclophosphamide for 4 cycles (6 weeks), followed by surgery.</description>
          </group>
          <group group_id="O3">
            <title>Experimental: Optimal With AC</title>
            <description>Less than 18 weeks (6 cycles) of paclitaxel, carboplatin, trastuzumab and pertuzumab, followed by initiation of doxorubicin and cyclophosphamide. Post treatment, patients will undergo surgery.</description>
          </group>
          <group group_id="O4">
            <title>Experimental: Sub-optimal no AC</title>
            <description>18 weeks (6 cycles) of paclitaxel, carboplatin, trastuzumab and pertuzumab. Post treatment, patients will undergo surgery.</description>
          </group>
        </group_list>
        <measure>
          <title>Number of of Patients Who Develop Major Toxicities as Defined in Protocol.</title>
          <description>Defined based on CTCAE version 4:&#xD;
Neutropenia (grade&gt;2)&#xD;
Thrombocytopenia (grade &gt;2)&#xD;
Anemia (grade &gt;2)&#xD;
Diarrhea (any grade, grade &gt;3)&#xD;
Neuropathy (any grade, grade 2, grade &gt;3)&#xD;
Vomiting (any grade, grade &gt;3)</description>
          <population>No participants received less than 18 weeks (6 cycles) of paclitaxel, carboplatin, trastuzumab and pertuzumab, followed by initiation of doxorubicin and cyclophosphamide.</population>
          <units>Participants</units>
          <param>Count of Participants</param>
          <analyzed_list>
            <analyzed>
              <units>Participants</units>
              <scope>Measure</scope>
              <count_list>
                <count group_id="O1" value="25"/>
                <count group_id="O2" value="3"/>
                <count group_id="O3" value="0"/>
                <count group_id="O4" value="2"/>
              </count_list>
            </analyzed>
          </analyzed_list>
          <class_list>
            <class>
              <title>ANC</title>
              <category_list>
                <category>
                  <measurement_list>
                    <measurement group_id="O1" value="19"/>
                    <measurement group_id="O2" value="3"/>
                    <measurement group_id="O4" value="2"/>
                  </measurement_list>
                </category>
              </category_list>
            </class>
            <class>
              <title>Thrombocytopenia</title>
              <category_list>
                <category>
                  <measurement_list>
                    <measurement group_id="O1" value="2"/>
                    <measurement group_id="O2" value="2"/>
                    <measurement group_id="O4" value="0"/>
                  </measurement_list>
                </category>
              </category_list>
            </class>
            <class>
              <title>Anemia</title>
              <category_list>
                <category>
                  <measurement_list>
                    <measurement group_id="O1" value="20"/>
                    <measurement group_id="O2" value="3"/>
                    <measurement group_id="O4" value="2"/>
                  </measurement_list>
                </category>
              </category_list>
            </class>
            <class>
              <title>Diarrhea</title>
              <category_list>
                <category>
                  <measurement_list>
                    <measurement group_id="O1" value="23"/>
                    <measurement group_id="O2" value="3"/>
                    <measurement group_id="O4" value="2"/>
                  </measurement_list>
                </category>
              </category_list>
            </class>
            <class>
              <title>Neuropathy</title>
              <category_list>
                <category>
                  <measurement_list>
                    <measurement group_id="O1" value="5"/>
                    <measurement group_id="O2" value="0"/>
                    <measurement group_id="O4" value="0"/>
                  </measurement_list>
                </category>
              </category_list>
            </class>
            <class>
              <title>Vomiting</title>
              <category_list>
                <category>
                  <measurement_list>
                    <measurement group_id="O1" value="5"/>
                    <measurement group_id="O2" value="1"/>
                    <measurement group_id="O4" value="0"/>
                  </measurement_list>
                </category>
              </category_list>
            </class>
          </class_list>
        </measure>
      </outcome>
    </outcome_list>

    <reported_events>
      <time_frame>Adverse events were collected from the time a signed and dated ICF is obtained until 3 months post-operative, or until the subject withdrew consent from study participation, whichever occurs first.</time_frame>
      <group_list>
        <group group_id="E1">
          <title>Experimental: Optimal- 18 Weeks</title>
          <description>18 weeks (6 cycles) of paclitaxel, carboplatin, trastuzumab and pertuzumab. Post treatment, patients will undergo surgery.</description>
        </group>
        <group group_id="E2">
          <title>Experimental: Sub-optimal With AC</title>
          <description>12 weeks (4 cycles) of paclitaxel, carboplatin, trastuzumab and pertuzumab. Post 12 weeks, initiation of doxorubicin and cyclophosphamide for 4 cycles (6 weeks), followed by surgery.</description>
        </group>
        <group group_id="E3">
          <title>Experimental: Sub-optimal no AC</title>
          <description>18 weeks (6 cycles) of paclitaxel, carboplatin, trastuzumab and pertuzumab. Post treatment, patients will undergo surgery.</description>
        </group>
      </group_list>
      <serious_events>
        <default_vocab>CTCAE (4.0)</default_vocab>
        <default_assessment>Non-systematic Assessment</default_assessment>
        <category_list>
          <category>
            <title>Total</title>
            <event_list>
              <event>
                <sub_title>Total, all-cause mortality</sub_title>
                <counts group_id="E1" subjects_affected="1" subjects_at_risk="25"/>
                <counts group_id="E2" subjects_affected="0" subjects_at_risk="3"/>
                <counts group_id="E3" subjects_affected="0" subjects_at_risk="2"/>
              </event>
              <event>
                <sub_title>Total, serious adverse events</sub_title>
                <counts group_id="E1" subjects_affected="5" subjects_at_risk="25"/>
                <counts group_id="E2" subjects_affected="2" subjects_at_risk="3"/>
                <counts group_id="E3" subjects_affected="1" subjects_at_risk="2"/>
              </event>
            </event_list>
          </category>
          <category>
            <title>Blood and lymphatic system disorders</title>
            <event_list>
              <event>
                <sub_title>Anemia</sub_title>
                <counts group_id="E1" subjects_affected="0" subjects_at_risk="25"/>
                <counts group_id="E2" subjects_affected="0" subjects_at_risk="3"/>
                <counts group_id="E3" subjects_affected="1" subjects_at_risk="2"/>
              </event>
            </event_list>
          </category>
          <category>
            <title>Cardiac disorders</title>
            <event_list>
              <event>
                <sub_title>Atrial fibrillation</sub_title>
                <counts group_id="E1" subjects_affected="1" subjects_at_risk="25"/>
                <counts group_id="E2" subjects_affected="0" subjects_at_risk="3"/>
                <counts group_id="E3" subjects_affected="0" subjects_at_risk="2"/>
              </event>
            </event_list>
          </category>
          <category>
            <title>Gastrointestinal disorders</title>
            <event_list>
              <event>
                <sub_title>Diarrhea</sub_title>
                <counts group_id="E1" subjects_affected="1" subjects_at_risk="25"/>
                <counts group_id="E2" subjects_affected="1" subjects_at_risk="3"/>
                <counts group_id="E3" subjects_affected="0" subjects_at_risk="2"/>
              </event>
              <event>
                <sub_title>Enterocolitis</sub_title>
                <counts group_id="E1" subjects_affected="0" subjects_at_risk="25"/>
                <counts group_id="E2" subjects_affected="1" subjects_at_risk="3"/>
                <counts group_id="E3" subjects_affected="0" subjects_at_risk="2"/>
              </event>
              <event>
                <sub_title>Salmonella infection</sub_title>
                <counts group_id="E1" subjects_affected="1" subjects_at_risk="25"/>
                <counts group_id="E2" subjects_affected="0" subjects_at_risk="3"/>
                <counts group_id="E3" subjects_affected="0" subjects_at_risk="2"/>
              </event>
              <event>
                <sub_title>Typhitis</sub_title>
                <counts group_id="E1" subjects_affected="0" subjects_at_risk="25"/>
                <counts group_id="E2" subjects_affected="1" subjects_at_risk="3"/>
                <counts group_id="E3" subjects_affected="0" subjects_at_risk="2"/>
              </event>
            </event_list>
          </category>
          <category>
            <title>General disorders</title>
            <event_list>
              <event>
                <sub_title>Back pain</sub_title>
                <counts group_id="E1" subjects_affected="0" subjects_at_risk="25"/>
                <counts group_id="E2" subjects_affected="0" subjects_at_risk="3"/>
                <counts group_id="E3" subjects_affected="1" subjects_at_risk="2"/>
              </event>
              <event>
                <sub_title>Dehydration</sub_title>
                <counts group_id="E1" subjects_affected="1" subjects_at_risk="25"/>
                <counts group_id="E2" subjects_affected="1" subjects_at_risk="3"/>
                <counts group_id="E3" subjects_affected="0" subjects_at_risk="2"/>
              </event>
              <event>
                <sub_title>Flank pain</sub_title>
                <counts group_id="E1" subjects_affected="0" subjects_at_risk="25"/>
                <counts group_id="E2" subjects_affected="0" subjects_at_risk="3"/>
                <counts group_id="E3" subjects_affected="1" subjects_at_risk="2"/>
              </event>
              <event>
                <sub_title>Progression of disease</sub_title>
                <counts group_id="E1" subjects_affected="1" subjects_at_risk="25"/>
                <counts group_id="E2" subjects_affected="0" subjects_at_risk="3"/>
                <counts group_id="E3" subjects_affected="0" subjects_at_risk="2"/>
              </event>
            </event_list>
          </category>
          <category>
            <title>Infections and infestations</title>
            <event_list>
              <event>
                <sub_title>Cellulitis</sub_title>
                <counts group_id="E1" subjects_affected="0" subjects_at_risk="25"/>
                <counts group_id="E2" subjects_affected="1" subjects_at_risk="3"/>
                <counts group_id="E3" subjects_affected="0" subjects_at_risk="2"/>
              </event>
              <event>
                <sub_title>Urinary tract infection</sub_title>
                <counts group_id="E1" subjects_affected="0" subjects_at_risk="25"/>
                <counts group_id="E2" subjects_affected="0" subjects_at_risk="3"/>
                <counts group_id="E3" subjects_affected="1" subjects_at_risk="2"/>
              </event>
              <event>
                <sub_title>Sepsis</sub_title>
                <counts group_id="E1" subjects_affected="0" subjects_at_risk="25"/>
                <counts group_id="E2" subjects_affected="0" subjects_at_risk="3"/>
                <counts group_id="E3" subjects_affected="1" subjects_at_risk="2"/>
              </event>
              <event>
                <sub_title>Skin infection</sub_title>
                <counts group_id="E1" subjects_affected="1" subjects_at_risk="25"/>
                <counts group_id="E2" subjects_affected="1" subjects_at_risk="3"/>
                <counts group_id="E3" subjects_affected="0" subjects_at_risk="2"/>
              </event>
              <event>
                <sub_title>Kidney infection</sub_title>
                <counts group_id="E1" subjects_affected="0" subjects_at_risk="25"/>
                <counts group_id="E2" subjects_affected="0" subjects_at_risk="3"/>
                <counts group_id="E3" subjects_affected="1" subjects_at_risk="2"/>
              </event>
              <event>
                <sub_title>Breast infection</sub_title>
                <counts group_id="E1" subjects_affected="1" subjects_at_risk="25"/>
                <counts group_id="E2" subjects_affected="0" subjects_at_risk="3"/>
                <counts group_id="E3" subjects_affected="0" subjects_at_risk="2"/>
              </event>
            </event_list>
          </category>
          <category>
            <title>Investigations</title>
            <event_list>
              <event>
                <sub_title>Alanine aminotransferase increased</sub_title>
                <counts group_id="E1" subjects_affected="0" subjects_at_risk="25"/>
                <counts group_id="E2" subjects_affected="0" subjects_at_risk="3"/>
                <counts group_id="E3" subjects_affected="1" subjects_at_risk="2"/>
              </event>
              <event>
                <sub_title>Neutropenia</sub_title>
                <counts group_id="E1" subjects_affected="0" subjects_at_risk="25"/>
                <counts group_id="E2" subjects_affected="1" subjects_at_risk="3"/>
                <counts group_id="E3" subjects_affected="0" subjects_at_risk="2"/>
              </event>
            </event_list>
          </category>
          <category>
            <title>Metabolism and nutrition disorders</title>
            <event_list>
              <event>
                <sub_title>Hypokalemia</sub_title>
                <counts group_id="E1" subjects_affected="0" subjects_at_risk="25"/>
                <counts group_id="E2" subjects_affected="0" subjects_at_risk="3"/>
                <counts group_id="E3" subjects_affected="1" subjects_at_risk="2"/>
              </event>
            </event_list>
          </category>
          <category>
            <title>Renal and urinary disorders</title>
            <event_list>
              <event>
                <sub_title>Renal calculi</sub_title>
                <counts group_id="E1" subjects_affected="0" subjects_at_risk="25"/>
                <counts group_id="E2" subjects_affected="0" subjects_at_risk="3"/>
                <counts group_id="E3" subjects_affected="1" subjects_at_risk="2"/>
              </event>
            </event_list>
          </category>
          <category>
            <title>Reproductive system and breast disorders</title>
            <event_list>
              <event>
                <sub_title>Breast pain</sub_title>
                <counts group_id="E1" subjects_affected="1" subjects_at_risk="25"/>
                <counts group_id="E2" subjects_affected="0" subjects_at_risk="3"/>
                <counts group_id="E3" subjects_affected="0" subjects_at_risk="2"/>
              </event>
            </event_list>
          </category>
        </category_list>
      </serious_events>
      <other_events>
        <frequency_threshold>0</frequency_threshold>
        <default_vocab>CTCAE (4.0)</default_vocab>
        <default_assessment>Non-systematic Assessment</default_assessment>
        <category_list>
          <category>
            <title>Total</title>
            <event_list>
              <event>
                <sub_title>Total, other adverse events</sub_title>
                <counts group_id="E1" subjects_affected="25" subjects_at_risk="25"/>
                <counts group_id="E2" subjects_affected="3" subjects_at_risk="3"/>
                <counts group_id="E3" subjects_affected="2" subjects_at_risk="2"/>
              </event>
            </event_list>
          </category>
          <category>
            <title>Blood and lymphatic system disorders</title>
            <event_list>
              <event>
                <sub_title>Anemia</sub_title>
                <counts group_id="E1" subjects_affected="22" subjects_at_risk="25"/>
                <counts group_id="E2" subjects_affected="2" subjects_at_risk="3"/>
                <counts group_id="E3" subjects_affected="1" subjects_at_risk="2"/>
              </event>
            </event_list>
          </category>
          <category>
            <title>Cardiac disorders</title>
            <event_list>
              <event>
                <sub_title>Sinus tachycardia</sub_title>
                <counts group_id="E1" subjects_affected="0" subjects_at_risk="25"/>
                <counts group_id="E2" subjects_affected="0" subjects_at_risk="3"/>
                <counts group_id="E3" subjects_affected="1" subjects_at_risk="2"/>
              </event>
            </event_list>
          </category>
          <category>
            <title>Gastrointestinal disorders</title>
            <event_list>
              <event>
                <sub_title>Diarrhea</sub_title>
                <counts group_id="E1" subjects_affected="23" subjects_at_risk="25"/>
                <counts group_id="E2" subjects_affected="3" subjects_at_risk="3"/>
                <counts group_id="E3" subjects_affected="1" subjects_at_risk="2"/>
              </event>
              <event>
                <sub_title>Vomiting</sub_title>
                <counts group_id="E1" subjects_affected="10" subjects_at_risk="25"/>
                <counts group_id="E2" subjects_affected="1" subjects_at_risk="3"/>
                <counts group_id="E3" subjects_affected="1" subjects_at_risk="2"/>
              </event>
            </event_list>
          </category>
          <category>
            <title>General disorders</title>
            <event_list>
              <event>
                <sub_title>Fever</sub_title>
                <counts group_id="E1" subjects_affected="0" subjects_at_risk="25"/>
                <counts group_id="E2" subjects_affected="0" subjects_at_risk="3"/>
                <counts group_id="E3" subjects_affected="1" subjects_at_risk="2"/>
              </event>
            </event_list>
          </category>
          <category>
            <title>Immune system disorders</title>
            <event_list>
              <event>
                <sub_title>Anaphylaxis</sub_title>
                <counts group_id="E1" subjects_affected="1" subjects_at_risk="25"/>
                <counts group_id="E2" subjects_affected="0" subjects_at_risk="3"/>
                <counts group_id="E3" subjects_affected="0" subjects_at_risk="2"/>
              </event>
            </event_list>
          </category>
          <category>
            <title>Infections and infestations</title>
            <event_list>
              <event>
                <sub_title>Infusion related reaction</sub_title>
                <counts group_id="E1" subjects_affected="1" subjects_at_risk="25"/>
                <counts group_id="E2" subjects_affected="0" subjects_at_risk="3"/>
                <counts group_id="E3" subjects_affected="0" subjects_at_risk="2"/>
              </event>
              <event>
                <sub_title>Upper respiratory infection</sub_title>
                <counts group_id="E1" subjects_affected="1" subjects_at_risk="25"/>
                <counts group_id="E2" subjects_affected="0" subjects_at_risk="3"/>
                <counts group_id="E3" subjects_affected="0" subjects_at_risk="2"/>
              </event>
            </event_list>
          </category>
          <category>
            <title>Investigations</title>
            <event_list>
              <event>
                <sub_title>Neutrophil count increase</sub_title>
                <counts group_id="E1" subjects_affected="23" subjects_at_risk="25"/>
                <counts group_id="E2" subjects_affected="2" subjects_at_risk="3"/>
                <counts group_id="E3" subjects_affected="2" subjects_at_risk="2"/>
              </event>
              <event>
                <sub_title>Thrombocytopenia</sub_title>
                <counts group_id="E1" subjects_affected="3" subjects_at_risk="25"/>
                <counts group_id="E2" subjects_affected="2" subjects_at_risk="3"/>
                <counts group_id="E3" subjects_affected="1" subjects_at_risk="2"/>
              </event>
              <event>
                <sub_title>Alanine aminotransferase increased</sub_title>
                <counts group_id="E1" subjects_affected="0" subjects_at_risk="25"/>
                <counts group_id="E2" subjects_affected="1" subjects_at_risk="3"/>
                <counts group_id="E3" subjects_affected="0" subjects_at_risk="2"/>
              </event>
              <event>
                <sub_title>White blood cell count decreased</sub_title>
                <counts group_id="E1" subjects_affected="0" subjects_at_risk="25"/>
                <counts group_id="E2" subjects_affected="1" subjects_at_risk="3"/>
                <counts group_id="E3" subjects_affected="0" subjects_at_risk="2"/>
              </event>
            </event_list>
          </category>
          <category>
            <title>Metabolism and nutrition disorders</title>
            <event_list>
              <event>
                <sub_title>Hypophosphatemia</sub_title>
                <counts group_id="E1" subjects_affected="0" subjects_at_risk="25"/>
                <counts group_id="E2" subjects_affected="1" subjects_at_risk="3"/>
                <counts group_id="E3" subjects_affected="1" subjects_at_risk="2"/>
              </event>
              <event>
                <sub_title>Hypokalemia</sub_title>
                <counts group_id="E1" subjects_affected="0" subjects_at_risk="25"/>
                <counts group_id="E2" subjects_affected="0" subjects_at_risk="3"/>
                <counts group_id="E3" subjects_affected="1" subjects_at_risk="2"/>
              </event>
            </event_list>
          </category>
          <category>
            <title>Musculoskeletal and connective tissue disorders</title>
            <event_list>
              <event>
                <sub_title>Flank pain</sub_title>
                <counts group_id="E1" subjects_affected="0" subjects_at_risk="25"/>
                <counts group_id="E2" subjects_affected="0" subjects_at_risk="3"/>
                <counts group_id="E3" subjects_affected="1" subjects_at_risk="2"/>
              </event>
            </event_list>
          </category>
          <category>
            <title>Nervous system disorders</title>
            <event_list>
              <event>
                <sub_title>Neuropathy</sub_title>
                <counts group_id="E1" subjects_affected="6" subjects_at_risk="25"/>
                <counts group_id="E2" subjects_affected="0" subjects_at_risk="3"/>
                <counts group_id="E3" subjects_affected="0" subjects_at_risk="2"/>
              </event>
            </event_list>
          </category>
          <category>
            <title>Vascular disorders</title>
            <event_list>
              <event>
                <sub_title>Hypotension</sub_title>
                <counts group_id="E1" subjects_affected="1" subjects_at_risk="25"/>
                <counts group_id="E2" subjects_affected="0" subjects_at_risk="3"/>
                <counts group_id="E3" subjects_affected="1" subjects_at_risk="2"/>
              </event>
            </event_list>
          </category>
        </category_list>
      </other_events>
    </reported_events>

    <certain_agreements>
      <pi_employee>Principal Investigators are NOT employed by the organization sponsoring the study.</pi_employee>
      <restrictive_agreement>There is NOT an agreement between Principal Investigators and the Sponsor (or its agents) that restricts the PI's rights to discuss or publish trial results after the trial is completed. </restrictive_agreement>
    </certain_agreements>
    <point_of_contact>
      <name_or_title>Brown University Oncology Research Group</name_or_title>
      <organization>BrUOG</organization>
      <phone>4018633000</phone>
      <email>BrUOG@Brown.edu</email>
    </point_of_contact>
  </clinical_results>
</clinical_study>

