<?xml version="1.0" encoding="UTF-8"?>
<clinical_study rank="342">
  <!-- This xml conforms to an XML Schema at:
    https://clinicaltrials.gov/ct2/html/images/info/public.xsd -->
  <required_header>
    <download_date>ClinicalTrials.gov processed this data on May 26, 2023</download_date>
    <link_text>Link to the current ClinicalTrials.gov record.</link_text>
    <url>https://clinicaltrials.gov/show/NCT01150513</url>
  </required_header>
  <id_info>
    <org_study_id>CH-BC-007</org_study_id>
    <nct_id>NCT01150513</nct_id>
  </id_info>
  <brief_title>Docetaxel+Carboplatin vs Epirubicin+Cyclophosphamide Followed by Docetaxel as Adjuvant Treatment in Triple-negative Breast Cancer</brief_title>
  <official_title>Docetaxel Plus Carboplatin Versus Epirubicin Plus Cyclophosphamide Followed by Docetaxel as Adjuvant Treatment in Triple-negative Breast Cancer</official_title>
  <sponsors>
    <lead_sponsor>
      <agency>Cancer Institute and Hospital, Chinese Academy of Medical Sciences</agency>
      <agency_class>Other</agency_class>
    </lead_sponsor>
  </sponsors>
  <source>Cancer Institute and Hospital, Chinese Academy of Medical Sciences</source>
  <oversight_info>
    <has_dmc>No</has_dmc>
  </oversight_info>
  <brief_summary>
    <textblock>
      Triple-negative breast cancer (TNBC) has a relatively bad prognosis whereas there is no&#xD;
      standard regimen. Some data showed that platins could improve the efficacy of advance TNBC.&#xD;
      In this trial, it is the hypothesis that TP (docetaxel plus carboplatin) has a better&#xD;
      efficacy than EC-T (epirubicin plus cyclophosphamide followed by docetaxel).&#xD;
    </textblock>
  </brief_summary>
  <overall_status>Completed</overall_status>
  <start_date>June 2009</start_date>
  <completion_date type="Actual">April 2016</completion_date>
  <primary_completion_date type="Actual">January 2016</primary_completion_date>
  <phase>Phase 2/Phase 3</phase>
  <study_type>Interventional</study_type>
  <has_expanded_access>No</has_expanded_access>
  <study_design_info>
    <allocation>Randomized</allocation>
    <intervention_model>Parallel Assignment</intervention_model>
    <primary_purpose>Treatment</primary_purpose>
    <masking>None (Open Label)</masking>
  </study_design_info>
  <primary_outcome>
    <measure>Disease Free Survival (DFS) of 3 years</measure>
    <time_frame>3 years after mastectomy</time_frame>
    <description>local recurrence, distant metastasis, the secondary primary malignancy</description>
  </primary_outcome>
  <secondary_outcome>
    <measure>Safety Profiles</measure>
    <time_frame>Up to 24 weeks</time_frame>
    <description>All adverse events occurring during chemotherapy are to be recorded in the case report form, including hemotologic and nonhemotologic toxicities.</description>
  </secondary_outcome>
  <number_of_arms>2</number_of_arms>
  <enrollment type="Actual">320</enrollment>
  <condition>Breast Cancer</condition>
  <arm_group>
    <arm_group_label>EC-T</arm_group_label>
    <arm_group_type>Active Comparator</arm_group_type>
  </arm_group>
  <arm_group>
    <arm_group_label>TP</arm_group_label>
    <arm_group_type>Experimental</arm_group_type>
  </arm_group>
  <intervention>
    <intervention_type>Drug</intervention_type>
    <intervention_name>EC-T</intervention_name>
    <description>four cycles of EC (epirubicin: 90 mg/m2; cyclophosphamide :600 mg/m2, day 1) followed by four cycles of T (docetaxel : 75 mg/m2 or paclitaxel 175 mg/m2, day 1)</description>
    <arm_group_label>EC-T</arm_group_label>
  </intervention>
  <intervention>
    <intervention_type>Drug</intervention_type>
    <intervention_name>TP</intervention_name>
    <description>six cycles of TP (docetaxel: 75 mg/m2 or paclitaxel 175 mg/m2 d1; carboplatin AUC=5, day 1)</description>
    <arm_group_label>TP</arm_group_label>
  </intervention>
  <eligibility>
    <criteria>
      <textblock>
        Inclusion Criteria:&#xD;
&#xD;
          -  Triple-negative breast cancer&#xD;
&#xD;
          -  Older than 18 years old&#xD;
&#xD;
          -  Have tumor resection surgery&#xD;
&#xD;
          -  Sufficient organ function (marrow, heart, liver)&#xD;
&#xD;
        Exclusion Criteria:&#xD;
&#xD;
          -  Other malignancy&#xD;
&#xD;
          -  Other serious disease( marrow, heart, liver)&#xD;
      </textblock>
    </criteria>
    <gender>Female</gender>
    <minimum_age>18 Years</minimum_age>
    <maximum_age>70 Years</maximum_age>
    <healthy_volunteers>No</healthy_volunteers>
  </eligibility>
  <overall_official>
    <last_name>Peng Yuan, MD</last_name>
    <role>Principal Investigator</role>
    <affiliation>Cancer Institute and Hospital, Chinese Academy of Medical Sciences</affiliation>
  </overall_official>
  <location>
    <facility>
      <name>Cancer Institute &amp; Hospital Chinese Academy of Medical Sciences</name>
      <address>
        <city>Beijing</city>
        <zip>100021</zip>
        <country>China</country>
      </address>
    </facility>
  </location>
  <location_countries>
    <country>China</country>
  </location_countries>
  <verification_date>February 2021</verification_date>
  <study_first_submitted>June 14, 2010</study_first_submitted>
  <study_first_submitted_qc>June 24, 2010</study_first_submitted_qc>
  <study_first_posted type="Estimate">June 25, 2010</study_first_posted>
  <last_update_submitted>February 5, 2021</last_update_submitted>
  <last_update_submitted_qc>February 5, 2021</last_update_submitted_qc>
  <last_update_posted type="Actual">February 9, 2021</last_update_posted>
  <responsible_party>
    <responsible_party_type>Principal Investigator</responsible_party_type>
    <investigator_affiliation>Cancer Institute and Hospital, Chinese Academy of Medical Sciences</investigator_affiliation>
    <investigator_full_name>Peng Yuan</investigator_full_name>
    <investigator_title>Chief Physician</investigator_title>
  </responsible_party>
  <keyword>TRIPLE-NEGATIVE</keyword>
  <keyword>BREAST CANCER</keyword>
  <condition_browse>
    <!-- CAUTION:  The following MeSH terms are assigned with an imperfect algorithm            -->
    <mesh_term>Breast Neoplasms</mesh_term>
    <mesh_term>Triple Negative Breast Neoplasms</mesh_term>
  </condition_browse>
  <!-- Results have not yet been posted for this study                                          -->
</clinical_study>

