{"protocolSection":{"identificationModule":{"nctId":"NCT04708093","orgStudyIdInfo":{"id":"Woman health"},"organization":{"fullName":"Cairo University","class":"OTHER"},"briefTitle":"Whole Body Vibration Training and Breast Cancer Risk Factors","officialTitle":"Effect of Whole Body Vibration Training on Selected Breast Cancer Risk Factors in Obese Postmenopausal Women: A Randomized Controlled Trial"},"statusModule":{"statusVerifiedDate":"2021-01","overallStatus":"COMPLETED","expandedAccessInfo":{"hasExpandedAccess":false},"startDateStruct":{"date":"2019-08-01","type":"ACTUAL"},"primaryCompletionDateStruct":{"date":"2020-08-01","type":"ACTUAL"},"completionDateStruct":{"date":"2020-09-01","type":"ACTUAL"},"studyFirstSubmitDate":"2021-01-08","studyFirstSubmitQcDate":"2021-01-11","studyFirstPostDateStruct":{"date":"2021-01-13","type":"ACTUAL"},"lastUpdateSubmitDate":"2021-01-11","lastUpdatePostDateStruct":{"date":"2021-01-13","type":"ACTUAL"}},"sponsorCollaboratorsModule":{"responsibleParty":{"type":"PRINCIPAL_INVESTIGATOR","investigatorFullName":"Marwa A. Mohamed","investigatorTitle":"Professor in Faculty of Physical Therapy, Cairo University","investigatorAffiliation":"Cairo University"},"leadSponsor":{"name":"Cairo University","class":"OTHER"}},"oversightModule":{"oversightHasDmc":false,"isFdaRegulatedDrug":false,"isFdaRegulatedDevice":false},"descriptionModule":{"briefSummary":"study aim is to determine the effect of whole body vibration training (WBVT) on body mass index, serum prolactin concentration as a risk factors for breast cancer and severity of hot flashes in obese postmenopausal women.","detailedDescription":"Menopause is a physiological process characterized by spontaneous cessation of menstrual cycle lasting at least 12 months, it is normally occurring in women aged 45 - 55 years . Postmenopausal women have higher prevalence of menopausal symptoms that significantly affect their quality of life more than pre- and perimenopausal women .\n\nIncreased adiposity, as measured by high body mass index, is associated with more severe menopausal symptoms also, obese female has a high risk lifestyle for the development of post-menopausal breast cancer .\n\nThe link between BMI and breast cancer risk is likely to be due to increased concentrations of bioavailable estradiol, which results in turn from an increase in the production of estrogens by aromatase in the adipose tissue, conversion of hormones in fatty tissue and a decrease in the serum concentration. This is likely to explain the higher risk of breast cancer in overweight post-menopausal women .\n\nMenopause is also associated with atherogenic changes, including a worsening of CVD risk factors and decreased aerobic fitness compared with premenopausal women.\n\nThis initially may be due to a decrease in endogenous estrogen levels, and likely further exacerbated by increased adiposity and reductions in exercise habits or physical activity levels.\n\nPost menopausal women recorded a high serum prolactin concentration however, they have a significant chance of normalizing their prolactin levels.\n\nSerum prolactin levels rise transiently after several physiological states including pregnancy, breast-feeding, exercise, meals, sexual intercourse, minor surgical procedures, general anesthesia, other forms of acute stress and menopause.\n\nEstrogen is another key regulator of prolactin and has been shown to increase the production and secretion of prolactin from the pituitary gland. In addition to dopamine and estrogen, a whole range of other hormones can both increase and decrease the amount of prolactin released in the body, with some examples being thyrotropin-releasing hormone, oxytocin and anti-diuretic hormone .\n\nWhole-body vibration training is a promising adjunct intervention therapy for management of obesity, as there is few evidence that it can reduces body mass index and enhances muscles strength.\n\nIn initial stage of obesity management, WBVT is highly recommended because it allows a mild joints stress, deconditioning for obese patient with poor motivation because it achieve its target without provoking an excessive fatigue. In addition, Passive vibrations do not involve voluntary movement and need a lower contribution of central command, so WBVT is as effective as aerobic and resistance exercise in reducing fat mass and moderating the deficit of the relative muscle strength . Lastly, WBVT may be effective in vascular health promotion and prevention in young obese women.\n\nWhole body vibration training(WBVT) has been recognized as an effective alternative exercise modality to resistance exercise for its ability in enhancing force and power, generating capacity in skeletal muscle, increasing bone mass, improving cardiovascular function, reducing fat mass and moderating the deficit of the relative muscle strength. Unfortunately, the effect of resistance exercise on prolactin has not been extensively studied .\n\nSo, this study was conducted to evaluate the effect of whole body vibration training on BMI, waist circumference, serum prolactin concentration and hot flashes in obese postmenopausal women."},"conditionsModule":{"conditions":["Breast Cancer"],"keywords":["Breast Cancer","Hot Flashes","Prolactin","Whole Body Vibration"]},"designModule":{"studyType":"INTERVENTIONAL","phases":["NA"],"designInfo":{"allocation":"RANDOMIZED","interventionModel":"PARALLEL","interventionModelDescription":"prospective study","primaryPurpose":"TREATMENT","maskingInfo":{"masking":"SINGLE","whoMasked":["PARTICIPANT"]}},"enrollmentInfo":{"count":40,"type":"ACTUAL"}},"armsInterventionsModule":{"armGroups":[{"label":"whole body vibration training (WBVT)","type":"EXPERIMENTAL","description":"whole body vibration group","interventionNames":["Device: whole body vibration training"]},{"label":"Controlled","type":"NO_INTERVENTION","description":"advised about healthy dieting"}],"interventions":[{"type":"DEVICE","name":"whole body vibration training","description":"Oscillating platform","armGroupLabels":["whole body vibration training (WBVT)"],"otherNames":["(WBVT)"]}]},"outcomesModule":{"primaryOutcomes":[{"measure":"Body mass index","description":"kg\\\\m2","timeFrame":"after study completion through 3months"},{"measure":"serum prolactin concentration","description":"ng\\\\ml","timeFrame":"after study completion through 3months"}],"secondaryOutcomes":[{"measure":"hot flashes","description":"severity","timeFrame":"after study completion through 3months"}]},"eligibilityModule":{"eligibilityCriteria":"Inclusion Criteria:\n\n* obese BMI ranged between 30-39.9 kg/m2.\n* postmenopausal women\n\nExclusion Criteria:\n\n* women with musculoskeletal or cardiovascular or neurological disorders\n* hypothyroidism,\n* polycystic ovary syndrome.\n* chronic renal failure.\n* participate in any exercise program prior to the study by six months.","healthyVolunteers":true,"sex":"FEMALE","genderBased":true,"genderDescription":"post menopausal female","minimumAge":"50 Years","maximumAge":"60 Years","stdAges":["ADULT"]},"contactsLocationsModule":{"locations":[{"facility":"Marwa Mohamed","city":"Cairo","country":"Egypt","geoPoint":{"lat":30.06263,"lon":31.24967}}],"locations_nested":[{"facility":"Marwa Mohamed","city":"Cairo","country":"Egypt","geoPoint":{"lat":30.06263,"lon":31.24967}}]},"ipdSharingStatementModule":{"ipdSharing":"NO"}},"derivedSection":{"miscInfoModule":{"versionHolder":"2023-07-03","modelPredictions":{"bmiLimits":{"minBmi":30.00,"maxBmi":39.90}}},"conditionBrowseModule":{"meshes":[{"id":"D000001943","term":"Breast Neoplasms"}],"ancestors":[{"id":"D000009371","term":"Neoplasms by Site"},{"id":"D000009369","term":"Neoplasms"},{"id":"D000001941","term":"Breast Diseases"},{"id":"D000012871","term":"Skin Diseases"}],"browseLeaves":[{"id":"M12391","name":"Obesity","relevance":"LOW"},{"id":"M4910","name":"Breast Neoplasms","asFound":"Breast Cancer","relevance":"HIGH"},{"id":"M21209","name":"Hot Flashes","relevance":"LOW"},{"id":"M4908","name":"Breast Diseases","relevance":"LOW"},{"id":"M15364","name":"Skin Diseases","relevance":"LOW"}],"browseBranches":[{"abbrev":"BC18","name":"Nutritional and Metabolic Diseases"},{"abbrev":"BC23","name":"Symptoms and General Pathology"},{"abbrev":"All","name":"All Conditions"},{"abbrev":"BC04","name":"Neoplasms"},{"abbrev":"BC17","name":"Skin and Connective Tissue Diseases"}]},"interventionBrowseModule":{}},"hasResults":false}