<?xml version="1.0" encoding="UTF-8"?>
<clinical_study rank="70">
  <!-- This xml conforms to an XML Schema at:
    https://clinicaltrials.gov/ct2/html/images/info/public.xsd -->
  <required_header>
    <download_date>ClinicalTrials.gov processed this data on May 26, 2023</download_date>
    <link_text>Link to the current ClinicalTrials.gov record.</link_text>
    <url>https://clinicaltrials.gov/show/NCT02949167</url>
  </required_header>
  <id_info>
    <org_study_id>Record.12714019</org_study_id>
    <nct_id>NCT02949167</nct_id>
  </id_info>
  <brief_title>MyHealth: Follow-up After Breast Cancer Treatment</brief_title>
  <acronym>MyHealth</acronym>
  <official_title>MyHealth: Nurse-led Compared to Physician-led Breast Cancer Follow-up: A Randomized Controlled Trial</official_title>
  <sponsors>
    <lead_sponsor>
      <agency>Danish Cancer Society</agency>
      <agency_class>Other</agency_class>
    </lead_sponsor>
    <collaborator>
      <agency>Region Sjælland</agency>
      <agency_class>Other</agency_class>
    </collaborator>
  </sponsors>
  <source>Danish Cancer Society</source>
  <oversight_info>
    <has_dmc>No</has_dmc>
  </oversight_info>
  <brief_summary>
    <textblock>
      Approximately 24,000 women attend a follow-up care program after end of primary treatment for&#xD;
      breast cancer (BC) in Denmark. There is no well-conducted, larger randomized controlled&#xD;
      trials (RCT) outlining a gold standard for follow-up programs ensuring early detection of&#xD;
      recurrence, good management of symptoms and cost-effectiveness. The primary aim of this&#xD;
      randomised, controlled trial is to test whether a nurse-led individually tailored symptom&#xD;
      management program (MyHealth) will significantly reduce reported symptoms among BC patients&#xD;
      following primary treatment compared to physician-led scheduled follow-up. Secondary, the&#xD;
      investigators will examine patient activation (self-management), anxiety, depression, fear of&#xD;
      recurrence, work ability, time to recurrence, overall survival, health behavior changes,&#xD;
      health care utilization and financial costs in the two arms.&#xD;
&#xD;
      The MyHealth program provides patients with a nurse-led education focusing on management of&#xD;
      symptoms, an electronic platform to report symptoms to the nurses and support in symptom&#xD;
      management and navigation of patients to appropriate health care services.&#xD;
    </textblock>
  </brief_summary>
  <detailed_description>
    <textblock>
      During an 18-month period, 494 primary BC patients will be recruited from the Departments of&#xD;
      Oncology at Naestved and Roskilde Hospital. The women will be enrolled in the study following&#xD;
      completion of primary treatment. Participants are randomized 1:1 to the intervention&#xD;
      (Nurse-led follow up) or control group (physician-led follow-up) and followed for 5 years. No&#xD;
      matter group assignment, all women will follow the national mammography screening programs.&#xD;
&#xD;
      Patients who accept to participate are asked to invite a close relative, preferably partners,&#xD;
      to participate in the study. Patients, who do not want to participate in the randomization&#xD;
      will be asked if they are willing to participate in the study by filling out two&#xD;
      questionnaires. Patients who decline to participate in the MyHealth study will be enrolled in&#xD;
      the standard follow-up.&#xD;
&#xD;
      The investigators will collect data using questionnaires, clinical databases, and national&#xD;
      registers before intervention and for 5 years after inclusion both in the control and&#xD;
      intervention arm. Questionnaires from validated scales are used to measure primary and&#xD;
      secondary outcomes in both groups whereas Patient Reported Outcomes (PRO) are only collected&#xD;
      in the intervention group. Patients who experiences relapse during the MyHealth intervention&#xD;
      will not be asked to fill in the remaining outcome questionnaires or PROs since they quit the&#xD;
      follow-up program in favor of treatment for recurrent disease.&#xD;
&#xD;
      During follow-up, the patient will consult the nurse or the project physician if PROs reveal&#xD;
      a need, or if the patient require a consultation. In order to ensure that treatment of&#xD;
      symptoms and referral to other health professionals will meet clinical guidelines the nurses&#xD;
      are instructed to follow a detailed response algorithm, which is developed by the project&#xD;
      physician in collaboration with experienced oncologists.&#xD;
    </textblock>
  </detailed_description>
  <overall_status>Active, not recruiting</overall_status>
  <start_date type="Actual">November 2016</start_date>
  <completion_date type="Anticipated">April 30, 2024</completion_date>
  <primary_completion_date type="Anticipated">April 30, 2024</primary_completion_date>
  <phase>N/A</phase>
  <study_type>Interventional</study_type>
  <has_expanded_access>No</has_expanded_access>
  <study_design_info>
    <allocation>Randomized</allocation>
    <intervention_model>Parallel Assignment</intervention_model>
    <primary_purpose>Treatment</primary_purpose>
    <masking>None (Open Label)</masking>
  </study_design_info>
  <primary_outcome>
    <measure>Changes in breast cancer specific symptom burden (TOI-PFB)</measure>
    <time_frame>at inclusion, 6 months,12 months, 24 months, 36 months and 60 months</time_frame>
    <description>Trial Outcome Index-Physical/Functional/Breast (TOI-PFB) score of the Functional Assessment of Cancer Therapy -Breast (FACT-B) Domains: Physical well-being, Functional wellbeing,BC symptoms</description>
  </primary_outcome>
  <secondary_outcome>
    <measure>Changes in breast cancer specific symptom burden</measure>
    <time_frame>at inclusion, 6 months,12 months, 24 months, 36 months and 60 months</time_frame>
    <description>Functional Assessment of Cancer Therapy -Breast (FACT-B) Domains: Physical well-being, social/family well-being, Emotional well-being,Functional wellbeing, BC symptoms</description>
  </secondary_outcome>
  <secondary_outcome>
    <measure>Changes in knowledge, skill, and confidence for self-management</measure>
    <time_frame>at inclusion, 6 months,12 months, 24 months, 36 months and 60 months</time_frame>
    <description>Patient Activation Measure (PAM)</description>
  </secondary_outcome>
  <secondary_outcome>
    <measure>Changes in anxiety</measure>
    <time_frame>at inclusion, 6 months,12 months, 24 months, 36 months and 60 months</time_frame>
    <description>Generalized Anxiety Disorder (GAD-7)</description>
  </secondary_outcome>
  <secondary_outcome>
    <measure>Changes in self-management</measure>
    <time_frame>at inclusion, 6 months,12 months, 24 months, 36 months and 60 months</time_frame>
    <description>The Health Education Impact Questionnaire (heiQ)</description>
  </secondary_outcome>
  <secondary_outcome>
    <measure>Changes in fear of recurrence</measure>
    <time_frame>at inclusion, 6 months,12 months, 24 months, 36 months and 60 months</time_frame>
    <description>Concerns About Recurrence Questionnaire (CARQ-4)</description>
  </secondary_outcome>
  <secondary_outcome>
    <measure>Changes in Depression</measure>
    <time_frame>at inclusion, 6 months,12 months, 24 months, 36 months and 60 months</time_frame>
    <description>The Patient Health Questionnaire (PHQ-9)</description>
  </secondary_outcome>
  <secondary_outcome>
    <measure>Changes in work ability</measure>
    <time_frame>at inclusion, 6 months,12 months, 24 months, 36 months and 60 months</time_frame>
    <description>Work Ability Index (WAI)</description>
  </secondary_outcome>
  <secondary_outcome>
    <measure>Changes in quality-adjusted life year (QALY)</measure>
    <time_frame>at inclusion, 6 months,12 months, 24 months, 36 months and 60 months</time_frame>
    <description>EuroQol 5 domains (5D), 5 levels (5L)</description>
  </secondary_outcome>
  <other_outcome>
    <measure>Health Care Use</measure>
    <time_frame>at 60 months</time_frame>
    <description>Study specific items on health care use single items</description>
  </other_outcome>
  <number_of_arms>2</number_of_arms>
  <enrollment type="Actual">503</enrollment>
  <condition>Breast Cancer</condition>
  <arm_group>
    <arm_group_label>MyHealth intervention arm</arm_group_label>
    <arm_group_type>Experimental</arm_group_type>
    <description>Nurse-led follow-up</description>
  </arm_group>
  <arm_group>
    <arm_group_label>MyHealth Control condition</arm_group_label>
    <arm_group_type>No Intervention</arm_group_type>
    <description>Physician-led follow-up</description>
  </arm_group>
  <intervention>
    <intervention_type>Behavioral</intervention_type>
    <intervention_name>MyHealth</intervention_name>
    <description>The MyHealth intervention is a nurse-led individually tailored symptom management program, focused on patient education and regularly collection of Patient Reported Outcomes (PRO) subsequently evaluated by specialist nurses and navigation to health care service. The nurse will meet with the patient on three-five planned appointments focused on adjustment of life after breast cancer treatment including information on symptoms of relapse or late effects and how to react on these. Close relatives are invited if patients accept. Patients will report PRO´s on symptoms of recurrence and late effects every three months during the first year and thereafter every six months.The appointments with the nurse are finalized within 3-6 month and patients will be followed with PRO for three years.</description>
    <arm_group_label>MyHealth intervention arm</arm_group_label>
  </intervention>
  <eligibility>
    <criteria>
      <textblock>
        Inclusion Criteria:&#xD;
&#xD;
          -  Complete remission following primary treatment for loco-regional BC (stage I-II) - No&#xD;
             confirmed genetic predisposition to BC&#xD;
&#xD;
          -  Female gender&#xD;
&#xD;
          -  Performance status ≤3&#xD;
&#xD;
          -  Read, understand and speak Danish&#xD;
&#xD;
          -  No severe cognitive problems&#xD;
&#xD;
          -  No severe psychiatric disease requiring treatment or any substance abuse.&#xD;
&#xD;
        Exclusion Criteria:&#xD;
&#xD;
          -  Genetic predisposition for BC&#xD;
&#xD;
          -  Patient younger than 40 years of age at diagnosis&#xD;
&#xD;
          -  Control after recurrent breast cancer&#xD;
&#xD;
          -  Other active cancer except non-melanoma skin cancer&#xD;
&#xD;
          -  Severe cognitive problems or dementia&#xD;
&#xD;
          -  Severe psychiatric disease requiring treatment, e.g. schizophrenia, alcohol or&#xD;
             narcotic dependence&#xD;
      </textblock>
    </criteria>
    <gender>Female</gender>
    <minimum_age>40 Years</minimum_age>
    <maximum_age>N/A</maximum_age>
    <healthy_volunteers>No</healthy_volunteers>
  </eligibility>
  <overall_official>
    <last_name>Christoffer Johansen, Professor</last_name>
    <role>Principal Investigator</role>
    <affiliation>The Cancer Society Research Center, Survivorship</affiliation>
  </overall_official>
  <overall_official>
    <last_name>Mads N Svendsen, MD, PHD</last_name>
    <role>Principal Investigator</role>
    <affiliation>The Department for Oncology Naestved and Roskilde Hospital</affiliation>
  </overall_official>
  <location>
    <facility>
      <name>Department of Oncology and Palliative Care, Naestved Hospital</name>
      <address>
        <city>Naestved</city>
        <state>Region Zealand</state>
        <zip>4700</zip>
        <country>Denmark</country>
      </address>
    </facility>
  </location>
  <location_countries>
    <country>Denmark</country>
  </location_countries>
  <verification_date>August 2021</verification_date>
  <study_first_submitted>October 25, 2016</study_first_submitted>
  <study_first_submitted_qc>October 28, 2016</study_first_submitted_qc>
  <study_first_posted type="Estimate">October 31, 2016</study_first_posted>
  <last_update_submitted>August 30, 2021</last_update_submitted>
  <last_update_submitted_qc>August 30, 2021</last_update_submitted_qc>
  <last_update_posted type="Actual">August 31, 2021</last_update_posted>
  <responsible_party>
    <responsible_party_type>Principal Investigator</responsible_party_type>
    <investigator_affiliation>Danish Cancer Society</investigator_affiliation>
    <investigator_full_name>Christoffer Johansen</investigator_full_name>
    <investigator_title>Professor</investigator_title>
  </responsible_party>
  <keyword>Nurse-led follow-up after breast cancer</keyword>
  <condition_browse>
    <!-- CAUTION:  The following MeSH terms are assigned with an imperfect algorithm            -->
    <mesh_term>Breast Neoplasms</mesh_term>
  </condition_browse>
  <patient_data>
    <sharing_ipd>Undecided</sharing_ipd>
  </patient_data>
  <!-- Results have not yet been posted for this study                                          -->
</clinical_study>

