<?xml version="1.0" encoding="UTF-8"?>
<clinical_study rank="333">
  <!-- This xml conforms to an XML Schema at:
    https://clinicaltrials.gov/ct2/html/images/info/public.xsd -->
  <required_header>
    <download_date>ClinicalTrials.gov processed this data on May 26, 2023</download_date>
    <link_text>Link to the current ClinicalTrials.gov record.</link_text>
    <url>https://clinicaltrials.gov/show/NCT05530876</url>
  </required_header>
  <id_info>
    <org_study_id>33293720.9.0000.5505</org_study_id>
    <nct_id>NCT05530876</nct_id>
  </id_info>
  <brief_title>Tele-rehabilitation in Women With Breast Cancer During COVID-19 Pandemic.</brief_title>
  <official_title>Use of a Tele-rehabilitation Platform to Enable Physical Activity in Women With Breast Cancer During the Quarantine Period Due to COVID-19.</official_title>
  <sponsors>
    <lead_sponsor>
      <agency>University of Sao Paulo</agency>
      <agency_class>Other</agency_class>
    </lead_sponsor>
  </sponsors>
  <source>University of Sao Paulo</source>
  <oversight_info>
    <has_dmc>No</has_dmc>
    <is_fda_regulated_drug>No</is_fda_regulated_drug>
    <is_fda_regulated_device>No</is_fda_regulated_device>
  </oversight_info>
  <brief_summary>
    <textblock>
      Introduction: Cancer is the main public health problem in the world and is already among the&#xD;
      main causes of death. Breast CA will be the second most common type of cancer in the&#xD;
      Brazilian population between 2020-2022. The pandemic caused by COVID-19 brought several&#xD;
      changes in society, affecting health services, one of which was the need to maintain regular&#xD;
      treatment for various health conditions, such as cancer. Physical therapy is an essential&#xD;
      part of the multidisciplinary treatment of cancer patients. With the new technologies&#xD;
      available, it is possible to allow continuous treatment of cancer patients, even during&#xD;
      quarantine, and one possibility is the application of information and communication&#xD;
      technologies to provide rehabilitation therapy to remote people, called home&#xD;
      telerehabilitation. Objective: To verify the effect of virtual reality (VR) training on motor&#xD;
      performance, pain and heart rate variability variables in patients diagnosed with breast&#xD;
      cancer. Methods: The study will be composed of 30 women over 18 years old with a diagnosis of&#xD;
      breast cancer attended at an oncology physical therapy clinic in the city of Juiz de Fora -&#xD;
      MG. Participants will undergo training using virtual reality technology, always guided by the&#xD;
      researcher. There will be a total of 10 (ten) interventions, with two training sessions per&#xD;
      week. The participant will be guided by a researcher who will instruct her online. Five games&#xD;
      will be used: Reaction Time, Coincident Timing, Fitts, Genius, MoveHero. Participants will&#xD;
      answer some questionnaires and scales such as EORTC QLQ-C30 which assesses quality of life in&#xD;
      cancer patients, perceived exertion scale will be applied before and between matches, a mood&#xD;
      scale (BRUMS) will be applied at the beginning and at the end of training and Affective&#xD;
      Analog Face Scale for pain assessment and analysis of Heart Rate Variability (HRV) that will&#xD;
      be performed before, during and after the first and last training, through a heart rate&#xD;
      monitor that will be given to each participant and an application cell phone (Elite HRV).&#xD;
    </textblock>
  </brief_summary>
  <detailed_description>
    <textblock>
      METHOD&#xD;
&#xD;
        1. Study design and location This is a longitudinal study of the randomized clinical trial&#xD;
           type. This study will be developed at the Hope Physiotherapy and Esthetics Clinic,&#xD;
           headquartered and located in the city of Juiz de Fora, in the state of Minas Gerais.&#xD;
&#xD;
        2. Participants Thirty individuals will participate in the study with a diagnosis of breast&#xD;
           CA, previously confirmed by a specialist physician, who attend physiotherapy care at the&#xD;
           Hope Physiotherapy and Esthetics clinic in the city of Juiz de Fora-MG, authorized by&#xD;
           the owner (ANNEX I).&#xD;
&#xD;
           To calculate the sample size, an alpha value (probability of error type 1) of 5% was&#xD;
           assumed for the two-tailed hypothesis, beta (probability of error type 2) of 20%, test&#xD;
           power of 80% and a difference between groups of 10% referring to engine performance&#xD;
           data. Thus, at least 30 individuals will be needed (Dodd et al., 2002).&#xD;
&#xD;
           All participants will be informed about the objectives and procedures of the study and,&#xD;
           when they agree, will sign the Informed Consent Form (FICF). The study will be submitted&#xD;
           to the Research Ethics Committee (CEP). Resolution 466/2012 of the National Health&#xD;
           Council of 10/10/1996 which regulates research involving human beings and the&#xD;
           Declaration of Helsinki (1964) will be respected. Data will be electronically stored in&#xD;
           databases with restricted and secure access. All data will be encrypted with removal of&#xD;
           any information that could identify individuals.&#xD;
&#xD;
        3. Procedures Thirty women diagnosed with breast AC will be selected to analyze the effect&#xD;
           on motor performance, pain, perceived exertion and HRV in interventions through VR.&#xD;
&#xD;
           Ten sessions will be applied (two sessions per week). Initially, the researcher will&#xD;
           travel to the participant's residence with all the protective equipment necessary for&#xD;
           the delivery of the heart rate capture straps, which will be inside a plastic bag&#xD;
           disinfected with 70% alcohol and also to present the consent form and clarified to the&#xD;
           participants, as well as the procedures and objectives of the study. After signing the&#xD;
           consent form, the following information will be collected through online forms: age,&#xD;
           gender, corresponding phase (such as chemotherapy, initial diagnosis, complications,&#xD;
           relapse diagnosis), length of stay, associated diseases, medications in use, education .&#xD;
           Then, the questionnaires will be applied to the European Organization for Research and&#xD;
           Treatment of Cancer Quality of Life Questionnaire Core 30 (EORTC QLQ-C30), Brunel Mood&#xD;
           Scale (BRUMS), BORG scale of perceived exertion, and Analog Affective Faces Scale.&#xD;
&#xD;
           Then, training with virtual reality will be carried out, in which the HRV will be&#xD;
           captured (on days 1, 5 and 7) 10 minutes before performing the tasks in a virtual&#xD;
           reality environment (at rest, sitting), for 15 minutes during the tasks in VR (MoveHero&#xD;
           and Genius, according to item 5.4.2. D and E) and for another 10 minutes after (at rest,&#xD;
           sitting), to assess the autonomic recovery of physical activity. In the 10 days,&#xD;
           interventions in VR will be used (MoveHero and Genius and the Borg scale), the HRV and&#xD;
           the other evaluations will be carried out on days 1, 5 and 10.&#xD;
&#xD;
           3.1. Physical Assessment Questionnaires and Tests A) European Organization for Research&#xD;
           and Treatment of Cancer Core Quality of Life Questionnaire (EORTC QLQ-C30) The general&#xD;
           questionnaire (EORTC QLQ-C30) includes 30 questions related to five functional scales&#xD;
           (physical, functional, emotional, social and cognitive), a global health status scale,&#xD;
           three symptom scales (fatigue, pain and nausea/vomiting ) and six additional symptom&#xD;
           items (dyspnea, insomnia, loss of appetite, constipation, diarrhea and financial&#xD;
           difficulties).&#xD;
&#xD;
           The score is obtained according to the type of answer chosen. The options allowed by the&#xD;
           questionnaire are &quot;no&quot; (one point), &quot;little&quot; (two points), &quot;moderately&quot; (three points)&#xD;
           or &quot;very&quot; (four points). In the two questions referring to the global health status&#xD;
           scale, the options to choose from range from one (very bad) to seven points (very good).&#xD;
           Questionnaire scores range from 0 to 100.&#xD;
&#xD;
           Regarding functional and global health status scales, higher scores are related to&#xD;
           better quality of life; however, for the symptom scales, higher scores correspond to a&#xD;
           greater presence of that symptom and, consequently, a worse quality of life (Appendix&#xD;
           I).&#xD;
&#xD;
           B) Affective Analog Scale of Faces (FAS):&#xD;
&#xD;
           This scale assesses the affective magnitude of pain through 9 facial expressions that&#xD;
           range from the feeling of joy to the feeling of sadness, which makes it possible to&#xD;
           measure the absence of pain to a higher degree of pain (McGrath, 1996).&#xD;
&#xD;
           Facial expressions are sequentially ordered by the letter interval (AI), in which the AD&#xD;
           interval represents the absence of pain, E represents the neutral point and the FI&#xD;
           interval represents different degrees of pain intensities, with F being the easily&#xD;
           ignored pain indication by the presence of family members, favorable environment,&#xD;
           measures of comfort, safety and understanding of the professional; G an intensity of&#xD;
           pain that does not interfere with behavior and can be mediated by the child's&#xD;
           expression; There is an intensity of pain that interferes with behavior and requires the&#xD;
           use of analgesics, and I an intensity in the maximum degree of pain that requires&#xD;
           greater intervention by the team, observation of physical and psychological aspects, in&#xD;
           addition to appropriate analgesic techniques (Torritesi et al., 1998).&#xD;
&#xD;
           Thus, individuals choose among the 9 faces, ordered in a scale from A to I, the one that&#xD;
           most indicates the intensity of their pain.&#xD;
&#xD;
           C) Borg's perceived exertion scale:&#xD;
&#xD;
           It is the classification of perceived exertion used to measure the subjective intensity&#xD;
           of exertion. It is based on sensations experienced during exercise, such as muscle&#xD;
           fatigue, increased heart rate, and increased breathing (Andrews et al., 2013). It is&#xD;
           often used as an alternative to heart rate to measure the intensity of physical activity&#xD;
           (BORG, 1970). The Borg scale has a linear relationship with oxygen uptake (BORG, 1982),&#xD;
           in addition to being a measure to determine exercise intensity, while evaluating the&#xD;
           overall physical and mental effort perceived by the individual on physical activity&#xD;
           (BORG, 1998).&#xD;
&#xD;
           D) Brunel Mood Scale (BRUMS):&#xD;
&#xD;
           It measures six identifiable affective states (tension, depression, anger, energy,&#xD;
           fatigue and confusion.&#xD;
&#xD;
           use) through a 24-item self-report inventory, with respondents rating a list of&#xD;
           adjectives on a 5-point Likert scale from 0 (none) to 4 (extremely) based on subjective&#xD;
           feelings. Instructions refer to how participants felt last week, including today's date&#xD;
           (Van Wijk; Martin; Hans-Arendse, 2013).&#xD;
&#xD;
           3.2. Virtual Reality Training Participants will carry out the tasks individually in&#xD;
           their homes with the help of a computer on a table and with the online presence of the&#xD;
           evaluator responsible for providing instructions and recording the results. Height and&#xD;
           distance adjustments will be made according to the individual's needs.&#xD;
&#xD;
           Before starting the task, the researcher will explain the task verbally and a video will&#xD;
           be sent with a demonstration of how the game works. Participants will then complete a&#xD;
           single trial to verify that they understand the instructions.&#xD;
&#xD;
           The following virtual games will be used: Reaction Time (3 adaptation attempts and 10&#xD;
           attempts for analysis), Coincident Timing (20 repetitions for motor skill acquisition&#xD;
           and performance improvement), Coincident Timing (5 repetitions + 5 repetitions with&#xD;
           level increase of speed for analysis of retention and transfer - motor learning), 5&#xD;
           repetitions for the transfer phase), Fitts (3 attempts in 4 different difficulty&#xD;
           indexes), Genius (5 minutes of training with progressive increase in difficulty&#xD;
           according to the number of correct answers of the participant), MoveHero (15 minutes of&#xD;
           training with music according to the number of spheres selected).&#xD;
&#xD;
           A) Task 1 - Reaction time Reaction time is a task that consists of evaluating the time&#xD;
           the subject spends to match his cognitive and motor response with the stimuli given on&#xD;
           the computer screen.&#xD;
&#xD;
           The TRT_S2012 software, built and validated by Crocetta et al., 2017, will be used in a&#xD;
           sample of 76 healthy adults. The Software proposes a Simple Total Reaction Time (TRT)&#xD;
           test, which consists of the appearance of a yellow square (parameterizable) in the&#xD;
           center of the monitor at previously defined time intervals (ranging from 1.5 to 6.5 ms)&#xD;
           and, when given the stimulus, the participant should react as quickly as possible,&#xD;
           pressing the space bar on the computer keyboard.&#xD;
&#xD;
           In this activity, the milliseconds that the subject presents of anticipation or delay of&#xD;
           movement in response to the stimulus will be recorded. This task will test the speed of&#xD;
           central and peripheral information processing and will be used in this study as an&#xD;
           instrument to assess cognitive motor training.&#xD;
&#xD;
           The Software also allows a Mental Fatigue Assessment Test from the TRT (TRT Fatigue). In&#xD;
           this test, the stimulus consists of the appearance of a yellow bar that started at a&#xD;
           time previously defined as the interval between stimuli (IEE), following a shift, from&#xD;
           left to right. As an indication prior to the appearance of the stimulus, a thin vertical&#xD;
           bar in black color, simulating a cursor, was presented until the yellow color filled the&#xD;
           stimulus bar. The reaction should be to press the space key at the moment the yellow&#xD;
           stimulus bar is perceived. The space key must be held down while the yellow color is&#xD;
           shown. When the yellow stimulus is stopped, the space key must be released. Yellow&#xD;
           stimulus presentation times were previously defined as stimulus presentation time (TAE).&#xD;
           This activity will be used in this study as an instrument to assess cognitive motor&#xD;
           training.&#xD;
&#xD;
           B) Task 2 - Coincident Timing The coincident timing task is defined as the&#xD;
           perceptual-motor capacity to execute a motor response in synchrony with the arrival of&#xD;
           an external object, at a certain point (Belisle, 1963). This is an interception task&#xD;
           that involves synchrony between eye and hand movements, requires a movement start,&#xD;
           deceleration and &quot;stop&quot; strategy, in addition to accuracy and precision (Fooken et al.,&#xD;
           2016; Ohta, 2016). The execution of this first protocol will be performed with the&#xD;
           Coincident Timing task using the touchscreen (touch the computer screen).&#xD;
&#xD;
           To evaluate the virtual task, we chose to use a software developed in partnership with&#xD;
           the Information Systems group of the School of Arts, Sciences and Humanities, EACH-USP&#xD;
           (first version used by Monteiro et al., 2014) which proposes the 3D coincident timing&#xD;
           task on the computer. This activity will be used in this study as an instrument to&#xD;
           assess cognitive motor training.&#xD;
&#xD;
           In the virtual environment, 10 3D circles are displayed on the computer screen that&#xD;
           light up (red light) in sequence until reaching the last circle that is considered the&#xD;
           target. The participant must touch the computer screen exactly at the moment when the&#xD;
           last sphere lights up, so the goal is to match the touch on the screen exactly above the&#xD;
           last lit circle (target circle). The software provides immediate feedback on the task's&#xD;
           success or error through different sounds and colors, previously demonstrated (Monteiro&#xD;
           et al., 2014, 2017; Bezerra et al., 2018). If the participant hits the target at the&#xD;
           same time as the stimulus arrives, a green light will turn on around the task - hit&#xD;
           feedback, however if the participant delays or advances the movement, a red light will&#xD;
           turn on next to the task - feedback from error. The game shows the sequence and speed of&#xD;
           lighting the cubes and records the total time of task execution (time taken to touch the&#xD;
           sensor); existing errors between stimulus arrival and task completion.&#xD;
&#xD;
           In the design of the coincident timing study, each participant will perform 20 attempts&#xD;
           of the task with the dominant upper limb at moderate speed, that is, 500ms between the&#xD;
           lighting of each circle for the Acquisition phase. After acquisition, participants will&#xD;
           wait at rest for 5 minutes and then perform five attempts in the Retention phase. As it&#xD;
           is considered a simple task, we chose to use short-term retention (Monteiro et al., 2014&#xD;
           and Malheiros et al., 2016). For the Transfer phase, five more attempts will be made&#xD;
           with increased speed, that is, 250ms between the lighting of each circle.&#xD;
&#xD;
           Performance during acquisition, retention and transfer tasks will be evaluated&#xD;
           considering the difference between target firing time and sensor touch. For this&#xD;
           purpose, performance measures will be used as those related to achieving the&#xD;
           &quot;task-coincidence&quot; goal: Constant Error, which reflects the directional trend of the&#xD;
           movement, being of delay or anticipation of the response, and calculated using the&#xD;
           arithmetic mean of the differences between performance and goal, considering their&#xD;
           signs; Absolute Error, which corresponds to the accuracy with which the target of the&#xD;
           action was reached, calculated through the arithmetic mean of the absolute differences&#xD;
           between the actual performance in each attempt and the target; and Variable Error that&#xD;
           identifies the precision of the movement, performing the calculation of each attempt,&#xD;
           considering the signs, minus the average of the first five attempts for each&#xD;
           participant, then the values are raised to the second power and to the average of each&#xD;
           five attempts, extract the square root (Santos et al., 2003).&#xD;
&#xD;
           C) Task 4 - Fitts The software that simulates the task is &quot;FittsReciprocalAimingTask&#xD;
           v.1.0 (Horizontal)&quot;, in the public domain (http://okazaki.webs.com - available from the&#xD;
           internet on 09/01/2010) (Fernani et al., 2017) and was developed by Victor Hugo Alves&#xD;
           Okazaki who presents the task proposed by Fitts' law in a virtual (computer)&#xD;
           environment. This activity will be used in this study as an instrument to assess&#xD;
           cognitive motor training.&#xD;
&#xD;
           The task that assesses the speed and precision of movement relationship, based on Fitts'&#xD;
           Law, consists of performing manual movements directed at a target (blue bars), in 3&#xD;
           difficulty indices (ID) with increasing demands for precision. The movement time is&#xD;
           obtained through the division between pre-established seconds for the task (10) and the&#xD;
           number of touches performed on the target.&#xD;
&#xD;
           Before starting the task, the performer must place one of his hands on the mouse, and&#xD;
           the cursor (viewed on the computer) must be in an intermediate point between the two&#xD;
           targets (sidebars). After the initial position, the performer must use the mouse to move&#xD;
           the cursor and click on the targets, two bars, which are arranged parallel vertically,&#xD;
           with dimensions and distance determined according to each iID, alternately and as&#xD;
           quickly as possible , after the audible alarm is triggered by the computer to start the&#xD;
           task. After 10 seconds a new audible alarm indicates the end of the task. The total&#xD;
           movement time will be recorded, obtained by dividing pre-established seconds for the&#xD;
           task (10) and the number of touches (10/number of touches).&#xD;
&#xD;
           The task consists of three attempts in each of the difficulty indices (ID 2, ID4a, ID4b&#xD;
           and ID6), with each index changing the width and distance of the bars with an increasing&#xD;
           level of difficulty. ID4 was applied in two ways (ID4a and ID4b): in ID4a the distance&#xD;
           and width of bars are larger, in ID4b the distance between bars and width are smaller,&#xD;
           keeping the same ID.&#xD;
&#xD;
           For data analysis, the relationship between speed and accuracy of movement described by&#xD;
           the mathematical equation proposed by Fitts will be considered, where there is a&#xD;
           log-linear relationship between movement time and task difficulty, with targets of&#xD;
           varying sizes and distances requiring different times to reach goals (Boyd et al.,&#xD;
           2009).&#xD;
&#xD;
           As the size of the target is reduced, or as the distance becomes greater, the movement&#xD;
           speed decreases so that the movement is accurate. Due to the intrinsic information&#xD;
           between the tathe target (D) and the distance between them (L), the log2 equation (2D/L)&#xD;
           provides a difficulty index (DI) for the targeting skills where, the higher the ID, the&#xD;
           more difficult the task. More difficult tasks will require more movement time (Fitts,&#xD;
           1954).&#xD;
&#xD;
           D) Task 5 - Genius Game software created in partnership with the Information Systems&#xD;
           group of the School of Arts, Sciences and Humanities, EACH-USP, will be used. Among the&#xD;
           different games presented by the software, a game that allows motor and cognitive&#xD;
           stimuli was chosen, the game presents a memory task where a sequence of colors is&#xD;
           emitted by the computer (task based on the game commercially known as &quot;Genius&quot;) so that&#xD;
           the individual then repeat in order to obtain the correct sequence generated. The level&#xD;
           of difficulty increases with each hit of the subject. The virtual interface provides&#xD;
           reporting of reaction time and time between touches of each button.&#xD;
&#xD;
           This activity will be used in this study as an instrument to assess memory performance&#xD;
           as well as a component of cognitive motor training.&#xD;
&#xD;
           E) Task 6 - MoveHero Software developed at the School of Arts, Sciences and Humanities&#xD;
           of the University of São Paulo will also be used. The game features balls that fall, in&#xD;
           four imaginary columns on the computer screen, in the rhythm of a song chosen by the&#xD;
           researcher. The task is not to let the balls fall. However, the balls can only be&#xD;
           touched when they reach four circles placed in parallel (at two levels of height), two&#xD;
           to the left and two to the right of the participant (0 0 \o/ 0 0), called targets 1, 2 ,&#xD;
           3 and 4 as viewed from left to right.&#xD;
&#xD;
           The game captures the participant's movements through a webcam, not requiring physical&#xD;
           contact to perform the task, so the participant must move their arms, at a distance of&#xD;
           one and a half meters from the computer screen, or through the touch screen that&#xD;
           requires contact on the computer screen in the inner space of the drawn circles. The&#xD;
           participant must wait for the balls to fall, until they start to overlap one of the&#xD;
           target circles. Therefore, the game requires the participant to have a strategy of&#xD;
           anticipating movement to reach the balls within these circles.&#xD;
&#xD;
           The game offers hit feedback through a numbering (+1) that appears next to the sphere&#xD;
           that is successfully hit inside the target, in addition, the total score is visible in&#xD;
           the upper left corner of the screen, with 10 points for each right.&#xD;
&#xD;
           This activity will be used in this study as a memory performance assessment instrument&#xD;
           as well as a component of cognitive motor training.&#xD;
&#xD;
           3.3. Heart Rate Variability (HRV) The analysis of the HRV will follow the guidelines of&#xD;
           the Task Force of the European Society of Cardiology and North American Society of&#xD;
           Pacing and Electrophysiology (TFESC &amp; NASPE, 1996).&#xD;
&#xD;
           The volunteers will be instructed (online) to put on the collection belt given to them.&#xD;
           The strap should be placed on the chest, and the heart rate receiver (Elite HRV app on&#xD;
           the cell phone) will be positioned close to the volunteer. The HRV will be recorded&#xD;
           after the initial assessment at rest for 10 minutes, during training with virtual&#xD;
           reality for 10 minutes and for 10 minutes after the activity in VR. For analysis of HRV&#xD;
           data at rest and during tasks, 256 consecutive RR intervals will be used.&#xD;
&#xD;
           HR will be recorded beat by beat throughout the protocol by Elite HRV and the RR&#xD;
           intervals recorded by the monitor will be transferred (.txt file) to the Kubios HRV®&#xD;
           program (Kubios HRV v.1.1 for Windows, Biomedical Signal Analysis Group, Department of&#xD;
           Applied Physics, University of Kuopio, Finland).&#xD;
&#xD;
           Digital filtering will be performed in moderate mode in the program itself (Kubios HRV®)&#xD;
           to eliminate premature ectopic beats and artifacts, and only series with more than 95%&#xD;
           of sinus beats will be included in the study (Vanderlei et al., 2008).&#xD;
&#xD;
           The analysis of HRV will be performed using linear methods (time and frequency domains)&#xD;
           and through non-linear methods that will be analyzed using the Kubios HRV® software.&#xD;
&#xD;
           A) Linear Methods (Time and Frequency Domain) In the time domain, the RMSSD, pNN50 and&#xD;
           SDNN indexes will be used. The RMSSD index is defined as the square root of the mean&#xD;
           square of the differences between adjacent normal RR intervals. (Marães et al., 2003).&#xD;
&#xD;
           Where: RR = R-R intervals; N = number of RR intervals in the selected data series.&#xD;
&#xD;
           The pNN50 index, in turn, is a sensitive and easily interpretable marker of&#xD;
           parasympathetic SNA modulation, defined as the percentage of successive differences in&#xD;
           the R-R interval whose absolute value exceeds 50ms. The SDNN, on the other hand,&#xD;
           reflects the participation of both ANS branches and corresponds to the standard&#xD;
           deviation of the mean of all normal RR intervals, expressed in ms (Pumprla et al., 2002;&#xD;
           Ribeio and Moraes Filho, 2005; Vanderlei et al., 2009).&#xD;
&#xD;
           For the analysis of HRV in the frequency domain, low frequency spectral components (LF -&#xD;
           range from 0.04 to 0.15 Hertz) in absolute units and high frequency (HF - variation&#xD;
           range from 0.15 to 0.4) will be used Hertz), in normalized units, and the ratio between&#xD;
           these components (LF/HF), which represents the relative value of each spectral component&#xD;
           in relation to the total power, minus the very low frequency components (VLF). The&#xD;
           algorithm used for the spectral analysis will be the fast Fourier transform - FFT (256 s&#xD;
           window with 50% overlap).&#xD;
&#xD;
           To obtain the spectral indices, a graph (tachogram) is formed that expresses the&#xD;
           variation of RR intervals as a function of time. The tachogram contains an apparently&#xD;
           periodic signal that oscillates in time and is processed by mathematical algorithms such&#xD;
           as the Fast Fourier Transform (FFT). The FFT method is used to obtain an estimate of HRV&#xD;
           spectral power during stationary phases of the experiment in order to allow comparisons&#xD;
           between study results. It allows the tachogram signal to be recovered even after&#xD;
           transformation by the FFT, which demonstrates the objectivity of the technique, since&#xD;
           information is not lost during the process. The ease of application of this method and&#xD;
           good graphical presentation are the main reasons for its greater use (Carvalho, 2009;&#xD;
           Vanderlei et al., 2009).&#xD;
&#xD;
           B) Nonlinear Methods (Trends Debugged Fluctuations Analysis and Poincaré Graph) For the&#xD;
           analysis of HRV by non-linear methods, the Poincaré graph (components SD1, SD2 and&#xD;
           SD1/SD2 ratio), DFA (Trends Debugged Fluctuation Analysis) will be used.&#xD;
&#xD;
           The DFA quantifies the presence or absence of fractal correlation properties of RR&#xD;
           intervals and has been validated by time series data. This method calculates the root&#xD;
           mean square fluctuation of the integral and debugs the time series, allowing detection&#xD;
           of the intrinsic self-similarity embedded in the non-stationary time series.&#xD;
&#xD;
           The DFA plot is not strictly linear, but consists of two distinct regions of distinct&#xD;
           curves, separated by a point, suggesting that there is a short-term fractal scale&#xD;
           exponent (α1) during periods of 4-11 beats (or 4 to 13), and a long-term exponent (α2),&#xD;
           for longer periods (greater than 11 beats) (Carvalho et al, 2009).&#xD;
&#xD;
           Values of α1 close to 0.5 are associated with white noise (random signal; there is no&#xD;
           correlation between values), while values close to 1.5 are associated with Brownian&#xD;
           noise (strongly correlated behavioral signals). Values close to 1.0 are characteristic&#xD;
           of fractal-like processes associated with the dynamic behavior of time series generated&#xD;
           by complex systems, such as the autonomic regulation of sinus rhythm in a healthy&#xD;
           subject (Godoy et al., 2007).&#xD;
&#xD;
           The Poincaré Graph, on the other hand, is a quantitative method of analysis, based on&#xD;
           changes in the sympathetic or parasympathetic modulation of heart rate over subsequent&#xD;
           intervals, without the need for the data stationarity property. The Poincaré is a&#xD;
           diagram where each RR interval is represented as a function of RR (i-T), where i is the&#xD;
           interval and T is a predefined delay used for an RR signal. Visual inspection of the&#xD;
           diagram has been widely used in the analysis of HRV, where the Poincaré diagram can be&#xD;
           analyzed quantitatively to calculate the standard deviations of the RR interval&#xD;
           distances. These standard deviations are called SD1 and SD2. This analysis does not&#xD;
           require pre-processing or data stability, which makes it especially interesting (Godoy&#xD;
           et al., 2007).&#xD;
&#xD;
           For quantitative analysis of the plot, the following indices will be calculated: SD1&#xD;
           (standard deviation of instantaneous beat-to-beat variability in the short term), SD2&#xD;
           (long-term standard deviation of continuous RR intervals) and the SD1/SD2 ratio&#xD;
           (Brunetto et al ., 2005). The qualitative analysis of the plot will be done through the&#xD;
           analysis of the figures formed by its attractor, which were described by Tulppo et al.&#xD;
           (1998) in: 1) Figure in which an increase in the dispersion of RR intervals is observed&#xD;
           with an increase in the intervals, characteristic of a normal plot. 2) Figure with small&#xD;
           global beat-to-beat dispersion and no long-term increase in RR interval dispersion. 3)&#xD;
           Complex or parabolic figure, in which two or more distinct edges are separated from the&#xD;
           main body of the plot, with at least three points included at each edge.&#xD;
&#xD;
        4. Data analysis For data analysis descriptive statistics will be performed to characterize&#xD;
           the sample and the results will be presented with mean and standard deviation values.&#xD;
&#xD;
           For inferential analysis of tasks in VR, as dependent variables, for &quot;Coincident Timing&quot;&#xD;
           and &quot;MoveHero&quot; the error measures in milliseconds will be considered (Constant errors&#xD;
           that evaluate the directional trend of the movemento, Absolute that demonstrates the&#xD;
           accuracy of movement and Variable that identifies the precision of the movement), for TR&#xD;
           the time and milliseconds, for Genius the number of sequences performed at the beginning&#xD;
           and end of the task time, as well as the time between each touch the spheres.&#xD;
&#xD;
           For Fitts, the analysis will be performed by obtaining the values of b0 (intercept), b1&#xD;
           (inclination) and r2 (index of determination) for each participant, considering each&#xD;
           attempt in the three difficulty indices. The MANOVA One-way will be used to compare the&#xD;
           means of the groups in the three variables of interest (b0, b1 and r2). To verify&#xD;
           associations between performance on the motor scale, age, slope of the straight line&#xD;
           (b1), intercept (b0) and movement time dispersion data (r2), Pearson's correlation&#xD;
           coefficient will be used. ANOVA will be performed to explore the effects of the&#xD;
           difficulty index on movement time (TM) and multiple regression analysis to find which&#xD;
           factors influence the TM.&#xD;
&#xD;
           For the analysis of the HRV indices, the Student t-test or Mann-Whitney test will also&#xD;
           be used for intergroup analyses.&#xD;
&#xD;
           To analyze the influence of independent variables (age, disease stage, medications,&#xD;
           etc.) on the dependent variables, the linear regression test will be performed.&#xD;
&#xD;
           A significance level of 0.05 (5%) will be defined and all intervals constructed&#xD;
           throughout the work will have 95% of statistical confidence.&#xD;
&#xD;
           The statistical program will be SPSS (StatisticalPackage for Social Sciences), version&#xD;
           26.0.&#xD;
&#xD;
        5. Dissemination and evaluation VR results regarding motor function, pain and HRV will be&#xD;
           analyzed through descriptive and inferential statistical analysis and disseminated in&#xD;
           scientific articles, which will be sent to specific journals in the area with a high&#xD;
           impact factor.&#xD;
&#xD;
      Furthermore, the results will be presented in book chapters and at international conferences.&#xD;
      Thus, health and education professionals will have more scientific evidence to guide their&#xD;
      activities in patients with AC.&#xD;
    </textblock>
  </detailed_description>
  <overall_status>Active, not recruiting</overall_status>
  <start_date type="Actual">March 2, 2020</start_date>
  <completion_date type="Anticipated">December 2, 2022</completion_date>
  <primary_completion_date type="Actual">December 2, 2021</primary_completion_date>
  <phase>N/A</phase>
  <study_type>Interventional</study_type>
  <has_expanded_access>No</has_expanded_access>
  <study_design_info>
    <allocation>Non-Randomized</allocation>
    <intervention_model>Parallel Assignment</intervention_model>
    <primary_purpose>Treatment</primary_purpose>
    <masking>None (Open Label)</masking>
  </study_design_info>
  <primary_outcome>
    <measure>Improvements in heart rate variability indices and rate of perceived exertion after intervention with telerehabilitation.</measure>
    <time_frame>5 weeks</time_frame>
    <description>Heart rate variability indices measures through a cardiofrequencymeter and rate of perceived exertion through Borg scale before and after 10 session of telerehabilitation.</description>
  </primary_outcome>
  <secondary_outcome>
    <measure>Improvements in quality of life after intervention with telerehabilitation.</measure>
    <time_frame>5 weeks</time_frame>
    <description>The quality of life will be measured through EORTC QLQ-C30.</description>
  </secondary_outcome>
  <number_of_arms>2</number_of_arms>
  <enrollment type="Actual">60</enrollment>
  <condition>Breast Cancer</condition>
  <arm_group>
    <arm_group_label>Experimental Group</arm_group_label>
    <arm_group_type>Experimental</arm_group_type>
    <description>Women with breast cancer who will undergo the intervention with virtual game.</description>
  </arm_group>
  <arm_group>
    <arm_group_label>Control Group</arm_group_label>
    <arm_group_type>Active Comparator</arm_group_type>
    <description>Healthy women who will undergo the intervention with virtual game.</description>
  </arm_group>
  <intervention>
    <intervention_type>Other</intervention_type>
    <intervention_name>Telerehabilitation with virtual game</intervention_name>
    <description>It will be applied 10 sessions of remote rehabilitation in women with and without breast cancer, in order to promote physical activity.</description>
    <arm_group_label>Control Group</arm_group_label>
    <arm_group_label>Experimental Group</arm_group_label>
  </intervention>
  <eligibility>
    <criteria>
      <textblock>
        Inclusion Criteria:&#xD;
&#xD;
          -  Female patients over 18 years old with a diagnosis of breast AC, who agree to&#xD;
             participate in the research and present an understanding compatible with the execution&#xD;
             of the procedures, will be invited to participate in the study.&#xD;
&#xD;
        Exclusion Criteria:&#xD;
&#xD;
          -  Exclusion criteria will be non-acceptance to participate in the research; presence of&#xD;
             neurological diseases (infectious diseases, spinal cord injuries, epilepsy) or&#xD;
             orthopedic diseases (orthopedic deformities, muscle strains, sprains, dislocations,&#xD;
             fractures and pain conditions) in a period of occurrence; inability to play games on&#xD;
             the computer due to motor limitations (fatigue, deformity or muscle weakness),&#xD;
             motivational or difficulty in understanding a simple command; metallic skull implants;&#xD;
             use of hearing aids; and use of anticonvulsant drugs or muscle relaxants.&#xD;
      </textblock>
    </criteria>
    <gender>Female</gender>
    <minimum_age>18 Years</minimum_age>
    <maximum_age>N/A</maximum_age>
    <healthy_volunteers>Accepts Healthy Volunteers</healthy_volunteers>
  </eligibility>
  <overall_official>
    <last_name>Talita D Silva, Ph.D.</last_name>
    <role>Principal Investigator</role>
    <affiliation>University of Sao Paulo</affiliation>
  </overall_official>
  <location>
    <facility>
      <name>Comitê de Ética da Universidade Federal</name>
      <address>
        <city>São Paulo</city>
        <zip>04.023-900</zip>
        <country>Brazil</country>
      </address>
    </facility>
  </location>
  <location_countries>
    <country>Brazil</country>
  </location_countries>
  <verification_date>September 2022</verification_date>
  <study_first_submitted>September 2, 2022</study_first_submitted>
  <study_first_submitted_qc>September 2, 2022</study_first_submitted_qc>
  <study_first_posted type="Actual">September 7, 2022</study_first_posted>
  <last_update_submitted>September 2, 2022</last_update_submitted>
  <last_update_submitted_qc>September 2, 2022</last_update_submitted_qc>
  <last_update_posted type="Actual">September 7, 2022</last_update_posted>
  <responsible_party>
    <responsible_party_type>Principal Investigator</responsible_party_type>
    <investigator_affiliation>University of Sao Paulo</investigator_affiliation>
    <investigator_full_name>Talita Dias da Silva</investigator_full_name>
    <investigator_title>Researcher</investigator_title>
  </responsible_party>
  <keyword>Breast Cancer</keyword>
  <keyword>Virtual Reality Exposure Therapy</keyword>
  <keyword>Telerehabilitation</keyword>
  <keyword>Remote Rehabilitation</keyword>
  <keyword>Virtual Rehabilitation</keyword>
  <condition_browse>
    <!-- CAUTION:  The following MeSH terms are assigned with an imperfect algorithm            -->
    <mesh_term>Breast Neoplasms</mesh_term>
  </condition_browse>
  <patient_data>
    <sharing_ipd>Undecided</sharing_ipd>
    <ipd_description>We plan to share IPD through mendley database</ipd_description>
  </patient_data>
  <!-- Results have not yet been posted for this study                                          -->
</clinical_study>

