<?xml version="1.0" encoding="UTF-8"?>
<clinical_study rank="299">
  <!-- This xml conforms to an XML Schema at:
    https://clinicaltrials.gov/ct2/html/images/info/public.xsd -->
  <required_header>
    <download_date>ClinicalTrials.gov processed this data on May 26, 2023</download_date>
    <link_text>Link to the current ClinicalTrials.gov record.</link_text>
    <url>https://clinicaltrials.gov/show/NCT02460744</url>
  </required_header>
  <id_info>
    <org_study_id>BHRT</org_study_id>
    <nct_id>NCT02460744</nct_id>
  </id_info>
  <brief_title>2-weeks of Adjuvant Radiotherapy in Patients With Breast Cancer</brief_title>
  <official_title>A Phase II Study of 2-weeks of Adjuvant Whole Breast/Chest Wall and/or Regional Nodal Radiotherapy in Patients With Breast Cancer</official_title>
  <sponsors>
    <lead_sponsor>
      <agency>Postgraduate Institute of Medical Education and Research</agency>
      <agency_class>Other</agency_class>
    </lead_sponsor>
  </sponsors>
  <source>Postgraduate Institute of Medical Education and Research</source>
  <oversight_info>
    <has_dmc>No</has_dmc>
  </oversight_info>
  <brief_summary>
    <textblock>
      The investigators at PGIMER have been practicing hypofractionation radiotherapy with a dose&#xD;
      of 35Gy/15#/3wks to the chest wall in post mastectomy and 40Gy/16#/3wks in breast&#xD;
      conservation in breast cancer patients for the last 4 decades. It is also a routine practice&#xD;
      in UK and few centers in Canada. Hypofractionation reduces treatment time to half while&#xD;
      maintaining cosmesis and gives control rates equal to conventional fractionation. As breast&#xD;
      cancer is a leading cancer in females and radiation therapy is an important part of its local&#xD;
      management, hypofractionation help the radiation centers worldwide to meet the growing need&#xD;
      for radiation in breast cancer, particularly in developing countries where resources are&#xD;
      limited. It also reduces the financial burden on the patient and family.&#xD;
&#xD;
      In this study the investigators want to reduce the treatment duration from 3 weeks to 2&#xD;
      weeks. The study will include 20 patients with breast cancer post mastectomy or after breast&#xD;
      conservative surgery to be treated with a radiotherapy dose of 34Gy in 10 fractions over 2&#xD;
      weeks. Patients will be assessed for acute radiation toxicity weekly during treatment and&#xD;
      after one month of completion of treatment.&#xD;
    </textblock>
  </brief_summary>
  <detailed_description>
    <textblock>
      Patients to be included in this study will be pre-operatively staged according to American&#xD;
      Joint Committee on Cancer (AJCC) 7th edition, International Union against cancer ( which uses&#xD;
      TNM staging ) as stage I , stage II of breast carcinoma. Twenty patients of histologically&#xD;
      proven post lumpectomy/mastectomy cases of carcinoma breast suitable for radiotherapy will be&#xD;
      enrolled in this study. Patients would be evaluated at the Department of Radiotherapy PGIMER,&#xD;
      Chandigarh by doing a thorough clinical examination followed by routine investigations which&#xD;
      will include hemogram, liver function tests, kidney function tests, chest X-ray. Patients&#xD;
      will be treated by standard rectangular tangential fields.The study will include 20 patients&#xD;
      with breast cancer post mastectomy or after breast conservative surgery to be treated with a&#xD;
      radiotherapy dose of 34Gy in 10 fractions over 2 weeks followed by a boost of 10Gy/5#/1wk in&#xD;
      cases with intact breast. Acute toxicity will be assessed using a RTOG grading system. This&#xD;
      will be carried out weekly during radiotherapy and for 4 weeks after treatment. If symptoms&#xD;
      persist the patients will be assessed weekly until their reaction settles to RTOG grade 1 or&#xD;
      less (Annexure I).&#xD;
&#xD;
      Statistical analyses The principle end point of the study is an analysis of acute toxicities,&#xD;
      cosmetic score analysis. Skin, subcutaneous toxicity and cosmetic assessment will be done&#xD;
      before treatment and then in regular follow up of the study. Chi-square test will be used to&#xD;
      compare radiation toxicity parameters. Descriptive statistics including mean and standard&#xD;
      deviation will be obtained for all variables. p values of &lt;0.05 will be taken as significant.&#xD;
      All tests would be performed using SPSS (Statistical Package for the Social Sciences) v.12.0.&#xD;
    </textblock>
  </detailed_description>
  <overall_status>Completed</overall_status>
  <start_date>June 2013</start_date>
  <completion_date type="Actual">October 2014</completion_date>
  <primary_completion_date type="Actual">October 2014</primary_completion_date>
  <phase>Phase 2</phase>
  <study_type>Interventional</study_type>
  <has_expanded_access>No</has_expanded_access>
  <study_design_info>
    <allocation>N/A</allocation>
    <intervention_model>Single Group Assignment</intervention_model>
    <primary_purpose>Treatment</primary_purpose>
    <masking>None (Open Label)</masking>
  </study_design_info>
  <primary_outcome>
    <measure>acute skin and subcutaneous toxicity assessed using a RTOG grading system</measure>
    <time_frame>1 month</time_frame>
    <description>Acute toxicity will be assessed using a RTOG grading system.</description>
  </primary_outcome>
  <secondary_outcome>
    <measure>Cosmetic score analysis using Harvard/NSABP/RTOG Breast Cosmesis Grading Scale</measure>
    <time_frame>Base line, one month and 6 months after completion of radiation</time_frame>
    <description>Cosmetic score analysis will be done using Harvard/NSABP/RTOG Breast Cosmesis Grading Scale</description>
  </secondary_outcome>
  <number_of_arms>1</number_of_arms>
  <enrollment type="Actual">50</enrollment>
  <condition>Breast Cancer</condition>
  <arm_group>
    <arm_group_label>Single arm treatment with radiation</arm_group_label>
    <arm_group_type>Experimental</arm_group_type>
    <description>Patients with breast cancer will be given adjuvant hypofractionated radiotherapy</description>
  </arm_group>
  <intervention>
    <intervention_type>Radiation</intervention_type>
    <intervention_name>Hypofractionation</intervention_name>
    <description>Radiation dose of 34Gy in 10 fractions over 2 weeks.</description>
    <arm_group_label>Single arm treatment with radiation</arm_group_label>
  </intervention>
  <eligibility>
    <criteria>
      <textblock>
        Inclusion Criteria:&#xD;
&#xD;
          -  invasive carcinoma of the breast&#xD;
&#xD;
          -  breast conservation surgery or mastectomy (reconstruction allowed but not with&#xD;
             implant. Tissue expanders with distant metal ports are allowed)&#xD;
&#xD;
          -  axillary staging &amp;/or dissection&#xD;
&#xD;
          -  complete microscopic excision of primary tumour&#xD;
&#xD;
          -  pT1-3 pN0-2 M0 disease&#xD;
&#xD;
          -  written informed consent&#xD;
&#xD;
          -  able to comply with follow up N.B. Concurrent trastuzumab and hormone therapy is&#xD;
             allowed&#xD;
&#xD;
        Exclusion Criteria:&#xD;
&#xD;
          -  past history of malignancy except (i) basal cell skin cancer and CIN cervix uteri or&#xD;
             (ii) non-breast malignancy allowed if treated with curative intent and at least 5&#xD;
             years disease free&#xD;
&#xD;
          -  contralateral breast cancer, including DCIS, irrespective of date of diagnosis&#xD;
&#xD;
          -  breast reconstruction using implants&#xD;
&#xD;
          -  concurrent cytotoxic chemotherapy (sequential neoadjuvant or adjuvant cytotoxic&#xD;
             therapy allowed)&#xD;
      </textblock>
    </criteria>
    <gender>All</gender>
    <minimum_age>18 Years</minimum_age>
    <maximum_age>85 Years</maximum_age>
    <healthy_volunteers>No</healthy_volunteers>
  </eligibility>
  <overall_official>
    <last_name>Budhi S Yadav, MD</last_name>
    <role>Principal Investigator</role>
    <affiliation>PGIMER, Chandigarh, India</affiliation>
  </overall_official>
  <location>
    <facility>
      <name>Dr Budhi Singh Yadav</name>
      <address>
        <city>Chandigarh</city>
        <state>N/A = Not Applicable</state>
        <zip>91 160012</zip>
        <country>India</country>
      </address>
    </facility>
  </location>
  <location_countries>
    <country>India</country>
  </location_countries>
  <verification_date>May 2015</verification_date>
  <study_first_submitted>May 26, 2015</study_first_submitted>
  <study_first_submitted_qc>June 1, 2015</study_first_submitted_qc>
  <study_first_posted type="Estimate">June 2, 2015</study_first_posted>
  <last_update_submitted>June 1, 2015</last_update_submitted>
  <last_update_submitted_qc>June 1, 2015</last_update_submitted_qc>
  <last_update_posted type="Estimate">June 2, 2015</last_update_posted>
  <responsible_party>
    <responsible_party_type>Principal Investigator</responsible_party_type>
    <investigator_affiliation>Postgraduate Institute of Medical Education and Research</investigator_affiliation>
    <investigator_full_name>Dr Budhi Singh Yadav</investigator_full_name>
    <investigator_title>Assistant Professor</investigator_title>
  </responsible_party>
  <keyword>Breast cancer</keyword>
  <keyword>hypofractionation</keyword>
  <keyword>radiotherapy</keyword>
  <condition_browse>
    <!-- CAUTION:  The following MeSH terms are assigned with an imperfect algorithm            -->
    <mesh_term>Breast Neoplasms</mesh_term>
  </condition_browse>
  <!-- Results have not yet been posted for this study                                          -->
</clinical_study>

