<?xml version="1.0" encoding="UTF-8"?>
<clinical_study rank="206">
  <!-- This xml conforms to an XML Schema at:
    https://clinicaltrials.gov/ct2/html/images/info/public.xsd -->
  <required_header>
    <download_date>ClinicalTrials.gov processed this data on May 26, 2023</download_date>
    <link_text>Link to the current ClinicalTrials.gov record.</link_text>
    <url>https://clinicaltrials.gov/show/NCT00461253</url>
  </required_header>
  <id_info>
    <org_study_id>ZEG2006_02</org_study_id>
    <nct_id>NCT00461253</nct_id>
  </id_info>
  <brief_title>Case-Control-Study on the Breast Cancer Risk of Mirena® Compared With Copper IUDs</brief_title>
  <official_title>Case-Control-Study on the Breast Cancer Risk of Mirena® Compared With Copper IUDs</official_title>
  <sponsors>
    <lead_sponsor>
      <agency>Center for Epidemiology and Health Research, Germany</agency>
      <agency_class>Other</agency_class>
    </lead_sponsor>
    <collaborator>
      <agency>Bayer</agency>
      <agency_class>Industry</agency_class>
    </collaborator>
  </sponsors>
  <source>Center for Epidemiology and Health Research, Germany</source>
  <oversight_info>
    <has_dmc>Yes</has_dmc>
  </oversight_info>
  <brief_summary>
    <textblock>
      The objective of this study is to determine the breast cancer risk of Mirena® users compared&#xD;
      to copper intrauterine device (IUD) users in a community-based case-control study.&#xD;
    </textblock>
  </brief_summary>
  <detailed_description>
    <textblock>
      This is a community-based case-control study in Germany and Finland. Cases will be identified&#xD;
      from cancer registries, tumor centers and breast centers. Matched controls will be accrued&#xD;
      from the same region as the case came from. Breast cancer cases and their controls are women&#xD;
      under 50 years of age without known history of malignancies.&#xD;
&#xD;
      Cases are women with a breast cancer who are younger than 50 years of age at cancer&#xD;
      diagnosis. The breast cancer was diagnosed between January 2000 and December 2007. Only alive&#xD;
      cases and cases in a sufficiently good health status to be interviewed are eligible for the&#xD;
      study.&#xD;
&#xD;
      Controls are women without a breast cancer diagnosis who are younger than 50 years of age at&#xD;
      the time of the interview. About 3 controls matched by year of birth and region will be&#xD;
      allocated to each case.&#xD;
&#xD;
      A standardized questionnaire will be used for all breast cancer cases and controls. The&#xD;
      questionnaire will be mailed to cases and controls.&#xD;
&#xD;
      Study participants will be asked for their informed consent. Data confidentiality according&#xD;
      to national laws will be ensured by the field organizations.&#xD;
    </textblock>
  </detailed_description>
  <overall_status>Completed</overall_status>
  <start_date>October 2006</start_date>
  <completion_date type="Actual">March 2014</completion_date>
  <primary_completion_date type="Actual">March 2014</primary_completion_date>
  <study_type>Observational</study_type>
  <has_expanded_access>No</has_expanded_access>
  <study_design_info>
    <observational_model>Case-Control</observational_model>
  </study_design_info>
  <primary_outcome>
    <measure>Breast Cancer Risk</measure>
    <time_frame>retrospective, January 2000 to December 2007</time_frame>
    <description>Breast cancer (invasive carcinoma or carcinoma in situ) in women aged &lt;50 years at diagnosis. Cases were excluded if they had died before study start or had a history of malignancy.</description>
  </primary_outcome>
  <number_of_groups>2</number_of_groups>
  <enrollment type="Actual">25565</enrollment>
  <condition>Breast Cancer</condition>
  <arm_group>
    <arm_group_label>1</arm_group_label>
    <description>Breast Cancer Cases</description>
  </arm_group>
  <arm_group>
    <arm_group_label>2</arm_group_label>
    <description>Matched Controls for Breast Cancer Cases</description>
  </arm_group>
  <intervention>
    <intervention_type>Device</intervention_type>
    <intervention_name>Levonorgestrel-releasing IUD</intervention_name>
    <description>This is a case-control-study; strictly speaking the category &quot;intervention type&quot; does not apply to this study.</description>
    <arm_group_label>1</arm_group_label>
    <arm_group_label>2</arm_group_label>
    <other_name>Mirena</other_name>
  </intervention>
  <intervention>
    <intervention_type>Device</intervention_type>
    <intervention_name>Copper IUD</intervention_name>
    <description>This is a case-control-study; strictly speaking the category &quot;intervention type&quot; does not apply to this study.</description>
    <arm_group_label>1</arm_group_label>
    <arm_group_label>2</arm_group_label>
  </intervention>
  <eligibility>
    <study_pop>
      <textblock>
        Cases will be identified from population-based cancer registries, tumor centers and breast&#xD;
        centers. Matched controls will be accrued from the same region as the case came from.&#xD;
      </textblock>
    </study_pop>
    <sampling_method>Non-Probability Sample</sampling_method>
    <criteria>
      <textblock>
        Inclusion Criteria:&#xD;
&#xD;
          -  cases: women with a breast cancer who are younger than 50 years of age at cancer&#xD;
             diagnosis&#xD;
&#xD;
          -  controls: women without a breast cancer diagnosis who are younger than 50 years at the&#xD;
             time of the interview&#xD;
&#xD;
        Exclusion Criteria:&#xD;
&#xD;
          -  women who are not willing to participate&#xD;
      </textblock>
    </criteria>
    <gender>Female</gender>
    <minimum_age>N/A</minimum_age>
    <maximum_age>50 Years</maximum_age>
    <healthy_volunteers>Accepts Healthy Volunteers</healthy_volunteers>
  </eligibility>
  <overall_official>
    <last_name>Juergen Dinger, MD, PhD</last_name>
    <role>Principal Investigator</role>
    <affiliation>Center for Epidemiology and Health Research</affiliation>
  </overall_official>
  <location>
    <facility>
      <name>Center for Epidemiology and Health Research</name>
      <address>
        <city>Berlin</city>
        <zip>10115</zip>
        <country>Germany</country>
      </address>
    </facility>
  </location>
  <location_countries>
    <country>Germany</country>
  </location_countries>
  <results_reference>
    <citation>Dinger J, Bardenheuer K, Minh TD. Levonorgestrel-releasing and copper intrauterine devices and the risk of breast cancer. Contraception. 2011 Mar;83(3):211-7. doi: 10.1016/j.contraception.2010.11.009. Epub 2011 Jan 7.</citation>
    <PMID>21310281</PMID>
  </results_reference>
  <verification_date>December 2015</verification_date>
  <study_first_submitted>April 16, 2007</study_first_submitted>
  <study_first_submitted_qc>April 16, 2007</study_first_submitted_qc>
  <study_first_posted type="Estimate">April 17, 2007</study_first_posted>
  <results_first_submitted>December 17, 2015</results_first_submitted>
  <results_first_submitted_qc>December 17, 2015</results_first_submitted_qc>
  <results_first_posted type="Estimate">January 25, 2016</results_first_posted>
  <last_update_submitted>December 17, 2015</last_update_submitted>
  <last_update_submitted_qc>December 17, 2015</last_update_submitted_qc>
  <last_update_posted type="Estimate">January 25, 2016</last_update_posted>
  <responsible_party>
    <responsible_party_type>Principal Investigator</responsible_party_type>
    <investigator_affiliation>Center for Epidemiology and Health Research, Germany</investigator_affiliation>
    <investigator_full_name>Juergen Dinger, MD, PhD</investigator_full_name>
    <investigator_title>Principal Investigator</investigator_title>
  </responsible_party>
  <keyword>breast cancer</keyword>
  <condition_browse>
    <!-- CAUTION:  The following MeSH terms are assigned with an imperfect algorithm            -->
    <mesh_term>Breast Neoplasms</mesh_term>
  </condition_browse>
  <intervention_browse>
    <!-- CAUTION:  The following MeSH terms are assigned with an imperfect algorithm            -->
    <mesh_term>Copper</mesh_term>
    <mesh_term>Levonorgestrel</mesh_term>
  </intervention_browse>

  <clinical_results>

    <participant_flow>
      <group_list>
        <group group_id="P1">
          <title>Cases</title>
          <description>Cases were defined as women who were diagnosed with breast cancer (invasive carcinoma or carcinoma in situ) between 1/2000 and 12/2007 and aged &lt;50 years at diagnosis.</description>
        </group>
        <group group_id="P2">
          <title>Controls</title>
          <description>Controls were selected randomly from the national population registry (Finland) or via neighborhood controls by a controlled random route method (Germany).</description>
        </group>
      </group_list>
      <period_list>
        <period>
          <title>Overall Study</title>
          <milestone_list>
            <milestone>
              <title>STARTED</title>
              <participants_list>
                <participants group_id="P1" count="10093">Identified cases</participants>
                <participants group_id="P2" count="40250">Identified controls</participants>
              </participants_list>
            </milestone>
            <milestone>
              <title>COMPLETED</title>
              <participants_list>
                <participants group_id="P1" count="5113">Analyzed cases</participants>
                <participants group_id="P2" count="20452">Analyzed controls</participants>
              </participants_list>
            </milestone>
            <milestone>
              <title>NOT COMPLETED</title>
              <participants_list>
                <participants group_id="P1" count="4980"/>
                <participants group_id="P2" count="19798"/>
              </participants_list>
            </milestone>
          </milestone_list>
          <drop_withdraw_reason_list>
            <drop_withdraw_reason>
              <title>Death</title>
              <participants_list>
                <participants group_id="P1" count="985"/>
                <participants group_id="P2" count="0"/>
              </participants_list>
            </drop_withdraw_reason>
            <drop_withdraw_reason>
              <title>Protocol Violation</title>
              <participants_list>
                <participants group_id="P1" count="613"/>
                <participants group_id="P2" count="236"/>
              </participants_list>
            </drop_withdraw_reason>
            <drop_withdraw_reason>
              <title>no response</title>
              <participants_list>
                <participants group_id="P1" count="2609"/>
                <participants group_id="P2" count="11789"/>
              </participants_list>
            </drop_withdraw_reason>
            <drop_withdraw_reason>
              <title>administrative</title>
              <participants_list>
                <participants group_id="P1" count="773"/>
                <participants group_id="P2" count="7773"/>
              </participants_list>
            </drop_withdraw_reason>
          </drop_withdraw_reason_list>
        </period>
      </period_list>
    </participant_flow>

    <baseline>
      <population>Definitions: cases were defined as women who were diagnised with breast cancer (invasive carcinoma or carcinoma in situ) between 1/2000 and 12/2007 and aged &lt;50 years at diagnosis. Controls were selected randomly from the national population registry (Finland) or via neighborhood controls by a controlled random route method (Germany).</population>
      <group_list>
        <group group_id="B1">
          <title>Cases</title>
          <description>Cases were defined as women who were diagnosed with breast cancer (invasive carcinoma or carcinoma in situ) between 1/2000 and 12/2007 and aged &lt;50 years at diagnosis.</description>
        </group>
        <group group_id="B2">
          <title>Controls</title>
          <description>Controls were selected randomly from the national population registry (Finland) or via neighborhood controls by a controlled random route method (Germany).</description>
        </group>
        <group group_id="B3">
          <title>Total</title>
          <description>Total of all reporting groups</description>
        </group>
      </group_list>
      <analyzed_list>
        <analyzed>
          <units>Participants</units>
          <scope>Overall</scope>
          <count_list>
            <count group_id="B1" value="5113"/>
            <count group_id="B2" value="20452"/>
            <count group_id="B3" value="25565"/>
          </count_list>
        </analyzed>
      </analyzed_list>
      <measure_list>
        <measure>
          <title>Age</title>
          <units>years</units>
          <param>Mean</param>
          <dispersion>Standard Deviation</dispersion>
          <class_list>
            <class>
              <category_list>
                <category>
                  <measurement_list>
                    <measurement group_id="B1" value="44.5" spread="5.1"/>
                    <measurement group_id="B2" value="44.2" spread="5.1"/>
                    <measurement group_id="B3" value="44.3" spread="5.1"/>
                  </measurement_list>
                </category>
              </category_list>
            </class>
          </class_list>
        </measure>
        <measure>
          <title>Gender</title>
          <units>participants</units>
          <param>Number</param>
          <class_list>
            <class>
              <title>Female</title>
              <category_list>
                <category>
                  <measurement_list>
                    <measurement group_id="B1" value="5,113"/>
                    <measurement group_id="B2" value="20,452"/>
                    <measurement group_id="B3" value="25565"/>
                  </measurement_list>
                </category>
              </category_list>
            </class>
            <class>
              <title>Male</title>
              <category_list>
                <category>
                  <measurement_list>
                    <measurement group_id="B1" value="0"/>
                    <measurement group_id="B2" value="0"/>
                    <measurement group_id="B3" value="0"/>
                  </measurement_list>
                </category>
              </category_list>
            </class>
          </class_list>
        </measure>
        <measure>
          <title>Region of Enrollment</title>
          <units>participants</units>
          <param>Number</param>
          <class_list>
            <class>
              <title>Germany</title>
              <category_list>
                <category>
                  <measurement_list>
                    <measurement group_id="B1" value="1815"/>
                    <measurement group_id="B2" value="7260"/>
                    <measurement group_id="B3" value="9075"/>
                  </measurement_list>
                </category>
              </category_list>
            </class>
            <class>
              <title>Finland</title>
              <category_list>
                <category>
                  <measurement_list>
                    <measurement group_id="B1" value="3298"/>
                    <measurement group_id="B2" value="13192"/>
                    <measurement group_id="B3" value="16490"/>
                  </measurement_list>
                </category>
              </category_list>
            </class>
          </class_list>
        </measure>
      </measure_list>
    </baseline>

    <outcome_list>
      <outcome>
        <type>Primary</type>
        <title>Breast Cancer Risk</title>
        <description>Breast cancer (invasive carcinoma or carcinoma in situ) in women aged &lt;50 years at diagnosis. Cases were excluded if they had died before study start or had a history of malignancy.</description>
        <time_frame>retrospective, January 2000 to December 2007</time_frame>
        <population>Frequency of breast cancer (in situ and invasive) in LNG-IUD users and Cu-IUD users</population>
        <group_list>
          <group group_id="O1">
            <title>LNG IUD</title>
            <description>Women who currently or ever used a LNG IUDs (Mirena) at time of breast cancer diagnosis</description>
          </group>
          <group group_id="O2">
            <title>Cu-IUD</title>
            <description>Women who currently or ever used a copper IUDs at time of breast cancer diagnosis</description>
          </group>
        </group_list>
        <measure>
          <title>Breast Cancer Risk</title>
          <description>Breast cancer (invasive carcinoma or carcinoma in situ) in women aged &lt;50 years at diagnosis. Cases were excluded if they had died before study start or had a history of malignancy.</description>
          <population>Frequency of breast cancer (in situ and invasive) in LNG-IUD users and Cu-IUD users</population>
          <units>participants</units>
          <param>Number</param>
          <analyzed_list>
            <analyzed>
              <units>Participants</units>
              <scope>Measure</scope>
              <count_list>
                <count group_id="O1" value="5346"/>
                <count group_id="O2" value="5428"/>
              </count_list>
            </analyzed>
          </analyzed_list>
          <class_list>
            <class>
              <category_list>
                <category>
                  <measurement_list>
                    <measurement group_id="O1" value="1076"/>
                    <measurement group_id="O2" value="1068"/>
                  </measurement_list>
                </category>
              </category_list>
            </class>
          </class_list>
        </measure>
        <analysis_list>
          <analysis>
            <group_id_list>
              <group_id>O1</group_id>
              <group_id>O2</group_id>
            </group_id_list>
            <groups_desc>In this matched case-control study, conditional logistic regression was used to investigate the relationship between a woman being a breast cancer case or a control (dichotomous dependent variable), and a set of actual or potential prognostic factors (covariates) for breast cancer (incl. the use of Mirena). Conditional logistic regression uses a maximum likelihood approach for estimating the covariates; data are stratified and the likelihoods are computed relative to each stratum.</groups_desc>
            <non_inferiority_type>Non-Inferiority or Equivalence</non_inferiority_type>
            <non_inferiority_desc>Assuming a prevalence of current Mirena use among fertile women of 8% in Finland and 2% in Germany, it was estimated that 3,500 cases and 14,000 controls would be needed to exclude a 1.5-fold breast cancer risk for Mirena users compared with users of copper IUDs.</non_inferiority_desc>
            <param_type>Odds Ratio (OR)</param_type>
            <param_value>0.99</param_value>
            <ci_percent>95</ci_percent>
            <ci_n_sides>2-Sided</ci_n_sides>
            <ci_lower_limit>0.88</ci_lower_limit>
            <ci_upper_limit>1.12</ci_upper_limit>
            <estimate_desc>Breast cancer OR for ever use of LNG-IUD vs. Cu-IUD; adjusted for BMI, family history of breast cancer, age at first birth, age at menarche and physical activity (primary analysis)</estimate_desc>
          </analysis>
          <analysis>
            <group_id_list>
              <group_id>O1</group_id>
              <group_id>O2</group_id>
            </group_id_list>
            <groups_desc>In this matched case-control study, conditional logistic regression was used to investigate the relationship between a woman being a breast cancer case or a control (dichotomous dependent variable), and a set of actual or potential prognostic factors (covariates) for breast cancer (incl. the use of Mirena). Conditional logistic regression uses a maximum likelihood approach for estimating the covariates; data are stratified and the likelihoods are computed relative to each stratum.</groups_desc>
            <non_inferiority_type>Non-Inferiority or Equivalence</non_inferiority_type>
            <non_inferiority_desc>Assuming a prevalence of current Mirena use among fertile women of 8% in Finland and 2% in Germany, it was estimated that 3,500 cases and 14,000 controls would be needed to exclude a 1.5-fold breast cancer risk for Mirena users compared with users of copper IUDs.</non_inferiority_desc>
            <param_type>Odds Ratio (OR)</param_type>
            <param_value>1.04</param_value>
            <ci_percent>95</ci_percent>
            <ci_n_sides>2-Sided</ci_n_sides>
            <ci_lower_limit>0.93</ci_lower_limit>
            <ci_upper_limit>1.17</ci_upper_limit>
            <estimate_desc>Breast cancer OR for ever use of LNG-IUD vs. Cu-IUD, crude</estimate_desc>
          </analysis>
          <analysis>
            <group_id_list>
              <group_id>O1</group_id>
              <group_id>O2</group_id>
            </group_id_list>
            <groups_desc>In this matched case-control study, conditional logistic regression was used to investigate the relationship between a woman being a breast cancer case or a control (dichotomous dependent variable), and a set of actual or potential prognostic factors (covariates) for breast cancer (incl. the use of Mirena). Conditional logistic regression uses a maximum likelihood approach for estimating the covariates; data are stratified and the likelihoods are computed relative to each stratum.</groups_desc>
            <non_inferiority_type>Non-Inferiority or Equivalence</non_inferiority_type>
            <non_inferiority_desc>Assuming a prevalence of current Mirena use among fertile women of 8% in Finland and 2% in Germany, it was estimated that 3,500 cases and 14,000 controls would be needed to exclude a 1.5-fold breast cancer risk for Mirena users compared with users of copper IUDs.</non_inferiority_desc>
            <param_type>Odds Ratio (OR)</param_type>
            <param_value>0.85</param_value>
            <ci_percent>95</ci_percent>
            <ci_n_sides>2-Sided</ci_n_sides>
            <ci_lower_limit>0.52</ci_lower_limit>
            <ci_upper_limit>1.39</ci_upper_limit>
            <estimate_desc>Breast cancer OR for &quot;current use&quot; of LNG-IUD vs. Cu-IUD at time of breast cancer diagnosis; adjusted for BMI, family history of breast cancer, age at first birth, age at first menarche, physical activity (primary analysis)</estimate_desc>
          </analysis>
          <analysis>
            <group_id_list>
              <group_id>O1</group_id>
              <group_id>O2</group_id>
            </group_id_list>
            <groups_desc>In this matched case-control study, conditional logistic regression was used to investigate the relationship between a woman being a breast cancer case or a control (dichotomous dependent variable), and a set of actual or potential prognostic factors (covariates) for breast cancer (incl. the use of Mirena). Conditional logistic regression uses a maximum likelihood approach for estimating the covariates; data are stratified and the likelihoods are computed relative to each stratum.</groups_desc>
            <non_inferiority_type>Non-Inferiority or Equivalence</non_inferiority_type>
            <non_inferiority_desc>Assuming a prevalence of current Mirena use among fertile women of 8% in Finland and 2% in Germany, it was estimated that 3,500 cases and 14,000 controls would be needed to exclude a 1.5-fold breast cancer risk for Mirena users compared with users of copper IUDs.</non_inferiority_desc>
            <param_type>Odds Ratio (OR)</param_type>
            <param_value>0.90</param_value>
            <ci_percent>95</ci_percent>
            <ci_n_sides>2-Sided</ci_n_sides>
            <ci_lower_limit>0.58</ci_lower_limit>
            <ci_upper_limit>1.41</ci_upper_limit>
            <estimate_desc>Breast cancer OR for &quot;current use&quot; of LNG-IUD vs. Cu-IUD at time of breast cancer diagnosis, crude</estimate_desc>
          </analysis>
        </analysis_list>
      </outcome>
    </outcome_list>

    <reported_events>
      <time_frame>Retrospective population based case-control study identifying breast cancer cases in the between January 2000 and December 2007 in women younger than 50 years of age at time of diagnosis.</time_frame>
      <group_list>
        <group group_id="E1">
          <title>LNG IUD</title>
          <description>Users of LNG IUDs (Mirena)</description>
        </group>
        <group group_id="E2">
          <title>Cu-IUD</title>
          <description>Users of copper IUDs</description>
        </group>
      </group_list>
      <serious_events>
        <default_assessment>Systematic Assessment</default_assessment>
        <category_list>
          <category>
            <title>Total</title>
            <event_list>
              <event>
                <sub_title>Total, serious adverse events</sub_title>
                <counts group_id="E1" subjects_affected="1085" subjects_at_risk="5346"/>
                <counts group_id="E2" subjects_affected="1130" subjects_at_risk="5428"/>
              </event>
            </event_list>
          </category>
          <category>
            <title>Neoplasms benign, malignant and unspecified (incl cysts and polyps)</title>
            <event_list>
              <event>
                <sub_title>Breast cancer</sub_title>
                <description>Breast cancer (in situ and invasive)</description>
                <counts group_id="E1" events="1085" subjects_affected="1085" subjects_at_risk="5346"/>
                <counts group_id="E2" events="1130" subjects_affected="1130" subjects_at_risk="5428"/>
              </event>
            </event_list>
          </category>
        </category_list>
      </serious_events>
      <other_events>
        <frequency_threshold>5</frequency_threshold>
        <category_list>
          <category>
            <title>Total</title>
            <event_list>
              <event>
                <sub_title>Total, other adverse events</sub_title>
                <counts group_id="E1" subjects_affected="0" subjects_at_risk="5346"/>
                <counts group_id="E2" subjects_affected="0" subjects_at_risk="5428"/>
              </event>
            </event_list>
          </category>
        </category_list>
      </other_events>
    </reported_events>

    <certain_agreements>
      <pi_employee>All Principal Investigators ARE employed by the organization sponsoring the study.</pi_employee>
      <restrictive_agreement>There is NOT an agreement between Principal Investigators and the Sponsor (or its agents) that restricts the PI's rights to discuss or publish trial results after the trial is completed. </restrictive_agreement>
    </certain_agreements>
    <limitations_and_caveats>Limitations include information-bias, which cannot be entirely eliminated in retrospective studies. However, in this study recall is likely not to be differential between cases and controls.</limitations_and_caveats>
    <point_of_contact>
      <name_or_title>Dr. Jürgen Dinger</name_or_title>
      <organization>Center for Epidemiology and Health Research, Germany</organization>
      <phone>0049 (0) 30 945 101 20</phone>
      <email>dinger@zeg-berlin.de</email>
    </point_of_contact>
  </clinical_results>
</clinical_study>

