<?xml version="1.0" encoding="UTF-8"?>
<clinical_study rank="384">
  <!-- This xml conforms to an XML Schema at:
    https://clinicaltrials.gov/ct2/html/images/info/public.xsd -->
  <required_header>
    <download_date>ClinicalTrials.gov processed this data on May 26, 2023</download_date>
    <link_text>Link to the current ClinicalTrials.gov record.</link_text>
    <url>https://clinicaltrials.gov/show/NCT02028221</url>
  </required_header>
  <id_info>
    <org_study_id>1300000596</org_study_id>
    <secondary_id>1R01CA172444-01A1</secondary_id>
    <nct_id>NCT02028221</nct_id>
  </id_info>
  <brief_title>Phase II Study of Metformin for Reduction of Obesity-Associated Breast Cancer Risk</brief_title>
  <official_title>Phase II Study of Metformin for Reduction of Obesity-Associated Breast Cancer Risk</official_title>
  <sponsors>
    <lead_sponsor>
      <agency>University of Arizona</agency>
      <agency_class>Other</agency_class>
    </lead_sponsor>
    <collaborator>
      <agency>National Cancer Institute (NCI)</agency>
      <agency_class>NIH</agency_class>
    </collaborator>
  </sponsors>
  <source>University of Arizona</source>
  <oversight_info>
    <has_dmc>Yes</has_dmc>
    <is_fda_regulated_drug>Yes</is_fda_regulated_drug>
    <is_fda_regulated_device>No</is_fda_regulated_device>
    <is_us_export>Yes</is_us_export>
  </oversight_info>
  <brief_summary>
    <textblock>
      Overweight and obesity are well established risk factors for breast cancer that develop after&#xD;
      menopause. The increased postmenopausal breast cancer risk in women who are overweight or&#xD;
      obese is likely to be attributed to multiple metabolic disturbances. Metformin is a commonly&#xD;
      used medication in diabetics to stabilize blood sugar. Association studies and laboratory&#xD;
      studies have shown its potential to reduce the risk for development of cancer, including&#xD;
      breast cancer. Recent pilot clinical studies in breast cancer patients suggest that metformin&#xD;
      may only be effective in overweight or obese women with metabolic disturbances. We propose to&#xD;
      conduct a clinical study of metformin in overweight or obese premenopausal women with&#xD;
      metabolic disturbances. Study participants will be randomly assigned to receive metformin or&#xD;
      placebo for 12 months. The study will evaluate whether metformin can result in favorable&#xD;
      changes in risk features that have been associated with increased breast cancer risk. The&#xD;
      risk features that will be examined in our study include breast density, certain proteins and&#xD;
      hormones, products of body metabolism, and body weight and composition. The study should help&#xD;
      determine the potential breast cancer preventive activity of metformin in a growing&#xD;
      population at risk for multiple diseases.&#xD;
    </textblock>
  </brief_summary>
  <detailed_description>
    <textblock>
      High adiposity is a major risk factor for a number of chronic diseases, including type 2&#xD;
      diabetes, cardiovascular diseases, and certain types of cancer, including postmenopausal&#xD;
      breast cancer. The increased postmenopausal breast cancer risk in women with high adiposity&#xD;
      is likely to be attributed to multiple metabolic disturbances including altered circulating&#xD;
      sex steroid hormones, hyperinsulinemic insulin resistance, altered expression and secretion&#xD;
      of adipokines from adipose tissue, increased production of pro-inflammatory cytokines, and&#xD;
      increased oxidative stress.&#xD;
&#xD;
      Metformin, a widely used antidiabetic drug, exerts favorable effects on multiple metabolic&#xD;
      disturbances which may lead to reduction of breast cancer risk in women with high adiposity.&#xD;
      In addition, metformin may exert a direct effect in mammary tissue through the activation of&#xD;
      the AMP-activated protein kinase signaling pathway, leading to an antiproliferative effect&#xD;
      and induction of apoptosis. Recent case control and cohort studies found that treatment with&#xD;
      metformin appears to substantially reduce the risk for development of cancer in diabetics,&#xD;
      including breast cancer. There are a number of ongoing clinical trials of metformin in breast&#xD;
      cancer patients. However, applicability of these trials to at risk healthy women requires&#xD;
      further research and the concurrent or prior cancer treatments in these trials hinder the&#xD;
      evaluation of metformin as a single agent for breast cancer risk reduction. In addition,&#xD;
      recent clinical and animal studies suggest that metformin may only exert tumor suppressive&#xD;
      effects in metabolic phenotypes of high adiposity and metabolic disturbances.&#xD;
&#xD;
      A Phase II randomized, double-blind, placebo-controlled trial of metformin in&#xD;
      overweight/obese premenopausal women who have metabolic syndrome will be conducted. This&#xD;
      study population is at increased risk for postmenopausal breast cancer and has a high&#xD;
      prevalence of metabolic disturbances. The overall objective of this study is to determine its&#xD;
      potential effects on reduction of obesity-associated breast cancer risk.&#xD;
    </textblock>
  </detailed_description>
  <overall_status>Completed</overall_status>
  <start_date type="Actual">March 7, 2014</start_date>
  <completion_date type="Actual">June 14, 2022</completion_date>
  <primary_completion_date type="Actual">November 30, 2018</primary_completion_date>
  <phase>Phase 2</phase>
  <study_type>Interventional</study_type>
  <has_expanded_access>No</has_expanded_access>
  <study_design_info>
    <allocation>Randomized</allocation>
    <intervention_model>Parallel Assignment</intervention_model>
    <primary_purpose>Prevention</primary_purpose>
    <masking>Double (Participant, Investigator)</masking>
  </study_design_info>
  <primary_outcome>
    <measure>Change in Breast Density at 6 Months</measure>
    <time_frame>baseline, 6 months</time_frame>
    <description>change of dense breast volume at 6 months</description>
  </primary_outcome>
  <primary_outcome>
    <measure>Change in Breast Density at 12 Months</measure>
    <time_frame>Baseline, 12 months</time_frame>
    <description>Change in dense breast volume at 12 months</description>
  </primary_outcome>
  <secondary_outcome>
    <measure>Change From Baseline in Serum Insulin Levels at 6 and 12 Months</measure>
    <time_frame>baseline, 6 months, 12 months</time_frame>
  </secondary_outcome>
  <secondary_outcome>
    <measure>Change From Baseline in Serum IGF-1 to IGFBP-3 Ratio at 6 and 12 Months</measure>
    <time_frame>baseline, 6 months, 12 months</time_frame>
  </secondary_outcome>
  <secondary_outcome>
    <measure>Change From Baseline in Serum Testosterone Levels at 6 and 12 Months</measure>
    <time_frame>baseline, 6 months, 12 months</time_frame>
  </secondary_outcome>
  <secondary_outcome>
    <measure>Change From Baseline in Serum Leptin to Adiponectin Ratio at 6 and 12 Months</measure>
    <time_frame>baseline, 6 months, 12 months</time_frame>
  </secondary_outcome>
  <secondary_outcome>
    <measure>Change From Baseline in Body Weight at 6 and 12 Months</measure>
    <time_frame>baseline, 6 months, 12 months</time_frame>
  </secondary_outcome>
  <secondary_outcome>
    <measure>Change From Baseline in Waist Circumference at 6 and 12 Months</measure>
    <time_frame>baseline, 6 months, 12 months</time_frame>
  </secondary_outcome>
  <secondary_outcome>
    <measure>Change From Baseline in Serum IGF-2 Levels at 6 and 12 Months</measure>
    <time_frame>baseline, 6 months, 12 months</time_frame>
  </secondary_outcome>
  <other_outcome>
    <measure>Change From Baseline in Plasma Metabolomics Profile at 6 and 12 Months</measure>
    <time_frame>baseline, 6 months, 12 months</time_frame>
  </other_outcome>
  <other_outcome>
    <measure>Change From Baseline in Metabolomics Profile in Nipple Aspirate Fluid at 6 and 12 Months</measure>
    <time_frame>baseline, 6 months, 12 months</time_frame>
  </other_outcome>
  <number_of_arms>2</number_of_arms>
  <enrollment type="Actual">151</enrollment>
  <condition>Breast Cancer Prevention</condition>
  <arm_group>
    <arm_group_label>Placebo</arm_group_label>
    <arm_group_type>Placebo Comparator</arm_group_type>
    <description>1 tablet daily by mouth X 4 weeks, then 1 tablet twice daily by mouth for the remaining duration of the trial (12 months)</description>
  </arm_group>
  <arm_group>
    <arm_group_label>Metformin</arm_group_label>
    <arm_group_type>Experimental</arm_group_type>
    <description>metformin 850 mg 1 tablet taken by mouth daily X 4 weeks, then metformin 850 mg 1 tablet taken twice daily for the remaining duration of he intervention period.</description>
  </arm_group>
  <intervention>
    <intervention_type>Drug</intervention_type>
    <intervention_name>Metformin</intervention_name>
    <description>metformin 850 mg 1 tablet taken by mouth daily X 4 weeks, then metformin 850 mg 1 tablet taken twice daily for the duration of he intervention period.</description>
    <arm_group_label>Metformin</arm_group_label>
    <other_name>Glucophage</other_name>
    <other_name>Glumetza</other_name>
    <other_name>Fortamet</other_name>
  </intervention>
  <intervention>
    <intervention_type>Drug</intervention_type>
    <intervention_name>Placebo</intervention_name>
    <description>1 tablet daily by mouth X 4 weeks, then 1 tablet twice daily by mouth for the remaining duration of the trial (12 months)</description>
    <arm_group_label>Placebo</arm_group_label>
  </intervention>
  <eligibility>
    <criteria>
      <textblock>
        Inclusion Criteria:&#xD;
&#xD;
          -  Premenopausal women&#xD;
&#xD;
          -  21-54 years of age&#xD;
&#xD;
          -  Have a BMI of 25 kg/m2 or greater&#xD;
&#xD;
          -  No change in menstrual patterns for the past 6 months preceding the time of&#xD;
             registration&#xD;
&#xD;
          -  Waist circumference ≥ 35 inches or ≥ 31 inches for Asian Americans, individuals with&#xD;
             polycystic ovary syndrome, or individuals with non-alcoholic fatty liver disease.&#xD;
&#xD;
          -  Have at least one other component of metabolic syndrome (103) reported below:&#xD;
&#xD;
               -  Elevated triglycerides (≥ 150 mg/dL (1.7 mmol/L) or on drug treatment for&#xD;
                  elevated triglycerides&#xD;
&#xD;
               -  Reduced HDL-C (&lt; 50 mg/dL (1.3 mmol/L) or on drug treatment for reduced HDL-C&#xD;
&#xD;
               -  Elevated blood pressure (≥ 130 Hg systolic blood pressure or ≥85 mm Hg diastolic&#xD;
                  blood pressure or on antihypertensive drug treatment in a patient with a history&#xD;
                  of hypertension&#xD;
&#xD;
               -  Elevated fasting glucose (≥100 mg/dL)&#xD;
&#xD;
          -  Mammogram negative for breast cancer within the 12 months preceding the time of&#xD;
             registration for women ≥ 50 years of age&#xD;
&#xD;
          -  Ability to understand and the willingness to sign a written informed consent document&#xD;
&#xD;
        Exclusion Criteria:&#xD;
&#xD;
          -  Postmenopausal women&#xD;
&#xD;
               -  Amenorrhea for at least 12 months (preceding the time of registration), or&#xD;
&#xD;
               -  History of hysterectomy and bilateral salpingo-oophorectomy, or&#xD;
&#xD;
               -  At least 55 years of age with prior hysterectomy with or without oophorectomy, or&#xD;
&#xD;
               -  Age 35 to 54 with a prior hysterectomy without oophorectomy OR with a status of&#xD;
                  ovaries unknown with documented follicle-stimulating hormone level demonstrating&#xD;
                  elevation in postmenopausal range&#xD;
&#xD;
          -  Women who are pregnant, planning pregnancy within the next year, or breastfeeding&#xD;
&#xD;
          -  On treatment with any drug for diabetes&#xD;
&#xD;
          -  Have uncontrolled intercurrent illness including, but not limited to, ongoing or&#xD;
             active infection, symptomatic congestive heart failure, unstable angina pectoris,&#xD;
             cardiac arrhythmia, or any illness that would limit compliance with study requirements&#xD;
&#xD;
          -  Have received chemotherapy and/or radiation for any malignancy (excluding non-melanoma&#xD;
             skin cancer and cancers confined to organs with removal as only treatment) in the past&#xD;
             5 years (preceding the time of registration)&#xD;
&#xD;
          -  Have received other investigational agents within the past 3 months (preceding the&#xD;
             time of registration)&#xD;
&#xD;
          -  Have a history of lactic acidosis or risk factors for lactic acidosis&#xD;
&#xD;
          -  Have significant renal disease or dysfunction (creatinine ≥ 1.4 mg/dL)&#xD;
&#xD;
          -  Have significant hepatic dysfunction (bilirubin ≥ 1.5 x ULN unless with Gilberts&#xD;
             syndrome or AST/ALT ≥ 3 x ULN)&#xD;
&#xD;
          -  Have a history of alcoholism or high alcohol consumption (average of &gt; 3 standard&#xD;
             drinks/day)&#xD;
&#xD;
          -  Have a history of allergic reactions to metformin or similar drugs&#xD;
&#xD;
          -  Have a history of severe claustrophobia&#xD;
&#xD;
          -  Have electrically, magnetically, or mechanically activated implants including cardiac&#xD;
             pacemaker, cochlear implants, magnetic surgical clips or prostheses&#xD;
&#xD;
          -  Have breast implants&#xD;
      </textblock>
    </criteria>
    <gender>Female</gender>
    <minimum_age>21 Years</minimum_age>
    <maximum_age>54 Years</maximum_age>
    <healthy_volunteers>No</healthy_volunteers>
  </eligibility>
  <overall_official>
    <last_name>Sherry Chow, PhD</last_name>
    <role>Principal Investigator</role>
    <affiliation>University of Arizona</affiliation>
  </overall_official>
  <location>
    <facility>
      <name>University of Arizona</name>
      <address>
        <city>Tucson</city>
        <state>Arizona</state>
        <zip>85719</zip>
        <country>United States</country>
      </address>
    </facility>
  </location>
  <location_countries>
    <country>United States</country>
  </location_countries>
  <verification_date>June 2022</verification_date>
  <study_first_submitted>January 2, 2014</study_first_submitted>
  <study_first_submitted_qc>January 3, 2014</study_first_submitted_qc>
  <study_first_posted type="Estimate">January 7, 2014</study_first_posted>
  <results_first_submitted>February 17, 2021</results_first_submitted>
  <results_first_submitted_qc>February 17, 2021</results_first_submitted_qc>
  <results_first_posted type="Actual">March 12, 2021</results_first_posted>
  <disposition_first_submitted>September 22, 2020</disposition_first_submitted>
  <disposition_first_submitted_qc>September 28, 2020</disposition_first_submitted_qc>
  <disposition_first_posted type="Actual">October 5, 2020</disposition_first_posted>
  <last_update_submitted>June 15, 2022</last_update_submitted>
  <last_update_submitted_qc>June 15, 2022</last_update_submitted_qc>
  <last_update_posted type="Actual">July 11, 2022</last_update_posted>
  <responsible_party>
    <responsible_party_type>Sponsor</responsible_party_type>
  </responsible_party>
  <keyword>Breast cancer prevention</keyword>
  <keyword>metformin</keyword>
  <keyword>Breast cancer risk reduction</keyword>
  <condition_browse>
    <!-- CAUTION:  The following MeSH terms are assigned with an imperfect algorithm            -->
    <mesh_term>Breast Neoplasms</mesh_term>
  </condition_browse>
  <intervention_browse>
    <!-- CAUTION:  The following MeSH terms are assigned with an imperfect algorithm            -->
    <mesh_term>Metformin</mesh_term>
  </intervention_browse>
  <provided_document_section>
    <provided_document>
      <document_type>Study Protocol and Statistical Analysis Plan</document_type>
      <document_has_protocol>Yes</document_has_protocol>
      <document_has_icf>No</document_has_icf>
      <document_has_sap>Yes</document_has_sap>
      <document_date>October 4, 2016</document_date>
      <document_url>https://ClinicalTrials.gov/ProvidedDocs/21/NCT02028221/Prot_SAP_000.pdf</document_url>
    </provided_document>
  </provided_document_section>

  <clinical_results>

    <participant_flow>
      <group_list>
        <group group_id="P1">
          <title>Placebo</title>
          <description>1 tablet daily by mouth X 4 weeks, then 1 tablet twice daily by mouth for the remaining duration of the trial (12 months)&#xD;
Placebo: 1 tablet daily by mouth X 4 weeks, then 1 tablet twice daily by mouth for the remaining duration of the trial (12 months)</description>
        </group>
        <group group_id="P2">
          <title>Metformin</title>
          <description>metformin 850 mg 1 tablet taken by mouth daily X 4 weeks, then metformin 850 mg 1 tablet taken twice daily for the remaining duration of he intervention period.&#xD;
Metformin: metformin 850 mg 1 tablet taken by mouth daily X 4 weeks, then metformin 850 mg 1 tablet taken twice daily for the duration of he intervention period.</description>
        </group>
      </group_list>
      <period_list>
        <period>
          <title>Overall Study</title>
          <milestone_list>
            <milestone>
              <title>STARTED</title>
              <participants_list>
                <participants group_id="P1" count="75"/>
                <participants group_id="P2" count="76"/>
              </participants_list>
            </milestone>
            <milestone>
              <title>COMPLETED</title>
              <participants_list>
                <participants group_id="P1" count="62"/>
                <participants group_id="P2" count="56"/>
              </participants_list>
            </milestone>
            <milestone>
              <title>NOT COMPLETED</title>
              <participants_list>
                <participants group_id="P1" count="13"/>
                <participants group_id="P2" count="20"/>
              </participants_list>
            </milestone>
          </milestone_list>
        </period>
      </period_list>
    </participant_flow>

    <baseline>
      <group_list>
        <group group_id="B1">
          <title>Placebo</title>
          <description>1 tablet daily by mouth X 4 weeks, then 1 tablet twice daily by mouth for the remaining duration of the trial (12 months)&#xD;
Placebo: 1 tablet daily by mouth X 4 weeks, then 1 tablet twice daily by mouth for the remaining duration of the trial (12 months)</description>
        </group>
        <group group_id="B2">
          <title>Metformin</title>
          <description>metformin 850 mg 1 tablet taken by mouth daily X 4 weeks, then metformin 850 mg 1 tablet taken twice daily for the remaining duration of he intervention period.&#xD;
Metformin: metformin 850 mg 1 tablet taken by mouth daily X 4 weeks, then metformin 850 mg 1 tablet taken twice daily for the duration of he intervention period.</description>
        </group>
        <group group_id="B3">
          <title>Total</title>
          <description>Total of all reporting groups</description>
        </group>
      </group_list>
      <analyzed_list>
        <analyzed>
          <units>Participants</units>
          <scope>Overall</scope>
          <count_list>
            <count group_id="B1" value="75"/>
            <count group_id="B2" value="76"/>
            <count group_id="B3" value="151"/>
          </count_list>
        </analyzed>
      </analyzed_list>
      <measure_list>
        <measure>
          <title>Age</title>
          <units>years</units>
          <param>Mean</param>
          <dispersion>Standard Deviation</dispersion>
          <class_list>
            <class>
              <category_list>
                <category>
                  <measurement_list>
                    <measurement group_id="B1" value="39.2" spread="8.6"/>
                    <measurement group_id="B2" value="39.9" spread="7.9"/>
                    <measurement group_id="B3" value="39.5" spread="7.9"/>
                  </measurement_list>
                </category>
              </category_list>
            </class>
          </class_list>
        </measure>
        <measure>
          <title>Sex: Female, Male</title>
          <units>Participants</units>
          <param>Count of Participants</param>
          <class_list>
            <class>
              <category_list>
                <category>
                  <title>Female</title>
                  <measurement_list>
                    <measurement group_id="B1" value="75"/>
                    <measurement group_id="B2" value="76"/>
                    <measurement group_id="B3" value="151"/>
                  </measurement_list>
                </category>
                <category>
                  <title>Male</title>
                  <measurement_list>
                    <measurement group_id="B1" value="0"/>
                    <measurement group_id="B2" value="0"/>
                    <measurement group_id="B3" value="0"/>
                  </measurement_list>
                </category>
              </category_list>
            </class>
          </class_list>
        </measure>
        <measure>
          <title>Ethnicity (NIH/OMB)</title>
          <units>Participants</units>
          <param>Count of Participants</param>
          <class_list>
            <class>
              <category_list>
                <category>
                  <title>Hispanic or Latino</title>
                  <measurement_list>
                    <measurement group_id="B1" value="21"/>
                    <measurement group_id="B2" value="34"/>
                    <measurement group_id="B3" value="55"/>
                  </measurement_list>
                </category>
                <category>
                  <title>Not Hispanic or Latino</title>
                  <measurement_list>
                    <measurement group_id="B1" value="54"/>
                    <measurement group_id="B2" value="41"/>
                    <measurement group_id="B3" value="95"/>
                  </measurement_list>
                </category>
                <category>
                  <title>Unknown or Not Reported</title>
                  <measurement_list>
                    <measurement group_id="B1" value="0"/>
                    <measurement group_id="B2" value="1"/>
                    <measurement group_id="B3" value="1"/>
                  </measurement_list>
                </category>
              </category_list>
            </class>
          </class_list>
        </measure>
        <measure>
          <title>Race (NIH/OMB)</title>
          <units>Participants</units>
          <param>Count of Participants</param>
          <class_list>
            <class>
              <category_list>
                <category>
                  <title>American Indian or Alaska Native</title>
                  <measurement_list>
                    <measurement group_id="B1" value="1"/>
                    <measurement group_id="B2" value="2"/>
                    <measurement group_id="B3" value="3"/>
                  </measurement_list>
                </category>
                <category>
                  <title>Asian</title>
                  <measurement_list>
                    <measurement group_id="B1" value="1"/>
                    <measurement group_id="B2" value="0"/>
                    <measurement group_id="B3" value="1"/>
                  </measurement_list>
                </category>
                <category>
                  <title>Native Hawaiian or Other Pacific Islander</title>
                  <measurement_list>
                    <measurement group_id="B1" value="1"/>
                    <measurement group_id="B2" value="0"/>
                    <measurement group_id="B3" value="1"/>
                  </measurement_list>
                </category>
                <category>
                  <title>Black or African American</title>
                  <measurement_list>
                    <measurement group_id="B1" value="4"/>
                    <measurement group_id="B2" value="3"/>
                    <measurement group_id="B3" value="7"/>
                  </measurement_list>
                </category>
                <category>
                  <title>White</title>
                  <measurement_list>
                    <measurement group_id="B1" value="62"/>
                    <measurement group_id="B2" value="64"/>
                    <measurement group_id="B3" value="126"/>
                  </measurement_list>
                </category>
                <category>
                  <title>More than one race</title>
                  <measurement_list>
                    <measurement group_id="B1" value="5"/>
                    <measurement group_id="B2" value="4"/>
                    <measurement group_id="B3" value="9"/>
                  </measurement_list>
                </category>
                <category>
                  <title>Unknown or Not Reported</title>
                  <measurement_list>
                    <measurement group_id="B1" value="1"/>
                    <measurement group_id="B2" value="3"/>
                    <measurement group_id="B3" value="4"/>
                  </measurement_list>
                </category>
              </category_list>
            </class>
          </class_list>
        </measure>
        <measure>
          <title>Region of Enrollment</title>
          <units>participants</units>
          <param>Number</param>
          <class_list>
            <class>
              <title>United States</title>
              <category_list>
                <category>
                  <measurement_list>
                    <measurement group_id="B1" value="75"/>
                    <measurement group_id="B2" value="76"/>
                    <measurement group_id="B3" value="151"/>
                  </measurement_list>
                </category>
              </category_list>
            </class>
          </class_list>
        </measure>
      </measure_list>
    </baseline>

    <outcome_list>
      <outcome>
        <type>Primary</type>
        <title>Change in Breast Density at 6 Months</title>
        <description>change of dense breast volume at 6 months</description>
        <time_frame>baseline, 6 months</time_frame>
        <population>Analysis was performed on participants who provided baseline and 6 month breast density measures</population>
        <group_list>
          <group group_id="O1">
            <title>Placebo</title>
            <description>1 tablet daily by mouth X 4 weeks, then 1 tablet twice daily by mouth for the remaining duration of the trial (12 months)&#xD;
Placebo: 1 tablet daily by mouth X 4 weeks, then 1 tablet twice daily by mouth for the remaining duration of the trial (12 months)</description>
          </group>
          <group group_id="O2">
            <title>Metformin</title>
            <description>metformin 850 mg 1 tablet taken by mouth daily X 4 weeks, then metformin 850 mg 1 tablet taken twice daily for the remaining duration of he intervention period.&#xD;
Metformin: metformin 850 mg 1 tablet taken by mouth daily X 4 weeks, then metformin 850 mg 1 tablet taken twice daily for the duration of he intervention period.</description>
          </group>
        </group_list>
        <measure>
          <title>Change in Breast Density at 6 Months</title>
          <description>change of dense breast volume at 6 months</description>
          <population>Analysis was performed on participants who provided baseline and 6 month breast density measures</population>
          <units>cm^3</units>
          <param>Mean</param>
          <dispersion>Standard Deviation</dispersion>
          <analyzed_list>
            <analyzed>
              <units>Participants</units>
              <scope>Measure</scope>
              <count_list>
                <count group_id="O1" value="41"/>
                <count group_id="O2" value="38"/>
              </count_list>
            </analyzed>
          </analyzed_list>
          <class_list>
            <class>
              <category_list>
                <category>
                  <measurement_list>
                    <measurement group_id="O1" value="-5.45" spread="48.91"/>
                    <measurement group_id="O2" value="-13.71" spread="56.69"/>
                  </measurement_list>
                </category>
              </category_list>
            </class>
          </class_list>
        </measure>
      </outcome>
      <outcome>
        <type>Primary</type>
        <title>Change in Breast Density at 12 Months</title>
        <description>Change in dense breast volume at 12 months</description>
        <time_frame>Baseline, 12 months</time_frame>
        <population>Analysis was performed on participants who provided baseline and 12-month breast density measures</population>
        <group_list>
          <group group_id="O1">
            <title>Placebo</title>
            <description>1 tablet daily by mouth X 4 weeks, then 1 tablet twice daily by mouth for the remaining duration of the trial (12 months)&#xD;
Placebo: 1 tablet daily by mouth X 4 weeks, then 1 tablet twice daily by mouth for the remaining duration of the trial (12 months)</description>
          </group>
          <group group_id="O2">
            <title>Metformin</title>
            <description>metformin 850 mg 1 tablet taken by mouth daily X 4 weeks, then metformin 850 mg 1 tablet taken twice daily for the remaining duration of he intervention period.&#xD;
Metformin: metformin 850 mg 1 tablet taken by mouth daily X 4 weeks, then metformin 850 mg 1 tablet taken twice daily for the duration of he intervention period.</description>
          </group>
        </group_list>
        <measure>
          <title>Change in Breast Density at 12 Months</title>
          <description>Change in dense breast volume at 12 months</description>
          <population>Analysis was performed on participants who provided baseline and 12-month breast density measures</population>
          <units>cm^3</units>
          <param>Mean</param>
          <dispersion>Standard Deviation</dispersion>
          <analyzed_list>
            <analyzed>
              <units>Participants</units>
              <scope>Measure</scope>
              <count_list>
                <count group_id="O1" value="43"/>
                <count group_id="O2" value="39"/>
              </count_list>
            </analyzed>
          </analyzed_list>
          <class_list>
            <class>
              <category_list>
                <category>
                  <measurement_list>
                    <measurement group_id="O1" value="-12.11" spread="68.11"/>
                    <measurement group_id="O2" value="-14.75" spread="47.84"/>
                  </measurement_list>
                </category>
              </category_list>
            </class>
          </class_list>
        </measure>
      </outcome>
      <outcome>
        <type>Secondary</type>
        <title>Change From Baseline in Serum Insulin Levels at 6 and 12 Months</title>
        <time_frame>baseline, 6 months, 12 months</time_frame>
      </outcome>
      <outcome>
        <type>Secondary</type>
        <title>Change From Baseline in Serum IGF-1 to IGFBP-3 Ratio at 6 and 12 Months</title>
        <time_frame>baseline, 6 months, 12 months</time_frame>
      </outcome>
      <outcome>
        <type>Secondary</type>
        <title>Change From Baseline in Serum Testosterone Levels at 6 and 12 Months</title>
        <time_frame>baseline, 6 months, 12 months</time_frame>
      </outcome>
      <outcome>
        <type>Secondary</type>
        <title>Change From Baseline in Serum Leptin to Adiponectin Ratio at 6 and 12 Months</title>
        <time_frame>baseline, 6 months, 12 months</time_frame>
      </outcome>
      <outcome>
        <type>Secondary</type>
        <title>Change From Baseline in Body Weight at 6 and 12 Months</title>
        <time_frame>baseline, 6 months, 12 months</time_frame>
      </outcome>
      <outcome>
        <type>Secondary</type>
        <title>Change From Baseline in Waist Circumference at 6 and 12 Months</title>
        <time_frame>baseline, 6 months, 12 months</time_frame>
      </outcome>
      <outcome>
        <type>Secondary</type>
        <title>Change From Baseline in Serum IGF-2 Levels at 6 and 12 Months</title>
        <time_frame>baseline, 6 months, 12 months</time_frame>
      </outcome>
      <outcome>
        <type>Other Pre-specified</type>
        <title>Change From Baseline in Plasma Metabolomics Profile at 6 and 12 Months</title>
        <time_frame>baseline, 6 months, 12 months</time_frame>
      </outcome>
      <outcome>
        <type>Other Pre-specified</type>
        <title>Change From Baseline in Metabolomics Profile in Nipple Aspirate Fluid at 6 and 12 Months</title>
        <time_frame>baseline, 6 months, 12 months</time_frame>
      </outcome>
    </outcome_list>

    <reported_events>
      <time_frame>12 months</time_frame>
      <group_list>
        <group group_id="E1">
          <title>Placebo</title>
          <description>1 tablet daily by mouth X 4 weeks, then 1 tablet twice daily by mouth for the remaining duration of the trial (12 months)&#xD;
Placebo: 1 tablet daily by mouth X 4 weeks, then 1 tablet twice daily by mouth for the remaining duration of the trial (12 months)</description>
        </group>
        <group group_id="E2">
          <title>Metformin</title>
          <description>metformin 850 mg 1 tablet taken by mouth daily X 4 weeks, then metformin 850 mg 1 tablet taken twice daily for the remaining duration of he intervention period.&#xD;
Metformin: metformin 850 mg 1 tablet taken by mouth daily X 4 weeks, then metformin 850 mg 1 tablet taken twice daily for the duration of he intervention period.</description>
        </group>
      </group_list>
      <serious_events>
        <default_assessment>Systematic Assessment</default_assessment>
        <category_list>
          <category>
            <title>Total</title>
            <event_list>
              <event>
                <sub_title>Total, all-cause mortality</sub_title>
                <counts group_id="E1" subjects_affected="0" subjects_at_risk="75"/>
                <counts group_id="E2" subjects_affected="0" subjects_at_risk="76"/>
              </event>
              <event>
                <sub_title>Total, serious adverse events</sub_title>
                <counts group_id="E1" subjects_affected="7" subjects_at_risk="75"/>
                <counts group_id="E2" subjects_affected="1" subjects_at_risk="76"/>
              </event>
            </event_list>
          </category>
          <category>
            <title>Musculoskeletal and connective tissue disorders</title>
            <event_list>
              <event>
                <sub_title>Joint range of motion decreased</sub_title>
                <counts group_id="E1" subjects_affected="1" subjects_at_risk="75"/>
                <counts group_id="E2" subjects_affected="0" subjects_at_risk="76"/>
              </event>
            </event_list>
          </category>
          <category>
            <title>Psychiatric disorders</title>
            <event_list>
              <event>
                <sub_title>Delusions</sub_title>
                <counts group_id="E1" subjects_affected="1" subjects_at_risk="75"/>
                <counts group_id="E2" subjects_affected="0" subjects_at_risk="76"/>
              </event>
            </event_list>
          </category>
          <category>
            <title>Renal and urinary disorders</title>
            <event_list>
              <event>
                <sub_title>Renal colic</sub_title>
                <counts group_id="E1" subjects_affected="0" subjects_at_risk="75"/>
                <counts group_id="E2" subjects_affected="1" subjects_at_risk="76"/>
              </event>
              <event>
                <sub_title>Acute kidney injury</sub_title>
                <counts group_id="E1" subjects_affected="1" subjects_at_risk="75"/>
                <counts group_id="E2" subjects_affected="0" subjects_at_risk="76"/>
              </event>
            </event_list>
          </category>
          <category>
            <title>Reproductive system and breast disorders</title>
            <event_list>
              <event>
                <sub_title>Uterine hemorrhage</sub_title>
                <counts group_id="E1" subjects_affected="1" subjects_at_risk="75"/>
                <counts group_id="E2" subjects_affected="0" subjects_at_risk="76"/>
              </event>
              <event>
                <sub_title>Uterine pain</sub_title>
                <counts group_id="E1" subjects_affected="1" subjects_at_risk="75"/>
                <counts group_id="E2" subjects_affected="0" subjects_at_risk="76"/>
              </event>
            </event_list>
          </category>
          <category>
            <title>Respiratory, thoracic and mediastinal disorders</title>
            <event_list>
              <event>
                <sub_title>Apnea</sub_title>
                <counts group_id="E1" subjects_affected="1" subjects_at_risk="75"/>
                <counts group_id="E2" subjects_affected="0" subjects_at_risk="76"/>
              </event>
              <event>
                <sub_title>Pneumonitis</sub_title>
                <counts group_id="E1" subjects_affected="1" subjects_at_risk="75"/>
                <counts group_id="E2" subjects_affected="0" subjects_at_risk="76"/>
              </event>
            </event_list>
          </category>
        </category_list>
      </serious_events>
      <other_events>
        <frequency_threshold>5</frequency_threshold>
        <default_assessment>Systematic Assessment</default_assessment>
        <category_list>
          <category>
            <title>Total</title>
            <event_list>
              <event>
                <sub_title>Total, other adverse events</sub_title>
                <counts group_id="E1" subjects_affected="61" subjects_at_risk="75"/>
                <counts group_id="E2" subjects_affected="67" subjects_at_risk="76"/>
              </event>
            </event_list>
          </category>
          <category>
            <title>Gastrointestinal disorders</title>
            <event_list>
              <event>
                <sub_title>Abdominal pain</sub_title>
                <counts group_id="E1" subjects_affected="6" subjects_at_risk="75"/>
                <counts group_id="E2" subjects_affected="2" subjects_at_risk="76"/>
              </event>
              <event>
                <sub_title>Bloating</sub_title>
                <counts group_id="E1" subjects_affected="5" subjects_at_risk="75"/>
                <counts group_id="E2" subjects_affected="6" subjects_at_risk="76"/>
              </event>
              <event>
                <sub_title>Constipation</sub_title>
                <counts group_id="E1" subjects_affected="8" subjects_at_risk="75"/>
                <counts group_id="E2" subjects_affected="5" subjects_at_risk="76"/>
              </event>
              <event>
                <sub_title>Diarrhea</sub_title>
                <counts group_id="E1" subjects_affected="15" subjects_at_risk="75"/>
                <counts group_id="E2" subjects_affected="28" subjects_at_risk="76"/>
              </event>
              <event>
                <sub_title>Dyspepsia</sub_title>
                <counts group_id="E1" subjects_affected="11" subjects_at_risk="75"/>
                <counts group_id="E2" subjects_affected="14" subjects_at_risk="76"/>
              </event>
              <event>
                <sub_title>Flatulence</sub_title>
                <counts group_id="E1" subjects_affected="9" subjects_at_risk="75"/>
                <counts group_id="E2" subjects_affected="2" subjects_at_risk="76"/>
              </event>
              <event>
                <sub_title>Gastritis</sub_title>
                <counts group_id="E1" subjects_affected="4" subjects_at_risk="75"/>
                <counts group_id="E2" subjects_affected="2" subjects_at_risk="76"/>
              </event>
              <event>
                <sub_title>Gastrointestinal disorders, other</sub_title>
                <counts group_id="E1" subjects_affected="8" subjects_at_risk="75"/>
                <counts group_id="E2" subjects_affected="8" subjects_at_risk="76"/>
              </event>
              <event>
                <sub_title>Gastrointestinal pain</sub_title>
                <counts group_id="E1" subjects_affected="3" subjects_at_risk="75"/>
                <counts group_id="E2" subjects_affected="4" subjects_at_risk="76"/>
              </event>
              <event>
                <sub_title>Nausea</sub_title>
                <counts group_id="E1" subjects_affected="9" subjects_at_risk="75"/>
                <counts group_id="E2" subjects_affected="22" subjects_at_risk="76"/>
              </event>
              <event>
                <sub_title>Stomach pain</sub_title>
                <counts group_id="E1" subjects_affected="4" subjects_at_risk="75"/>
                <counts group_id="E2" subjects_affected="9" subjects_at_risk="76"/>
              </event>
              <event>
                <sub_title>Vomiting</sub_title>
                <counts group_id="E1" subjects_affected="8" subjects_at_risk="75"/>
                <counts group_id="E2" subjects_affected="3" subjects_at_risk="76"/>
              </event>
            </event_list>
          </category>
          <category>
            <title>General disorders</title>
            <event_list>
              <event>
                <sub_title>Fatigue</sub_title>
                <counts group_id="E1" subjects_affected="2" subjects_at_risk="75"/>
                <counts group_id="E2" subjects_affected="4" subjects_at_risk="76"/>
              </event>
              <event>
                <sub_title>Flu like symptoms</sub_title>
                <counts group_id="E1" subjects_affected="15" subjects_at_risk="75"/>
                <counts group_id="E2" subjects_affected="10" subjects_at_risk="76"/>
              </event>
            </event_list>
          </category>
          <category>
            <title>Infections and infestations</title>
            <event_list>
              <event>
                <sub_title>Bronchial infection</sub_title>
                <counts group_id="E1" subjects_affected="4" subjects_at_risk="75"/>
                <counts group_id="E2" subjects_affected="2" subjects_at_risk="76"/>
              </event>
              <event>
                <sub_title>Otitis media</sub_title>
                <counts group_id="E1" subjects_affected="4" subjects_at_risk="75"/>
                <counts group_id="E2" subjects_affected="0" subjects_at_risk="76"/>
              </event>
              <event>
                <sub_title>Sinusitis</sub_title>
                <counts group_id="E1" subjects_affected="4" subjects_at_risk="75"/>
                <counts group_id="E2" subjects_affected="6" subjects_at_risk="76"/>
              </event>
              <event>
                <sub_title>Upper respiratory infection</sub_title>
                <counts group_id="E1" subjects_affected="19" subjects_at_risk="75"/>
                <counts group_id="E2" subjects_affected="12" subjects_at_risk="76"/>
              </event>
              <event>
                <sub_title>Urinary tract infection</sub_title>
                <counts group_id="E1" subjects_affected="6" subjects_at_risk="75"/>
                <counts group_id="E2" subjects_affected="4" subjects_at_risk="76"/>
              </event>
              <event>
                <sub_title>Vaginal infection</sub_title>
                <counts group_id="E1" subjects_affected="4" subjects_at_risk="75"/>
                <counts group_id="E2" subjects_affected="0" subjects_at_risk="76"/>
              </event>
            </event_list>
          </category>
          <category>
            <title>Injury, poisoning and procedural complications</title>
            <event_list>
              <event>
                <sub_title>Bruising</sub_title>
                <counts group_id="E1" subjects_affected="5" subjects_at_risk="75"/>
                <counts group_id="E2" subjects_affected="2" subjects_at_risk="76"/>
              </event>
            </event_list>
          </category>
          <category>
            <title>Investigations</title>
            <event_list>
              <event>
                <sub_title>Weight loss</sub_title>
                <counts group_id="E1" subjects_affected="6" subjects_at_risk="75"/>
                <counts group_id="E2" subjects_affected="3" subjects_at_risk="76"/>
              </event>
            </event_list>
          </category>
          <category>
            <title>Musculoskeletal and connective tissue disorders</title>
            <event_list>
              <event>
                <sub_title>Back pain</sub_title>
                <counts group_id="E1" subjects_affected="2" subjects_at_risk="75"/>
                <counts group_id="E2" subjects_affected="6" subjects_at_risk="76"/>
              </event>
              <event>
                <sub_title>Myalgia</sub_title>
                <counts group_id="E1" subjects_affected="3" subjects_at_risk="75"/>
                <counts group_id="E2" subjects_affected="4" subjects_at_risk="76"/>
              </event>
            </event_list>
          </category>
          <category>
            <title>Nervous system disorders</title>
            <event_list>
              <event>
                <sub_title>Dizziness</sub_title>
                <counts group_id="E1" subjects_affected="2" subjects_at_risk="75"/>
                <counts group_id="E2" subjects_affected="9" subjects_at_risk="76"/>
              </event>
              <event>
                <sub_title>Headache</sub_title>
                <counts group_id="E1" subjects_affected="13" subjects_at_risk="75"/>
                <counts group_id="E2" subjects_affected="16" subjects_at_risk="76"/>
              </event>
            </event_list>
          </category>
          <category>
            <title>Psychiatric disorders</title>
            <event_list>
              <event>
                <sub_title>Anxiety</sub_title>
                <counts group_id="E1" subjects_affected="4" subjects_at_risk="75"/>
                <counts group_id="E2" subjects_affected="2" subjects_at_risk="76"/>
              </event>
            </event_list>
          </category>
          <category>
            <title>Reproductive system and breast disorders</title>
            <event_list>
              <event>
                <sub_title>Breast pain</sub_title>
                <counts group_id="E1" subjects_affected="8" subjects_at_risk="75"/>
                <counts group_id="E2" subjects_affected="9" subjects_at_risk="76"/>
              </event>
            </event_list>
          </category>
          <category>
            <title>Respiratory, thoracic and mediastinal disorders</title>
            <event_list>
              <event>
                <sub_title>Allergic rhinitis</sub_title>
                <counts group_id="E1" subjects_affected="1" subjects_at_risk="75"/>
                <counts group_id="E2" subjects_affected="4" subjects_at_risk="76"/>
              </event>
              <event>
                <sub_title>Cough</sub_title>
                <counts group_id="E1" subjects_affected="4" subjects_at_risk="75"/>
                <counts group_id="E2" subjects_affected="4" subjects_at_risk="76"/>
              </event>
            </event_list>
          </category>
          <category>
            <title>Surgical and medical procedures</title>
            <event_list>
              <event>
                <sub_title>Surgical and medical procedures, other</sub_title>
                <counts group_id="E1" subjects_affected="4" subjects_at_risk="75"/>
                <counts group_id="E2" subjects_affected="4" subjects_at_risk="76"/>
              </event>
            </event_list>
          </category>
          <category>
            <title>Vascular disorders</title>
            <event_list>
              <event>
                <sub_title>Hypertension</sub_title>
                <counts group_id="E1" subjects_affected="5" subjects_at_risk="75"/>
                <counts group_id="E2" subjects_affected="1" subjects_at_risk="76"/>
              </event>
            </event_list>
          </category>
        </category_list>
      </other_events>
    </reported_events>

    <certain_agreements>
      <pi_employee>Principal Investigators are NOT employed by the organization sponsoring the study.</pi_employee>
      <restrictive_agreement>There is NOT an agreement between Principal Investigators and the Sponsor (or its agents) that restricts the PI's rights to discuss or publish trial results after the trial is completed. </restrictive_agreement>
    </certain_agreements>
    <point_of_contact>
      <name_or_title>Sherry Chow, PhD</name_or_title>
      <organization>University of Arizona</organization>
      <phone>5206263358</phone>
      <email>schow@azcc.arizona.edu</email>
    </point_of_contact>
  </clinical_results>
</clinical_study>

