{"protocolSection":{"identificationModule":{"nctId":"NCT02449954","orgStudyIdInfo":{"id":"43"},"organization":{"fullName":"Assiut University","class":"OTHER"},"briefTitle":"Effect of Morphine, Tramadol, and Ketorolac on Postoperative Stress and Immune Responses","officialTitle":"Comparison Between the Effects of Intravenous Morphine, Tramadol and Ketorolac on Stress and Immune Responses in Patients Undergoing Modified Radical Mastectomy"},"statusModule":{"statusVerifiedDate":"2015-05","overallStatus":"UNKNOWN","lastKnownStatus":"ACTIVE_NOT_RECRUITING","expandedAccessInfo":{"hasExpandedAccess":false},"startDateStruct":{"date":"2014-06"},"primaryCompletionDateStruct":{"date":"2015-04","type":"ACTUAL"},"completionDateStruct":{"date":"2015-06","type":"ESTIMATED"},"studyFirstSubmitDate":"2015-04-29","studyFirstSubmitQcDate":"2015-05-18","studyFirstPostDateStruct":{"date":"2015-05-21","type":"ESTIMATED"},"lastUpdateSubmitDate":"2015-05-18","lastUpdatePostDateStruct":{"date":"2015-05-21","type":"ESTIMATED"}},"sponsorCollaboratorsModule":{"responsibleParty":{"type":"PRINCIPAL_INVESTIGATOR","investigatorFullName":"Ahmad Mohammad Abd El-Rahman","investigatorTitle":"Lecturer","investigatorAffiliation":"Assiut University"},"leadSponsor":{"name":"Assiut University","class":"OTHER"}},"oversightModule":{"oversightHasDmc":false},"descriptionModule":{"briefSummary":"Comparison between the effects of intravenous morphine, tramadol and ketorolac on stress and immune responses in patients undergoing modified radical mastectomy","detailedDescription":"Sixty patients aged (20-60 years), weighting (50 -75 Kg), with American Society of Anesthesiologists (ASA) physical status I or II scheduled for modified radical mastectomy surgery under general anesthesia were enrolled in this prospective clinical study. The Ethics Committee of South Egypt Cancer Institute (SECI), assuit University, assuit, Egypt approved the study. Informed written consent was obtained from each patient to be enrolled in this study.\n\nPatients with known allergy to opioids or Non Steroidal Anti-inflammatory drugs NSAIDs, with gastric or duodenal ulcer, on radiotherapy or chemotherapy, received blood transfusion before the surgery or preoperative NSAIDs, steroid or opioid medications 48 hours prior to operation were excluded.\n\nAll patients were taught how to evaluate their own pain intensity using the visual analogue scale (VAS) scored from 0 to 10 (where 0 = no pain and 10 = the worst pain imaginable). Both the patient and the anesthetist involved in the study were kept blinded to group assignment. Randomization codes were not decoded till the end.\n\nNo pre-medications were given. Basic monitoring probes (ECG, non invasive blood pressure, end-tidal carbon dioxide, pulse oximetry and temperature) were applied. base line VAS, sedation score, systolic and diastolic blood pressure, heart rate, respiratory rate and oxygen saturation were assessed before the beginning of surgery. Venous blood sample was taken for assessment of the base line stress hormones (cortisol, prolactin) and immune response (cluster of differentiation (CD) 3, 4, 8 and 56), General anesthesia was induced with I.V. fentanyl 1 μg/kg, thiopental 5mg/kg. Endotracheal intubation was facilitated by cis-atracurium 0.15 mg/kg, and was maintained with isoflurane 1.5-1.7 MAC, cis-atracurium 0.03 mg/kg and controlled ventilation in a ventilation parameters that maintain normocapnia (35- 45 mmHg). Neuromuscular block was antagonized by neostigmine 50µg/kg and atropine 20µg/kg. Venous blood sample was taken for assessment of stress hormones (cortisol, prolactin) and immune response (CD3, CD4, CD8 and CD56) immediately postoperatively after extubation in the operative room before the analgesic drug administration. VAS, sedation score, systolic and diastolic blood pressure, heart rate, respiratory rate and oxygen saturation were also assessed. Patients were allocated according to computer-generated randomization tables into one of three groups of 20 patients each to receive:\n\nGroup I: (n=20) received IV 0.1mg/kg morphine sulphate (morphine sulfate ®, Misr CO Pharma).\n\nGroup II: (n=20) received IV 2 mg/kg tramadol Hcl (tramadol ®, October Pharma S.A.E).\n\nGroup III: (n=20) received IV 30 mg ketorolac tromethamine (ketorolac ®, Amriya Pharma).\n\nPatients were transferred to the post anesthesia care unit (PACU). During this period observation of heart rate, systolic and, diastolic blood pressure, respiratory rate, oxygen saturation and VAS were recorded at 2, 4, 6, 8, 12, 18 and 24hrs postoperatively. In addition, side effect such as nausea, vomiting, respiratory depression and sedation (using sedation score from 0 to 4, where 0= awake, 1= easily aroused, 2= awaken after verbal stimulation, 3=awaken after tactile stimulation and 4= not arousable) were recorded and treated. Another venous blood samples were taken for assessment of stress hormones at 40 mins, immune response at 90 mins and for both stress hormones and immune responses at 24 hours later. In order to keep VAS ≤ 3 for 24hours postoperative, repeated doses of the same analgesic medications (morphine to the first group, tramadol to the second group, and ketorolac to the third group) were given all over the observation period at the same doses.\n\nDetermination of serum cortisol and prolactin levels was done by fully automated ELISA (enzyme linked immunosorbent assay) (EVOLIS®, Biorad, Germany). Expressions of (CD3+, CD4+, CD8+ and CD56+) in blood samples were measured as percentages of total lymphocytes by fluorescence activated cell sorter (FACS) calibur flow cytometry with cell quest software (Becton Dickinson Biosciences, USA). Anti-human IgG was used as an iso type-matched negative control for each sample. Forward and side scatter histogram was used to define the lymphocyte population. Then, the percentages of CD3+, CD4+, CD8+ and CD56 were assessed in lymphocytes population. The positive percentage was \\>20%"},"conditionsModule":{"conditions":["Breast Cancer"],"keywords":["Stress and Immune Responses","morphine","tramadol","ketorolac"]},"designModule":{"studyType":"INTERVENTIONAL","phases":["PHASE2","PHASE3"],"designInfo":{"allocation":"RANDOMIZED","interventionModel":"CROSSOVER","primaryPurpose":"DIAGNOSTIC","maskingInfo":{"masking":"DOUBLE","whoMasked":["INVESTIGATOR","OUTCOMES_ASSESSOR"]}},"enrollmentInfo":{"count":60,"type":"ACTUAL"}},"armsInterventionsModule":{"armGroups":[{"label":"morphine group","type":"ACTIVE_COMPARATOR","description":"intravenous 0.1mg/kg morphine","interventionNames":["Drug: Intravenous morphine sulphate"]},{"label":"tramadol group","type":"ACTIVE_COMPARATOR","description":"intravenous 2 mg/kg tramadol","interventionNames":["Drug: Intravenous tramadol HCL"]},{"label":"ketorolac group","type":"ACTIVE_COMPARATOR","description":"intravenous30 mg ketorolac","interventionNames":["Drug: Intravenous ketorolac tromethamine"]}],"interventions":[{"type":"DRUG","name":"Intravenous morphine sulphate","interventionMappedName":[],"description":"Group I:received IV 0.1mg/kg morphine sulphate.","armGroupLabels":["morphine group"],"otherNames":["venous blood samples"]},{"type":"DRUG","name":"Intravenous tramadol HCL","interventionMappedName":[],"description":"Group II:received IV 2 mg/kg tramadol HCL.","armGroupLabels":["tramadol group"],"otherNames":["venous blood samples"]},{"type":"DRUG","name":"Intravenous ketorolac tromethamine","interventionMappedName":[],"description":"Group III: received IV 30 mg ketorolac tromethamine","armGroupLabels":["ketorolac group"],"otherNames":["venous blood samples"]}]},"outcomesModule":{"primaryOutcomes":[{"measure":"Serum cortisol level","description":"was measure by fully automated ELISA","timeFrame":"11 month"},{"measure":"Serum prolactin level","description":"was measure by fully automated ELISA","timeFrame":"11 month"},{"measure":"Expression of peripheral T lymphocytes subset cluster of differentiation3 percentage(CD3+)","description":"was measured by flow cytometry","timeFrame":"11 month"},{"measure":"Expression of peripheral T lymphocytes subset cluster of differentiation 4 percentage (CD4+)","description":"was measured by flow cytometry","timeFrame":"11 month"},{"measure":"Expression of peripheral T lymphocytes subset cluster of differentiation 8 percentage (CD8+)","description":"was measured by flow cytometry","timeFrame":"11 month"},{"measure":"Expressions of peripheral T lymphocytes subset cluster of differentiation56 percentage (CD56+)","description":"was measured by flow cytometry","timeFrame":"11 month"}]},"eligibilityModule":{"eligibilityCriteria":"Inclusion Criteria:\n\n* patients aged (20-60 years)\n* weighting (50 -75 Kg),\n* with American Society of Anesthesiologists (ASA) physical status I or II\n\nExclusion Criteria:\n\n* Patients with known allergy to opioids or NSAIDS,\n* gastric or duodenal ulcer, on radiotherapy or chemotherapy\n* received blood transfusion before the surgery or preoperative NSAIDs, steroid or opioid medications 48 hours prior to operation","healthyVolunteers":false,"sex":"FEMALE","minimumAge":"20 Years","maximumAge":"60 Years","stdAges":["ADULT"]}},"derivedSection":{"miscInfoModule":{"versionHolder":"2023-07-03","modelPredictions":{"bmiLimits":{"minBmi":0.00,"maxBmi":101.00}}},"conditionBrowseModule":{"browseLeaves":[{"id":"M4910","name":"Breast Neoplasms","relevance":"LOW"}],"browseBranches":[{"abbrev":"BC04","name":"Neoplasms"},{"abbrev":"BC17","name":"Skin and Connective Tissue Diseases"},{"abbrev":"All","name":"All Conditions"}]},"interventionBrowseModule":{"meshes":[{"id":"D000020910","term":"Ketorolac"},{"id":"D000020911","term":"Ketorolac Tromethamine"},{"id":"D000009020","term":"Morphine"},{"id":"D000014147","term":"Tramadol"}],"ancestors":[{"id":"D000000701","term":"Analgesics, Opioid"},{"id":"D000009294","term":"Narcotics"},{"id":"D000002492","term":"Central Nervous System Depressants"},{"id":"D000045505","term":"Physiological Effects of Drugs"},{"id":"D000000700","term":"Analgesics"},{"id":"D000018689","term":"Sensory System Agents"},{"id":"D000018373","term":"Peripheral Nervous System Agents"},{"id":"D000000894","term":"Anti-Inflammatory Agents, Non-Steroidal"},{"id":"D000018712","term":"Analgesics, Non-Narcotic"},{"id":"D000000893","term":"Anti-Inflammatory Agents"},{"id":"D000018501","term":"Antirheumatic Agents"},{"id":"D000016861","term":"Cyclooxygenase Inhibitors"},{"id":"D000004791","term":"Enzyme Inhibitors"},{"id":"D000045504","term":"Molecular Mechanisms of Pharmacological Action"}],"browseLeaves":[{"id":"M16591","name":"Tramadol","asFound":"Relationship","relevance":"HIGH"},{"id":"M22335","name":"Ketorolac","asFound":"Investigational","relevance":"HIGH"},{"id":"M11672","name":"Morphine","asFound":"Irrigation","relevance":"HIGH"},{"id":"M22336","name":"Ketorolac Tromethamine","asFound":"Ciprofloxacin","relevance":"HIGH"},{"id":"M3723","name":"Analgesics, Opioid","relevance":"LOW"},{"id":"M3722","name":"Analgesics","relevance":"LOW"},{"id":"M11935","name":"Narcotics","relevance":"LOW"},{"id":"M3907","name":"Anti-Inflammatory Agents","relevance":"LOW"},{"id":"M3908","name":"Anti-Inflammatory Agents, Non-Steroidal","relevance":"LOW"},{"id":"M20476","name":"Analgesics, Non-Narcotic","relevance":"LOW"},{"id":"M20294","name":"Antirheumatic Agents","relevance":"LOW"},{"id":"M18899","name":"Cyclooxygenase Inhibitors","relevance":"LOW"},{"id":"M7641","name":"Enzyme Inhibitors","relevance":"LOW"}],"browseBranches":[{"abbrev":"Analg","name":"Analgesics"},{"abbrev":"CNSDep","name":"Central Nervous System Depressants"},{"abbrev":"All","name":"All Drugs and Chemicals"},{"abbrev":"Infl","name":"Anti-Inflammatory Agents"},{"abbrev":"ARhu","name":"Antirheumatic Agents"}]}},"hasResults":false}