<?xml version="1.0" encoding="UTF-8"?>
<clinical_study rank="144">
  <!-- This xml conforms to an XML Schema at:
    https://clinicaltrials.gov/ct2/html/images/info/public.xsd -->
  <required_header>
    <download_date>ClinicalTrials.gov processed this data on May 26, 2023</download_date>
    <link_text>Link to the current ClinicalTrials.gov record.</link_text>
    <url>https://clinicaltrials.gov/show/NCT01190345</url>
  </required_header>
  <id_info>
    <org_study_id>AVASTEM/IPC 2009-001</org_study_id>
    <nct_id>NCT01190345</nct_id>
  </id_info>
  <brief_title>Anti Cancer Stem Cell Activity of Pre-operative Bevacizumab and Chemotherapy in Breast Cancer</brief_title>
  <acronym>AVASTEM</acronym>
  <official_title>Phase II&quot; Proof of Concept &quot; Trial Evaluating Anti Cancer Stem Cell Activity of Pre-operative Bevacizumab in Combination With Chemotherapy in Breast Cancer</official_title>
  <sponsors>
    <lead_sponsor>
      <agency>Institut Paoli-Calmettes</agency>
      <agency_class>Other</agency_class>
    </lead_sponsor>
  </sponsors>
  <source>Institut Paoli-Calmettes</source>
  <oversight_info>
    <has_dmc>No</has_dmc>
  </oversight_info>
  <brief_summary>
    <textblock>
      The purpose of this study is to evaluate anti-cancer stem cell (CSC) activity (measured by&#xD;
      the amount of Aldehyde dehydrogenase 1/ALDH1+ cells before and after treatment) of&#xD;
      pre-operative bevacizumab in combination with conventional chemotherapy in breast cancer&#xD;
      receiving neo-adjuvant treatment, compared to a control arm receiving chemotherapy alone.&#xD;
    </textblock>
  </brief_summary>
  <overall_status>Completed</overall_status>
  <start_date type="Actual">May 2010</start_date>
  <completion_date type="Actual">October 6, 2017</completion_date>
  <primary_completion_date type="Actual">July 24, 2012</primary_completion_date>
  <phase>Phase 2</phase>
  <study_type>Interventional</study_type>
  <has_expanded_access>No</has_expanded_access>
  <study_design_info>
    <allocation>Randomized</allocation>
    <intervention_model>Parallel Assignment</intervention_model>
    <primary_purpose>Treatment</primary_purpose>
    <masking>None (Open Label)</masking>
  </study_design_info>
  <primary_outcome>
    <measure>Measure of the anti-cancer stem cell activity</measure>
    <time_frame>4 months</time_frame>
    <description>The anti-cancer stem cell (CSC) activity is measured by the amount of Aldehyde dehydrogenase 1/ALDH1+ cells after 4 cycles of treatment compared to the amount before treatment</description>
  </primary_outcome>
  <secondary_outcome>
    <measure>Evaluation of the safety of the treatment</measure>
    <time_frame>8 months</time_frame>
    <description>Evaluation of the safety of the treatment at each cycle, estimated by the number of patients with clinical and biological adverse events coded according to the CTCAE</description>
  </secondary_outcome>
  <secondary_outcome>
    <measure>Evaluation of the disease-free survival, recurrence-free survival and overall survival</measure>
    <time_frame>5 years</time_frame>
    <description>The disease-free survival, recurrence-free survival and overall survival are calculated from the inclusion to the time of the event</description>
  </secondary_outcome>
  <secondary_outcome>
    <measure>Evaluation of the pathological complete response rate</measure>
    <time_frame>8 months</time_frame>
    <description>Evaluation of the pathological complete response rate according to the classification of Sataloff</description>
  </secondary_outcome>
  <number_of_arms>2</number_of_arms>
  <enrollment type="Anticipated">75</enrollment>
  <condition>Breast Cancer</condition>
  <arm_group>
    <arm_group_label>WITH bevacizumab</arm_group_label>
    <arm_group_type>Experimental</arm_group_type>
    <description>bevacizumab 15 mg/kg on day 1 of each cycle : 4 cycles of 5-fluorouracil 500 mg/m² IV + epirubicin 100 mg/m² IV + cyclophosphamide 500 mg/m² IV (FEC100) every 21 days and 4 cycles of docetaxel 100 mg/m² IV every 21 days.&#xD;
Patients with HER2+ disease will receive trastuzumab (8 mg/kg (IV then 6 mg/kg, every 21 days), which will be started with docetaxel and administered for a total duration of 54 weeks, 18 injections.</description>
  </arm_group>
  <arm_group>
    <arm_group_label>without bevacizumab</arm_group_label>
    <arm_group_type>Active Comparator</arm_group_type>
    <description>4 cycles 5-fluorouracil 500 mg/m² IV + epirubicin 100 mg/m² IV + cyclophosphamide 500 mg/m² IV of (FEC100) every 21 days and 4 cycles of docetaxel 100 mg/m² IV every 21 days.&#xD;
Patients with HER2+ disease will receive trastuzumab (8 mg/kg (IV then 6 mg/kg, every 21 days), which will be started with docetaxel and administered for a total duration of 54 weeks, 18 injections.</description>
  </arm_group>
  <intervention>
    <intervention_type>Drug</intervention_type>
    <intervention_name>bevacizumab</intervention_name>
    <description>Patients receive on day 1 of each cycle : bevacizumab 15 mg/kg (8 injections in total).</description>
    <arm_group_label>WITH bevacizumab</arm_group_label>
    <other_name>avastin</other_name>
  </intervention>
  <intervention>
    <intervention_type>Drug</intervention_type>
    <intervention_name>no bevacizumab</intervention_name>
    <description>no bevacizumab</description>
    <arm_group_label>without bevacizumab</arm_group_label>
  </intervention>
  <eligibility>
    <criteria>
      <textblock>
        Inclusion Criteria:&#xD;
&#xD;
          -  Women older than 18 ys&#xD;
&#xD;
          -  Primary breast cancer treated in the neoadjuvant setting (synchronous metastatic&#xD;
             disease are eligible)&#xD;
&#xD;
          -  Primary breast tumor accessible to initial biopsy&#xD;
&#xD;
          -  White Blood Count &gt; 3.000/µl and Absolute neutrophil count ≥ 1.500/µl AND platelets ≥&#xD;
             100 x 109/L AND Hemoglobin ≥ 9 g/dL, Serum creatinine ≤ 150µm/l• Urine dipstick for&#xD;
             proteinuria &lt; 2+. Patients discovered to have ≥ 2+ proteinuria on dipstick urinalysis&#xD;
             at baseline should undergo a 24 hour urine collection and must demonstrate ≤ 1 g of&#xD;
             protein in 24 hours, Total bilirubin ≤ 1.5 ULN and ASAT &lt; 2.5 ULN AND ALAT &lt; 1.5 ULN&#xD;
             (2.5 if liver metastasis), Adequate coagulation function: International normalized&#xD;
             ratio (INR) ≤ 1.5 and TCA ≤ 1.5 x ULN&#xD;
&#xD;
          -  Left ventricular ejection fraction (LVEF) ≥ 55% (isotopic or&#xD;
&#xD;
          -  ultrasound methods)&#xD;
&#xD;
          -  Karnofsky Index &gt; 1 ; Performance status 0 to 1&#xD;
&#xD;
          -  Patients must have signed a written informed consent form prior to any study specific&#xD;
             screening procedures&#xD;
&#xD;
          -  Patient affiliated to the national &quot;Social Security&quot; regimen or beneficiary of this&#xD;
             regimen.&#xD;
&#xD;
        Exclusion Criteria:&#xD;
&#xD;
          -  Previous history of cancer (other than curatively treated basal and squamous cell&#xD;
             carcinoma of the skin and/or in-situ carcinoma of the cervix) relapsing within the 5&#xD;
             years before study entry&#xD;
&#xD;
          -  Known contra-indication to anticancer compounds used&#xD;
&#xD;
          -  Uncontrolled hypertension (systolic &gt;150 mmHg and/or diastolic &gt;100 mmHg) or history&#xD;
             of hypertensive encephalopathy&#xD;
&#xD;
          -  History of inherited diathesis or recent thrombotic events&#xD;
&#xD;
          -  Non-healing wound, active peptic ulcer or bone fracture.&#xD;
&#xD;
          -  Major surgery or significant traumatic injury within 28 days prior to study treatment&#xD;
             start&#xD;
&#xD;
          -  History of abdominal fistula, trachea-oesophageal fistula or urinary fistula&#xD;
&#xD;
          -  Use of Non Steroid Anti Inflammatory or full dose anticoagulants or antiaggregation&#xD;
             treatments within 10 days&#xD;
&#xD;
          -  Pregnancy and breast feeding, premenopausal patient and no effective contraception&#xD;
&#xD;
          -  Brain metastasis.&#xD;
&#xD;
          -  Any unstable severe disease such as : uncontrolled cardiac or vascular disease,&#xD;
             uncontrolled hemorrhagy, uncontrolled neuropsychiatric disorders, including dementia,&#xD;
             uncontrolled infection or any severe disorders that may preclude study participation&#xD;
&#xD;
          -  Patient considered geographically, socially or psychologically unable to comply with&#xD;
             the treatment and the required medical follow-up.&#xD;
      </textblock>
    </criteria>
    <gender>Female</gender>
    <minimum_age>18 Years</minimum_age>
    <maximum_age>N/A</maximum_age>
    <healthy_volunteers>No</healthy_volunteers>
  </eligibility>
  <overall_official>
    <last_name>Jean-Marc EXTRA, MD</last_name>
    <role>Principal Investigator</role>
    <affiliation>Institut Paoli-Calmettes</affiliation>
  </overall_official>
  <location>
    <facility>
      <name>Jean-Marc EXTRA, MD</name>
      <address>
        <city>Marseille</city>
        <zip>13009</zip>
        <country>France</country>
      </address>
    </facility>
  </location>
  <location>
    <facility>
      <name>Jean-Yves PIERGA</name>
      <address>
        <city>Paris</city>
        <country>France</country>
      </address>
    </facility>
  </location>
  <location>
    <facility>
      <name>Hervé CURE</name>
      <address>
        <city>Reims</city>
        <country>France</country>
      </address>
    </facility>
  </location>
  <location_countries>
    <country>France</country>
  </location_countries>
  <link>
    <url>http://www.institutpaolicalmettes.fr/</url>
    <description>institut Paoli-Calmettes web site</description>
  </link>
  <verification_date>August 2018</verification_date>
  <study_first_submitted>August 24, 2010</study_first_submitted>
  <study_first_submitted_qc>August 26, 2010</study_first_submitted_qc>
  <study_first_posted type="Estimate">August 27, 2010</study_first_posted>
  <last_update_submitted>August 10, 2018</last_update_submitted>
  <last_update_submitted_qc>August 10, 2018</last_update_submitted_qc>
  <last_update_posted type="Actual">August 13, 2018</last_update_posted>
  <responsible_party>
    <responsible_party_type>Sponsor</responsible_party_type>
  </responsible_party>
  <keyword>breast cancer</keyword>
  <condition_browse>
    <!-- CAUTION:  The following MeSH terms are assigned with an imperfect algorithm            -->
    <mesh_term>Breast Neoplasms</mesh_term>
  </condition_browse>
  <intervention_browse>
    <!-- CAUTION:  The following MeSH terms are assigned with an imperfect algorithm            -->
    <mesh_term>Bevacizumab</mesh_term>
  </intervention_browse>
  <!-- Results have not yet been posted for this study                                          -->
</clinical_study>

