{"protocolSection":{"identificationModule":{"nctId":"NCT04460820","orgStudyIdInfo":{"id":"DRBX201901/PRO"},"organization":{"fullName":"CSPC ZhongQi Pharmaceutical Technology Co., Ltd.","class":"INDUSTRY"},"briefTitle":"A Bioequivalence Study of Doxorubicin Hydrochloride Liposome Injection","officialTitle":"A Randomized,Open-label, Single-Dose,Two-Cycle,Crossover Bioequivalence Study of Doxorubicin Hydrochloride Liposome Injection Under Advanced Breast Cancers"},"statusModule":{"statusVerifiedDate":"2020-07","overallStatus":"COMPLETED","expandedAccessInfo":{"hasExpandedAccess":false},"startDateStruct":{"date":"2019-07-04","type":"ACTUAL"},"primaryCompletionDateStruct":{"date":"2019-12-23","type":"ACTUAL"},"completionDateStruct":{"date":"2019-12-23","type":"ACTUAL"},"studyFirstSubmitDate":"2020-07-02","studyFirstSubmitQcDate":"2020-07-02","studyFirstPostDateStruct":{"date":"2020-07-08","type":"ACTUAL"},"lastUpdateSubmitDate":"2020-07-02","lastUpdatePostDateStruct":{"date":"2020-07-08","type":"ACTUAL"}},"sponsorCollaboratorsModule":{"responsibleParty":{"type":"SPONSOR"},"leadSponsor":{"name":"CSPC ZhongQi Pharmaceutical Technology Co., Ltd.","class":"INDUSTRY"}},"oversightModule":{"oversightHasDmc":false,"isFdaRegulatedDrug":false,"isFdaRegulatedDevice":false},"descriptionModule":{"briefSummary":"A Randomized,Open-label, Single-Dose,Two-Cycle,Cross- Bioequivalence Study of Doxorubicin Hydrochloride Liposome Injection Under Advanced Breast Cancers.","detailedDescription":"Bioequivalence Study of Doxorubicin Hydrochloride Liposome Injection , 20 mg:10 mL (CSPC OuYi Pharmaceutical Technology Co, Ltd), and Caelyx®, 20 mg:10 mL (Janssen-Cilag International NV), in Advanced Breast Cancers."},"conditionsModule":{"conditions":["Bioequivalence"]},"designModule":{"studyType":"INTERVENTIONAL","phases":["NA"],"designInfo":{"allocation":"RANDOMIZED","interventionModel":"CROSSOVER","primaryPurpose":"TREATMENT","maskingInfo":{"masking":"NONE"}},"enrollmentInfo":{"count":32,"type":"ACTUAL"}},"armsInterventionsModule":{"armGroups":[{"label":"Doxorubicin Hydrochloride Liposome Injection","type":"EXPERIMENTAL","description":"50mg/m2 ,IV on Day 1 of each cycle","interventionNames":["Drug: Doxorubicin Hydrochloride Liposome Injection"]},{"label":"Doxorubicin Hydrochloride Liposome Injection(Caelyx®)","type":"ACTIVE_COMPARATOR","description":"50mg/m2 ,IV on Day 1 of each cycle","interventionNames":["Drug: Doxorubicin Hydrochloride Liposome Injection"]}],"interventions":[{"type":"DRUG","name":"Doxorubicin Hydrochloride Liposome Injection","interventionMappedName":[],"description":"50mg/m2,IV on Day 1 of each cycle","armGroupLabels":["Doxorubicin Hydrochloride Liposome Injection","Doxorubicin Hydrochloride Liposome Injection(Caelyx®)"]}]},"outcomesModule":{"primaryOutcomes":[{"measure":"Cmax","description":"The pharmacokinetics(PK) profile of Doxorubicin Hydrochloride Liposome Injection","timeFrame":"up to 15 days post-adminstration"},{"measure":"AUC","description":"The pharmacokinetics(PK) profile of Doxorubicin Hydrochloride Liposome Injection","timeFrame":"up to 15 days post-adminstration"},{"measure":"Tmax","description":"The pharmacokinetics(PK) profile of Doxorubicin Hydrochloride Liposome Injection","timeFrame":"up to 15 days post-adminstration"}]},"eligibilityModule":{"eligibilityCriteria":"Inclusion Criteria:\n\n* 1.Voluntary agreement to provide written informed consent. 2.Patients with locally advanced or metastatic breast cancer diagnosed by histology or cytology，and who may benefit from monotherapy of Doxorubicin liposomes.\n\n  3.Females age 18 to 75 years, inclusive. 4.Body weight ≥45.0 kg, and BSA\\<1.80m2. 5.The ECOG performance status is 0 to 2. 6.The expected survival time is more than 3 months. 7.Subjects must have laboratory values within the limits described below: ANC ≥1.5 x 109/L PLT ≥100 x 109/L HB ≥90 g/L PT/INR and APTT ≤1.5 x ULN Cr ≤1.5 x ULN Serum total bilirubin ≤1.5 x ULN(OR ≤3 X ULN for subjects with liver metastases) AST (SGOT) and ALT (SGPT) ≤2.5 x ULN (OR ≤5 X ULN for subjects with liver metastases) 8.The subjects had no pregnancy plan and volunteered to use effective contraception and had no egg donation plan within 6 months after entering the study.\n\n  9.The subject will be able to communicate well with the investigator and understand and comply with the requirements of the study.\n\nExclusion Criteria:\n\n* 1.Significant allergy, hypersensitivity or idiosyncratic reactions to doxorubicin and/or any related compounds.\n\n  2.Treatments were terminated due to treatment failure or serious adverse reactions in subjects who had previously used doxorubicin liposomes.\n\n  3.Patients with severe cardiovascular, lung, liver, kidney, gastrointestinal, endocrine, immune system, skin, musculoskeletal, neurological or psychiatric conditions that the researchers did not consider appropriate for inclusion.\n\n  4.Patients who had undergone major surgery within 3 months before screening, or planned to undergo major surgery during the study period.\n\n  5.Having a history of alcoholism, drug abuse or drug abuse. 6.The results of alcohol breath test were more than 0.0mg/100ml or drug abuse screening was positive (Methamphetamine, ketamine, MDMA,Tetrahydrocannabinol).\n\n  7.Pregnant or breast-feeding female. 8.Positive result to any of the following: HIV-1/2, hepatitis B and C; syphilis.\n\n  9.Study drug prior to radiation or the use of chemotherapy drugs less than 28 days, or other antineoplastic therapy (e.g., endocrine therapy, Chinese medicine treatment, the local radiotherapy of pain relief, etc.) is less than 14 days, or during the study period need to merge the other anti-tumor drug treatment.\n\n  10.Impaired cardiac function: QTc\\>470ms; LVEF（left ventricular ejection fraction） below 50% or below institutional normal at screening; Congestive heart failure of grade≥ 2 from NYHA classification, myocardial infarction or uncontrolled angina pectoris occurred within 6 months before enrollment; Have had bypass surgery; 11. Blood donation or massive blood loss within 90 days before screening (\\> 400ml) .\n\n  12.The total cumulative dose of doxorubicin was ≥300mg/m2 before screening, or previous administration of anthracycline caused severe cardiotoxicity.\n\n  13.Eating a specific diet (such as grapefruit) within 48 hours prior to enrollment can affect drug absorption, distribution, metabolism, and excretion.\n\n  14.Participating in other clinical trials and accepting clinical trial drugs within 28 days prior to enrollment.\n\n  15.Other researchers judged unsuitable for participation.","healthyVolunteers":false,"sex":"FEMALE","minimumAge":"18 Years","maximumAge":"75 Years","stdAges":["ADULT","OLDER_ADULT"]},"contactsLocationsModule":{"locations":[{"facility":"Fourth Hospital of Hebei Medical University","city":"Shijiazhuang","state":"Hebei","zip":"050000","country":"China","geoPoint":{"lat":38.04139,"lon":114.47861}}],"locations_nested":[{"facility":"Fourth Hospital of Hebei Medical University","city":"Shijiazhuang","state":"Hebei","zip":"050000","country":"China","geoPoint":{"lat":38.04139,"lon":114.47861}}]}},"derivedSection":{"miscInfoModule":{"versionHolder":"2023-07-03","modelPredictions":{"bmiLimits":{"minBmi":0.00,"maxBmi":101.00}}},"conditionBrowseModule":{"browseLeaves":[{"id":"M4910","name":"Breast Neoplasms","relevance":"LOW"}],"browseBranches":[{"abbrev":"BC04","name":"Neoplasms"},{"abbrev":"BC17","name":"Skin and Connective Tissue Diseases"},{"abbrev":"All","name":"All Conditions"}]},"interventionBrowseModule":{"meshes":[{"id":"D000004317","term":"Doxorubicin"},{"id":"C000506643","term":"Liposomal doxorubicin"}],"ancestors":[{"id":"D000000903","term":"Antibiotics, Antineoplastic"},{"id":"D000000970","term":"Antineoplastic Agents"},{"id":"D000059005","term":"Topoisomerase II Inhibitors"},{"id":"D000059003","term":"Topoisomerase Inhibitors"},{"id":"D000004791","term":"Enzyme Inhibitors"},{"id":"D000045504","term":"Molecular Mechanisms of Pharmacological Action"}],"browseLeaves":[{"id":"M7182","name":"Doxorubicin","asFound":"Increase","relevance":"HIGH"},{"id":"M227283","name":"Liposomal doxorubicin","asFound":"Increase","relevance":"HIGH"},{"id":"M3912","name":"Anti-Bacterial Agents","relevance":"LOW"},{"id":"M3914","name":"Antibiotics, Antitubercular","relevance":"LOW"},{"id":"M7641","name":"Enzyme Inhibitors","relevance":"LOW"}],"browseBranches":[{"abbrev":"ANeo","name":"Antineoplastic Agents"},{"abbrev":"All","name":"All Drugs and Chemicals"},{"abbrev":"Infe","name":"Anti-Infective Agents"}]}},"hasResults":false}