{"protocolSection":{"identificationModule":{"nctId":"NCT03281720","orgStudyIdInfo":{"id":"LCCC1622"},"secondaryIdInfos":[{"id":"16-1583","type":"OTHER","domain":"UNC Chapel Hill IRB"}],"organization":{"fullName":"UNC Lineberger Comprehensive Cancer Center","class":"OTHER"},"briefTitle":"Selective Image Guided Resection of Pathologically Documented Axillary Lymph Node Metastases","officialTitle":"Selective Image Guided Resection of Pathologically Documented Axillary Lymph Node Metastases","acronym":"TAD"},"statusModule":{"statusVerifiedDate":"2023-01","overallStatus":"COMPLETED","expandedAccessInfo":{"hasExpandedAccess":false},"startDateStruct":{"date":"2017-04-07","type":"ACTUAL"},"primaryCompletionDateStruct":{"date":"2021-03-04","type":"ACTUAL"},"completionDateStruct":{"date":"2021-05-24","type":"ACTUAL"},"studyFirstSubmitDate":"2017-09-11","studyFirstSubmitQcDate":"2017-09-11","studyFirstPostDateStruct":{"date":"2017-09-13","type":"ACTUAL"},"lastUpdateSubmitDate":"2023-01-03","lastUpdatePostDateStruct":{"date":"2023-01-04","type":"ACTUAL"}},"sponsorCollaboratorsModule":{"responsibleParty":{"type":"SPONSOR"},"leadSponsor":{"name":"UNC Lineberger Comprehensive Cancer Center","class":"OTHER"}},"oversightModule":{"oversightHasDmc":true,"isFdaRegulatedDrug":false,"isFdaRegulatedDevice":false},"descriptionModule":{"briefSummary":"The purpose of this research study is to determine how feasible and accurate identifying and removing specific lymph nodes in the axilla (armpit) after neoadjuvant systemic therapy is when patients present with breast cancer that has spread to lymph nodes in the axilla. The specific lymph nodes removed would be determined at the time of diagnosis. If a biopsy proves that cancer has spread to a lymph node, a titanium clip will placed in it to mark it for future removal. That lymph node will be removed after systemic therapy and compared with the rest of the lymph nodes removed from that region."},"conditionsModule":{"conditions":["Breast Cancer"]},"designModule":{"studyType":"INTERVENTIONAL","phases":["NA"],"designInfo":{"allocation":"NA","interventionModel":"SINGLE_GROUP","primaryPurpose":"TREATMENT","maskingInfo":{"masking":"NONE"}},"enrollmentInfo":{"count":100,"type":"ACTUAL"}},"armsInterventionsModule":{"armGroups":[{"label":"Targeted Axillary Dissection","type":"EXPERIMENTAL","description":"After patients have completed their neoadjuvant systemic therapy, they will have a Savi Scout® electromagnetic reflector placed into the clipped axillary lymph nodes.\n\nThe surgeon will then use the Savi Scout detector intraoperatively to identify and remove your clipped lymph nodes prior to removing the remainder of the axillary lymph nodes in a surgery called an \"axillary dissection\".","interventionNames":["Procedure: TAD"]}],"interventions":[{"type":"PROCEDURE","name":"TAD","description":"the same intervention as listed in the arm description","armGroupLabels":["Targeted Axillary Dissection"]}]},"outcomesModule":{"primaryOutcomes":[{"measure":"The false negative rate of TAD","description":"will be defined as the percentage of patients in whom the lymph nodes identified with TAD were free of residual metastatic disease while remaining metastatic disease was demonstrated in the completion axillary lymph node dissection","timeFrame":"two years"}],"secondaryOutcomes":[{"measure":"Nodal pathologic complete response","description":"will be defined as no residual carcinoma in any lymph node sampled during TAD and/or ALND.","timeFrame":"two years"},{"measure":"The percentage of lymph nodes removed with ALND not identified by TAD that harbor residual metastasis","description":"will be calculated by the formula: (# pos LN/# LN sampled by ALND) x 100","timeFrame":"two years"},{"measure":"The success rate of preoperative localization with the Savi Scout®","description":"will be determined by the number of reflectors placed versus the number of reflectors detected at the time of surgery.","timeFrame":"two years"}]},"eligibilityModule":{"eligibilityCriteria":"Inclusion Criteria:\n\n1. Histologic diagnosis of invasive breast cancer, clinical stage T0-3 N1-3 (maximum three abnormal axillary nodes on ultrasound exam) M0.\n2. Core needle biopsy (or fine needle aspiration (FNA)) of an axillary node documenting nodal disease at time of diagnosis and prior to preoperative systemic therapy or surgery. Clinical care marker clip placed in the abnormal axillary nodes identified at ultrasound at the time of core needle or FNA of an axillary node that documented nodal disease.\n3. Subjects must be undergoing neoadjuvant systemic therapy (or have just completed it) prior to the surgical intervention.\n4. No prior axillary lymph node surgery for pathological confirmation of axillary status.\n5. No nitinol (nickel-titanium) allergy. The Savi Scout ® marker device contains nitinol.\n6. Females of childbearing potential must have a negative serum pregnancy test within 14 days prior to receipt of chemotherapy. NOTE: Females are considered of child bearing potential unless they are surgically sterile (have undergone a hysterectomy, bilateral tubal ligation, or bilateral oophorectomy) or they are naturally postmenopausal for at least 12 consecutive months\n7. Females of childbearing potential must be willing to abstain from heterosexual activity or to use 2 forms of effective methods of contraception from the time of informed consent until 30 days after chemotherapy discontinuation. The two contraception methods can be comprised of two barrier methods, or a barrier method plus a hormonal method or an intrauterine device that meets \\<1% failure rate for protection from pregnancy in the product label.\n8. As determined by the enrolling physician or protocol designee, ability of the subject to understand and comply with study procedures for the entire length of the study.\n\nExclusion Criteria:\n\n1. Active infection requiring systemic therapy\n2. Has a known additional malignancy that is active and/or progressive requiring treatment; exceptions include basal cell or squamous cell skin cancer, in situ cervical or bladder cancer.\n3. Any distant metastasis by imaging and biopsy (cM1)\n4. Patients not receiving neoadjuvant systemic therapy.","healthyVolunteers":false,"sex":"FEMALE","minimumAge":"18 Years","maximumAge":"99 Years","stdAges":["ADULT","OLDER_ADULT"]},"contactsLocationsModule":{"locations":[{"facility":"UNC- Chapel Hill Lineberger Comprehensive Cancer Center","city":"Chapel Hill","state":"North Carolina","zip":"27599","country":"United States","geoPoint":{"lat":35.9132,"lon":-79.05584}}],"locations_nested":[{"facility":"UNC- Chapel Hill Lineberger Comprehensive Cancer Center","city":"Chapel Hill","state":"North Carolina","zip":"27599","country":"United States","geoPoint":{"lat":35.9132,"lon":-79.05584}}]}},"derivedSection":{"miscInfoModule":{"versionHolder":"2023-07-03","modelPredictions":{"bmiLimits":{"minBmi":0.00,"maxBmi":101.00}}},"conditionBrowseModule":{"meshes":[{"id":"D000008207","term":"Lymphatic Metastasis"}],"ancestors":[{"id":"D000009362","term":"Neoplasm Metastasis"},{"id":"D000009385","term":"Neoplastic Processes"},{"id":"D000009369","term":"Neoplasms"},{"id":"D000010335","term":"Pathologic Processes"}],"browseLeaves":[{"id":"M4910","name":"Breast Neoplasms","relevance":"LOW"},{"id":"M11997","name":"Neoplasm Metastasis","relevance":"LOW"},{"id":"M10894","name":"Lymphatic Metastasis","asFound":"Lymph Node Metastasis","relevance":"HIGH"},{"id":"M12020","name":"Neoplastic Processes","relevance":"LOW"}],"browseBranches":[{"abbrev":"BC04","name":"Neoplasms"},{"abbrev":"BC17","name":"Skin and Connective Tissue Diseases"},{"abbrev":"All","name":"All Conditions"},{"abbrev":"BC23","name":"Symptoms and General Pathology"}]},"interventionBrowseModule":{}},"hasResults":false}