<?xml version="1.0" encoding="UTF-8"?>
<clinical_study rank="399">
  <!-- This xml conforms to an XML Schema at:
    https://clinicaltrials.gov/ct2/html/images/info/public.xsd -->
  <required_header>
    <download_date>ClinicalTrials.gov processed this data on May 26, 2023</download_date>
    <link_text>Link to the current ClinicalTrials.gov record.</link_text>
    <url>https://clinicaltrials.gov/show/NCT00003428</url>
  </required_header>
  <id_info>
    <org_study_id>98-038</org_study_id>
    <secondary_id>CDR0000066453</secondary_id>
    <secondary_id>LILLY-H4Z-MC-JWWD(a)</secondary_id>
    <secondary_id>NCI-G98-1451</secondary_id>
    <nct_id>NCT00003428</nct_id>
  </id_info>
  <brief_title>Hormone Therapy in Treating Women With Breast Cancer</brief_title>
  <official_title>Phase II Randomized Double-Blind Evaluation of Two Dose Levels of LY353381 Hydrochloride Administered to Women With Locally Advanced or Metastatic Breast Cancer</official_title>
  <sponsors>
    <lead_sponsor>
      <agency>Memorial Sloan Kettering Cancer Center</agency>
      <agency_class>Other</agency_class>
    </lead_sponsor>
    <collaborator>
      <agency>National Cancer Institute (NCI)</agency>
      <agency_class>NIH</agency_class>
    </collaborator>
  </sponsors>
  <source>Memorial Sloan Kettering Cancer Center</source>
  <brief_summary>
    <textblock>
      RATIONALE: Estrogen can stimulate the growth of breast cancer cells. Hormone therapy using&#xD;
      arzoxifene hydrochloride may fight breast cancer by blocking the use of estrogen by the tumor&#xD;
      cells.&#xD;
&#xD;
      PURPOSE: This randomized phase II trial is comparing two different doses of arzoxifene&#xD;
      hydrochloride to see how well it works in treating women with advanced or metastatic breast&#xD;
      cancer.&#xD;
    </textblock>
  </brief_summary>
  <detailed_description>
    <textblock>
      OBJECTIVES: I. Compare the response rate or clinical benefit rate in patients with locally&#xD;
      advanced or metastatic breast cancer treated with 1 of 2 different doses of arzoxifene&#xD;
      hydrochloride. II. Compare the response rates and clinical benefit rates for patients with&#xD;
      tamoxifen-sensitive versus tamoxifen-refractory disease. III. Compare the degree of toxicity&#xD;
      between the 2 doses of arzoxifene hydrochloride in these patients. IV. Compare the quality of&#xD;
      life and survival of these patients receiving high versus low dose arzoxifene hydrochloride.&#xD;
      V. Determine the time to progressive disease, time to treatment failure, and response&#xD;
      duration of this treatment in these patients. VII. Measure changes in serum estradiol,&#xD;
      follicle stimulating hormone, luteinizing hormone, and sex hormone binding globulin in these&#xD;
      patients during treatment.&#xD;
&#xD;
      OUTLINE: This is a randomized, double blind study. Patients are stratified according to&#xD;
      number of metastatic sites (less than 3 vs 3 or more), tamoxifen sensitivity (sensitive vs&#xD;
      refractory), and degree of estrogen receptor positivity (high vs low vs unknown). Patients&#xD;
      are randomized to receive 1 of 2 doses of arzoxifene hydrochloride. Patients receive&#xD;
      arzoxifene hydrochloride orally once daily for 12 weeks. Treatment continues in the absence&#xD;
      of toxicity and disease progression. Quality of life is assessed before, during, and at the&#xD;
      completion of the study. Patients are followed every 4 weeks for 12 weeks, at 30 days after&#xD;
      the last treatment, and every 2-3 months after the last treatment.&#xD;
&#xD;
      PROJECTED ACCRUAL: This study will accrue 104-114 patients.&#xD;
    </textblock>
  </detailed_description>
  <overall_status>Completed</overall_status>
  <start_date>May 1998</start_date>
  <completion_date type="Actual">June 2001</completion_date>
  <primary_completion_date type="Actual">June 2001</primary_completion_date>
  <phase>Phase 2</phase>
  <study_type>Interventional</study_type>
  <has_expanded_access>No</has_expanded_access>
  <study_design_info>
    <allocation>Randomized</allocation>
    <primary_purpose>Treatment</primary_purpose>
  </study_design_info>
  <enrollment type="Anticipated">114</enrollment>
  <condition>Breast Cancer</condition>
  <intervention>
    <intervention_type>Drug</intervention_type>
    <intervention_name>arzoxifene hydrochloride</intervention_name>
  </intervention>
  <eligibility>
    <criteria>
      <textblock>
        DISEASE CHARACTERISTICS: Histologically proven locally advanced or metastatic breast cancer&#xD;
        and meeting one of the following criteria: No prior systemic therapy OR Relapsed more than&#xD;
        12 months after stopping adjuvant tamoxifen (tamoxifen- sensitive) OR Relapsed while&#xD;
        receiving adjuvant tamoxifen for more than 12 months (tamoxifen-refractory) OR Disease&#xD;
        progression while receiving tamoxifen as first-line treatment for metastatic breast cancer&#xD;
        (tamoxifen-refractory) Evaluable or bidimensionally measurable disease No rapid disease&#xD;
        progression requiring chemotherapy Brain metastases allowed if stable for at least 6 months&#xD;
        after surgery or radiotherapy, with no increase in corticosteroids Hormone receptor status:&#xD;
        Estrogen receptor positive AND/OR Progesterone receptor positive OR Unknown status allowed&#xD;
        if over 50 years old&#xD;
&#xD;
        PATIENT CHARACTERISTICS: Age: 18 and over Sex: Female Menopausal status: Not specified&#xD;
        Performance status: ECOG 0-1 Life expectancy: At least 24 weeks Hematopoietic: Granulocyte&#xD;
        count at least 1500/mm3 Platelet count at least 100,000/mm3 Hemoglobin at least 9 g/dL,&#xD;
        transfusion independent Hepatic: Bilirubin no greater than 1.5 times normal PT/PTT no&#xD;
        greater than 1.25 times upper limit of normal (ULN) ALT/AST no greater than 2.5 times ULN&#xD;
        Renal: Creatinine less than 1.5 times ULN Calcium no greater than 11 mg/dL No hypercalcemia&#xD;
        Other: Not pregnant or nursing Fertile patients must use approved nonhormonal contraceptive&#xD;
        during and for 3 months after study No known predisposition to thromboembolic disorder At&#xD;
        least 5 years since other primary malignancy except: Adequately treated nonmelanomatous&#xD;
        skin cancer Carcinoma in situ of the cervix No serious concurrent systemic disorders&#xD;
        incompatible with study&#xD;
&#xD;
        PRIOR CONCURRENT THERAPY: Biologic therapy: No concurrent immunotherapy Concurrent&#xD;
        hematopoietic growth factor allowed Chemotherapy: No prior chemotherapy for metastatic&#xD;
        breast cancer No concurrent chemotherapy Endocrine therapy: No prior hormonal therapy for&#xD;
        metastatic breast cancer (except tamoxifen) No concurrent supplemental estrogen or&#xD;
        progesterone At least 3 weeks since prior estrogen replacement therapy No other concurrent&#xD;
        hormone therapy Radiotherapy: At least 2 weeks since prior radiotherapy Surgery: Not&#xD;
        specified Other: At least 4 weeks since prior use of other investigational agents&#xD;
        Concurrent bisphosphonate therapy allowed No other concurrent investigational agent&#xD;
      </textblock>
    </criteria>
    <gender>Female</gender>
    <minimum_age>18 Years</minimum_age>
    <maximum_age>N/A</maximum_age>
    <healthy_volunteers>No</healthy_volunteers>
  </eligibility>
  <overall_official>
    <last_name>Clifford A. Hudis, MD</last_name>
    <role>Study Chair</role>
    <affiliation>Memorial Sloan Kettering Cancer Center</affiliation>
  </overall_official>
  <location>
    <facility>
      <name>Memorial Sloan-Kettering Cancer Center</name>
      <address>
        <city>New York</city>
        <state>New York</state>
        <zip>10021</zip>
        <country>United States</country>
      </address>
    </facility>
  </location>
  <location_countries>
    <country>United States</country>
  </location_countries>
  <verification_date>June 2013</verification_date>
  <study_first_submitted>November 1, 1999</study_first_submitted>
  <study_first_submitted_qc>September 10, 2004</study_first_submitted_qc>
  <study_first_posted type="Estimate">September 13, 2004</study_first_posted>
  <last_update_submitted>June 20, 2013</last_update_submitted>
  <last_update_submitted_qc>June 20, 2013</last_update_submitted_qc>
  <last_update_posted type="Estimate">June 24, 2013</last_update_posted>
  <keyword>stage IV breast cancer</keyword>
  <keyword>recurrent breast cancer</keyword>
  <condition_browse>
    <!-- CAUTION:  The following MeSH terms are assigned with an imperfect algorithm            -->
    <mesh_term>Breast Neoplasms</mesh_term>
  </condition_browse>
  <!-- Results have not yet been posted for this study                                          -->
</clinical_study>

