<?xml version="1.0" encoding="UTF-8"?>
<clinical_study rank="220">
  <!-- This xml conforms to an XML Schema at:
    https://clinicaltrials.gov/ct2/html/images/info/public.xsd -->
  <required_header>
    <download_date>ClinicalTrials.gov processed this data on May 26, 2023</download_date>
    <link_text>Link to the current ClinicalTrials.gov record.</link_text>
    <url>https://clinicaltrials.gov/show/NCT02783222</url>
  </required_header>
  <id_info>
    <org_study_id>EFFECT</org_study_id>
    <secondary_id>2012-002707-18</secondary_id>
    <nct_id>NCT02783222</nct_id>
  </id_info>
  <brief_title>EFficacy and Impact on Function of Two Different Doses of Nab-paclitaxEl in Elderly With advanCed breasT Cancer</brief_title>
  <acronym>EFFECT</acronym>
  <official_title>EFFECT: A Randomized Phase II Study to Evaluate the EFficacy and Impact on Function of Two Different Doses of Nab-paclitaxEl in Elderly Patients With advanCed breasT Cancer</official_title>
  <sponsors>
    <lead_sponsor>
      <agency>Fondazione Sandro Pitigliani</agency>
      <agency_class>Other</agency_class>
    </lead_sponsor>
  </sponsors>
  <source>Fondazione Sandro Pitigliani</source>
  <oversight_info>
    <has_dmc>No</has_dmc>
  </oversight_info>
  <brief_summary>
    <textblock>
      This is a randomized study evaluating the efficacy and impact on function of two different&#xD;
      doses of nab-Paclitaxel in elderly patients with advanced breast cancer.&#xD;
    </textblock>
  </brief_summary>
  <detailed_description>
    <textblock>
      This open-label, randomized phase II trial evaluates in parallel two doses of nab-Paclitaxel&#xD;
      (100 and 125mg/m2) given weekly for 3 weeks every 28 days, in elderly women aged 65 years or&#xD;
      older, as first line treatment for advanced breast cancer (locally recurrent or metastatic).&#xD;
      A short geriatric evaluation of co-morbidity and functional status will be performed before&#xD;
      study entry. The functional status will be monitored at baseline and at every cycles during&#xD;
      treatment.&#xD;
    </textblock>
  </detailed_description>
  <overall_status>Completed</overall_status>
  <start_date type="Actual">January 30, 2013</start_date>
  <completion_date type="Actual">December 2017</completion_date>
  <primary_completion_date type="Actual">September 22, 2017</primary_completion_date>
  <phase>Phase 2</phase>
  <study_type>Interventional</study_type>
  <has_expanded_access>No</has_expanded_access>
  <study_design_info>
    <allocation>Randomized</allocation>
    <intervention_model>Parallel Assignment</intervention_model>
    <primary_purpose>Treatment</primary_purpose>
    <masking>None (Open Label)</masking>
  </study_design_info>
  <primary_outcome>
    <measure>Event-free survival (EFS)</measure>
    <time_frame>Every 12 weeks, until disease progression or death or trial completion (12 months after randomization of the last patient).</time_frame>
    <description>Event is defined as either disease progression or death, or functional decline. Functional decline is defined as decreased in at least 1 point from baseline ADL, and/or IADL, as confirmed by the investigator as treatment-related and confirmed at the subsequent cycle</description>
  </primary_outcome>
  <secondary_outcome>
    <measure>Objective response rate (ORR)</measure>
    <time_frame>Every 12 weeks, until disease progression or trial completion (12 months after randomization of the last patient).</time_frame>
    <description>Documentation of disease response or progression will be based on RECIST 1.1 criteria</description>
  </secondary_outcome>
  <secondary_outcome>
    <measure>Clinical benefit rate (CBR)</measure>
    <time_frame>Every 12 weeks, until disease progression or trial completion (12 months after randomization of the last patient)</time_frame>
    <description>Documentation of disease response or progression will be based on RECIST 1.1 criteria</description>
  </secondary_outcome>
  <secondary_outcome>
    <measure>Progression free survival (PFS)</measure>
    <time_frame>Every 12 weeks, until disease progression or death or trial completion (12 months after randomization of the last patient)</time_frame>
    <description>Documentation of disease progression will be based on RECIST 1.1 criteria</description>
  </secondary_outcome>
  <secondary_outcome>
    <measure>Overall survival (OS)</measure>
    <time_frame>Every 12 weeks until death or trial completion (12 months after randomization of the last patient)</time_frame>
    <description>Documentation of death</description>
  </secondary_outcome>
  <secondary_outcome>
    <measure>Incidence of adverse events</measure>
    <time_frame>Every 12 weeks until event occurrence or trial completion (12 months after randomization of the last patient)</time_frame>
    <description>Severity will be reported based on CTCAE v4.0</description>
  </secondary_outcome>
  <number_of_arms>2</number_of_arms>
  <enrollment type="Actual">160</enrollment>
  <condition>Breast Cancer</condition>
  <arm_group>
    <arm_group_label>Arm B</arm_group_label>
    <arm_group_type>Active Comparator</arm_group_type>
    <description>Nab-paclitaxel 125 mg/mq weekly for 3 out of every 4 weeks</description>
  </arm_group>
  <arm_group>
    <arm_group_label>Arm A</arm_group_label>
    <arm_group_type>Experimental</arm_group_type>
    <description>Nab-paclitaxel 100 mg/mq weekly for 3 out of every 4 weeks</description>
  </arm_group>
  <intervention>
    <intervention_type>Drug</intervention_type>
    <intervention_name>Nab-paclitaxel</intervention_name>
    <description>comparison of different dosages of drug</description>
    <arm_group_label>Arm A</arm_group_label>
    <arm_group_label>Arm B</arm_group_label>
    <other_name>Abraxane</other_name>
  </intervention>
  <eligibility>
    <criteria>
      <textblock>
        Inclusion Criteria:&#xD;
&#xD;
          -  Histologically or cytologically confirmed breast cancer, locally recurrent and/or&#xD;
             metastatic; any estrogen/progesterone receptor status; HER2 receptor negative OR HER2&#xD;
             positive but with contraindication to anti-HER2 therapy (e.g. known congestive cardiac&#xD;
             failure).&#xD;
&#xD;
          -  Measurable disease or non-measurable but evaluable disease according to RECIST 1.1&#xD;
             criteria&#xD;
&#xD;
          -  ECOG performance status 0-2&#xD;
&#xD;
          -  Estimated life expectancy of ≥ 12 weeks&#xD;
&#xD;
          -  No known active/symptomatic CNS metastases&#xD;
&#xD;
          -  No previous chemotherapy for breast cancer in the advanced setting&#xD;
&#xD;
          -  Adequate organ function including ( Hemoglobin ≥ 9g/dL; Absolute neutrophil count ≥&#xD;
             1.5 x 10^9/L; Platelets ≥ 100 x 10^9/L; Bilirubin ≤ 1.5 mg/dL; ALT and AST ≤ 3 x ULN&#xD;
             (with or without known hepatic metastases); ALP ≤ 2.5 x ULN; Serum creatinine ≤ 1.5&#xD;
             ULN or calculated creatinine clearance (CrCl) ≥ 50mL/min according to the Cockcroft&#xD;
             Gault formula&#xD;
&#xD;
          -  Written informed consent (according to ICH/GCP and national/local regulations)&#xD;
&#xD;
        Exclusion Criteria:&#xD;
&#xD;
          -  Significant peripheral neuropathy (significant peripheral neuropathy is defined as ≥&#xD;
             grade 2 on CTCAE v4.0 criteria)&#xD;
&#xD;
          -  Clinically significant comorbidities including: uncontrolled cardiac arrhythmias&#xD;
             (except rate-controlled atrial fibrillation), NYHA class III or IV cardiac failure,&#xD;
             uncontrolled diabetes, hypertension or other medical conditions that may interfere&#xD;
             with assessment of toxicity&#xD;
&#xD;
          -  Other malignancy within the last 5 years, except for adequately treated&#xD;
             non-melanomatous skin cancers, cervical intraepithelial neoplasia or cervical&#xD;
             carcinoma in situ&#xD;
&#xD;
          -  Intake of any concomitant medications or therapies that may potentially interact with&#xD;
             the trial agent. Any prohibited medication must be discontinued at least 14 days prior&#xD;
             to trial entry&#xD;
&#xD;
          -  Presence of any psychological, familial, sociological or geographical condition that&#xD;
             may potentially hamper compliance with the study protocol and follow-up schedule;&#xD;
             these conditions should be discussed with the patient before trial registration&#xD;
      </textblock>
    </criteria>
    <gender>Female</gender>
    <minimum_age>65 Years</minimum_age>
    <maximum_age>N/A</maximum_age>
    <healthy_volunteers>No</healthy_volunteers>
  </eligibility>
  <overall_official>
    <last_name>Laura Biganzoli, MD</last_name>
    <role>Principal Investigator</role>
    <affiliation>Azienda USL Toscana Centro - Prato</affiliation>
  </overall_official>
  <location>
    <facility>
      <name>A.O.U. Ospedali Riuniti</name>
      <address>
        <city>Ancona</city>
        <zip>60100</zip>
        <country>Italy</country>
      </address>
    </facility>
  </location>
  <location>
    <facility>
      <name>Centro Di Riferimento Oncologico</name>
      <address>
        <city>Aviano</city>
        <zip>33081</zip>
        <country>Italy</country>
      </address>
    </facility>
  </location>
  <location>
    <facility>
      <name>Azienda Ospedaliera Papa Giovanni Xxiii</name>
      <address>
        <city>Bergamo</city>
        <zip>24127</zip>
        <country>Italy</country>
      </address>
    </facility>
  </location>
  <location>
    <facility>
      <name>Spedali Civili Brescia</name>
      <address>
        <city>Brescia</city>
        <zip>25125</zip>
        <country>Italy</country>
      </address>
    </facility>
  </location>
  <location>
    <facility>
      <name>Ospedale Antonio Perrino</name>
      <address>
        <city>Brindisi</city>
        <zip>72100</zip>
        <country>Italy</country>
      </address>
    </facility>
  </location>
  <location>
    <facility>
      <name>Ospedale Ss. Trinita'</name>
      <address>
        <city>Frosinone</city>
        <zip>09039</zip>
        <country>Italy</country>
      </address>
    </facility>
  </location>
  <location>
    <facility>
      <name>Ospedale Vito Fazzi</name>
      <address>
        <city>Lecce</city>
        <zip>73100</zip>
        <country>Italy</country>
      </address>
    </facility>
  </location>
  <location>
    <facility>
      <name>Ausl 12 Viareggio</name>
      <address>
        <city>Lucca</city>
        <zip>50053</zip>
        <country>Italy</country>
      </address>
    </facility>
  </location>
  <location>
    <facility>
      <name>Istituto Europeo Oncologia</name>
      <address>
        <city>Milano</city>
        <zip>20141</zip>
        <country>Italy</country>
      </address>
    </facility>
  </location>
  <location>
    <facility>
      <name>A.O.U. Federico Ii Di Napoli</name>
      <address>
        <city>Napoli</city>
        <zip>80131</zip>
        <country>Italy</country>
      </address>
    </facility>
  </location>
  <location>
    <facility>
      <name>Istituto Oncologico Veneto</name>
      <address>
        <city>Padova</city>
        <zip>35128</zip>
        <country>Italy</country>
      </address>
    </facility>
  </location>
  <location>
    <facility>
      <name>Fondazione Maugeri</name>
      <address>
        <city>Pavia</city>
        <zip>27100</zip>
        <country>Italy</country>
      </address>
    </facility>
  </location>
  <location>
    <facility>
      <name>A.O.U. S. Maria Della Misericordia Di Udine</name>
      <address>
        <city>Udine</city>
        <zip>33100</zip>
        <country>Italy</country>
      </address>
    </facility>
  </location>
  <location>
    <facility>
      <name>Ospedale Civile Maggiore</name>
      <address>
        <city>Verona</city>
        <zip>37126</zip>
        <country>Italy</country>
      </address>
    </facility>
  </location>
  <location_countries>
    <country>Italy</country>
  </location_countries>
  <verification_date>January 2018</verification_date>
  <study_first_submitted>April 28, 2016</study_first_submitted>
  <study_first_submitted_qc>May 25, 2016</study_first_submitted_qc>
  <study_first_posted type="Estimate">May 26, 2016</study_first_posted>
  <last_update_submitted>January 9, 2018</last_update_submitted>
  <last_update_submitted_qc>January 9, 2018</last_update_submitted_qc>
  <last_update_posted type="Actual">January 10, 2018</last_update_posted>
  <responsible_party>
    <responsible_party_type>Sponsor</responsible_party_type>
  </responsible_party>
  <keyword>breast cancer</keyword>
  <keyword>elderly patients</keyword>
  <condition_browse>
    <!-- CAUTION:  The following MeSH terms are assigned with an imperfect algorithm            -->
    <mesh_term>Breast Neoplasms</mesh_term>
  </condition_browse>
  <intervention_browse>
    <!-- CAUTION:  The following MeSH terms are assigned with an imperfect algorithm            -->
    <mesh_term>Paclitaxel</mesh_term>
  </intervention_browse>
  <patient_data>
    <sharing_ipd>No</sharing_ipd>
  </patient_data>
  <!-- Results have not yet been posted for this study                                          -->
</clinical_study>

