<?xml version="1.0" encoding="UTF-8"?>
<clinical_study rank="229">
  <!-- This xml conforms to an XML Schema at:
    https://clinicaltrials.gov/ct2/html/images/info/public.xsd -->
  <required_header>
    <download_date>ClinicalTrials.gov processed this data on May 26, 2023</download_date>
    <link_text>Link to the current ClinicalTrials.gov record.</link_text>
    <url>https://clinicaltrials.gov/show/NCT00458588</url>
  </required_header>
  <id_info>
    <org_study_id>CDR0000538232</org_study_id>
    <secondary_id>R01CA104670</secondary_id>
    <secondary_id>P30CA006927</secondary_id>
    <secondary_id>FCCC-9305</secondary_id>
    <secondary_id>FCCC-IRB-05-843</secondary_id>
    <nct_id>NCT00458588</nct_id>
  </id_info>
  <brief_title>Long-Term Effect of Adolescent Diet on Hormones and Breast Cancer Risk in Women Previously Enrolled in the Dietary Intervention Study in Children</brief_title>
  <official_title>Adolescent Diet, Hormones and Breast Cancer Susceptibility</official_title>
  <sponsors>
    <lead_sponsor>
      <agency>Fox Chase Cancer Center</agency>
      <agency_class>Other</agency_class>
    </lead_sponsor>
    <collaborator>
      <agency>National Cancer Institute (NCI)</agency>
      <agency_class>NIH</agency_class>
    </collaborator>
  </sponsors>
  <source>Fox Chase Cancer Center</source>
  <brief_summary>
    <textblock>
      RATIONALE: The amount and type of fat in the diet may affect hormone levels, bone mineral&#xD;
      density, and breast density later in life. This may affect the risk of developing breast&#xD;
      cancer. Learning about the long-term effects of diet on hormone levels, bone mineral density,&#xD;
      and breast density may help the study of breast cancer in the future.&#xD;
&#xD;
      PURPOSE: This clinical trial is studying the long-term effect of adolescent diet on hormones&#xD;
      and breast cancer risk in women previously enrolled in the Dietary Intervention Study in&#xD;
      Children.&#xD;
    </textblock>
  </brief_summary>
  <detailed_description>
    <textblock>
      OBJECTIVES:&#xD;
&#xD;
      Primary&#xD;
&#xD;
        -  Determine the long-term effect of the Dietary Intervention Study in Children (DISC) to&#xD;
           lower total fat and saturated fat intake during adolescence on serum progesterone levels&#xD;
           in young women previously enrolled in the DISC study.&#xD;
&#xD;
      Secondary&#xD;
&#xD;
        -  Determine the long-term effect of the DISC intervention on serum estradiol levels in&#xD;
           these women.&#xD;
&#xD;
        -  Determine the long-term effect of the DISC intervention on bone mineral density in these&#xD;
           women.&#xD;
&#xD;
        -  Determine the long-term effect of the DISC intervention on breast density in these&#xD;
           women.&#xD;
&#xD;
        -  Determine the long-term effect of the DISC intervention on the prevalence of metabolic&#xD;
           syndrome in these women.&#xD;
&#xD;
      OUTLINE: This is a multicenter study.&#xD;
&#xD;
      Patients undergo fasting blood collection on day 1 for assessment of serum hormones&#xD;
      (progesterone, estradiol), lipids, lipoproteins, and fasting glucose. Patients also undergo&#xD;
      blood pressure, height, weight, and waist circumference measurements. Patient then receive a&#xD;
      snack and complete the Modifiable Activity questionnaire, Center for Epidemiological Studies&#xD;
      Depression Scale short form, Spielberger State-Trait Anxiety Inventory, and Dietary&#xD;
      Intervention Study in Children Medical History questionnaire (including demographics, medical&#xD;
      history, menstrual history, medications, reproductive history, dietary supplements, alcohol&#xD;
      and tobacco use, and family history of cancer). Patients also undergo dual-energy x-ray&#xD;
      absorptiometry (DEXA) and MRI to measure bone and breast density. Patients complete an&#xD;
      in-person 24-hour dietary recall using the Nutrition Data System for Research on day 1 and&#xD;
      via telephone once in weeks 2 and 3.&#xD;
&#xD;
      Day 1 is scheduled during the patient's luteal phase of menstrual cycle. After completion of&#xD;
      study, patients contact the clinic to report start of next menses.&#xD;
&#xD;
      PROJECTED ACCRUAL: A total of 301 patients will be accrued for this study.&#xD;
    </textblock>
  </detailed_description>
  <overall_status>Completed</overall_status>
  <start_date type="Actual">September 2006</start_date>
  <completion_date type="Actual">October 2013</completion_date>
  <primary_completion_date type="Actual">October 2013</primary_completion_date>
  <study_type>Observational</study_type>
  <has_expanded_access>No</has_expanded_access>
  <study_design_info>
    <observational_model>Other</observational_model>
    <time_perspective>Prospective</time_perspective>
  </study_design_info>
  <primary_outcome>
    <measure>Mean serum progesterone level in women not using hormonal contraceptives</measure>
    <time_frame>Day 1 of treatment</time_frame>
  </primary_outcome>
  <secondary_outcome>
    <measure>Luteal phase serum estradiol level in women not using hormonal contraceptives</measure>
    <time_frame>Day 1 of treatment</time_frame>
  </secondary_outcome>
  <secondary_outcome>
    <measure>Bone mineral density of women who are not pregnant</measure>
    <time_frame>Day 1 of treatment</time_frame>
  </secondary_outcome>
  <secondary_outcome>
    <measure>Breast density of women who are not pregnant</measure>
    <time_frame>Day 1 of treatment</time_frame>
  </secondary_outcome>
  <secondary_outcome>
    <measure>Prevalence of metabolic syndrome</measure>
    <time_frame>Day 1 of treatment</time_frame>
  </secondary_outcome>
  <enrollment type="Anticipated">301</enrollment>
  <condition>Breast Cancer</condition>
  <intervention>
    <intervention_type>Other</intervention_type>
    <intervention_name>physiologic testing</intervention_name>
  </intervention>
  <intervention>
    <intervention_type>Other</intervention_type>
    <intervention_name>questionnaire administration</intervention_name>
  </intervention>
  <intervention>
    <intervention_type>Procedure</intervention_type>
    <intervention_name>breast imaging study</intervention_name>
  </intervention>
  <intervention>
    <intervention_type>Procedure</intervention_type>
    <intervention_name>dual x-ray absorptometry</intervention_name>
  </intervention>
  <intervention>
    <intervention_type>Procedure</intervention_type>
    <intervention_name>evaluation of cancer risk factors</intervention_name>
  </intervention>
  <intervention>
    <intervention_type>Procedure</intervention_type>
    <intervention_name>magnetic resonance imaging</intervention_name>
  </intervention>
  <eligibility>
    <study_pop>
      <textblock>
        Adolescent females&#xD;
      </textblock>
    </study_pop>
    <sampling_method>Probability Sample</sampling_method>
    <criteria>
      <textblock>
        DISEASE CHARACTERISTICS:&#xD;
&#xD;
          -  Previously enrolled on a clinical trial titled, &quot;Dietary Intervention Study in&#xD;
             Children&quot;&#xD;
&#xD;
        PATIENT CHARACTERISTICS:&#xD;
&#xD;
          -  Not specified&#xD;
&#xD;
        PRIOR CONCURRENT THERAPY:&#xD;
&#xD;
          -  See Disease Characteristics&#xD;
      </textblock>
    </criteria>
    <gender>Female</gender>
    <minimum_age>N/A</minimum_age>
    <maximum_age>N/A</maximum_age>
    <healthy_volunteers>Accepts Healthy Volunteers</healthy_volunteers>
  </eligibility>
  <overall_official>
    <last_name>Joanne Dorgan, PhD, MPH</last_name>
    <role>Study Chair</role>
    <affiliation>Fox Chase Cancer Center</affiliation>
  </overall_official>
  <location>
    <facility>
      <name>UCSF Comprehensive Cancer Center</name>
      <address>
        <city>San Francisco</city>
        <state>California</state>
        <zip>94115</zip>
        <country>United States</country>
      </address>
    </facility>
  </location>
  <location>
    <facility>
      <name>Robert H. Lurie Comprehensive Cancer Center at Northwestern University</name>
      <address>
        <city>Chicago</city>
        <state>Illinois</state>
        <zip>60611-3013</zip>
        <country>United States</country>
      </address>
    </facility>
  </location>
  <location>
    <facility>
      <name>Holden Comprehensive Cancer Center at University of Iowa</name>
      <address>
        <city>Iowa City</city>
        <state>Iowa</state>
        <zip>52242-1002</zip>
        <country>United States</country>
      </address>
    </facility>
  </location>
  <location>
    <facility>
      <name>Children's Hospital of New Orleans</name>
      <address>
        <city>New Orleans</city>
        <state>Louisiana</state>
        <zip>70118</zip>
        <country>United States</country>
      </address>
    </facility>
  </location>
  <location>
    <facility>
      <name>Maryland Medical Research Institute</name>
      <address>
        <city>Baltimore</city>
        <state>Maryland</state>
        <zip>21210</zip>
        <country>United States</country>
      </address>
    </facility>
  </location>
  <location>
    <facility>
      <name>Sidney Kimmel Comprehensive Cancer Center at Johns Hopkins</name>
      <address>
        <city>Baltimore</city>
        <state>Maryland</state>
        <zip>21231-2410</zip>
        <country>United States</country>
      </address>
    </facility>
  </location>
  <location>
    <facility>
      <name>University of Minnesota Cancer Center</name>
      <address>
        <city>Minneapolis</city>
        <state>Minnesota</state>
        <zip>55455</zip>
        <country>United States</country>
      </address>
    </facility>
  </location>
  <location>
    <facility>
      <name>UMDNJ University Hospital</name>
      <address>
        <city>Newark</city>
        <state>New Jersey</state>
        <zip>07107</zip>
        <country>United States</country>
      </address>
    </facility>
  </location>
  <location>
    <facility>
      <name>Kaiser Permanente Center for Health Research</name>
      <address>
        <city>Portland</city>
        <state>Oregon</state>
        <zip>97227</zip>
        <country>United States</country>
      </address>
    </facility>
  </location>
  <location>
    <facility>
      <name>Fox Chase Cancer Center - Philadelphia</name>
      <address>
        <city>Philadelphia</city>
        <state>Pennsylvania</state>
        <zip>19111-2497</zip>
        <country>United States</country>
      </address>
    </facility>
  </location>
  <location_countries>
    <country>United States</country>
  </location_countries>
  <verification_date>April 2017</verification_date>
  <study_first_submitted>April 9, 2007</study_first_submitted>
  <study_first_submitted_qc>April 9, 2007</study_first_submitted_qc>
  <study_first_posted type="Estimate">April 11, 2007</study_first_posted>
  <last_update_submitted>April 5, 2017</last_update_submitted>
  <last_update_submitted_qc>April 5, 2017</last_update_submitted_qc>
  <last_update_posted type="Actual">April 6, 2017</last_update_posted>
  <responsible_party>
    <responsible_party_type>Sponsor</responsible_party_type>
  </responsible_party>
  <keyword>breast cancer</keyword>
  <condition_browse>
    <!-- CAUTION:  The following MeSH terms are assigned with an imperfect algorithm            -->
    <mesh_term>Breast Neoplasms</mesh_term>
  </condition_browse>
  <!-- Results have not yet been posted for this study                                          -->
</clinical_study>

