<?xml version="1.0" encoding="UTF-8"?>
<clinical_study rank="454">
  <!-- This xml conforms to an XML Schema at:
    https://clinicaltrials.gov/ct2/html/images/info/public.xsd -->
  <required_header>
    <download_date>ClinicalTrials.gov processed this data on May 26, 2023</download_date>
    <link_text>Link to the current ClinicalTrials.gov record.</link_text>
    <url>https://clinicaltrials.gov/show/NCT02600923</url>
  </required_header>
  <id_info>
    <org_study_id>A5481053</org_study_id>
    <nct_id>NCT02600923</nct_id>
  </id_info>
  <brief_title>Palbociclib Plus Letrozole For Postmenopausal Women With HR(+) HER2(-) Advanced Breast Cancer For Whom Letrozole Is Deemed Appropriate</brief_title>
  <official_title>STUDY OF PALBOCICLIB IN COMBINATION WITH LETROZOLE AS TREATMENT OF POSTMENOPAUSAL WOMEN WITH HORMONE RECEPTOR POSITIVE, HER2-NEGATIVE ADVANCED BREAST CANCER FOR WHOM LETROZOLE THERAPY IS DEEMED APPROPRIATE</official_title>
  <sponsors>
    <lead_sponsor>
      <agency>Pfizer</agency>
      <agency_class>Industry</agency_class>
    </lead_sponsor>
  </sponsors>
  <source>Pfizer</source>
  <oversight_info>
    <has_dmc>No</has_dmc>
  </oversight_info>
  <brief_summary>
    <textblock>
      The purpose of this study is to provide access to palbociclib in Mexico and in selected Latin&#xD;
      American countries before it becomes commercially available to patients with HR&#xD;
      positive/HER2-negative ABC who are appropriate candidates for letrozole therapy.&#xD;
    </textblock>
  </brief_summary>
  <overall_status>Completed</overall_status>
  <start_date type="Actual">April 15, 2016</start_date>
  <completion_date type="Actual">May 28, 2019</completion_date>
  <primary_completion_date type="Actual">May 28, 2019</primary_completion_date>
  <phase>Phase 3</phase>
  <study_type>Interventional</study_type>
  <has_expanded_access>No</has_expanded_access>
  <study_design_info>
    <allocation>N/A</allocation>
    <primary_purpose>Treatment</primary_purpose>
    <masking>None (Open Label)</masking>
  </study_design_info>
  <primary_outcome>
    <measure>Number of Participants With All-causality Treatment-emergent Adverse Events (TEAEs)</measure>
    <time_frame>3 years</time_frame>
    <description>An adverse event (AE) was any untoward medical occurrence in a clinical investigation participant administered a product; the event did not need to have a causal relationship with the treatment. All AEs reported after initiation of study drug treatment were considered as TEAE. AE severity was graded according to Common Terminology Criteria for AEs (CTCAE) version 4.03. Grade 1 AEs are mild AEs; Grade 2 AEs are moderate AEs; Grade 3 AEs are severe AEs, Grade 4 AEs are life-threatening consequences and Grade 5 AEs are deaths related to AEs. Each AE was counted once for the participant in the most severe severity.</description>
  </primary_outcome>
  <primary_outcome>
    <measure>Number of Participants With Palbociclib-related TEAEs</measure>
    <time_frame>3 years</time_frame>
    <description>An AE was any untoward medical occurrence in a clinical investigation participant administered a product; the event did not need to have a causal relationship with the treatment. All AEs reported after initiation of study drug treatment were considered as TEAE. AE severity was graded according to CTCAE version 4.03. Grade 1 AEs are mild AEs; Grade 2 AEs are moderate AEs; Grade 3 AEs are severe AEs, Grade 4 AEs are life-threatening consequences and Grade 5 AEs are deaths related to AEs. Palbociclib-related TEAEs were determined by the investigator.</description>
  </primary_outcome>
  <primary_outcome>
    <measure>Number of Participants With Serious Adverse Events (SAEs)</measure>
    <time_frame>3 years</time_frame>
    <description>An SAE was any untoward medical occurrence at any dose that resulted in death; was life threatening; required inpatient hospitalization or prolongation of existing hospitalization; resulted in persistent or significant disability/incapacity; resulted in congenital anomaly/birth defect. AEs included both SAEs and AEs. Palbociclib-related SAEs were determined by the investigator.</description>
  </primary_outcome>
  <secondary_outcome>
    <measure>Number of Participants With Death</measure>
    <time_frame>3 years</time_frame>
    <description>Death from any cause while on treatment and within 28 days of palbociclib discontinuation was only counted below.</description>
  </secondary_outcome>
  <secondary_outcome>
    <measure>The Objective Response Rate (ORR)</measure>
    <time_frame>3 years</time_frame>
    <description>The tumor response was based on the response reported by investigator per local practice. No response confirmation was applied. ORR was defined as the percentage of participants with complete response or partial response relative to all as-treated population.</description>
  </secondary_outcome>
  <number_of_arms>1</number_of_arms>
  <enrollment type="Actual">131</enrollment>
  <condition>Advanced Breast Cancer Female</condition>
  <arm_group>
    <arm_group_label>Palbociclib + Letrozole</arm_group_label>
    <arm_group_type>Experimental</arm_group_type>
    <description>palbociclib and letrozole combination</description>
  </arm_group>
  <intervention>
    <intervention_type>Drug</intervention_type>
    <intervention_name>Palbociclib</intervention_name>
    <description>Palbociclib will be administered orally once a day at 125 mg/day for 21 days followed by 7 days off treatment for each 28-day cycle (Schedule 3/1).</description>
    <arm_group_label>Palbociclib + Letrozole</arm_group_label>
    <other_name>Ibrance</other_name>
  </intervention>
  <intervention>
    <intervention_type>Drug</intervention_type>
    <intervention_name>Letrozole</intervention_name>
    <description>Letrozole will be administered orally at 2.5 mg once daily as continuous daily dosing schedule according to product labeling and in compliance with its local prescribing information.</description>
    <arm_group_label>Palbociclib + Letrozole</arm_group_label>
    <other_name>Femara</other_name>
  </intervention>
  <eligibility>
    <criteria>
      <textblock>
        Inclusion Criteria:&#xD;
&#xD;
          -  Adult women with proven diagnosis of advanced adenocarcinoma of the breast&#xD;
             (locoregional recurrent or metastatic disease).&#xD;
&#xD;
          -  Women who are not of childbearing potential.&#xD;
&#xD;
          -  ER-positive and/or Progesterone receptor (PgR)-positive tumor based on local&#xD;
             laboratory results (test as per local practice).&#xD;
&#xD;
          -  HER2-negative breast cancer based on local laboratory results (test as per local&#xD;
             practice or local guidelines).&#xD;
&#xD;
          -  Patients must be appropriate candidates for letrozole therapy.&#xD;
&#xD;
          -  Eastern Cooperative Oncology Group (ECOG) performance status 0-2.&#xD;
&#xD;
          -  Adequate bone marrow function.&#xD;
&#xD;
          -  Adequate liver function&#xD;
&#xD;
          -  Adequate renal function.&#xD;
&#xD;
        Exclusion Criteria:&#xD;
&#xD;
          -  Known hypersensitivity to letrozole, or any of its excipients, or to any palbociclib&#xD;
             excipients.&#xD;
&#xD;
          -  Current use of food or drugs known to be potent inhibitors or inducers of CYP3A4&#xD;
             isoenzymes within 7 days prior to study entry.&#xD;
&#xD;
          -  Prior treatment with any CDK inhibitor.&#xD;
&#xD;
          -  Previous participation in a palbociclib clinical study.&#xD;
&#xD;
          -  Participation in other studies involving investigational drug(s) within 2 weeks prior&#xD;
             to study entry and/or during study participation.&#xD;
&#xD;
          -  QTc &gt;480 msec; history of QT syndrome, Brugada syndrome or known history of QTc&#xD;
             prolongation, or Torsade de Pointes.&#xD;
&#xD;
          -  High cardiovascular risk, including, but not limited to recent myocardial infarction,&#xD;
             severe/unstable angina and severe cardiac dysrhythmias in the past 6 months prior to&#xD;
             enrollment.&#xD;
&#xD;
          -  Diagnosis of any second invasive malignancy within the last 3 years prior to&#xD;
             enrollment. Note: patients with adequately treated basal cell or squamous cell skin&#xD;
             cancer, a history of intraepithelial neoplasia or in situ disease (eg, carcinoma in&#xD;
             situ of the cervix or melanoma in situ) may enter.&#xD;
&#xD;
          -  Active uncontrolled or symptomatic brain metastases. Previously treated and clinically&#xD;
             stable, brain metastases are permitted.&#xD;
&#xD;
          -  Other severe acute or chronic medical or psychiatric conditions.&#xD;
&#xD;
          -  Patients who are investigational site staff members directly involved in the conduct&#xD;
             of the study and their family members, site staff members otherwise supervised by the&#xD;
             investigator, or patients who are Pfizer employees directly involved in the conduct of&#xD;
             the study.&#xD;
      </textblock>
    </criteria>
    <gender>Female</gender>
    <gender_based>Yes</gender_based>
    <minimum_age>18 Years</minimum_age>
    <maximum_age>N/A</maximum_age>
    <healthy_volunteers>No</healthy_volunteers>
  </eligibility>
  <overall_official>
    <last_name>Pfizer CT.gov Call Center</last_name>
    <role>Study Director</role>
    <affiliation>Pfizer</affiliation>
  </overall_official>
  <location>
    <facility>
      <name>Instituto de Oncologia de Rosario</name>
      <address>
        <city>Rosario</city>
        <state>Santa FE</state>
        <zip>S2000KZE</zip>
        <country>Argentina</country>
      </address>
    </facility>
  </location>
  <location>
    <facility>
      <name>Sanatorio Guemes</name>
      <address>
        <city>Caba</city>
        <zip>C1180AAX</zip>
        <country>Argentina</country>
      </address>
    </facility>
  </location>
  <location>
    <facility>
      <name>Hospital Italiano de Buenos Aires</name>
      <address>
        <city>Caba</city>
        <zip>C1181ACH</zip>
        <country>Argentina</country>
      </address>
    </facility>
  </location>
  <location>
    <facility>
      <name>Hospital Britanico de Buenos Aires</name>
      <address>
        <city>Caba</city>
        <zip>C1280AEB</zip>
        <country>Argentina</country>
      </address>
    </facility>
  </location>
  <location>
    <facility>
      <name>Instituto Medico Especializado Alexander Fleming</name>
      <address>
        <city>Caba</city>
        <zip>C1426ANZ</zip>
        <country>Argentina</country>
      </address>
    </facility>
  </location>
  <location>
    <facility>
      <name>Instituto de Cardiologia y Cirugia Cardiovascular</name>
      <address>
        <city>Santa Fe</city>
        <zip>S3000EPV</zip>
        <country>Argentina</country>
      </address>
    </facility>
  </location>
  <location>
    <facility>
      <name>ISIS Centro Especializado</name>
      <address>
        <city>Santa Fe</city>
        <zip>S3000FFU</zip>
        <country>Argentina</country>
      </address>
    </facility>
  </location>
  <location>
    <facility>
      <name>Hospital Da Cidade De Passo Fundo</name>
      <address>
        <city>Passo Fundo</city>
        <state>RIO Grande DO SUL</state>
        <zip>99010-260</zip>
        <country>Brazil</country>
      </address>
    </facility>
  </location>
  <location>
    <facility>
      <name>Hospital Sao Lucas da PUCRS / Uniao Brasileira de Educacao e Assistencia</name>
      <address>
        <city>Porto Alegre</city>
        <state>RIO Grande DO SUL</state>
        <zip>90610-000</zip>
        <country>Brazil</country>
      </address>
    </facility>
  </location>
  <location>
    <facility>
      <name>Oncologia Rede D'Or S.A.</name>
      <address>
        <city>Rio de Janeiro</city>
        <zip>22271-110</zip>
        <country>Brazil</country>
      </address>
    </facility>
  </location>
  <location>
    <facility>
      <name>IDOR - Instituto D'Or em Pesquisa e Ensino</name>
      <address>
        <city>Rio de Janeiro</city>
        <zip>22281-100</zip>
        <country>Brazil</country>
      </address>
    </facility>
  </location>
  <location>
    <facility>
      <name>Sociedade Beneficente de Senhoras Hospital Sirio Libanes</name>
      <address>
        <city>Sao Paulo</city>
        <zip>01308-050</zip>
        <country>Brazil</country>
      </address>
    </facility>
  </location>
  <location>
    <facility>
      <name>Clínica de Pesquisa e Centro de Estudos em Oncologia Ginecológica e Mamária Ltda</name>
      <address>
        <city>São Paulo</city>
        <zip>01317-000</zip>
        <country>Brazil</country>
      </address>
    </facility>
  </location>
  <location>
    <facility>
      <name>Instituto de Cancerologia S.A.</name>
      <address>
        <city>Medellin</city>
        <state>Antioquia</state>
        <zip>050034</zip>
        <country>Colombia</country>
      </address>
    </facility>
  </location>
  <location>
    <facility>
      <name>Oncomedica S.A.</name>
      <address>
        <city>Monteria</city>
        <state>Cordoba</state>
        <zip>230003</zip>
        <country>Colombia</country>
      </address>
    </facility>
  </location>
  <location>
    <facility>
      <name>Administradora Country</name>
      <address>
        <city>Bogota</city>
        <state>Distrito Capital</state>
        <zip>11001000</zip>
        <country>Colombia</country>
      </address>
    </facility>
  </location>
  <location>
    <facility>
      <name>Oncology Center</name>
      <address>
        <city>Bogota</city>
        <state>Distrito Capital</state>
        <zip>110221162</zip>
        <country>Colombia</country>
      </address>
    </facility>
  </location>
  <location>
    <facility>
      <name>Imagenes Diagnosticas</name>
      <address>
        <city>Pereira</city>
        <state>Risaralda</state>
        <zip>660001</zip>
        <country>Colombia</country>
      </address>
    </facility>
  </location>
  <location>
    <facility>
      <name>ONCOLOGOS DEL OCCIDENTE S.A.S Sede Pereira Clinica de Alta Tecnologia Maraya</name>
      <address>
        <city>Pereira</city>
        <state>Risaralda</state>
        <zip>660001</zip>
        <country>Colombia</country>
      </address>
    </facility>
  </location>
  <location>
    <facility>
      <name>Fucam A.C.</name>
      <address>
        <city>Coyoacan</city>
        <state>D.f.</state>
        <zip>04890</zip>
        <country>Mexico</country>
      </address>
    </facility>
  </location>
  <location>
    <facility>
      <name>Instituto Nacional de Cancerologia</name>
      <address>
        <city>Tlalpan</city>
        <state>D.f.</state>
        <zip>14080</zip>
        <country>Mexico</country>
      </address>
    </facility>
  </location>
  <location>
    <facility>
      <name>Hospital Maria Auxiliadora</name>
      <address>
        <city>Guadalajara</city>
        <state>Jalisco</state>
        <zip>44540</zip>
        <country>Mexico</country>
      </address>
    </facility>
  </location>
  <location>
    <facility>
      <name>Clinica de Especialidades Medicas Intepro, ONCE Oncologia Especializada</name>
      <address>
        <city>Zapopan</city>
        <state>Jalisco</state>
        <zip>45030</zip>
        <country>Mexico</country>
      </address>
    </facility>
  </location>
  <location>
    <facility>
      <name>Hospital Universitario Dr. Jose Eleuterio Gonzalez</name>
      <address>
        <city>Monterrey</city>
        <state>Nuevo LEON</state>
        <zip>64460</zip>
        <country>Mexico</country>
      </address>
    </facility>
  </location>
  <location_countries>
    <country>Argentina</country>
    <country>Brazil</country>
    <country>Colombia</country>
    <country>Mexico</country>
  </location_countries>
  <link>
    <url>https://pmiform.com/clinical-trial-info-request?StudyID=A5481053</url>
    <description>To obtain contact information for a study center near you, click here.</description>
  </link>
  <verification_date>January 2022</verification_date>
  <study_first_submitted>November 6, 2015</study_first_submitted>
  <study_first_submitted_qc>November 6, 2015</study_first_submitted_qc>
  <study_first_posted type="Estimate">November 9, 2015</study_first_posted>
  <results_first_submitted>May 6, 2020</results_first_submitted>
  <results_first_submitted_qc>May 6, 2020</results_first_submitted_qc>
  <results_first_posted type="Actual">May 21, 2020</results_first_posted>
  <last_update_submitted>January 18, 2022</last_update_submitted>
  <last_update_submitted_qc>January 18, 2022</last_update_submitted_qc>
  <last_update_posted type="Actual">January 20, 2022</last_update_posted>
  <responsible_party>
    <responsible_party_type>Sponsor</responsible_party_type>
  </responsible_party>
  <keyword>palbociclib, ibrance, breast cancer</keyword>
  <condition_browse>
    <!-- CAUTION:  The following MeSH terms are assigned with an imperfect algorithm            -->
    <mesh_term>Breast Neoplasms</mesh_term>
  </condition_browse>
  <intervention_browse>
    <!-- CAUTION:  The following MeSH terms are assigned with an imperfect algorithm            -->
    <mesh_term>Letrozole</mesh_term>
    <mesh_term>Palbociclib</mesh_term>
  </intervention_browse>
  <patient_data>
    <sharing_ipd>Yes</sharing_ipd>
    <ipd_description>Pfizer will provide access to individual de-identified participant data and related study documents (e.g. protocol, Statistical Analysis Plan (SAP), Clinical Study Report (CSR)) upon request from qualified researchers, and subject to certain criteria, conditions, and exceptions. Further details on Pfizer's data sharing criteria and process for requesting access can be found at: https://www.pfizer.com/science/clinical_trials/trial_data_and_results/data_requests.</ipd_description>
    <ipd_url>https://www.pfizer.com/science/clinical_trials/trial_data_and_results/data_requests</ipd_url>
  </patient_data>
  <provided_document_section>
    <provided_document>
      <document_type>Study Protocol</document_type>
      <document_has_protocol>Yes</document_has_protocol>
      <document_has_icf>No</document_has_icf>
      <document_has_sap>No</document_has_sap>
      <document_date>July 23, 2015</document_date>
      <document_url>https://ClinicalTrials.gov/ProvidedDocs/23/NCT02600923/Prot_000.pdf</document_url>
    </provided_document>
    <provided_document>
      <document_type>Statistical Analysis Plan</document_type>
      <document_has_protocol>No</document_has_protocol>
      <document_has_icf>No</document_has_icf>
      <document_has_sap>Yes</document_has_sap>
      <document_date>February 4, 2016</document_date>
      <document_url>https://ClinicalTrials.gov/ProvidedDocs/23/NCT02600923/SAP_001.pdf</document_url>
    </provided_document>
  </provided_document_section>

  <clinical_results>

    <participant_flow>
      <pre_assignment_details>A total of 131 participants were enrolled and assigned to study treatment, and 130 participants were treated in the study.</pre_assignment_details>
      <group_list>
        <group group_id="P1">
          <title>Palbociclib+Letrozole</title>
          <description>Participants received palbociclib orally once daily at 125 mg for 21 days followed by 7 days off treatment for each 28-day cycle, and letrozole orally at 2.5 mg QD as a continuous daily dosing schedule. Participants continued to receive treatments with palbociclib+letrozole until disease progression, symptomatic deterioration, unacceptable toxicity, death, withdrawal of consent, or time of commercial availability of palbociclib, whichever occurred first.</description>
        </group>
      </group_list>
      <period_list>
        <period>
          <title>Overall Study</title>
          <milestone_list>
            <milestone>
              <title>STARTED</title>
              <participants_list>
                <participants group_id="P1" count="131"/>
              </participants_list>
            </milestone>
            <milestone>
              <title>Treated</title>
              <participants_list>
                <participants group_id="P1" count="130"/>
              </participants_list>
            </milestone>
            <milestone>
              <title>COMPLETED</title>
              <participants_list>
                <participants group_id="P1" count="0"/>
              </participants_list>
            </milestone>
            <milestone>
              <title>NOT COMPLETED</title>
              <participants_list>
                <participants group_id="P1" count="131"/>
              </participants_list>
            </milestone>
          </milestone_list>
          <drop_withdraw_reason_list>
            <drop_withdraw_reason>
              <title>Death</title>
              <participants_list>
                <participants group_id="P1" count="10"/>
              </participants_list>
            </drop_withdraw_reason>
            <drop_withdraw_reason>
              <title>Adverse Event</title>
              <participants_list>
                <participants group_id="P1" count="3"/>
              </participants_list>
            </drop_withdraw_reason>
            <drop_withdraw_reason>
              <title>Global deterioration of health status</title>
              <participants_list>
                <participants group_id="P1" count="2"/>
              </participants_list>
            </drop_withdraw_reason>
            <drop_withdraw_reason>
              <title>Insufficient clinical response</title>
              <participants_list>
                <participants group_id="P1" count="6"/>
              </participants_list>
            </drop_withdraw_reason>
            <drop_withdraw_reason>
              <title>Lost to Follow-up</title>
              <participants_list>
                <participants group_id="P1" count="1"/>
              </participants_list>
            </drop_withdraw_reason>
            <drop_withdraw_reason>
              <title>Withdrawal by Subject</title>
              <participants_list>
                <participants group_id="P1" count="5"/>
              </participants_list>
            </drop_withdraw_reason>
            <drop_withdraw_reason>
              <title>Objective progression or relapse</title>
              <participants_list>
                <participants group_id="P1" count="50"/>
              </participants_list>
            </drop_withdraw_reason>
            <drop_withdraw_reason>
              <title>Study terminated by Sponsor</title>
              <participants_list>
                <participants group_id="P1" count="53"/>
              </participants_list>
            </drop_withdraw_reason>
            <drop_withdraw_reason>
              <title>Not treated</title>
              <participants_list>
                <participants group_id="P1" count="1"/>
              </participants_list>
            </drop_withdraw_reason>
          </drop_withdraw_reason_list>
        </period>
      </period_list>
    </participant_flow>

    <baseline>
      <population>Baseline analysis population included all participants who received at least 1 dose of palbociclib treatment.</population>
      <group_list>
        <group group_id="B1">
          <title>Palbociclib+Letrozole</title>
          <description>Participants received palbociclib orally once daily at 125 mg for 21 days followed by 7 days off treatment for each 28-day cycle, and letrozole orally at 2.5 mg QD as a continuous daily dosing schedule. Participants continued to receive treatments with palbociclib+letrozole until disease progression, symptomatic deterioration, unacceptable toxicity, death, withdrawal of consent, or time of commercial availability of palbociclib, whichever occurred first.</description>
        </group>
      </group_list>
      <analyzed_list>
        <analyzed>
          <units>Participants</units>
          <scope>Overall</scope>
          <count_list>
            <count group_id="B1" value="130"/>
          </count_list>
        </analyzed>
      </analyzed_list>
      <measure_list>
        <measure>
          <title>Age</title>
          <units>Participants</units>
          <param>Count of Participants</param>
          <class_list>
            <class>
              <category_list>
                <category>
                  <title>&lt;=18 years</title>
                  <measurement_list>
                    <measurement group_id="B1" value="0"/>
                  </measurement_list>
                </category>
                <category>
                  <title>Between 18 and 65 years</title>
                  <measurement_list>
                    <measurement group_id="B1" value="89"/>
                  </measurement_list>
                </category>
                <category>
                  <title>&gt;=65 years</title>
                  <measurement_list>
                    <measurement group_id="B1" value="41"/>
                  </measurement_list>
                </category>
              </category_list>
            </class>
          </class_list>
        </measure>
        <measure>
          <title>Sex: Female, Male</title>
          <units>Participants</units>
          <param>Count of Participants</param>
          <class_list>
            <class>
              <category_list>
                <category>
                  <title>Female</title>
                  <measurement_list>
                    <measurement group_id="B1" value="130"/>
                  </measurement_list>
                </category>
                <category>
                  <title>Male</title>
                  <measurement_list>
                    <measurement group_id="B1" value="0"/>
                  </measurement_list>
                </category>
              </category_list>
            </class>
          </class_list>
        </measure>
        <measure>
          <title>Ethnicity (NIH/OMB)</title>
          <units>Participants</units>
          <param>Count of Participants</param>
          <class_list>
            <class>
              <category_list>
                <category>
                  <title>Hispanic or Latino</title>
                  <measurement_list>
                    <measurement group_id="B1" value="130"/>
                  </measurement_list>
                </category>
                <category>
                  <title>Not Hispanic or Latino</title>
                  <measurement_list>
                    <measurement group_id="B1" value="0"/>
                  </measurement_list>
                </category>
                <category>
                  <title>Unknown or Not Reported</title>
                  <measurement_list>
                    <measurement group_id="B1" value="0"/>
                  </measurement_list>
                </category>
              </category_list>
            </class>
          </class_list>
        </measure>
      </measure_list>
    </baseline>

    <outcome_list>
      <outcome>
        <type>Primary</type>
        <title>Number of Participants With All-causality Treatment-emergent Adverse Events (TEAEs)</title>
        <description>An adverse event (AE) was any untoward medical occurrence in a clinical investigation participant administered a product; the event did not need to have a causal relationship with the treatment. All AEs reported after initiation of study drug treatment were considered as TEAE. AE severity was graded according to Common Terminology Criteria for AEs (CTCAE) version 4.03. Grade 1 AEs are mild AEs; Grade 2 AEs are moderate AEs; Grade 3 AEs are severe AEs, Grade 4 AEs are life-threatening consequences and Grade 5 AEs are deaths related to AEs. Each AE was counted once for the participant in the most severe severity.</description>
        <time_frame>3 years</time_frame>
        <population>The analysis population included all participants who received at least 1 dose of palbociclib treatment.</population>
        <group_list>
          <group group_id="O1">
            <title>Palbociclib+Letrozole</title>
            <description>Participants received palbociclib orally once daily at 125 mg for 21 days followed by 7 days off treatment for each 28-day cycle, and letrozole orally at 2.5 mg QD as a continuous daily dosing schedule. Participants continued to receive treatments with palbociclib+letrozole until disease progression, symptomatic deterioration, unacceptable toxicity, death, withdrawal of consent, or time of commercial availability of palbociclib, whichever occurred first.</description>
          </group>
        </group_list>
        <measure>
          <title>Number of Participants With All-causality Treatment-emergent Adverse Events (TEAEs)</title>
          <description>An adverse event (AE) was any untoward medical occurrence in a clinical investigation participant administered a product; the event did not need to have a causal relationship with the treatment. All AEs reported after initiation of study drug treatment were considered as TEAE. AE severity was graded according to Common Terminology Criteria for AEs (CTCAE) version 4.03. Grade 1 AEs are mild AEs; Grade 2 AEs are moderate AEs; Grade 3 AEs are severe AEs, Grade 4 AEs are life-threatening consequences and Grade 5 AEs are deaths related to AEs. Each AE was counted once for the participant in the most severe severity.</description>
          <population>The analysis population included all participants who received at least 1 dose of palbociclib treatment.</population>
          <units>Participants</units>
          <param>Count of Participants</param>
          <analyzed_list>
            <analyzed>
              <units>Participants</units>
              <scope>Measure</scope>
              <count_list>
                <count group_id="O1" value="130"/>
              </count_list>
            </analyzed>
          </analyzed_list>
          <class_list>
            <class>
              <title>Grade 1</title>
              <category_list>
                <category>
                  <measurement_list>
                    <measurement group_id="O1" value="0"/>
                  </measurement_list>
                </category>
              </category_list>
            </class>
            <class>
              <title>Grade 2</title>
              <category_list>
                <category>
                  <measurement_list>
                    <measurement group_id="O1" value="17"/>
                  </measurement_list>
                </category>
              </category_list>
            </class>
            <class>
              <title>Grade 3</title>
              <category_list>
                <category>
                  <measurement_list>
                    <measurement group_id="O1" value="82"/>
                  </measurement_list>
                </category>
              </category_list>
            </class>
            <class>
              <title>Grade 4</title>
              <category_list>
                <category>
                  <measurement_list>
                    <measurement group_id="O1" value="23"/>
                  </measurement_list>
                </category>
              </category_list>
            </class>
            <class>
              <title>Grade 5</title>
              <category_list>
                <category>
                  <measurement_list>
                    <measurement group_id="O1" value="7"/>
                  </measurement_list>
                </category>
              </category_list>
            </class>
          </class_list>
        </measure>
      </outcome>
      <outcome>
        <type>Primary</type>
        <title>Number of Participants With Palbociclib-related TEAEs</title>
        <description>An AE was any untoward medical occurrence in a clinical investigation participant administered a product; the event did not need to have a causal relationship with the treatment. All AEs reported after initiation of study drug treatment were considered as TEAE. AE severity was graded according to CTCAE version 4.03. Grade 1 AEs are mild AEs; Grade 2 AEs are moderate AEs; Grade 3 AEs are severe AEs, Grade 4 AEs are life-threatening consequences and Grade 5 AEs are deaths related to AEs. Palbociclib-related TEAEs were determined by the investigator.</description>
        <time_frame>3 years</time_frame>
        <population>The analysis population included all participants who received at least 1 dose of palbociclib treatment.</population>
        <group_list>
          <group group_id="O1">
            <title>Palbociclib+Letrozole</title>
            <description>Participants received palbociclib orally once daily at 125 mg for 21 days followed by 7 days off treatment for each 28-day cycle, and letrozole orally at 2.5 mg QD as a continuous daily dosing schedule. Participants continued to receive treatments with palbociclib+letrozole until disease progression, symptomatic deterioration, unacceptable toxicity, death, withdrawal of consent, or time of commercial availability of palbociclib, whichever occurred first.</description>
          </group>
        </group_list>
        <measure>
          <title>Number of Participants With Palbociclib-related TEAEs</title>
          <description>An AE was any untoward medical occurrence in a clinical investigation participant administered a product; the event did not need to have a causal relationship with the treatment. All AEs reported after initiation of study drug treatment were considered as TEAE. AE severity was graded according to CTCAE version 4.03. Grade 1 AEs are mild AEs; Grade 2 AEs are moderate AEs; Grade 3 AEs are severe AEs, Grade 4 AEs are life-threatening consequences and Grade 5 AEs are deaths related to AEs. Palbociclib-related TEAEs were determined by the investigator.</description>
          <population>The analysis population included all participants who received at least 1 dose of palbociclib treatment.</population>
          <units>Participants</units>
          <param>Count of Participants</param>
          <analyzed_list>
            <analyzed>
              <units>Participants</units>
              <scope>Measure</scope>
              <count_list>
                <count group_id="O1" value="130"/>
              </count_list>
            </analyzed>
          </analyzed_list>
          <class_list>
            <class>
              <title>Grade 1</title>
              <category_list>
                <category>
                  <measurement_list>
                    <measurement group_id="O1" value="2"/>
                  </measurement_list>
                </category>
              </category_list>
            </class>
            <class>
              <title>Grade 2</title>
              <category_list>
                <category>
                  <measurement_list>
                    <measurement group_id="O1" value="25"/>
                  </measurement_list>
                </category>
              </category_list>
            </class>
            <class>
              <title>Grade 3</title>
              <category_list>
                <category>
                  <measurement_list>
                    <measurement group_id="O1" value="81"/>
                  </measurement_list>
                </category>
              </category_list>
            </class>
            <class>
              <title>Grade 4</title>
              <category_list>
                <category>
                  <measurement_list>
                    <measurement group_id="O1" value="20"/>
                  </measurement_list>
                </category>
              </category_list>
            </class>
            <class>
              <title>Grade 5</title>
              <category_list>
                <category>
                  <measurement_list>
                    <measurement group_id="O1" value="0"/>
                  </measurement_list>
                </category>
              </category_list>
            </class>
          </class_list>
        </measure>
      </outcome>
      <outcome>
        <type>Primary</type>
        <title>Number of Participants With Serious Adverse Events (SAEs)</title>
        <description>An SAE was any untoward medical occurrence at any dose that resulted in death; was life threatening; required inpatient hospitalization or prolongation of existing hospitalization; resulted in persistent or significant disability/incapacity; resulted in congenital anomaly/birth defect. AEs included both SAEs and AEs. Palbociclib-related SAEs were determined by the investigator.</description>
        <time_frame>3 years</time_frame>
        <population>The analysis population included all participants who received at least 1 dose of palbociclib treatment.</population>
        <group_list>
          <group group_id="O1">
            <title>Palbociclib+Letrozole</title>
            <description>Participants received palbociclib orally once daily at 125 mg for 21 days followed by 7 days off treatment for each 28-day cycle, and letrozole orally at 2.5 mg QD as a continuous daily dosing schedule. Participants continued to receive treatments with palbociclib+letrozole until disease progression, symptomatic deterioration, unacceptable toxicity, death, withdrawal of consent, or time of commercial availability of palbociclib, whichever occurred first.</description>
          </group>
        </group_list>
        <measure>
          <title>Number of Participants With Serious Adverse Events (SAEs)</title>
          <description>An SAE was any untoward medical occurrence at any dose that resulted in death; was life threatening; required inpatient hospitalization or prolongation of existing hospitalization; resulted in persistent or significant disability/incapacity; resulted in congenital anomaly/birth defect. AEs included both SAEs and AEs. Palbociclib-related SAEs were determined by the investigator.</description>
          <population>The analysis population included all participants who received at least 1 dose of palbociclib treatment.</population>
          <units>Participants</units>
          <param>Count of Participants</param>
          <analyzed_list>
            <analyzed>
              <units>Participants</units>
              <scope>Measure</scope>
              <count_list>
                <count group_id="O1" value="130"/>
              </count_list>
            </analyzed>
          </analyzed_list>
          <class_list>
            <class>
              <title>All-causality</title>
              <category_list>
                <category>
                  <measurement_list>
                    <measurement group_id="O1" value="32"/>
                  </measurement_list>
                </category>
              </category_list>
            </class>
            <class>
              <title>Palbociclib-related</title>
              <category_list>
                <category>
                  <measurement_list>
                    <measurement group_id="O1" value="6"/>
                  </measurement_list>
                </category>
              </category_list>
            </class>
          </class_list>
        </measure>
      </outcome>
      <outcome>
        <type>Secondary</type>
        <title>Number of Participants With Death</title>
        <description>Death from any cause while on treatment and within 28 days of palbociclib discontinuation was only counted below.</description>
        <time_frame>3 years</time_frame>
        <population>The analysis population included all participants who received at least 1 dose of palbociclib treatment.</population>
        <group_list>
          <group group_id="O1">
            <title>Palbociclib+Letrozole</title>
            <description>Participants received palbociclib orally once daily at 125 mg for 21 days followed by 7 days off treatment for each 28-day cycle, and letrozole orally at 2.5 mg QD as a continuous daily dosing schedule. Participants continued to receive treatments with palbociclib+letrozole until disease progression, symptomatic deterioration, unacceptable toxicity, death, withdrawal of consent, or time of commercial availability of palbociclib, whichever occurred first.</description>
          </group>
        </group_list>
        <measure>
          <title>Number of Participants With Death</title>
          <description>Death from any cause while on treatment and within 28 days of palbociclib discontinuation was only counted below.</description>
          <population>The analysis population included all participants who received at least 1 dose of palbociclib treatment.</population>
          <units>Participants</units>
          <param>Count of Participants</param>
          <analyzed_list>
            <analyzed>
              <units>Participants</units>
              <scope>Measure</scope>
              <count_list>
                <count group_id="O1" value="130"/>
              </count_list>
            </analyzed>
          </analyzed_list>
          <class_list>
            <class>
              <category_list>
                <category>
                  <measurement_list>
                    <measurement group_id="O1" value="5"/>
                  </measurement_list>
                </category>
              </category_list>
            </class>
          </class_list>
        </measure>
      </outcome>
      <outcome>
        <type>Secondary</type>
        <title>The Objective Response Rate (ORR)</title>
        <description>The tumor response was based on the response reported by investigator per local practice. No response confirmation was applied. ORR was defined as the percentage of participants with complete response or partial response relative to all as-treated population.</description>
        <time_frame>3 years</time_frame>
        <population>The analysis population included participants with efficacy data contributing to the analysis.</population>
        <group_list>
          <group group_id="O1">
            <title>Palbociclib+Letrozole</title>
            <description>Participants received palbociclib orally once daily at 125 mg for 21 days followed by 7 days off treatment for each 28-day cycle, and letrozole orally at 2.5 mg QD as a continuous daily dosing schedule. Participants continued to receive treatments with palbociclib+letrozole until disease progression, symptomatic deterioration, unacceptable toxicity, death, withdrawal of consent, or time of commercial availability of palbociclib, whichever occurred first.</description>
          </group>
        </group_list>
        <measure>
          <title>The Objective Response Rate (ORR)</title>
          <description>The tumor response was based on the response reported by investigator per local practice. No response confirmation was applied. ORR was defined as the percentage of participants with complete response or partial response relative to all as-treated population.</description>
          <population>The analysis population included participants with efficacy data contributing to the analysis.</population>
          <units>percentage of evaluable participants</units>
          <param>Number</param>
          <dispersion>95% Confidence Interval</dispersion>
          <analyzed_list>
            <analyzed>
              <units>Participants</units>
              <scope>Measure</scope>
              <count_list>
                <count group_id="O1" value="129"/>
              </count_list>
            </analyzed>
          </analyzed_list>
          <class_list>
            <class>
              <category_list>
                <category>
                  <measurement_list>
                    <measurement group_id="O1" value="24.8" lower_limit="17.6" upper_limit="33.2"/>
                  </measurement_list>
                </category>
              </category_list>
            </class>
          </class_list>
        </measure>
      </outcome>
    </outcome_list>

    <reported_events>
      <time_frame>3 years</time_frame>
      <desc>The same event may appear as both an AE and an SAE. However, what is presented are distinct events. An event may be categorized as serious in 1 participant and as non-serious in another participant, or 1 participant may have experienced both a serious and non-serious event during the study. Total number at risk below refers to the number of participants evaluable for SAEs or AEs.</desc>
      <group_list>
        <group group_id="E1">
          <title>Palbociclib+Letrozole</title>
          <description>Participants received palbociclib orally once daily at 125 mg for 21 days followed by 7 days off treatment for each 28-day cycle, and letrozole orally at 2.5 mg QD as a continuous daily dosing schedule. Participants continued to receive treatments with palbociclib+letrozole until disease progression, symptomatic deterioration, unacceptable toxicity, death, withdrawal of consent, or time of commercial availability of palbociclib, whichever occurred first.</description>
        </group>
      </group_list>
      <serious_events>
        <default_vocab>MedDRA22.0</default_vocab>
        <default_assessment>Non-systematic Assessment</default_assessment>
        <category_list>
          <category>
            <title>Total</title>
            <event_list>
              <event>
                <sub_title>Total, all-cause mortality</sub_title>
                <counts group_id="E1" subjects_affected="10" subjects_at_risk="130"/>
              </event>
              <event>
                <sub_title>Total, serious adverse events</sub_title>
                <counts group_id="E1" subjects_affected="32" subjects_at_risk="130"/>
              </event>
            </event_list>
          </category>
          <category>
            <title>Blood and lymphatic system disorders</title>
            <event_list>
              <event>
                <sub_title>Anaemia</sub_title>
                <counts group_id="E1" events="1" subjects_affected="1" subjects_at_risk="130"/>
              </event>
              <event>
                <sub_title>Febrile neutropenia</sub_title>
                <counts group_id="E1" events="1" subjects_affected="1" subjects_at_risk="130"/>
              </event>
              <event>
                <sub_title>Neutropenia</sub_title>
                <counts group_id="E1" events="2" subjects_affected="1" subjects_at_risk="130"/>
              </event>
              <event>
                <sub_title>Pancytopenia</sub_title>
                <counts group_id="E1" events="1" subjects_affected="1" subjects_at_risk="130"/>
              </event>
            </event_list>
          </category>
          <category>
            <title>Cardiac disorders</title>
            <event_list>
              <event>
                <sub_title>Arteriosclerosis coronary artery</sub_title>
                <counts group_id="E1" events="1" subjects_affected="1" subjects_at_risk="130"/>
              </event>
            </event_list>
          </category>
          <category>
            <title>Gastrointestinal disorders</title>
            <event_list>
              <event>
                <sub_title>Ascites</sub_title>
                <counts group_id="E1" events="1" subjects_affected="1" subjects_at_risk="130"/>
              </event>
            </event_list>
          </category>
          <category>
            <title>General disorders</title>
            <event_list>
              <event>
                <sub_title>Chest pain</sub_title>
                <counts group_id="E1" events="1" subjects_affected="1" subjects_at_risk="130"/>
              </event>
              <event>
                <sub_title>Disease progression</sub_title>
                <counts group_id="E1" events="2" subjects_affected="2" subjects_at_risk="130"/>
              </event>
              <event>
                <sub_title>General physical health deterioration</sub_title>
                <counts group_id="E1" events="1" subjects_affected="1" subjects_at_risk="130"/>
              </event>
            </event_list>
          </category>
          <category>
            <title>Infections and infestations</title>
            <event_list>
              <event>
                <sub_title>Cellulitis</sub_title>
                <counts group_id="E1" events="1" subjects_affected="1" subjects_at_risk="130"/>
              </event>
              <event>
                <sub_title>Device related infection</sub_title>
                <counts group_id="E1" events="1" subjects_affected="1" subjects_at_risk="130"/>
              </event>
              <event>
                <sub_title>Herpes virus infection</sub_title>
                <counts group_id="E1" events="1" subjects_affected="1" subjects_at_risk="130"/>
              </event>
              <event>
                <sub_title>Pneumonia</sub_title>
                <counts group_id="E1" events="3" subjects_affected="3" subjects_at_risk="130"/>
              </event>
              <event>
                <sub_title>Tuberculosis</sub_title>
                <counts group_id="E1" events="2" subjects_affected="2" subjects_at_risk="130"/>
              </event>
              <event>
                <sub_title>Urinary tract infection</sub_title>
                <counts group_id="E1" events="1" subjects_affected="1" subjects_at_risk="130"/>
              </event>
            </event_list>
          </category>
          <category>
            <title>Injury, poisoning and procedural complications</title>
            <event_list>
              <event>
                <sub_title>Femur fracture</sub_title>
                <counts group_id="E1" events="2" subjects_affected="2" subjects_at_risk="130"/>
              </event>
              <event>
                <sub_title>Fractured ischium</sub_title>
                <counts group_id="E1" events="1" subjects_affected="1" subjects_at_risk="130"/>
              </event>
              <event>
                <sub_title>Road traffic accident</sub_title>
                <counts group_id="E1" events="1" subjects_affected="1" subjects_at_risk="130"/>
              </event>
            </event_list>
          </category>
          <category>
            <title>Investigations</title>
            <event_list>
              <event>
                <sub_title>Platelet count decreased</sub_title>
                <counts group_id="E1" events="1" subjects_affected="1" subjects_at_risk="130"/>
              </event>
            </event_list>
          </category>
          <category>
            <title>Metabolism and nutrition disorders</title>
            <event_list>
              <event>
                <sub_title>Hypoglycaemia</sub_title>
                <counts group_id="E1" events="1" subjects_affected="1" subjects_at_risk="130"/>
              </event>
            </event_list>
          </category>
          <category>
            <title>Musculoskeletal and connective tissue disorders</title>
            <event_list>
              <event>
                <sub_title>Back pain</sub_title>
                <counts group_id="E1" events="2" subjects_affected="2" subjects_at_risk="130"/>
              </event>
            </event_list>
          </category>
          <category>
            <title>Neoplasms benign, malignant and unspecified (incl cysts and polyps)</title>
            <event_list>
              <event>
                <sub_title>Malignant neoplasm progression</sub_title>
                <counts group_id="E1" events="1" subjects_affected="1" subjects_at_risk="130"/>
              </event>
              <event>
                <sub_title>Malignant pleural effusion</sub_title>
                <counts group_id="E1" events="1" subjects_affected="1" subjects_at_risk="130"/>
              </event>
              <event>
                <sub_title>Neoplasm progression</sub_title>
                <counts group_id="E1" events="1" subjects_affected="1" subjects_at_risk="130"/>
              </event>
              <event>
                <sub_title>Tumour flare</sub_title>
                <counts group_id="E1" events="1" subjects_affected="1" subjects_at_risk="130"/>
              </event>
            </event_list>
          </category>
          <category>
            <title>Nervous system disorders</title>
            <event_list>
              <event>
                <sub_title>Cerebrovascular accident</sub_title>
                <counts group_id="E1" events="1" subjects_affected="1" subjects_at_risk="130"/>
              </event>
              <event>
                <sub_title>Haemorrhagic stroke</sub_title>
                <counts group_id="E1" events="1" subjects_affected="1" subjects_at_risk="130"/>
              </event>
              <event>
                <sub_title>Hypertensive hydrocephalus</sub_title>
                <counts group_id="E1" events="1" subjects_affected="1" subjects_at_risk="130"/>
              </event>
              <event>
                <sub_title>Ischaemic stroke</sub_title>
                <counts group_id="E1" events="1" subjects_affected="1" subjects_at_risk="130"/>
              </event>
              <event>
                <sub_title>Spinal cord compression</sub_title>
                <counts group_id="E1" events="1" subjects_affected="1" subjects_at_risk="130"/>
              </event>
            </event_list>
          </category>
          <category>
            <title>Respiratory, thoracic and mediastinal disorders</title>
            <event_list>
              <event>
                <sub_title>Pleural effusion</sub_title>
                <counts group_id="E1" events="1" subjects_affected="1" subjects_at_risk="130"/>
              </event>
              <event>
                <sub_title>Pulmonary embolism</sub_title>
                <counts group_id="E1" events="1" subjects_affected="1" subjects_at_risk="130"/>
              </event>
              <event>
                <sub_title>Respiratory failure</sub_title>
                <counts group_id="E1" events="1" subjects_affected="1" subjects_at_risk="130"/>
              </event>
            </event_list>
          </category>
          <category>
            <title>Skin and subcutaneous tissue disorders</title>
            <event_list>
              <event>
                <sub_title>Skin ulcer</sub_title>
                <counts group_id="E1" events="1" subjects_affected="1" subjects_at_risk="130"/>
              </event>
            </event_list>
          </category>
          <category>
            <title>Vascular disorders</title>
            <event_list>
              <event>
                <sub_title>Deep vein thrombosis</sub_title>
                <counts group_id="E1" events="3" subjects_affected="2" subjects_at_risk="130"/>
              </event>
              <event>
                <sub_title>Vena cava thrombosis</sub_title>
                <counts group_id="E1" events="1" subjects_affected="1" subjects_at_risk="130"/>
              </event>
            </event_list>
          </category>
        </category_list>
      </serious_events>
      <other_events>
        <frequency_threshold>5</frequency_threshold>
        <default_vocab>MedDRA22.0</default_vocab>
        <default_assessment>Non-systematic Assessment</default_assessment>
        <category_list>
          <category>
            <title>Total</title>
            <event_list>
              <event>
                <sub_title>Total, other adverse events</sub_title>
                <counts group_id="E1" subjects_affected="129" subjects_at_risk="130"/>
              </event>
            </event_list>
          </category>
          <category>
            <title>Blood and lymphatic system disorders</title>
            <event_list>
              <event>
                <sub_title>Anaemia</sub_title>
                <counts group_id="E1" events="111" subjects_affected="44" subjects_at_risk="130"/>
              </event>
              <event>
                <sub_title>Leukopenia</sub_title>
                <counts group_id="E1" events="173" subjects_affected="45" subjects_at_risk="130"/>
              </event>
              <event>
                <sub_title>Lymphopenia</sub_title>
                <counts group_id="E1" events="19" subjects_affected="11" subjects_at_risk="130"/>
              </event>
              <event>
                <sub_title>Neutropenia</sub_title>
                <counts group_id="E1" events="709" subjects_affected="91" subjects_at_risk="130"/>
              </event>
              <event>
                <sub_title>Thrombocytopenia</sub_title>
                <counts group_id="E1" events="89" subjects_affected="32" subjects_at_risk="130"/>
              </event>
            </event_list>
          </category>
          <category>
            <title>Gastrointestinal disorders</title>
            <event_list>
              <event>
                <sub_title>Abdominal distension</sub_title>
                <counts group_id="E1" events="21" subjects_affected="14" subjects_at_risk="130"/>
              </event>
              <event>
                <sub_title>Abdominal pain</sub_title>
                <counts group_id="E1" events="17" subjects_affected="12" subjects_at_risk="130"/>
              </event>
              <event>
                <sub_title>Abdominal pain upper</sub_title>
                <counts group_id="E1" events="8" subjects_affected="8" subjects_at_risk="130"/>
              </event>
              <event>
                <sub_title>Constipation</sub_title>
                <counts group_id="E1" events="24" subjects_affected="21" subjects_at_risk="130"/>
              </event>
              <event>
                <sub_title>Diarrhoea</sub_title>
                <counts group_id="E1" events="50" subjects_affected="30" subjects_at_risk="130"/>
              </event>
              <event>
                <sub_title>Dyspepsia</sub_title>
                <counts group_id="E1" events="10" subjects_affected="9" subjects_at_risk="130"/>
              </event>
              <event>
                <sub_title>Nausea</sub_title>
                <counts group_id="E1" events="34" subjects_affected="25" subjects_at_risk="130"/>
              </event>
              <event>
                <sub_title>Stomatitis</sub_title>
                <counts group_id="E1" events="15" subjects_affected="8" subjects_at_risk="130"/>
              </event>
              <event>
                <sub_title>Vomiting</sub_title>
                <counts group_id="E1" events="40" subjects_affected="17" subjects_at_risk="130"/>
              </event>
            </event_list>
          </category>
          <category>
            <title>General disorders</title>
            <event_list>
              <event>
                <sub_title>Asthenia</sub_title>
                <counts group_id="E1" events="33" subjects_affected="22" subjects_at_risk="130"/>
              </event>
              <event>
                <sub_title>Fatigue</sub_title>
                <counts group_id="E1" events="26" subjects_affected="20" subjects_at_risk="130"/>
              </event>
              <event>
                <sub_title>Mucosal inflammation</sub_title>
                <counts group_id="E1" events="26" subjects_affected="11" subjects_at_risk="130"/>
              </event>
              <event>
                <sub_title>Oedema peripheral</sub_title>
                <counts group_id="E1" events="12" subjects_affected="9" subjects_at_risk="130"/>
              </event>
              <event>
                <sub_title>Pyrexia</sub_title>
                <counts group_id="E1" events="9" subjects_affected="8" subjects_at_risk="130"/>
              </event>
            </event_list>
          </category>
          <category>
            <title>Infections and infestations</title>
            <event_list>
              <event>
                <sub_title>Influenza</sub_title>
                <counts group_id="E1" events="11" subjects_affected="10" subjects_at_risk="130"/>
              </event>
              <event>
                <sub_title>Nasopharyngitis</sub_title>
                <counts group_id="E1" events="14" subjects_affected="7" subjects_at_risk="130"/>
              </event>
              <event>
                <sub_title>Upper respiratory tract infection</sub_title>
                <counts group_id="E1" events="21" subjects_affected="15" subjects_at_risk="130"/>
              </event>
              <event>
                <sub_title>Urinary tract infection</sub_title>
                <counts group_id="E1" events="8" subjects_affected="7" subjects_at_risk="130"/>
              </event>
            </event_list>
          </category>
          <category>
            <title>Investigations</title>
            <event_list>
              <event>
                <sub_title>Lymphocyte count decreased</sub_title>
                <counts group_id="E1" events="62" subjects_affected="16" subjects_at_risk="130"/>
              </event>
              <event>
                <sub_title>Neutrophil count decreased</sub_title>
                <counts group_id="E1" events="259" subjects_affected="36" subjects_at_risk="130"/>
              </event>
              <event>
                <sub_title>Platelet count decreased</sub_title>
                <counts group_id="E1" events="50" subjects_affected="19" subjects_at_risk="130"/>
              </event>
              <event>
                <sub_title>White blood cell count decreased</sub_title>
                <counts group_id="E1" events="129" subjects_affected="23" subjects_at_risk="130"/>
              </event>
            </event_list>
          </category>
          <category>
            <title>Metabolism and nutrition disorders</title>
            <event_list>
              <event>
                <sub_title>Decreased appetite</sub_title>
                <counts group_id="E1" events="10" subjects_affected="10" subjects_at_risk="130"/>
              </event>
            </event_list>
          </category>
          <category>
            <title>Musculoskeletal and connective tissue disorders</title>
            <event_list>
              <event>
                <sub_title>Arthralgia</sub_title>
                <counts group_id="E1" events="31" subjects_affected="26" subjects_at_risk="130"/>
              </event>
              <event>
                <sub_title>Back pain</sub_title>
                <counts group_id="E1" events="33" subjects_affected="21" subjects_at_risk="130"/>
              </event>
              <event>
                <sub_title>Myalgia</sub_title>
                <counts group_id="E1" events="10" subjects_affected="8" subjects_at_risk="130"/>
              </event>
              <event>
                <sub_title>Pain in extremity</sub_title>
                <counts group_id="E1" events="23" subjects_affected="15" subjects_at_risk="130"/>
              </event>
            </event_list>
          </category>
          <category>
            <title>Nervous system disorders</title>
            <event_list>
              <event>
                <sub_title>Dizziness</sub_title>
                <counts group_id="E1" events="14" subjects_affected="12" subjects_at_risk="130"/>
              </event>
              <event>
                <sub_title>Headache</sub_title>
                <counts group_id="E1" events="37" subjects_affected="25" subjects_at_risk="130"/>
              </event>
            </event_list>
          </category>
          <category>
            <title>Psychiatric disorders</title>
            <event_list>
              <event>
                <sub_title>Insomnia</sub_title>
                <counts group_id="E1" events="9" subjects_affected="9" subjects_at_risk="130"/>
              </event>
            </event_list>
          </category>
          <category>
            <title>Respiratory, thoracic and mediastinal disorders</title>
            <event_list>
              <event>
                <sub_title>Cough</sub_title>
                <counts group_id="E1" events="25" subjects_affected="21" subjects_at_risk="130"/>
              </event>
              <event>
                <sub_title>Dyspnoea</sub_title>
                <counts group_id="E1" events="10" subjects_affected="8" subjects_at_risk="130"/>
              </event>
            </event_list>
          </category>
          <category>
            <title>Skin and subcutaneous tissue disorders</title>
            <event_list>
              <event>
                <sub_title>Alopecia</sub_title>
                <counts group_id="E1" events="22" subjects_affected="18" subjects_at_risk="130"/>
              </event>
              <event>
                <sub_title>Dry skin</sub_title>
                <counts group_id="E1" events="10" subjects_affected="10" subjects_at_risk="130"/>
              </event>
              <event>
                <sub_title>Pruritus</sub_title>
                <counts group_id="E1" events="7" subjects_affected="7" subjects_at_risk="130"/>
              </event>
              <event>
                <sub_title>Rash</sub_title>
                <counts group_id="E1" events="13" subjects_affected="10" subjects_at_risk="130"/>
              </event>
            </event_list>
          </category>
        </category_list>
      </other_events>
    </reported_events>

    <certain_agreements>
      <pi_employee>Principal Investigators are NOT employed by the organization sponsoring the study.</pi_employee>
      <restrictive_agreement>Pfizer has the right to review disclosures, requesting a delay of less than 60 days. Investigator will postpone single center publications until after disclosure of pooled data (all sites), less than 12 months from study completion/termination at all participating sites. Investigator may not disclose previously undisclosed confidential information other than study results.</restrictive_agreement>
    </certain_agreements>
    <point_of_contact>
      <name_or_title>Pfizer ClinicalTrials.gov Call Center</name_or_title>
      <organization>Pfizer, Inc.</organization>
      <phone>1-800-718-1021</phone>
      <email>ClinicalTrials.gov_Inquiries@pfizer.com</email>
    </point_of_contact>
  </clinical_results>
</clinical_study>

