<?xml version="1.0" encoding="UTF-8"?>
<clinical_study rank="260">
  <!-- This xml conforms to an XML Schema at:
    https://clinicaltrials.gov/ct2/html/images/info/public.xsd -->
  <required_header>
    <download_date>ClinicalTrials.gov processed this data on May 26, 2023</download_date>
    <link_text>Link to the current ClinicalTrials.gov record.</link_text>
    <url>https://clinicaltrials.gov/show/NCT01265654</url>
  </required_header>
  <id_info>
    <org_study_id>NIS-OCZ-FAS-2010/1</org_study_id>
    <nct_id>NCT01265654</nct_id>
  </id_info>
  <brief_title>Reasons for Changing HOrmonal Therapy of Advanced Breast Cancer</brief_title>
  <acronym>HOT ABC</acronym>
  <official_title>Reasons for Changing HOrmonal Therapy of Advanced Breast Cancer</official_title>
  <sponsors>
    <lead_sponsor>
      <agency>AstraZeneca</agency>
      <agency_class>Industry</agency_class>
    </lead_sponsor>
  </sponsors>
  <source>AstraZeneca</source>
  <brief_summary>
    <textblock>
      Breast cancer is the leading type of cancer in women. Although big advance in diagnostics and&#xD;
      treatment of early and breast cancer has been made in recent years breast cancer still has a&#xD;
      significant mortality rate. A number of treatment modalities exist for postmenopausal women&#xD;
      with advanced breast cancer. The treatment modality is chosen based on patient and tumour&#xD;
      characteristics. Hormonal treatment is preferred and recommended in women with hormone&#xD;
      sensitive breast cancer (ESMO, CECOG and NCCN guidelines). Tumor markers are an established&#xD;
      method of monitoring systemic therapies in various cancers. Tumor markers CA 15-3 and CEA are&#xD;
      used in clinical practice to monitor treatment efficacy of metastatic breast cancer. Blood&#xD;
      levels of tumor markers are widely used to assess response/progression to treatment and guide&#xD;
      therapy change. Treatment efficacy is assessed by imaging methods in clinical studies. Change&#xD;
      of therapy in clinical study is usually done when progression based on RECIST criteria is&#xD;
      found. Hormonal treatment has slower onset of effect compared with chemotherapy that can last&#xD;
      several weeks. Also when a new therapy is started spurious early rises may occur. Therefore&#xD;
      rising levels of tumor markers during the first weeks of new hormonal therapy are not&#xD;
      necessarily sign of progression and should not be the only guidance for treatment change.&#xD;
      Evidence of treatment efficacy form clinical studies and treatment change is based on imaging&#xD;
      techniques.&#xD;
    </textblock>
  </brief_summary>
  <overall_status>Completed</overall_status>
  <start_date>January 2011</start_date>
  <completion_date type="Actual">November 2011</completion_date>
  <primary_completion_date type="Actual">November 2011</primary_completion_date>
  <study_type>Observational</study_type>
  <has_expanded_access>No</has_expanded_access>
  <study_design_info>
    <observational_model>Case-Only</observational_model>
    <time_perspective>Retrospective</time_perspective>
  </study_design_info>
  <primary_outcome>
    <measure>Reasons for change of hormonal therapy (biochemical progression, objective progression, symptomatic progression, safety reasons, other)</measure>
    <time_frame>Every 3 months</time_frame>
  </primary_outcome>
  <secondary_outcome>
    <measure>Changes in values of tumor markers (CEA, CA 15.3)</measure>
    <time_frame>Every 3 months.</time_frame>
  </secondary_outcome>
  <secondary_outcome>
    <measure>Time to progression</measure>
    <time_frame>Every 3 months</time_frame>
  </secondary_outcome>
  <secondary_outcome>
    <measure>Type of hormonal treatment</measure>
    <time_frame>Every 3 months.</time_frame>
  </secondary_outcome>
  <number_of_groups>1</number_of_groups>
  <enrollment type="Actual">234</enrollment>
  <condition>Breast Cancer</condition>
  <arm_group>
    <arm_group_label>All patients</arm_group_label>
    <description>Patients with ABC and two lines of hormonal treatment</description>
  </arm_group>
  <eligibility>
    <study_pop>
      <textblock>
        Postmenopausal women with hormone sensitive advanced breast cancer that have been treated&#xD;
        with minimum two hormonal agents according to approved SmPC.&#xD;
      </textblock>
    </study_pop>
    <sampling_method>Probability Sample</sampling_method>
    <criteria>
      <textblock>
        Inclusion Criteria:&#xD;
&#xD;
          -  Women with at least two finished lines of hormonal treatment for advanced breast&#xD;
             cancer Tumor markers (CEA. CA15-3) values available at the time of onset and&#xD;
             discontinuation of therapy Imaging methods results available at the time of onset and&#xD;
             discontinuation of therapy&#xD;
&#xD;
        Exclusion Criteria:&#xD;
&#xD;
          -  None&#xD;
      </textblock>
    </criteria>
    <gender>Female</gender>
    <minimum_age>N/A</minimum_age>
    <maximum_age>N/A</maximum_age>
    <healthy_volunteers>No</healthy_volunteers>
  </eligibility>
  <overall_official>
    <last_name>Ales Kminek</last_name>
    <role>Study Director</role>
    <affiliation>AstraZeneca Czech Republic</affiliation>
  </overall_official>
  <overall_official>
    <last_name>Katarina Petrakova</last_name>
    <role>Principal Investigator</role>
    <affiliation>Masaryk Memorial Cancer Institute, Brno, Czech Rep.</affiliation>
  </overall_official>
  <overall_official>
    <last_name>Lubos Petruzelka</last_name>
    <role>Principal Investigator</role>
    <affiliation>General Teaching Hospital, Prague, Czech Rep.</affiliation>
  </overall_official>
  <location>
    <facility>
      <name>Research Site</name>
      <address>
        <city>Benesov u Prahy</city>
        <country>Czech Republic</country>
      </address>
    </facility>
  </location>
  <location>
    <facility>
      <name>Research Site</name>
      <address>
        <city>Brno</city>
        <country>Czech Republic</country>
      </address>
    </facility>
  </location>
  <location>
    <facility>
      <name>Research Site</name>
      <address>
        <city>Ceske Budejovice</city>
        <country>Czech Republic</country>
      </address>
    </facility>
  </location>
  <location>
    <facility>
      <name>Research Site</name>
      <address>
        <city>Cesky Krumlov</city>
        <country>Czech Republic</country>
      </address>
    </facility>
  </location>
  <location>
    <facility>
      <name>Research Site</name>
      <address>
        <city>Cheb</city>
        <country>Czech Republic</country>
      </address>
    </facility>
  </location>
  <location>
    <facility>
      <name>Research Site</name>
      <address>
        <city>Chomutov</city>
        <country>Czech Republic</country>
      </address>
    </facility>
  </location>
  <location>
    <facility>
      <name>Research Site</name>
      <address>
        <city>Havlickuv Brod</city>
        <country>Czech Republic</country>
      </address>
    </facility>
  </location>
  <location>
    <facility>
      <name>Research Site</name>
      <address>
        <city>Hradec Kralove</city>
        <country>Czech Republic</country>
      </address>
    </facility>
  </location>
  <location>
    <facility>
      <name>Research Site</name>
      <address>
        <city>Jablonec nad Nisou</city>
        <country>Czech Republic</country>
      </address>
    </facility>
  </location>
  <location>
    <facility>
      <name>Research Site</name>
      <address>
        <city>Jicin</city>
        <country>Czech Republic</country>
      </address>
    </facility>
  </location>
  <location>
    <facility>
      <name>Research Site</name>
      <address>
        <city>Jihlava</city>
        <country>Czech Republic</country>
      </address>
    </facility>
  </location>
  <location>
    <facility>
      <name>Research Site</name>
      <address>
        <city>Karvina</city>
        <country>Czech Republic</country>
      </address>
    </facility>
  </location>
  <location>
    <facility>
      <name>Research Site</name>
      <address>
        <city>Kladno</city>
        <country>Czech Republic</country>
      </address>
    </facility>
  </location>
  <location>
    <facility>
      <name>Research Site</name>
      <address>
        <city>Kolin</city>
        <country>Czech Republic</country>
      </address>
    </facility>
  </location>
  <location>
    <facility>
      <name>Research Site</name>
      <address>
        <city>Liberec</city>
        <country>Czech Republic</country>
      </address>
    </facility>
  </location>
  <location>
    <facility>
      <name>Research Site</name>
      <address>
        <city>Most</city>
        <country>Czech Republic</country>
      </address>
    </facility>
  </location>
  <location>
    <facility>
      <name>Research Site</name>
      <address>
        <city>Nachod</city>
        <country>Czech Republic</country>
      </address>
    </facility>
  </location>
  <location>
    <facility>
      <name>Research Site</name>
      <address>
        <city>Novy Jicin</city>
        <country>Czech Republic</country>
      </address>
    </facility>
  </location>
  <location>
    <facility>
      <name>Research Site</name>
      <address>
        <city>Olomouc</city>
        <country>Czech Republic</country>
      </address>
    </facility>
  </location>
  <location>
    <facility>
      <name>Research Site</name>
      <address>
        <city>Opava</city>
        <country>Czech Republic</country>
      </address>
    </facility>
  </location>
  <location>
    <facility>
      <name>Research Site</name>
      <address>
        <city>Ostrava - Fifejdy</city>
        <country>Czech Republic</country>
      </address>
    </facility>
  </location>
  <location>
    <facility>
      <name>Research Site</name>
      <address>
        <city>Ostrava - Vitkovice</city>
        <country>Czech Republic</country>
      </address>
    </facility>
  </location>
  <location>
    <facility>
      <name>Research Site</name>
      <address>
        <city>Ostrava</city>
        <country>Czech Republic</country>
      </address>
    </facility>
  </location>
  <location>
    <facility>
      <name>Research Site</name>
      <address>
        <city>Pardubice</city>
        <country>Czech Republic</country>
      </address>
    </facility>
  </location>
  <location>
    <facility>
      <name>Research Site</name>
      <address>
        <city>Pisek</city>
        <country>Czech Republic</country>
      </address>
    </facility>
  </location>
  <location>
    <facility>
      <name>Research Site</name>
      <address>
        <city>Plzen</city>
        <country>Czech Republic</country>
      </address>
    </facility>
  </location>
  <location>
    <facility>
      <name>Research Site</name>
      <address>
        <city>Praha</city>
        <country>Czech Republic</country>
      </address>
    </facility>
  </location>
  <location>
    <facility>
      <name>Research Site</name>
      <address>
        <city>Prerov</city>
        <country>Czech Republic</country>
      </address>
    </facility>
  </location>
  <location>
    <facility>
      <name>Research Site</name>
      <address>
        <city>Prostejov</city>
        <country>Czech Republic</country>
      </address>
    </facility>
  </location>
  <location>
    <facility>
      <name>Research Site</name>
      <address>
        <city>Rakovnik</city>
        <country>Czech Republic</country>
      </address>
    </facility>
  </location>
  <location>
    <facility>
      <name>Research Site</name>
      <address>
        <city>Sokolov</city>
        <country>Czech Republic</country>
      </address>
    </facility>
  </location>
  <location>
    <facility>
      <name>Research Site</name>
      <address>
        <city>Strakonice</city>
        <country>Czech Republic</country>
      </address>
    </facility>
  </location>
  <location>
    <facility>
      <name>Research Site</name>
      <address>
        <city>Sumperk</city>
        <country>Czech Republic</country>
      </address>
    </facility>
  </location>
  <location>
    <facility>
      <name>Research Site</name>
      <address>
        <city>Tabor</city>
        <country>Czech Republic</country>
      </address>
    </facility>
  </location>
  <location>
    <facility>
      <name>Research Site</name>
      <address>
        <city>Usti nad Labem</city>
        <country>Czech Republic</country>
      </address>
    </facility>
  </location>
  <location>
    <facility>
      <name>Research Site</name>
      <address>
        <city>Zlin</city>
        <country>Czech Republic</country>
      </address>
    </facility>
  </location>
  <location>
    <facility>
      <name>Research Site</name>
      <address>
        <city>Znojmo</city>
        <country>Czech Republic</country>
      </address>
    </facility>
  </location>
  <location_countries>
    <country>Czech Republic</country>
  </location_countries>
  <verification_date>November 2011</verification_date>
  <study_first_submitted>December 21, 2010</study_first_submitted>
  <study_first_submitted_qc>December 22, 2010</study_first_submitted_qc>
  <study_first_posted type="Estimate">December 23, 2010</study_first_posted>
  <last_update_submitted>November 22, 2011</last_update_submitted>
  <last_update_submitted_qc>November 22, 2011</last_update_submitted_qc>
  <last_update_posted type="Estimate">November 23, 2011</last_update_posted>
  <responsible_party>
    <responsible_party_type>Sponsor</responsible_party_type>
  </responsible_party>
  <keyword>Advanced Breast Cancer</keyword>
  <keyword>Hormonal Treatment</keyword>
  <condition_browse>
    <!-- CAUTION:  The following MeSH terms are assigned with an imperfect algorithm            -->
    <mesh_term>Breast Neoplasms</mesh_term>
  </condition_browse>
  <!-- Results have not yet been posted for this study                                          -->
</clinical_study>

