{"protocolSection":{"identificationModule":{"nctId":"NCT04771975","orgStudyIdInfo":{"id":"I2I1"},"organization":{"fullName":"University of Toronto","class":"OTHER"},"briefTitle":"Connecting Breast Cancer Survivors for Exercise","officialTitle":"Connecting Breast Cancer Survivors for Exercise: A Randomized Controlled Trial"},"statusModule":{"statusVerifiedDate":"2022-02","overallStatus":"COMPLETED","expandedAccessInfo":{"hasExpandedAccess":false},"startDateStruct":{"date":"2021-05-10","type":"ACTUAL"},"primaryCompletionDateStruct":{"date":"2021-12-30","type":"ACTUAL"},"completionDateStruct":{"date":"2022-01-30","type":"ACTUAL"},"studyFirstSubmitDate":"2020-02-28","studyFirstSubmitQcDate":"2021-02-23","studyFirstPostDateStruct":{"date":"2021-02-25","type":"ACTUAL"},"lastUpdateSubmitDate":"2022-02-25","lastUpdatePostDateStruct":{"date":"2022-02-28","type":"ACTUAL"}},"sponsorCollaboratorsModule":{"responsibleParty":{"type":"SPONSOR_INVESTIGATOR","investigatorFullName":"Jenna Smith","investigatorTitle":"Post Doctoral Fellow (Catherine Sabiston PI)","investigatorAffiliation":"University of Toronto"},"leadSponsor":{"name":"Jenna Smith","class":"OTHER"}},"oversightModule":{"oversightHasDmc":false,"isFdaRegulatedDrug":false,"isFdaRegulatedDevice":false},"descriptionModule":{"briefSummary":"The purpose of this study is to examine interpersonal and individual effects of partnering BCS with a peer and a qualified exercise professional (QEP) on self-reported exercise volume (MVPA; primary outcome), and device-measured exercise volume (MVPA; Fitbit), social support, and HRQOL (secondary outcomes). Cost-effectiveness and intervention adherence will also be explored as tertiary outcomes. The effects of a peer and QEP-support intervention group, labelled MatchQEP, will be compared to a control group of BCS who are matched with a peer, but not a QEP, labeled Match."},"conditionsModule":{"conditions":["Breast Cancer","Breast Neoplasms"],"keywords":["exercise","physical activity","oncology","breast cancer","survivorship","social support"]},"designModule":{"studyType":"INTERVENTIONAL","phases":["NA"],"designInfo":{"allocation":"RANDOMIZED","interventionModel":"PARALLEL","primaryPurpose":"SUPPORTIVE_CARE","maskingInfo":{"masking":"DOUBLE","whoMasked":["INVESTIGATOR","OUTCOMES_ASSESSOR"]}},"enrollmentInfo":{"count":108,"type":"ACTUAL"}},"armsInterventionsModule":{"armGroups":[{"label":"MatchQEP group","type":"EXPERIMENTAL","description":"All participants will receive an 'Exercise Peer Support Guide' that provides suggestions for supporting their exercise partner and a one-page document describing current exercise guidelines for cancer survivors \\[16-18\\]. All participants will also be given a Fitbit device, which will be used for device-measured MVPA.\n\nParticipants in the MatchQEP group will receive exercise information and program sessions tailored by a qualified exercise professional (QEP) specifically for each BCS in the dyad. Dyads will meet with the QEP via Zoom once per week for 10 weeks for up to 60 minutes. For four weeks following the 10-week intervention period, the QEP will be available for consultation (i.e., a post-intervention tapering period) as needed by the MatchQEP group participants.","interventionNames":["Behavioral: Exercise Counselling","Behavioral: Partner Matching"]},{"label":"Match group","type":"ACTIVE_COMPARATOR","description":"All participants will receive an 'Exercise Peer Support Guide' that provides suggestions for supporting their exercise partner and a one-page document describing current exercise guidelines for cancer survivors \\[16-18\\]. All participants will also be given a Fitbit device, which will be used for device-measured MVPA.\n\nParticipants in the Match (control) group will independently communicate and support each other around exercise for 10 weeks. They will not have any contact with a QEP during this time.","interventionNames":["Behavioral: Partner Matching"]}],"interventions":[{"type":"BEHAVIORAL","name":"Exercise Counselling","description":"See previous description for MatchQEP (Intervention) group.","armGroupLabels":["MatchQEP group"],"otherNames":["QEP support"]},{"type":"BEHAVIORAL","name":"Partner Matching","description":"All participants will be matched with another participant (fellow BCS) and will facilitate / support exercise with their partner for the duration of the study.\n\nParticipants will be matched based on personal and cancer-related characteristics.","armGroupLabels":["Match group","MatchQEP group"]}]},"outcomesModule":{"primaryOutcomes":[{"measure":"Change in exercise volume","description":"The Godin Leisure Time Exercise Questionnaire will be used to measure exercise volume over 1 week. It is a self-report measure which asks respondents to give weekly frequencies and durations of strenuous, moderate, and mild aerobic activities and resistance training sessions. Together responses are summed to determine a total weekly leisure activity score. It is shown to be reliable and valid (r=.53) when classifying respondents into 'insufficiently active' and 'active' categories (Amireault \\& Godin, 2015; Amireault et al., 2015; Amireault et al., 2015; Godin \\& Shephard, 1985b). Respondents are classified as 'active' by exceeding a score of 24 on this scale (Amireault \\& Godin, 2015; Amireault et al., 2015; Amireault et al., 2015).","timeFrame":"Baseline, 10-weeks post baseline."},{"measure":"Change in exercise volume","description":"The Godin Leisure Time Exercise Questionnaire will be used to measure exercise volume over 1 week. It is a self-report measure which asks respondents to give weekly frequencies and durations of strenuous, moderate, and mild aerobic activities and resistance training sessions. Together responses are summed to determine a total weekly leisure activity score. It is shown to be reliable and valid (r=.53) when classifying respondents into 'insufficiently active' and 'active' categories (Amireault \\& Godin, 2015; Amireault et al., 2015; Amireault et al., 2015; Godin \\& Shephard, 1985b). Respondents are classified as 'active' by exceeding a score of 24 on this scale (Amireault \\& Godin, 2015; Amireault et al., 2015; Amireault et al., 2015).","timeFrame":"14-weeks post baseline"},{"measure":"Change in exercise volume","description":"The Godin Leisure Time Exercise Questionnaire will be used to measure exercise volume over 1 week. It is a self-report measure which asks respondents to give weekly frequencies and durations of strenuous, moderate, and mild aerobic activities and resistance training sessions. Together responses are summed to determine a total weekly leisure activity score. It is shown to be reliable and valid (r=.53) when classifying respondents into 'insufficiently active' and 'active' categories (Amireault \\& Godin, 2015; Amireault et al., 2015; Amireault et al., 2015; Godin \\& Shephard, 1985b). Respondents are classified as 'active' by exceeding a score of 24 on this scale (Amireault \\& Godin, 2015; Amireault et al., 2015; Amireault et al., 2015).","timeFrame":"26-weeks post baseline"}],"secondaryOutcomes":[{"measure":"Change in exercise volume","description":"Exercise volume will also be assessed using a tracking device (Fitbit Inspire® 2 accelerometer). Adherence to Fitbit's use in cancer survivors is high \\[58,59\\] and Fitbit exercise data has demonstrated high correlation to Actigraph measures in this population \\[58\\]. Fitbit devices will be mailed to BCS at study inception and will be required to be worn for 7 consecutive days during the four primary data collections to determine their average daily and weekly minutes of MVPA and step count. BCS are not required to wear the device outside of the data collection timeframes, but can wear them if they choose.","timeFrame":"Baseline, 10-weeks post-baseline, 14-weeks post-baseline, 26-weeks post-baseline"},{"measure":"Change in social support","description":"A 14-item breast cancer-specific version of the Social Support Survey (SSS) will be used to assess seven dimensions of social support including: listening support, task challenge, emotional support, esteem support, reality confirmation, tangible assistance, and understanding breast cancer support. Respondents will be asked to score questions on a five-point Likert scale for each type of support rated from 1=very dissatisfied to 5=very satisfied. Higher scores represent a better outcome.","timeFrame":"Baseline, 10-weeks post-baseline, 14-weeks post-baseline, 26-weeks post-baseline"},{"measure":"Change in health-related quality of life assessed by the Short-Form-12","description":"The Short-Form-12 (SF-12) will be used to assess HRQOL. The SF-12 is a self-administered questionnaire including 12 items addressing eight domains of health: physical functioning, role-physical, bodily pain, general health, vitality, social functioning, role-emotional, and mental health. A composite index is scaled from 0 to 100 and normalized to approximately 50 with a higher score indicating better health.","timeFrame":"Baseline, 10-weeks post-baseline, 14-weeks post-baseline, 26-weeks post-baseline"},{"measure":"Change in quality of life assessed by the EuroQol-5 Dimension-3 level (EQ-5D-3L)","description":"The EQ-5D-3L will also be used to assess HRQOL. The EQ-5D-3L is a two-part measure. The first part using a three-level scale (1=no problems, 2=some problems, 3=unable) to assess five dimensions of health: mobility, self-care, usual activities, pain/discomfort, and anxiety/depression. Lower scores represent better HRQOL. The second part assesses responder's perception of their health on a visual analogue scale from 0 (worst imaginable health) to 10 (best imaginable health).","timeFrame":"Baseline, 10-weeks post-baseline, 14-weeks post-baseline, 26-weeks post-baseline"},{"measure":"Cost of intervention arms","description":"The costs of the MatchQEP program will be calculated and compared to traditional face-to face costs of QEP services. Program costs related to MatchQEP include labour, equipment, and consumables. The cost of training staff will also be excluded as staff will already be qualified for their role. Labour costs will by calculated by assessing the number of contact hours between the QEP and survivor over the 10-week program, and the unit cost of 1 hour of work by the QEP. For each 1-hour contact session, 1.5 hours of labour will be allocated to account for preparation time needed by the QEP during the phone sessions. Equipment related costs to run the MatchQEP program will include any form of device that a survivor may purchase for use at home based on the QEP recommendations (for example TheraBand or weights) and a computer and telephone for the QEP.","timeFrame":"10-weeks (post intervention)"},{"measure":"Use of health care resources","description":"The use of health care resources will be compared between the two groups at follow up time points using a piloted questionnaire assessing number of health care facility visits, doctor visits, procedures received, support services used, loss of work, and prescription medications used.","timeFrame":"10-weeks post-baseline, 14-weeks post-baseline, 26-weeks post-baseline"},{"measure":"Intervention adherence","description":"The QEP will track MatchQEP group adherence by completing a weekly session log. The QEP will record attendance of each BCS at the virtual QEP session as well as whether each individual completed the goals set from the previous session. MatchQEP group adherence is defined as the number of sessions attended divided by the total number of sessions.\n\nMatch group adherence will be determined by the number of times the peers connect during the 10-week intervention period.","timeFrame":"10-weeks post-baseline"}]},"eligibilityModule":{"eligibilityCriteria":"Inclusion Criteria:\n\n* Female\n* Breast cancer survivors\n* Stage 1-4 cancer\n* Aged \\>18 years\n* Have been cleared for exercise\n* Have consistent access to an Internet-connected device\n* Currently exercise ≤ 150 minutes per week.\n\nExclusion Criteria:\n\n* Report contraindications to exercise such as physical disability\n* Had recent or planned reconstructive surgery\n* Have no consistent access to an Internet-connected device\n* Are currently meeting exercise guidelines (performing \\> 150 minutes of moderate-to- vigorous exercise)\n* Have not been cleared to participate in exercise","healthyVolunteers":false,"sex":"FEMALE","minimumAge":"18 Years","stdAges":["ADULT","OLDER_ADULT"]},"contactsLocationsModule":{"locations":[{"facility":"University of Toronto","city":"Toronto","state":"Ontario","zip":"M5S 2W6","country":"Canada","geoPoint":{"lat":43.70011,"lon":-79.4163}}],"locations_nested":[{"facility":"University of Toronto","city":"Toronto","state":"Ontario","zip":"M5S 2W6","country":"Canada","geoPoint":{"lat":43.70011,"lon":-79.4163}}]},"referencesModule":{"references":[{"pmid":"34649590","type":"DERIVED","citation":"Smith-Turchyn J, McCowan ME, O'Loughlin E, Fong AJ, McDonough MH, Santa Mina D, Arbour-Nicitopoulos KP, Trinh L, Jones JM, Bender JL, Culos-Reed SN, Tomasone JR, Vani MF, Sabiston CM. Connecting breast cancer survivors for exercise: protocol for a two-arm randomized controlled trial. BMC Sports Sci Med Rehabil. 2021 Oct 14;13:128. doi: 10.1186/s13102-021-00341-w. eCollection 2021."}]},"ipdSharingStatementModule":{"ipdSharing":"NO"}},"derivedSection":{"miscInfoModule":{"versionHolder":"2023-07-03","modelPredictions":{"bmiLimits":{"minBmi":0.00,"maxBmi":101.00}}},"conditionBrowseModule":{"meshes":[{"id":"D000001943","term":"Breast Neoplasms"}],"ancestors":[{"id":"D000009371","term":"Neoplasms by Site"},{"id":"D000009369","term":"Neoplasms"},{"id":"D000001941","term":"Breast Diseases"},{"id":"D000012871","term":"Skin Diseases"}],"browseLeaves":[{"id":"M4910","name":"Breast Neoplasms","asFound":"Breast Cancer","relevance":"HIGH"},{"id":"M4908","name":"Breast Diseases","relevance":"LOW"},{"id":"M15364","name":"Skin Diseases","relevance":"LOW"}],"browseBranches":[{"abbrev":"BC04","name":"Neoplasms"},{"abbrev":"BC17","name":"Skin and Connective Tissue Diseases"},{"abbrev":"All","name":"All Conditions"}]},"interventionBrowseModule":{}},"hasResults":false}