{"protocolSection":{"identificationModule":{"nctId":"NCT02505906","orgStudyIdInfo":{"id":"SFP2008-06"},"organization":{"fullName":"University Medical Center Groningen","class":"OTHER"},"briefTitle":"Late Toxicity in Breast Cancer Patients Treated With Breast-conserving Surgical Procedures and Radiotherapy Using the Simultaneous Integrated Boost Technique","acronym":"FUSIB"},"statusModule":{"statusVerifiedDate":"2023-05","overallStatus":"COMPLETED","expandedAccessInfo":{"hasExpandedAccess":false},"startDateStruct":{"date":"2008-01","type":"ACTUAL"},"primaryCompletionDateStruct":{"date":"2017-09-01","type":"ACTUAL"},"completionDateStruct":{"date":"2017-09-01","type":"ACTUAL"},"studyFirstSubmitDate":"2015-07-15","studyFirstSubmitQcDate":"2015-07-20","studyFirstPostDateStruct":{"date":"2015-07-22","type":"ESTIMATED"},"lastUpdateSubmitDate":"2023-05-19","lastUpdatePostDateStruct":{"date":"2023-05-22","type":"ACTUAL"}},"sponsorCollaboratorsModule":{"responsibleParty":{"type":"PRINCIPAL_INVESTIGATOR","investigatorFullName":"J.H. Maduro","investigatorTitle":"Dr.","investigatorAffiliation":"University Medical Center Groningen"},"leadSponsor":{"name":"University Medical Center Groningen","class":"OTHER"}},"oversightModule":{"oversightHasDmc":false},"descriptionModule":{"briefSummary":"In summary, breast conserving therapy (BCT) is an effective, save and widely used treatment technique for early breast cancer. Radiotherapy has shown to give better local control and survival benefit and is an integrated part of BCT. The simultaneous integrated boost (SIB) technique is a new treatment technique in breast irradiation. In this technique the whole breast is irradiated simultaneous with boosting the tumour bed, as part of BCT. Late radiation-induced toxicity has not been investigated in patients treated with radiotherapy using this technique. Proposed study will study the late radiation-induced toxicity, describe patients-rated complaints, quality of life, survival and local control curves in patients treated for early breast cancer with breast-conserving surgery in combination with radiotherapy with the SIB technique as compared to sequential radiotherapy treatment."},"conditionsModule":{"conditions":["Breast Cancer"],"keywords":["Late toxicity","Simultaneous integrated boost (SIB)","Radiotherapy"]},"designModule":{"studyType":"OBSERVATIONAL","patientRegistry":true,"targetDuration":"5 Years","designInfo":{"observationalModel":"COHORT","timePerspective":"PROSPECTIVE"},"enrollmentInfo":{"count":5043,"type":"ACTUAL"}},"armsInterventionsModule":{"interventions":[{"type":"RADIATION","name":"Simultaneous Integrated Boost Technique"}]},"outcomesModule":{"primaryOutcomes":[{"measure":"Late radiation-induced toxicity (grade 2 or higher)","description":"Toxicity score using Common Terminology for Adverse Events (CTCAE)","timeFrame":"At 1 year after completion of radiation therapy"},{"measure":"Late radiation-induced toxicity (grade 2 or higher)","description":"Toxicity score using Common Terminology for Adverse Events (CTCAE)","timeFrame":"At 2 years after completion of radiation therapy"},{"measure":"Late radiation-induced toxicity (grade 2 or higher)","description":"Toxicity score using Common Terminology for Adverse Events (CTCAE)","timeFrame":"At 3 years after completion of radiation therapy"},{"measure":"Late radiation-induced toxicity (grade 2 or higher)","description":"Toxicity score using Common Terminology for Adverse Events (CTCAE)","timeFrame":"At 4 years after completion of radiation therapy"},{"measure":"Late radiation-induced toxicity (grade 2 or higher)","description":"Toxicity score using Common Terminology for Adverse Events (CTCAE)","timeFrame":"At 5 years after completion of radiation therapy"}],"secondaryOutcomes":[{"measure":"Overall survival","timeFrame":"At 1,2,3,4 and 5 years after completion of radiation therapy"},{"measure":"Patient-rated symptoms","description":"Questionnaire: BCSCQ","timeFrame":"At 1,2,3,4 and 5 years after completion of radiation therapy"},{"measure":"Quality of life in breast cancer patients treated with radiotherapy after breast conserving surgery","description":"Questionnaires: European Organization for Research and Treatment of Cancer Quality of Life - Core Questionnaire (EORTC QLQ-C30), Quality of Life Questionnaire - Breast Cancer Module (QLQ-BR23) and Adult Comorbidity Evaluation (ACE-27)","timeFrame":"At 1,2,3,4 and 5 years after completion of radiation therapy"},{"measure":"Recurrence (local)","description":"Assessed by Mammography, MRI (optional). If indicated: chest X-ray, bone scan, ultrasound","timeFrame":"At 1,2,3,4 and 5 years after completion of radiation therapy"},{"measure":"Recurrence (regional)","description":"Assessed by Mammography, MRI (optional). If indicated: chest X-ray, bone scan, ultrasound","timeFrame":"At 1,2,3,4 and 5 years after completion of radiation therapy"},{"measure":"Recurrence (distant metastasis)","description":"Assessed by Mammography, MRI (optional). If indicated: chest X-ray, bone scan, ultrasound","timeFrame":"At 1,2,3,4 and 5 years after completion of radiation therapy"}]},"eligibilityModule":{"eligibilityCriteria":"Inclusion Criteria:\n\n* WHO performance status 0-2.\n* Invasive breast cancer or ductal carcinoma in situ (DCIS).\n* Stage I-III breast cancer or DCIS.\n* Treated with curative radiotherapy of the breast (as part of breast conserving therapy) with simultaneous integrated boost technique, with or without irradiation of the regional (including internal mammary) lymph nodes.\n\nExclusion Criteria:\n\n* Previous thoracic radiotherapy.\n* Previous history of malignancy, except adequately treated carcinoma in situ of the cervix or basal cell carcinoma of the skin.\n* Bilateral (synchrone) invasive breast cancer.\n* Treatment prior to surgery (i.e. neoadjuvant chemotherapy, neoadjuvant hormonal therapy, pre-operative radiotherapy).\n* Distant metastases at diagnosis (M1).\n* Unsufficient knowledge of Dutch language.","healthyVolunteers":false,"sex":"FEMALE","minimumAge":"18 Years","stdAges":["ADULT","OLDER_ADULT"],"studyPopulation":"Patients with breast cancer treated with curative intent.","samplingMethod":"NON_PROBABILITY_SAMPLE"},"contactsLocationsModule":{"locations":[{"facility":"University Medical Center Groningen","city":"Groningen","zip":"9700RB","country":"Netherlands","geoPoint":{"lat":53.21917,"lon":6.56667}}],"locations_nested":[{"facility":"University Medical Center Groningen","city":"Groningen","zip":"9700RB","country":"Netherlands","geoPoint":{"lat":53.21917,"lon":6.56667}}]}},"derivedSection":{"miscInfoModule":{"versionHolder":"2023-07-03","modelPredictions":{"bmiLimits":{"minBmi":0.00,"maxBmi":101.00}}},"conditionBrowseModule":{"meshes":[{"id":"D000001943","term":"Breast Neoplasms"}],"ancestors":[{"id":"D000009371","term":"Neoplasms by Site"},{"id":"D000009369","term":"Neoplasms"},{"id":"D000001941","term":"Breast Diseases"},{"id":"D000012871","term":"Skin Diseases"}],"browseLeaves":[{"id":"M4910","name":"Breast Neoplasms","asFound":"Breast Cancer","relevance":"HIGH"},{"id":"M4908","name":"Breast Diseases","relevance":"LOW"},{"id":"M15364","name":"Skin Diseases","relevance":"LOW"}],"browseBranches":[{"abbrev":"BC04","name":"Neoplasms"},{"abbrev":"BC17","name":"Skin and Connective Tissue Diseases"},{"abbrev":"All","name":"All Conditions"}]},"interventionBrowseModule":{}},"hasResults":false}