<?xml version="1.0" encoding="UTF-8"?>
<clinical_study rank="46">
  <!-- This xml conforms to an XML Schema at:
    https://clinicaltrials.gov/ct2/html/images/info/public.xsd -->
  <required_header>
    <download_date>ClinicalTrials.gov processed this data on May 26, 2023</download_date>
    <link_text>Link to the current ClinicalTrials.gov record.</link_text>
    <url>https://clinicaltrials.gov/show/NCT02953860</url>
  </required_header>
  <id_info>
    <org_study_id>16-1001.cc</org_study_id>
    <nct_id>NCT02953860</nct_id>
  </id_info>
  <brief_title>Fulvestrant Plus Enzalutamide in ER+/Her2- Advanced Breast Cancer</brief_title>
  <official_title>Phase II Trial of Fulvestrant Plus Enzalutamide in ER+/Her2- Advanced Breast Cancer</official_title>
  <sponsors>
    <lead_sponsor>
      <agency>University of Colorado, Denver</agency>
      <agency_class>Other</agency_class>
    </lead_sponsor>
    <collaborator>
      <agency>United States Department of Defense</agency>
      <agency_class>U.S. Fed</agency_class>
    </collaborator>
  </sponsors>
  <source>University of Colorado, Denver</source>
  <oversight_info>
    <has_dmc>Yes</has_dmc>
    <is_fda_regulated_drug>Yes</is_fda_regulated_drug>
    <is_fda_regulated_device>No</is_fda_regulated_device>
  </oversight_info>
  <brief_summary>
    <textblock>
      A phase 2 study to evaluate the tolerability and clinical activity of adding enzalutamide to&#xD;
      fulvestrant treatment in women with advanced breast cancer that are ER and/or PR positive and&#xD;
      Her2 normal.&#xD;
    </textblock>
  </brief_summary>
  <detailed_description>
    <textblock>
      This is a single arm, non-randomized, open-label phase 2 study designed to evaluate the&#xD;
      tolerability and clinical activity of adding enzalutamide to fulvestrant treatment in women&#xD;
      with advanced breast cancer that are ER and/or PR-positive and Her2 normal. In this study 500&#xD;
      mg of Fulvestrant will be given IM on days 1, 15, 28, then every 4 weeks as per standard of&#xD;
      care (SOC) and 160mg of Enzalutamide will be, in conjunction with Fulvestrant, PO daily.&#xD;
    </textblock>
  </detailed_description>
  <overall_status>Completed</overall_status>
  <start_date type="Actual">July 6, 2017</start_date>
  <completion_date type="Actual">April 10, 2020</completion_date>
  <primary_completion_date type="Actual">November 21, 2019</primary_completion_date>
  <phase>Phase 2</phase>
  <study_type>Interventional</study_type>
  <has_expanded_access>No</has_expanded_access>
  <study_design_info>
    <allocation>N/A</allocation>
    <intervention_model>Single Group Assignment</intervention_model>
    <primary_purpose>Treatment</primary_purpose>
    <masking>None (Open Label)</masking>
  </study_design_info>
  <primary_outcome>
    <measure>Clinical Benefit Rate of the Combination of Enzalutamide/ Fulvestrant</measure>
    <time_frame>24 Weeks</time_frame>
    <description>To determine the clinical benefit rate at 24 weeks of the combination of enzalutamide/fulvestrant. Per Response Evaluation Criteria In Solid Tumors Criteria (RECIST v1.0) for target lesions and assessed by CT scan or by caliper. Complete Response (CR), Disappearance of all target lesions; Partial Response (PR), &gt;=30% decrease in the sum of the longest diameter of target lesions; Overall Response (OR) = CR + PR; clinical benefit rate (CBR) at 24 weeks (CR + PR + stable disease lasting at least 24 weeks.</description>
  </primary_outcome>
  <secondary_outcome>
    <measure>Number of Participants With Treatment-Emergent Adverse Events (Safety Profile)</measure>
    <time_frame>24 Weeks</time_frame>
    <description>The safety of the combination of enzalutamide with fulvestrant will be assessed according to CTCAE 4.03.</description>
  </secondary_outcome>
  <secondary_outcome>
    <measure>Percent Progression Free at 24 Weeks</measure>
    <time_frame>Up to 24 Weeks</time_frame>
    <description>PFS is defined as the time from the first day of enzalutamide treatment (Study Day 1) until documented disease progression or death on study, whichever occurs first. Percent (%) progression free at 24 weeks is the number of patients without disease progression after 24 weeks follow-up.</description>
  </secondary_outcome>
  <number_of_arms>1</number_of_arms>
  <enrollment type="Actual">32</enrollment>
  <condition>Breast Cancer</condition>
  <arm_group>
    <arm_group_label>Fulvestrant with Enzalutamide</arm_group_label>
    <arm_group_type>Experimental</arm_group_type>
    <description>500mg of Fulvestrant will be given IM on days 1, 15, 28, then every 4 weeks as per standard of care (SOC) and 160mg of Enzalutamide will be given, in conjunction with Fulvestrant, PO daily.</description>
  </arm_group>
  <intervention>
    <intervention_type>Drug</intervention_type>
    <intervention_name>Fulvestrant with Enzalutamide</intervention_name>
    <description>500mg of Fulvestrant will be given IM on days 1, 15, 28, then every 4 weeks as per standard of care (SOC) and 160mg of Enzalutamide will be given PO daily. Patients will receive a tumor biopsy at the start of treatment and 4 weeks after the start of treatment, with an optional 3rd biopsy at the end treatment.</description>
    <arm_group_label>Fulvestrant with Enzalutamide</arm_group_label>
    <other_name>FASLODEX</other_name>
    <other_name>MDV3100</other_name>
  </intervention>
  <eligibility>
    <criteria>
      <textblock>
        Inclusion Criteria:&#xD;
&#xD;
          1. ER+ Her2- breast cancer&#xD;
&#xD;
          2. Metastatic&#xD;
&#xD;
          3. Female, at least 18 years of age&#xD;
&#xD;
          4. Candidate for fulvestrant therapy - patients who have started fulvestrant may enter&#xD;
             this trial if within 3 months of starting fulvestrant&#xD;
&#xD;
          5. Measurable or evaluable by RECIST 1.1&#xD;
&#xD;
          6. ECOG PS 0-2&#xD;
&#xD;
          7. Able to swallow study drug and comply with study requirements&#xD;
&#xD;
          8. Tumor available for fresh biopsy (two biopsies - pretreatment as regards enzalutamide,&#xD;
             and during treatment at 4 weeks). The patient will be also be asked if they would be&#xD;
             willing to provide a third biopsy at time of progression.&#xD;
&#xD;
          9. If patient is pre- or peri- menopausal, then will need to have concurrent ovarian&#xD;
             suppression. Patients may have already gotten the loading dose of ovarian suppression.&#xD;
             Pre- or peri- menopausal subjects must have a negative urine pregnancy test confirmed&#xD;
             at screening.&#xD;
&#xD;
         10. ANC &gt;1000/uL and platelets &gt;75,000/uL at screening visit&#xD;
&#xD;
         11. Total bilirubin &lt; 1.5 times upper limit of normal (ULN) at the screening visit unless&#xD;
             an alternate nonmalignant etiology exists (eg, Gilbert's disease)&#xD;
&#xD;
         12. Aspartate aminotransferase (AST) or alanine aminotransferase (ALT) &lt; 3 times ULN or &lt;&#xD;
             5 times ULN if patient has documented liver metastases&#xD;
&#xD;
         13. Creatinine &lt; 1.5 times ULN&#xD;
&#xD;
         14. INR &lt; 1.5 times ULN, or if on warfarin, can safely transition off for biopsy&#xD;
&#xD;
         15. Willing to donate blood for research at 4 time points&#xD;
&#xD;
         16. Written informed consent obtained prior to biopsies and blood samples&#xD;
&#xD;
         17. Agreement to exercise appropriate use of contraception. Subjects should use 2&#xD;
             acceptable methods of birth control (one of which must include a condom as a barrier&#xD;
             method of contraception) starting at the time of screening for an enzalutamide study&#xD;
             and continuing throughout the course of treatment and for at least three months after&#xD;
             enzalutamide is discontinued.&#xD;
&#xD;
        Exclusion Criteria:&#xD;
&#xD;
          1. Current or previously treated brain or leptomeningeal metastases&#xD;
&#xD;
          2. History of seizures&#xD;
&#xD;
          3. Prior treatment with an anti-androgen (abiraterone, ARN-509, bicalutamide,&#xD;
             enzalutamide, ODM-201, TAK-448, TAK-683, TAK-700, VT-464)&#xD;
&#xD;
          4. Systemic estrogens or androgens within 14 days before initiating therapy. Vaginal&#xD;
             estrogens are allowed if necessary for patient comfort.&#xD;
      </textblock>
    </criteria>
    <gender>Female</gender>
    <minimum_age>18 Years</minimum_age>
    <maximum_age>100 Years</maximum_age>
    <healthy_volunteers>No</healthy_volunteers>
  </eligibility>
  <overall_official>
    <last_name>Anthony D Elias, MD</last_name>
    <role>Principal Investigator</role>
    <affiliation>University of Colorado, Denver</affiliation>
  </overall_official>
  <location>
    <facility>
      <name>University of Colorado</name>
      <address>
        <city>Aurora</city>
        <state>Colorado</state>
        <zip>80045</zip>
        <country>United States</country>
      </address>
    </facility>
  </location>
  <location>
    <facility>
      <name>Lone Tree Medical Center</name>
      <address>
        <city>Lone Tree</city>
        <state>Colorado</state>
        <zip>80124</zip>
        <country>United States</country>
      </address>
    </facility>
  </location>
  <location>
    <facility>
      <name>West Cancer Center</name>
      <address>
        <city>Germantown</city>
        <state>Tennessee</state>
        <zip>38138</zip>
        <country>United States</country>
      </address>
    </facility>
  </location>
  <location_countries>
    <country>United States</country>
  </location_countries>
  <verification_date>April 2021</verification_date>
  <study_first_submitted>November 1, 2016</study_first_submitted>
  <study_first_submitted_qc>November 1, 2016</study_first_submitted_qc>
  <study_first_posted type="Estimate">November 3, 2016</study_first_posted>
  <results_first_submitted>March 12, 2021</results_first_submitted>
  <results_first_submitted_qc>April 23, 2021</results_first_submitted_qc>
  <results_first_posted type="Actual">May 14, 2021</results_first_posted>
  <last_update_submitted>April 23, 2021</last_update_submitted>
  <last_update_submitted_qc>April 23, 2021</last_update_submitted_qc>
  <last_update_posted type="Actual">May 14, 2021</last_update_posted>
  <responsible_party>
    <responsible_party_type>Sponsor</responsible_party_type>
  </responsible_party>
  <keyword>Advanced Breast Cancer</keyword>
  <keyword>ER+/Her2 Advanced Breast Cancer</keyword>
  <condition_browse>
    <!-- CAUTION:  The following MeSH terms are assigned with an imperfect algorithm            -->
    <mesh_term>Breast Neoplasms</mesh_term>
  </condition_browse>
  <intervention_browse>
    <!-- CAUTION:  The following MeSH terms are assigned with an imperfect algorithm            -->
    <mesh_term>Fulvestrant</mesh_term>
  </intervention_browse>
  <patient_data>
    <sharing_ipd>No</sharing_ipd>
  </patient_data>
  <provided_document_section>
    <provided_document>
      <document_type>Study Protocol and Statistical Analysis Plan</document_type>
      <document_has_protocol>Yes</document_has_protocol>
      <document_has_icf>No</document_has_icf>
      <document_has_sap>Yes</document_has_sap>
      <document_date>August 27, 2019</document_date>
      <document_url>https://ClinicalTrials.gov/ProvidedDocs/60/NCT02953860/Prot_SAP_000.pdf</document_url>
    </provided_document>
    <provided_document>
      <document_type>Informed Consent Form</document_type>
      <document_has_protocol>No</document_has_protocol>
      <document_has_icf>Yes</document_has_icf>
      <document_has_sap>No</document_has_sap>
      <document_date>August 27, 2019</document_date>
      <document_url>https://ClinicalTrials.gov/ProvidedDocs/60/NCT02953860/ICF_001.pdf</document_url>
    </provided_document>
  </provided_document_section>

  <clinical_results>

    <participant_flow>
      <group_list>
        <group group_id="P1">
          <title>Fulvestrant With Enzalutamide</title>
          <description>500mg of Fulvestrant will be given IM on days 1, 15, 28, then every 4 weeks as per standard of care (SOC) and 160mg of Enzalutamide will be given, in conjunction with Fulvestrant, PO daily.&#xD;
Fulvestrant with Enzalutamide: 500mg of Fulvestrant will be given IM on days 1, 15, 28, then every 4 weeks as per standard of care (SOC) and 160mg of Enzalutamide will be given PO daily. Patients will receive a tumor biopsy at the start of treatment and 4 weeks after the start of treatment, with an optional 3rd biopsy at the end treatment.</description>
        </group>
      </group_list>
      <period_list>
        <period>
          <title>Overall Study</title>
          <milestone_list>
            <milestone>
              <title>STARTED</title>
              <participants_list>
                <participants group_id="P1" count="32"/>
              </participants_list>
            </milestone>
            <milestone>
              <title>COMPLETED</title>
              <participants_list>
                <participants group_id="P1" count="32"/>
              </participants_list>
            </milestone>
            <milestone>
              <title>NOT COMPLETED</title>
              <participants_list>
                <participants group_id="P1" count="0"/>
              </participants_list>
            </milestone>
          </milestone_list>
        </period>
      </period_list>
    </participant_flow>

    <baseline>
      <population>age 18 and up</population>
      <group_list>
        <group group_id="B1">
          <title>Fulvestrant With Enzalutamide</title>
          <description>500mg of Fulvestrant will be given IM on days 1, 15, 28, then every 4 weeks as per standard of care (SOC) and 160mg of Enzalutamide will be given, in conjunction with Fulvestrant, PO daily.&#xD;
Fulvestrant with Enzalutamide: 500mg of Fulvestrant will be given IM on days 1, 15, 28, then every 4 weeks as per standard of care (SOC) and 160mg of Enzalutamide will be given PO daily. Patients will receive a tumor biopsy at the start of treatment and 4 weeks after the start of treatment, with an optional 3rd biopsy at the end treatment.</description>
        </group>
      </group_list>
      <analyzed_list>
        <analyzed>
          <units>Participants</units>
          <scope>Overall</scope>
          <count_list>
            <count group_id="B1" value="32"/>
          </count_list>
        </analyzed>
      </analyzed_list>
      <measure_list>
        <measure>
          <title>Age</title>
          <units>years</units>
          <param>Median</param>
          <dispersion>Full Range</dispersion>
          <class_list>
            <class>
              <category_list>
                <category>
                  <measurement_list>
                    <measurement group_id="B1" value="61" lower_limit="46" upper_limit="87"/>
                  </measurement_list>
                </category>
              </category_list>
            </class>
          </class_list>
        </measure>
        <measure>
          <title>Sex: Female, Male</title>
          <units>Participants</units>
          <param>Count of Participants</param>
          <class_list>
            <class>
              <category_list>
                <category>
                  <title>Female</title>
                  <measurement_list>
                    <measurement group_id="B1" value="32"/>
                  </measurement_list>
                </category>
                <category>
                  <title>Male</title>
                  <measurement_list>
                    <measurement group_id="B1" value="0"/>
                  </measurement_list>
                </category>
              </category_list>
            </class>
          </class_list>
        </measure>
        <measure>
          <title>Race (NIH/OMB)</title>
          <units>Participants</units>
          <param>Count of Participants</param>
          <class_list>
            <class>
              <category_list>
                <category>
                  <title>American Indian or Alaska Native</title>
                  <measurement_list>
                    <measurement group_id="B1" value="0"/>
                  </measurement_list>
                </category>
                <category>
                  <title>Asian</title>
                  <measurement_list>
                    <measurement group_id="B1" value="1"/>
                  </measurement_list>
                </category>
                <category>
                  <title>Native Hawaiian or Other Pacific Islander</title>
                  <measurement_list>
                    <measurement group_id="B1" value="0"/>
                  </measurement_list>
                </category>
                <category>
                  <title>Black or African American</title>
                  <measurement_list>
                    <measurement group_id="B1" value="3"/>
                  </measurement_list>
                </category>
                <category>
                  <title>White</title>
                  <measurement_list>
                    <measurement group_id="B1" value="27"/>
                  </measurement_list>
                </category>
                <category>
                  <title>More than one race</title>
                  <measurement_list>
                    <measurement group_id="B1" value="1"/>
                  </measurement_list>
                </category>
                <category>
                  <title>Unknown or Not Reported</title>
                  <measurement_list>
                    <measurement group_id="B1" value="0"/>
                  </measurement_list>
                </category>
              </category_list>
            </class>
          </class_list>
        </measure>
        <measure>
          <title>Region of Enrollment</title>
          <units>Participants</units>
          <param>Count of Participants</param>
          <class_list>
            <class>
              <title>United States</title>
              <category_list>
                <category>
                  <measurement_list>
                    <measurement group_id="B1" value="32"/>
                  </measurement_list>
                </category>
              </category_list>
            </class>
          </class_list>
        </measure>
      </measure_list>
    </baseline>

    <outcome_list>
      <outcome>
        <type>Primary</type>
        <title>Clinical Benefit Rate of the Combination of Enzalutamide/ Fulvestrant</title>
        <description>To determine the clinical benefit rate at 24 weeks of the combination of enzalutamide/fulvestrant. Per Response Evaluation Criteria In Solid Tumors Criteria (RECIST v1.0) for target lesions and assessed by CT scan or by caliper. Complete Response (CR), Disappearance of all target lesions; Partial Response (PR), &gt;=30% decrease in the sum of the longest diameter of target lesions; Overall Response (OR) = CR + PR; clinical benefit rate (CBR) at 24 weeks (CR + PR + stable disease lasting at least 24 weeks.</description>
        <time_frame>24 Weeks</time_frame>
        <population>All eligible patients</population>
        <group_list>
          <group group_id="O1">
            <title>Fulvestrant With Enzalutamide</title>
            <description>500mg of Fulvestrant will be given IM on days 1, 15, 28, then every 4 weeks as per standard of care (SOC) and 160mg of Enzalutamide will be given, in conjunction with Fulvestrant, PO daily.&#xD;
Fulvestrant with Enzalutamide: 500mg of Fulvestrant will be given IM on days 1, 15, 28, then every 4 weeks as per standard of care (SOC) and 160mg of Enzalutamide will be given PO daily. Patients will receive a tumor biopsy at the start of treatment and 4 weeks after the start of treatment, with an optional 3rd biopsy at the end treatment.</description>
          </group>
        </group_list>
        <measure>
          <title>Clinical Benefit Rate of the Combination of Enzalutamide/ Fulvestrant</title>
          <description>To determine the clinical benefit rate at 24 weeks of the combination of enzalutamide/fulvestrant. Per Response Evaluation Criteria In Solid Tumors Criteria (RECIST v1.0) for target lesions and assessed by CT scan or by caliper. Complete Response (CR), Disappearance of all target lesions; Partial Response (PR), &gt;=30% decrease in the sum of the longest diameter of target lesions; Overall Response (OR) = CR + PR; clinical benefit rate (CBR) at 24 weeks (CR + PR + stable disease lasting at least 24 weeks.</description>
          <population>All eligible patients</population>
          <units>Participants</units>
          <param>Count of Participants</param>
          <analyzed_list>
            <analyzed>
              <units>Participants</units>
              <scope>Measure</scope>
              <count_list>
                <count group_id="O1" value="32"/>
              </count_list>
            </analyzed>
          </analyzed_list>
          <class_list>
            <class>
              <category_list>
                <category>
                  <measurement_list>
                    <measurement group_id="O1" value="7"/>
                  </measurement_list>
                </category>
              </category_list>
            </class>
          </class_list>
        </measure>
      </outcome>
      <outcome>
        <type>Secondary</type>
        <title>Number of Participants With Treatment-Emergent Adverse Events (Safety Profile)</title>
        <description>The safety of the combination of enzalutamide with fulvestrant will be assessed according to CTCAE 4.03.</description>
        <time_frame>24 Weeks</time_frame>
        <population>all eligible patients</population>
        <group_list>
          <group group_id="O1">
            <title>Fulvestrant With Enzalutamide</title>
            <description>500mg of Fulvestrant will be given IM on days 1, 15, 28, then every 4 weeks as per standard of care (SOC) and 160mg of Enzalutamide will be given, in conjunction with Fulvestrant, PO daily.&#xD;
Fulvestrant with Enzalutamide: 500mg of Fulvestrant will be given IM on days 1, 15, 28, then every 4 weeks as per standard of care (SOC) and 160mg of Enzalutamide will be given PO daily. Patients will receive a tumor biopsy at the start of treatment and 4 weeks after the start of treatment, with an optional 3rd biopsy at the end treatment.</description>
          </group>
        </group_list>
        <measure>
          <title>Number of Participants With Treatment-Emergent Adverse Events (Safety Profile)</title>
          <description>The safety of the combination of enzalutamide with fulvestrant will be assessed according to CTCAE 4.03.</description>
          <population>all eligible patients</population>
          <units>participants</units>
          <param>Number</param>
          <analyzed_list>
            <analyzed>
              <units>Participants</units>
              <scope>Measure</scope>
              <count_list>
                <count group_id="O1" value="32"/>
              </count_list>
            </analyzed>
          </analyzed_list>
          <class_list>
            <class>
              <title>fatigue</title>
              <category_list>
                <category>
                  <measurement_list>
                    <measurement group_id="O1" value="17"/>
                  </measurement_list>
                </category>
              </category_list>
            </class>
            <class>
              <title>nausea</title>
              <category_list>
                <category>
                  <measurement_list>
                    <measurement group_id="O1" value="16"/>
                  </measurement_list>
                </category>
              </category_list>
            </class>
            <class>
              <title>vomiting</title>
              <category_list>
                <category>
                  <measurement_list>
                    <measurement group_id="O1" value="9"/>
                  </measurement_list>
                </category>
              </category_list>
            </class>
            <class>
              <title>constipation</title>
              <category_list>
                <category>
                  <measurement_list>
                    <measurement group_id="O1" value="10"/>
                  </measurement_list>
                </category>
              </category_list>
            </class>
            <class>
              <title>headache</title>
              <category_list>
                <category>
                  <measurement_list>
                    <measurement group_id="O1" value="11"/>
                  </measurement_list>
                </category>
              </category_list>
            </class>
            <class>
              <title>diarrhea</title>
              <category_list>
                <category>
                  <measurement_list>
                    <measurement group_id="O1" value="7"/>
                  </measurement_list>
                </category>
              </category_list>
            </class>
            <class>
              <title>cognitive dysfunction</title>
              <category_list>
                <category>
                  <measurement_list>
                    <measurement group_id="O1" value="5"/>
                  </measurement_list>
                </category>
              </category_list>
            </class>
          </class_list>
        </measure>
      </outcome>
      <outcome>
        <type>Secondary</type>
        <title>Percent Progression Free at 24 Weeks</title>
        <description>PFS is defined as the time from the first day of enzalutamide treatment (Study Day 1) until documented disease progression or death on study, whichever occurs first. Percent (%) progression free at 24 weeks is the number of patients without disease progression after 24 weeks follow-up.</description>
        <time_frame>Up to 24 Weeks</time_frame>
        <population>all eligible patients</population>
        <group_list>
          <group group_id="O1">
            <title>Fulvestrant With Enzalutamide</title>
            <description>500mg of Fulvestrant will be given IM on days 1, 15, 28, then every 4 weeks as per standard of care (SOC) and 160mg of Enzalutamide will be given, in conjunction with Fulvestrant, PO daily.&#xD;
Fulvestrant with Enzalutamide: 500mg of Fulvestrant will be given IM on days 1, 15, 28, then every 4 weeks as per standard of care (SOC) and 160mg of Enzalutamide will be given PO daily. Patients will receive a tumor biopsy at the start of treatment and 4 weeks after the start of treatment, with an optional 3rd biopsy at the end treatment.</description>
          </group>
        </group_list>
        <measure>
          <title>Percent Progression Free at 24 Weeks</title>
          <description>PFS is defined as the time from the first day of enzalutamide treatment (Study Day 1) until documented disease progression or death on study, whichever occurs first. Percent (%) progression free at 24 weeks is the number of patients without disease progression after 24 weeks follow-up.</description>
          <population>all eligible patients</population>
          <units>Participants</units>
          <param>Count of Participants</param>
          <analyzed_list>
            <analyzed>
              <units>Participants</units>
              <scope>Measure</scope>
              <count_list>
                <count group_id="O1" value="32"/>
              </count_list>
            </analyzed>
          </analyzed_list>
          <class_list>
            <class>
              <category_list>
                <category>
                  <measurement_list>
                    <measurement group_id="O1" value="7"/>
                  </measurement_list>
                </category>
              </category_list>
            </class>
          </class_list>
        </measure>
      </outcome>
    </outcome_list>

    <reported_events>
      <time_frame>AEs collected during treatment (which lasted up to a year)</time_frame>
      <desc>CTCAE 4.0 Collected with each monthly visit, patients kept diary.</desc>
      <group_list>
        <group group_id="E1">
          <title>Fulvestrant With Enzalutamide</title>
          <description>500mg of Fulvestrant will be given IM on days 1, 15, 28, then every 4 weeks as per standard of care (SOC) and 160mg of Enzalutamide will be given, in conjunction with Fulvestrant, PO daily.&#xD;
Fulvestrant with Enzalutamide: 500mg of Fulvestrant will be given IM on days 1, 15, 28, then every 4 weeks as per standard of care (SOC) and 160mg of Enzalutamide will be given PO daily. Patients will receive a tumor biopsy at the start of treatment and 4 weeks after the start of treatment, with an optional 3rd biopsy at the end treatment.</description>
        </group>
      </group_list>
      <serious_events>
        <default_vocab>MedDRA (10.0)</default_vocab>
        <default_assessment>Systematic Assessment</default_assessment>
        <category_list>
          <category>
            <title>Total</title>
            <event_list>
              <event>
                <sub_title>Total, all-cause mortality</sub_title>
                <counts group_id="E1" subjects_affected="0" subjects_at_risk="32"/>
              </event>
              <event>
                <sub_title>Total, serious adverse events</sub_title>
                <counts group_id="E1" subjects_affected="2" subjects_at_risk="32"/>
              </event>
            </event_list>
          </category>
          <category>
            <title>Cardiac disorders</title>
            <event_list>
              <event>
                <sub_title>myocardial infarction</sub_title>
                <description>Felt not to be related to treatment. Unrelated to fulvestrant unlikely related to enzalutamide</description>
                <counts group_id="E1" events="1" subjects_affected="1" subjects_at_risk="32"/>
              </event>
            </event_list>
          </category>
          <category>
            <title>Hepatobiliary disorders</title>
            <event_list>
              <event>
                <sub_title>cholecystitis</sub_title>
                <description>unrelated to fulvestrant and enzalutamide</description>
                <counts group_id="E1" events="1" subjects_affected="1" subjects_at_risk="32"/>
              </event>
            </event_list>
          </category>
        </category_list>
      </serious_events>
      <other_events>
        <frequency_threshold>5</frequency_threshold>
        <default_vocab>MedDRA (10.0)</default_vocab>
        <default_assessment>Systematic Assessment</default_assessment>
        <category_list>
          <category>
            <title>Total</title>
            <event_list>
              <event>
                <sub_title>Total, other adverse events</sub_title>
                <counts group_id="E1" subjects_affected="17" subjects_at_risk="32"/>
              </event>
            </event_list>
          </category>
          <category>
            <title>Endocrine disorders</title>
            <event_list>
              <event>
                <sub_title>Hot Flashes</sub_title>
                <counts group_id="E1" events="6" subjects_affected="6" subjects_at_risk="32"/>
              </event>
            </event_list>
          </category>
          <category>
            <title>Gastrointestinal disorders</title>
            <event_list>
              <event>
                <sub_title>nausea</sub_title>
                <counts group_id="E1" events="16" subjects_affected="16" subjects_at_risk="32"/>
              </event>
              <event>
                <sub_title>vomiting</sub_title>
                <counts group_id="E1" events="9" subjects_affected="9" subjects_at_risk="32"/>
              </event>
              <event>
                <sub_title>constipation</sub_title>
                <counts group_id="E1" events="10" subjects_affected="10" subjects_at_risk="32"/>
              </event>
              <event>
                <sub_title>anorexia</sub_title>
                <counts group_id="E1" events="9" subjects_affected="9" subjects_at_risk="32"/>
              </event>
            </event_list>
          </category>
          <category>
            <title>General disorders</title>
            <event_list>
              <event>
                <sub_title>Fatigue</sub_title>
                <counts group_id="E1" events="17" subjects_affected="17" subjects_at_risk="32"/>
              </event>
            </event_list>
          </category>
          <category>
            <title>Musculoskeletal and connective tissue disorders</title>
            <event_list>
              <event>
                <sub_title>achiness</sub_title>
                <counts group_id="E1" events="14" subjects_affected="14" subjects_at_risk="32"/>
              </event>
            </event_list>
          </category>
          <category>
            <title>Nervous system disorders</title>
            <event_list>
              <event>
                <sub_title>insomnia</sub_title>
                <counts group_id="E1" events="6" subjects_affected="6" subjects_at_risk="32"/>
              </event>
              <event>
                <sub_title>headache</sub_title>
                <counts group_id="E1" events="11" subjects_affected="11" subjects_at_risk="32"/>
              </event>
              <event>
                <sub_title>cognitive dysfunction</sub_title>
                <counts group_id="E1" events="5" subjects_affected="5" subjects_at_risk="32"/>
              </event>
            </event_list>
          </category>
        </category_list>
      </other_events>
    </reported_events>

    <certain_agreements>
      <pi_employee>Principal Investigators are NOT employed by the organization sponsoring the study.</pi_employee>
      <restrictive_agreement>There is NOT an agreement between Principal Investigators and the Sponsor (or its agents) that restricts the PI's rights to discuss or publish trial results after the trial is completed. </restrictive_agreement>
    </certain_agreements>
    <limitations_and_caveats>limited size of trial not randomized heavily pretreated somewhat heterogeneous population</limitations_and_caveats>
    <point_of_contact>
      <name_or_title>Professor Anthony Elias</name_or_title>
      <organization>University of Colorado</organization>
      <phone>720-848-0347</phone>
      <email>anthony.elias@cuanschutz.edu</email>
    </point_of_contact>
  </clinical_results>
</clinical_study>

