<?xml version="1.0" encoding="UTF-8"?>
<clinical_study rank="195">
  <!-- This xml conforms to an XML Schema at:
    https://clinicaltrials.gov/ct2/html/images/info/public.xsd -->
  <required_header>
    <download_date>ClinicalTrials.gov processed this data on May 26, 2023</download_date>
    <link_text>Link to the current ClinicalTrials.gov record.</link_text>
    <url>https://clinicaltrials.gov/show/NCT01300351</url>
  </required_header>
  <id_info>
    <org_study_id>D6997L00021</org_study_id>
    <nct_id>NCT01300351</nct_id>
  </id_info>
  <brief_title>Comparing the Efficacy and Tolerability of Fulvestrant 500 mg Versus 250 mg in Advanced Breast Cancer Women</brief_title>
  <official_title>A Randomised, Double-Blind, Parallel-Group, Multicentre Study Comparing the Efficacy and Tolerability of Fulvestrant 500 mg Versus 250 mg in Postmenopausal Women With ER+ Advanced Breast Cancer Progressing or Relapsing After Previous Endocrine Therapy</official_title>
  <sponsors>
    <lead_sponsor>
      <agency>AstraZeneca</agency>
      <agency_class>Industry</agency_class>
    </lead_sponsor>
  </sponsors>
  <source>AstraZeneca</source>
  <oversight_info>
    <has_dmc>No</has_dmc>
  </oversight_info>
  <brief_summary>
    <textblock>
      The purpose of this study is to evaluate the efficacy of a new dose of 500mg Fulvestrant with&#xD;
      the standard dose of 250mg in Chinese postmenopausal women with oestrogen receptor positive&#xD;
      advanced breast cancer who have failed a prior endocrine treatment.&#xD;
    </textblock>
  </brief_summary>
  <detailed_description>
    <textblock>
      Fulvestrant, at a dose of 250mg every 28 days, is the first oestrogen receptor antagonist&#xD;
      with no agonist effects shown to be at least as effective for both TTP (Time to Progression)&#xD;
      and OR (Objective Response) as a third-generation aromatase inhibitor in the second-line&#xD;
      treatment of advanced breast cancer (Howell et al 2002, Osborne CK et al 2002).In these&#xD;
      studies overall survival was also similar between the fulvestrant and anastrozole treatment&#xD;
      arms (Pippen J et al 2003). Fulvestrant has received approval in 70 countries worldwide at&#xD;
      this dose regimen.&#xD;
&#xD;
      However, evidence from a number of studies suggests that higher dose may be able to enhance&#xD;
      efficacy further:&#xD;
&#xD;
        -  Data from Study 0036 (Addo S et al, 2002) suggested that a dose-response relationship&#xD;
           may exist. In female volunteers given a single intramuscular (i.m.) injection of&#xD;
           fulvestrant (250mg, 125mg or placebo), there was a dose-dependent inhibition of&#xD;
           ethinyloestradiol-induced endometrial thickening seen at Day 28.&#xD;
&#xD;
        -  Results from short term exposure to fulvestrant in Studies 0002 (DeFriend D et al 1994)&#xD;
           and 0018 (Robertson et al 2001) showed that expression of ER, progesterone receptor&#xD;
           (PgR) and the cell proliferation-related antigen Ki67 are reduced in a dose-dependent&#xD;
           manner.&#xD;
&#xD;
        -  Data from Studies 0020 (Howell et al 2002) and 0021(Osborne CK et al 2002) suggested&#xD;
           that a dose-response effect exists for fulvestrant. Fulvestrant 250mg was shown to be&#xD;
           superior to fulvestrant 125mg, which was discontinued as it failed to meet minimum&#xD;
           efficacy requirements.&#xD;
&#xD;
        -  Evidence from pharmacokinetic modelling indicated that fulvestrant 500 mg dose regiment&#xD;
           can achieve higher steady state plasma concentrations compared with fulvestrant 250mg&#xD;
           and that steady state concentrations can be achieved earlier than with fulvestrant&#xD;
           250mg.&#xD;
&#xD;
        -  Data from Study CONFIRM (A Di Leo et al 2009), a phase III randomised parallel-group&#xD;
           trial, demonstrated that fulvestrant 500mg offers a statistically significant longer TTP&#xD;
           compared with fulvestrant 250mg (median TTP: 6.5 months vs. 5.5 months; hazard&#xD;
           ratio=0.80 [95% CI 0.68 to 0.94]; P=0.006), which seemed to be the consequence of an&#xD;
           increase in the rate, and of a prolongation in duration, of disease stabilization. The&#xD;
           50% events overall survival analysis also seemed to favour fulvestrant 500mg, although&#xD;
           statistical significance was not reached(hazard ratio=0.84 [95% CI 0.69 to 1.03];&#xD;
           P=0.091). The safety analysis did not raise any relevant concerns in relation to&#xD;
           fulvestrant 500mg. Therefore, this study will compare Fulvestrant 500mg with fulvestrant&#xD;
           250mg in a Chinese population in order to understand the optimal dose for Chinese&#xD;
           patients with breast cancer.&#xD;
    </textblock>
  </detailed_description>
  <overall_status>Completed</overall_status>
  <start_date>March 2011</start_date>
  <completion_date type="Actual">March 2014</completion_date>
  <primary_completion_date type="Actual">March 2014</primary_completion_date>
  <phase>Phase 3</phase>
  <study_type>Interventional</study_type>
  <has_expanded_access>No</has_expanded_access>
  <study_design_info>
    <allocation>Randomized</allocation>
    <intervention_model>Parallel Assignment</intervention_model>
    <primary_purpose>Treatment</primary_purpose>
    <masking>Double (Participant, Investigator)</masking>
  </study_design_info>
  <primary_outcome>
    <measure>Progression-free Survival</measure>
    <time_frame>36 months</time_frame>
    <description>Progression is defined using Response Evaluation Criteria In Solid Tumors Criteria (RECIST v1.1), as at least a 20% increase in the sum of diameters of target lesions, taking as reference the smallest sum on study, or unequivocal progression of existing non-target lesions, or the appearance of new lesions, or death (by any cause in the absence of progression). The primary analysis for PFS was the log rank test stratified by last endocrine therapy received prior to fulvestrant (AO vs. AI). The treatment effect was estimated using the HR of 500 mg fulvestrant to 250 mg fulvestrant together with the corresponding 95% CI and p value.</description>
  </primary_outcome>
  <secondary_outcome>
    <measure>Objective Response Rate</measure>
    <time_frame>36 months</time_frame>
    <description>The ORR is defined as the proportion of all randomized patients with measurable disease at baseline who have a best objective tumour response of either CR or PR per RECIST v1.1.</description>
  </secondary_outcome>
  <secondary_outcome>
    <measure>Clinical Benefit Rate</measure>
    <time_frame>36 months</time_frame>
    <description>A clinical benefit (CB) responder is defined as a patient having a best overall response of either CR, PR or SD for at least 24 weeks per RECIST v1.1. As tumour assessments can occur ± 2 weeks of the specified time point, the CBR is defined as the proportion of patients in the FAS who have CB ≥ 22 weeks (or 154 days).</description>
  </secondary_outcome>
  <secondary_outcome>
    <measure>Duration of Response</measure>
    <time_frame>36 months</time_frame>
    <description>Duration of response (DoR) will be evaluated only for patients who have an objective response, and is defined as the time from the date of first documentation of objective response (i.e., the initial visit at which CR or PR was recorded) until the date of disease progression or death due to any cause (whichever is earlier). The time of the initial response will be defined as the latest of the dates contributing towards the first visit response of PR or CR.&#xD;
Any patient who has not progressed or died by the date of DCO, or who has been lost to follow up, will be right-censored at the date of their last disease assessment.</description>
  </secondary_outcome>
  <secondary_outcome>
    <measure>Duration of Clinical Benefit</measure>
    <time_frame>36 months</time_frame>
    <description>Duration of clinical benefit (DoCB) will be evaluated only for patients who have CB, and is defined as the time from the date of randomisation until the date of disease progression or death from any cause, whichever is earlier.&#xD;
Any patient who has not progressed or died by the date of DCO or who has been lost to follow up will be right censored at the date of their last evaluable disease assessment.</description>
  </secondary_outcome>
  <number_of_arms>2</number_of_arms>
  <enrollment type="Actual">249</enrollment>
  <condition>Breast Cancer</condition>
  <arm_group>
    <arm_group_label>Fulvestrant 500mg</arm_group_label>
    <arm_group_type>Experimental</arm_group_type>
    <description>Fulvestrant 500mg (2 syringes of Fulvestrant 250mg), Fulvestrant 500 mg i.m. every 28 (+/- 3) days plus an additional 500 mg on day 14 (+/-3) of first month only</description>
  </arm_group>
  <arm_group>
    <arm_group_label>Fulvestrant 250mg</arm_group_label>
    <arm_group_type>Active Comparator</arm_group_type>
    <description>Fulvestrant 250mg (1 syringe of fulvestrant 250mg + 1 syringe matching placebo), Fulvestrant 250 mg and matching placebo i.m. every 28 (+/- 3) days plus an additional 2 placebo syringes on day 14 (+/-3) of first month only</description>
  </arm_group>
  <intervention>
    <intervention_type>Drug</intervention_type>
    <intervention_name>Fulvestrant</intervention_name>
    <description>Fulvestrant was supplied as a castor oil based solution in clear neutral glass pre-filled syringes. Each syringe will contain 250 mg of fulvestrant in 5 ml.</description>
    <arm_group_label>Fulvestrant 250mg</arm_group_label>
    <arm_group_label>Fulvestrant 500mg</arm_group_label>
    <other_name>Faslodex</other_name>
  </intervention>
  <intervention>
    <intervention_type>Drug</intervention_type>
    <intervention_name>Placebo</intervention_name>
    <description>Matching placebo was supplied as a castor oil based solution in clear neutral glass prefilled syringes. Each syringe will contain 5 ml.</description>
    <arm_group_label>Fulvestrant 250mg</arm_group_label>
  </intervention>
  <eligibility>
    <criteria>
      <textblock>
        Inclusion Criteria:&#xD;
&#xD;
          -  Postmenopausal women defined as a woman who has stopped having menstrual periods&#xD;
&#xD;
          -  Breast Cancer has continued to grow after having received treatment with an&#xD;
             anti-estrogen hormonal treatment such as tamoxifen or an aromatase inhibitor&#xD;
&#xD;
          -  Requiring hormonal treatment&#xD;
&#xD;
          -  Oestrogen-receptor positive tumour&#xD;
&#xD;
          -  Written informed consent to participate in the trial&#xD;
&#xD;
        Exclusion Criteria:&#xD;
&#xD;
          -  Treatment with an investigational or non-approved drug within one month&#xD;
&#xD;
          -  An existing serious disease, illness, or condition that will prevent participation or&#xD;
             compliance with study procedures&#xD;
&#xD;
          -  A history of allergies to any active or inactive ingredients of fulvestrant (i.e.&#xD;
             castor oil)&#xD;
&#xD;
          -  Treatment with more than one regimen of chemotherapy for advanced breast cancer&#xD;
&#xD;
          -  Treatment with more than one regimen of hormonal treatment for advanced breast cancer&#xD;
      </textblock>
    </criteria>
    <gender>Female</gender>
    <minimum_age>18 Years</minimum_age>
    <maximum_age>N/A</maximum_age>
    <healthy_volunteers>No</healthy_volunteers>
  </eligibility>
  <overall_official>
    <last_name>Zefei Jiang</last_name>
    <role>Principal Investigator</role>
    <affiliation>307 Hospital of PLA</affiliation>
  </overall_official>
  <overall_official>
    <last_name>Yuri E Rukazenkov</last_name>
    <role>Study Director</role>
    <affiliation>AstraZeneca</affiliation>
  </overall_official>
  <location>
    <facility>
      <name>Research Site</name>
      <address>
        <city>Beijing</city>
        <country>China</country>
      </address>
    </facility>
  </location>
  <location>
    <facility>
      <name>Research Site</name>
      <address>
        <city>Chongqing</city>
        <country>China</country>
      </address>
    </facility>
  </location>
  <location>
    <facility>
      <name>Research Site</name>
      <address>
        <city>Dalian</city>
        <country>China</country>
      </address>
    </facility>
  </location>
  <location>
    <facility>
      <name>Research Site</name>
      <address>
        <city>Guangzhou</city>
        <country>China</country>
      </address>
    </facility>
  </location>
  <location>
    <facility>
      <name>Research Site</name>
      <address>
        <city>Hangzhou</city>
        <country>China</country>
      </address>
    </facility>
  </location>
  <location>
    <facility>
      <name>Research Site</name>
      <address>
        <city>Harbin</city>
        <country>China</country>
      </address>
    </facility>
  </location>
  <location>
    <facility>
      <name>Research Site</name>
      <address>
        <city>Hefei</city>
        <country>China</country>
      </address>
    </facility>
  </location>
  <location>
    <facility>
      <name>Research Site</name>
      <address>
        <city>Jiangsu</city>
        <country>China</country>
      </address>
    </facility>
  </location>
  <location>
    <facility>
      <name>Research Site</name>
      <address>
        <city>Kunming</city>
        <country>China</country>
      </address>
    </facility>
  </location>
  <location>
    <facility>
      <name>Research Site</name>
      <address>
        <city>Nanning</city>
        <country>China</country>
      </address>
    </facility>
  </location>
  <location>
    <facility>
      <name>Research Site</name>
      <address>
        <city>Shandong</city>
        <country>China</country>
      </address>
    </facility>
  </location>
  <location>
    <facility>
      <name>Research Site</name>
      <address>
        <city>Shanghai</city>
        <country>China</country>
      </address>
    </facility>
  </location>
  <location>
    <facility>
      <name>Research Site</name>
      <address>
        <city>Shijiazhuang</city>
        <country>China</country>
      </address>
    </facility>
  </location>
  <location>
    <facility>
      <name>Research Site</name>
      <address>
        <city>Taiyuan</city>
        <country>China</country>
      </address>
    </facility>
  </location>
  <location>
    <facility>
      <name>Research Site</name>
      <address>
        <city>Tianjin</city>
        <country>China</country>
      </address>
    </facility>
  </location>
  <location_countries>
    <country>China</country>
  </location_countries>
  <link>
    <url>http://filehosting.pharmacm.com/DownloadService.ashx?client=CTR_MED_7111&amp;studyid=593&amp;filename=D6997L00021_CSR_Synopsis.pdf</url>
    <description>D6997L00021_CSR_Synopsis</description>
  </link>
  <verification_date>April 2015</verification_date>
  <study_first_submitted>February 17, 2011</study_first_submitted>
  <study_first_submitted_qc>February 18, 2011</study_first_submitted_qc>
  <study_first_posted type="Estimate">February 21, 2011</study_first_posted>
  <results_first_submitted>March 12, 2015</results_first_submitted>
  <results_first_submitted_qc>April 23, 2015</results_first_submitted_qc>
  <results_first_posted type="Estimate">April 24, 2015</results_first_posted>
  <last_update_submitted>April 23, 2015</last_update_submitted>
  <last_update_submitted_qc>April 23, 2015</last_update_submitted_qc>
  <last_update_posted type="Estimate">April 24, 2015</last_update_posted>
  <responsible_party>
    <responsible_party_type>Sponsor</responsible_party_type>
  </responsible_party>
  <keyword>Advanced breast cancer</keyword>
  <keyword>metastatic breast cancer</keyword>
  <condition_browse>
    <!-- CAUTION:  The following MeSH terms are assigned with an imperfect algorithm            -->
    <mesh_term>Breast Neoplasms</mesh_term>
  </condition_browse>
  <intervention_browse>
    <!-- CAUTION:  The following MeSH terms are assigned with an imperfect algorithm            -->
    <mesh_term>Fulvestrant</mesh_term>
  </intervention_browse>

  <clinical_results>

    <participant_flow>
      <recruitment_details>The planned population size was 220 randomised patients. 249 patients were enrolled with 28 screen-failured patients and altogether 221 patients were randomised. The recuitment period of this study took 34 months, first subject in on 01 Mar 2011 and last subject in on 23 Dec 2013.</recruitment_details>
      <pre_assignment_details>The Enrollment number in the protocol section means the number of patients enter the trial and receiving screening procedure, the number of participants Started in the Participant Flow module means the number of randomized patients and do not include screening failure patients.</pre_assignment_details>
      <group_list>
        <group group_id="P1">
          <title>Fulvestrant 500 mg</title>
          <description>Fulvestrant 500 mg intramuscular (im) every 28 (± 3) days plus an additional 500 mg on Day 15 (± 3) of first month only</description>
        </group>
        <group group_id="P2">
          <title>Fulvestrant 250 mg</title>
          <description>Fulvestrant 250 mg im every 28 (± 3) days</description>
        </group>
      </group_list>
      <period_list>
        <period>
          <title>Overall Study</title>
          <milestone_list>
            <milestone>
              <title>STARTED</title>
              <participants_list>
                <participants group_id="P1" count="111"/>
                <participants group_id="P2" count="110"/>
              </participants_list>
            </milestone>
            <milestone>
              <title>Received Study Treatment</title>
              <participants_list>
                <participants group_id="P1" count="109"/>
                <participants group_id="P2" count="110"/>
              </participants_list>
            </milestone>
            <milestone>
              <title>COMPLETED</title>
              <participants_list>
                <participants group_id="P1" count="75"/>
                <participants group_id="P2" count="72"/>
              </participants_list>
            </milestone>
            <milestone>
              <title>NOT COMPLETED</title>
              <participants_list>
                <participants group_id="P1" count="36"/>
                <participants group_id="P2" count="38"/>
              </participants_list>
            </milestone>
          </milestone_list>
          <drop_withdraw_reason_list>
            <drop_withdraw_reason>
              <title>Did not receive treatment</title>
              <participants_list>
                <participants group_id="P1" count="2"/>
                <participants group_id="P2" count="0"/>
              </participants_list>
            </drop_withdraw_reason>
            <drop_withdraw_reason>
              <title>Ongoing treatment at data cut-off</title>
              <participants_list>
                <participants group_id="P1" count="27"/>
                <participants group_id="P2" count="23"/>
              </participants_list>
            </drop_withdraw_reason>
            <drop_withdraw_reason>
              <title>Lost to Follow-up</title>
              <participants_list>
                <participants group_id="P1" count="0"/>
                <participants group_id="P2" count="1"/>
              </participants_list>
            </drop_withdraw_reason>
            <drop_withdraw_reason>
              <title>Adverse Event</title>
              <participants_list>
                <participants group_id="P1" count="0"/>
                <participants group_id="P2" count="4"/>
              </participants_list>
            </drop_withdraw_reason>
            <drop_withdraw_reason>
              <title>Withdrawal by Subject</title>
              <participants_list>
                <participants group_id="P1" count="7"/>
                <participants group_id="P2" count="10"/>
              </participants_list>
            </drop_withdraw_reason>
          </drop_withdraw_reason_list>
        </period>
      </period_list>
    </participant_flow>

    <baseline>
      <population>The planned population size was 220 randomised patients and altogether 221 patients were randomised. Key demographic and baseline characteristics were balanced between the treatment groups.</population>
      <group_list>
        <group group_id="B1">
          <title>Fulvestrant 500 mg</title>
          <description>Fulvestrant 500 mg intramuscular (im) every 28 (± 3) days plus an additional 500 mg on Day 15 (± 3) of first month only</description>
        </group>
        <group group_id="B2">
          <title>Fulvestrant 250 mg</title>
          <description>Fulvestrant 250 mg im every 28 (± 3) days</description>
        </group>
        <group group_id="B3">
          <title>Total</title>
          <description>Total of all reporting groups</description>
        </group>
      </group_list>
      <analyzed_list>
        <analyzed>
          <units>Participants</units>
          <scope>Overall</scope>
          <count_list>
            <count group_id="B1" value="111"/>
            <count group_id="B2" value="110"/>
            <count group_id="B3" value="221"/>
          </count_list>
        </analyzed>
      </analyzed_list>
      <measure_list>
        <measure>
          <title>Age</title>
          <units>years</units>
          <param>Mean</param>
          <dispersion>Standard Deviation</dispersion>
          <class_list>
            <class>
              <category_list>
                <category>
                  <measurement_list>
                    <measurement group_id="B1" value="53.6" spread="10.12"/>
                    <measurement group_id="B2" value="53.1" spread="10.22"/>
                    <measurement group_id="B3" value="53.3" spread="10.15"/>
                  </measurement_list>
                </category>
              </category_list>
            </class>
          </class_list>
        </measure>
        <measure>
          <title>Age, Customized</title>
          <units>participants</units>
          <param>Number</param>
          <class_list>
            <class>
              <title>&lt;50 Years</title>
              <category_list>
                <category>
                  <measurement_list>
                    <measurement group_id="B1" value="37"/>
                    <measurement group_id="B2" value="40"/>
                    <measurement group_id="B3" value="77"/>
                  </measurement_list>
                </category>
              </category_list>
            </class>
            <class>
              <title>≥50 to &lt;65 Years</title>
              <category_list>
                <category>
                  <measurement_list>
                    <measurement group_id="B1" value="61"/>
                    <measurement group_id="B2" value="56"/>
                    <measurement group_id="B3" value="117"/>
                  </measurement_list>
                </category>
              </category_list>
            </class>
            <class>
              <title>≥65 Years</title>
              <category_list>
                <category>
                  <measurement_list>
                    <measurement group_id="B1" value="13"/>
                    <measurement group_id="B2" value="14"/>
                    <measurement group_id="B3" value="27"/>
                  </measurement_list>
                </category>
              </category_list>
            </class>
          </class_list>
        </measure>
        <measure>
          <title>Sex: Female, Male</title>
          <units>Participants</units>
          <param>Count of Participants</param>
          <class_list>
            <class>
              <category_list>
                <category>
                  <title>Female</title>
                  <measurement_list>
                    <measurement group_id="B1" value="111"/>
                    <measurement group_id="B2" value="110"/>
                    <measurement group_id="B3" value="221"/>
                  </measurement_list>
                </category>
                <category>
                  <title>Male</title>
                  <measurement_list>
                    <measurement group_id="B1" value="0"/>
                    <measurement group_id="B2" value="0"/>
                    <measurement group_id="B3" value="0"/>
                  </measurement_list>
                </category>
              </category_list>
            </class>
          </class_list>
        </measure>
        <measure>
          <title>Race/Ethnicity, Customized</title>
          <description>A PHASE III STUDY OF FULVESTRANT 500 MG VERSUS 250 MG IN POSTMENOPAUSAL CHINESE WOMEN WITH ADVANCED BREAST CANCER AND DISEASE PROGRESSION FOLLOWING FAILURE ON PRIOR ANTIESTROGEN OR AROMATASE INHIBITOR THERAPY</description>
          <units>Participants</units>
          <param>Number</param>
          <class_list>
            <class>
              <title>Asian</title>
              <category_list>
                <category>
                  <measurement_list>
                    <measurement group_id="B1" value="111"/>
                    <measurement group_id="B2" value="110"/>
                    <measurement group_id="B3" value="221"/>
                  </measurement_list>
                </category>
              </category_list>
            </class>
          </class_list>
        </measure>
        <measure>
          <title>Weight</title>
          <units>kg</units>
          <param>Mean</param>
          <dispersion>Full Range</dispersion>
          <class_list>
            <class>
              <category_list>
                <category>
                  <measurement_list>
                    <measurement group_id="B1" value="61.0" lower_limit="35.0" upper_limit="85.0"/>
                    <measurement group_id="B2" value="60.5" lower_limit="42.0" upper_limit="88.0"/>
                    <measurement group_id="B3" value="60.7" lower_limit="35.0" upper_limit="88.0"/>
                  </measurement_list>
                </category>
              </category_list>
            </class>
          </class_list>
        </measure>
        <measure>
          <title>WHO Performance Status</title>
          <units>participants</units>
          <param>Number</param>
          <class_list>
            <class>
              <title>(0) Normal activity</title>
              <category_list>
                <category>
                  <measurement_list>
                    <measurement group_id="B1" value="80"/>
                    <measurement group_id="B2" value="77"/>
                    <measurement group_id="B3" value="157"/>
                  </measurement_list>
                </category>
              </category_list>
            </class>
            <class>
              <title>(1) Restricted activity</title>
              <category_list>
                <category>
                  <measurement_list>
                    <measurement group_id="B1" value="28"/>
                    <measurement group_id="B2" value="30"/>
                    <measurement group_id="B3" value="58"/>
                  </measurement_list>
                </category>
              </category_list>
            </class>
            <class>
              <title>(2) In bed ≤50% of the time</title>
              <category_list>
                <category>
                  <measurement_list>
                    <measurement group_id="B1" value="3"/>
                    <measurement group_id="B2" value="3"/>
                    <measurement group_id="B3" value="6"/>
                  </measurement_list>
                </category>
              </category_list>
            </class>
          </class_list>
        </measure>
        <measure>
          <title>Extent of disease at baseline</title>
          <units>participants</units>
          <param>Number</param>
          <class_list>
            <class>
              <title>Locally advanced breast cancer only</title>
              <category_list>
                <category>
                  <measurement_list>
                    <measurement group_id="B1" value="1"/>
                    <measurement group_id="B2" value="1"/>
                    <measurement group_id="B3" value="2"/>
                  </measurement_list>
                </category>
              </category_list>
            </class>
            <class>
              <title>Metastatic disease</title>
              <category_list>
                <category>
                  <measurement_list>
                    <measurement group_id="B1" value="110"/>
                    <measurement group_id="B2" value="109"/>
                    <measurement group_id="B3" value="219"/>
                  </measurement_list>
                </category>
              </category_list>
            </class>
          </class_list>
        </measure>
      </measure_list>
    </baseline>

    <outcome_list>
      <outcome>
        <type>Primary</type>
        <title>Progression-free Survival</title>
        <description>Progression is defined using Response Evaluation Criteria In Solid Tumors Criteria (RECIST v1.1), as at least a 20% increase in the sum of diameters of target lesions, taking as reference the smallest sum on study, or unequivocal progression of existing non-target lesions, or the appearance of new lesions, or death (by any cause in the absence of progression). The primary analysis for PFS was the log rank test stratified by last endocrine therapy received prior to fulvestrant (AO vs. AI). The treatment effect was estimated using the HR of 500 mg fulvestrant to 250 mg fulvestrant together with the corresponding 95% CI and p value.</description>
        <time_frame>36 months</time_frame>
        <population>FAS: all randomised patients and compared the treatment groups on the basis of randomised treatment, regardless of treatment actually received.</population>
        <group_list>
          <group group_id="O1">
            <title>Fulvestrant 500 mg</title>
            <description>Fulvestrant 500 mg intramuscular (im) every 28 (± 3) days plus an additional 500 mg on Day 15 (± 3) of first month only</description>
          </group>
          <group group_id="O2">
            <title>Fulvestrant 250 mg</title>
            <description>Fulvestrant 250 mg im every 28 (± 3) days</description>
          </group>
        </group_list>
        <measure>
          <title>Progression-free Survival</title>
          <description>Progression is defined using Response Evaluation Criteria In Solid Tumors Criteria (RECIST v1.1), as at least a 20% increase in the sum of diameters of target lesions, taking as reference the smallest sum on study, or unequivocal progression of existing non-target lesions, or the appearance of new lesions, or death (by any cause in the absence of progression). The primary analysis for PFS was the log rank test stratified by last endocrine therapy received prior to fulvestrant (AO vs. AI). The treatment effect was estimated using the HR of 500 mg fulvestrant to 250 mg fulvestrant together with the corresponding 95% CI and p value.</description>
          <population>FAS: all randomised patients and compared the treatment groups on the basis of randomised treatment, regardless of treatment actually received.</population>
          <units>months</units>
          <param>Median</param>
          <dispersion>Inter-Quartile Range</dispersion>
          <analyzed_list>
            <analyzed>
              <units>Participants</units>
              <scope>Measure</scope>
              <count_list>
                <count group_id="O1" value="111"/>
                <count group_id="O2" value="110"/>
              </count_list>
            </analyzed>
          </analyzed_list>
          <class_list>
            <class>
              <category_list>
                <category>
                  <measurement_list>
                    <measurement group_id="O1" value="8.0" lower_limit="2.8" upper_limit="16.6"/>
                    <measurement group_id="O2" value="4.0" lower_limit="2.7" upper_limit="11.1"/>
                  </measurement_list>
                </category>
              </category_list>
            </class>
          </class_list>
        </measure>
        <analysis_list>
          <analysis>
            <group_id_list>
              <group_id>O1</group_id>
              <group_id>O2</group_id>
            </group_id_list>
            <groups_desc>The results of this study would be considered to be consistent with that of the CONFIRM study if the hazard ratio (HR) point estimate for the treatment comparison was &lt;1 (ie, it favoured fulvestrant 500 mg), without the requirement for the benefit of fulvestrant 500 mg to be statistically significant.</groups_desc>
            <non_inferiority_type>Superiority or Other</non_inferiority_type>
            <p_value>0.078</p_value>
            <p_value_desc>With a sample size of 220 randomised patients and 150 progression events, if treatment effect is consistent between ethnicities/the study populations, there is an 89% chance the HR &lt;1.</p_value_desc>
            <method>Log Rank</method>
            <param_type>Hazard Ratio (HR)</param_type>
            <param_value>0.75</param_value>
            <ci_percent>95</ci_percent>
            <ci_n_sides>2-Sided</ci_n_sides>
            <ci_lower_limit>0.54</ci_lower_limit>
            <ci_upper_limit>1.03</ci_upper_limit>
          </analysis>
        </analysis_list>
      </outcome>
      <outcome>
        <type>Secondary</type>
        <title>Objective Response Rate</title>
        <description>The ORR is defined as the proportion of all randomized patients with measurable disease at baseline who have a best objective tumour response of either CR or PR per RECIST v1.1.</description>
        <time_frame>36 months</time_frame>
        <population>Evaluable for Response Set, included all patients in the FAS with measurable disease at baseline.</population>
        <group_list>
          <group group_id="O1">
            <title>Fulvestrant 500 mg</title>
            <description>Fulvestrant 500 mg intramuscular (im) every 28 (± 3) days plus an additional 500 mg on Day 15 (± 3) of first month only</description>
          </group>
          <group group_id="O2">
            <title>Fulvestrant 250 mg</title>
            <description>Fulvestrant 250 mg im every 28 (± 3) days</description>
          </group>
        </group_list>
        <measure>
          <title>Objective Response Rate</title>
          <description>The ORR is defined as the proportion of all randomized patients with measurable disease at baseline who have a best objective tumour response of either CR or PR per RECIST v1.1.</description>
          <population>Evaluable for Response Set, included all patients in the FAS with measurable disease at baseline.</population>
          <units>patients</units>
          <param>Number</param>
          <analyzed_list>
            <analyzed>
              <units>Participants</units>
              <scope>Measure</scope>
              <count_list>
                <count group_id="O1" value="57"/>
                <count group_id="O2" value="66"/>
              </count_list>
            </analyzed>
          </analyzed_list>
          <class_list>
            <class>
              <category_list>
                <category>
                  <measurement_list>
                    <measurement group_id="O1" value="16" lower_limit="5.36" upper_limit="11.04"/>
                    <measurement group_id="O2" value="11" lower_limit="2.92" upper_limit="5.72"/>
                  </measurement_list>
                </category>
              </category_list>
            </class>
          </class_list>
        </measure>
        <analysis_list>
          <analysis>
            <group_id_list>
              <group_id>O1</group_id>
              <group_id>O2</group_id>
            </group_id_list>
            <non_inferiority_type>Superiority or Other</non_inferiority_type>
            <p_value>0.107</p_value>
            <method>Regression, Logistic</method>
            <param_type>Odds Ratio (OR)</param_type>
            <param_value>1.44</param_value>
            <ci_percent>95</ci_percent>
            <ci_n_sides>2-Sided</ci_n_sides>
            <ci_lower_limit>0.93</ci_lower_limit>
            <ci_upper_limit>2.24</ci_upper_limit>
          </analysis>
        </analysis_list>
      </outcome>
      <outcome>
        <type>Secondary</type>
        <title>Clinical Benefit Rate</title>
        <description>A clinical benefit (CB) responder is defined as a patient having a best overall response of either CR, PR or SD for at least 24 weeks per RECIST v1.1. As tumour assessments can occur ± 2 weeks of the specified time point, the CBR is defined as the proportion of patients in the FAS who have CB ≥ 22 weeks (or 154 days).</description>
        <time_frame>36 months</time_frame>
        <population>FAS</population>
        <group_list>
          <group group_id="O1">
            <title>Fulvestrant 500 mg</title>
            <description>Fulvestrant 500 mg intramuscular (im) every 28 (± 3) days plus an additional 500 mg on Day 15 (± 3) of first month only</description>
          </group>
          <group group_id="O2">
            <title>Fulvestrant 250 mg</title>
            <description>Fulvestrant 250 mg im every 28 (± 3) days</description>
          </group>
        </group_list>
        <measure>
          <title>Clinical Benefit Rate</title>
          <description>A clinical benefit (CB) responder is defined as a patient having a best overall response of either CR, PR or SD for at least 24 weeks per RECIST v1.1. As tumour assessments can occur ± 2 weeks of the specified time point, the CBR is defined as the proportion of patients in the FAS who have CB ≥ 22 weeks (or 154 days).</description>
          <population>FAS</population>
          <units>patients</units>
          <param>Number</param>
          <analyzed_list>
            <analyzed>
              <units>Participants</units>
              <scope>Measure</scope>
              <count_list>
                <count group_id="O1" value="111"/>
                <count group_id="O2" value="110"/>
              </count_list>
            </analyzed>
          </analyzed_list>
          <class_list>
            <class>
              <category_list>
                <category>
                  <measurement_list>
                    <measurement group_id="O1" value="53"/>
                    <measurement group_id="O2" value="36"/>
                  </measurement_list>
                </category>
              </category_list>
            </class>
          </class_list>
        </measure>
        <analysis_list>
          <analysis>
            <group_id_list>
              <group_id>O1</group_id>
              <group_id>O2</group_id>
            </group_id_list>
            <non_inferiority_type>Superiority or Other</non_inferiority_type>
            <p_value>0.023</p_value>
            <method>Regression, Logistic</method>
            <param_type>Odds Ratio (OR)</param_type>
            <param_value>1.37</param_value>
            <ci_percent>95</ci_percent>
            <ci_n_sides>2-Sided</ci_n_sides>
            <ci_lower_limit>1.04</ci_lower_limit>
            <ci_upper_limit>1.80</ci_upper_limit>
          </analysis>
        </analysis_list>
      </outcome>
      <outcome>
        <type>Secondary</type>
        <title>Duration of Response</title>
        <description>Duration of response (DoR) will be evaluated only for patients who have an objective response, and is defined as the time from the date of first documentation of objective response (i.e., the initial visit at which CR or PR was recorded) until the date of disease progression or death due to any cause (whichever is earlier). The time of the initial response will be defined as the latest of the dates contributing towards the first visit response of PR or CR.&#xD;
Any patient who has not progressed or died by the date of DCO, or who has been lost to follow up, will be right-censored at the date of their last disease assessment.</description>
        <time_frame>36 months</time_frame>
        <population>Evaluable for Response Set</population>
        <group_list>
          <group group_id="O1">
            <title>Fulvestrant 500 mg</title>
            <description>Fulvestrant 500 mg intramuscular (im) every 28 (± 3) days plus an additional 500 mg on Day 15 (± 3) of first month only</description>
          </group>
          <group group_id="O2">
            <title>Fulvestrant 250 mg</title>
            <description>Fulvestrant 250 mg im every 28 (± 3) days</description>
          </group>
        </group_list>
        <measure>
          <title>Duration of Response</title>
          <description>Duration of response (DoR) will be evaluated only for patients who have an objective response, and is defined as the time from the date of first documentation of objective response (i.e., the initial visit at which CR or PR was recorded) until the date of disease progression or death due to any cause (whichever is earlier). The time of the initial response will be defined as the latest of the dates contributing towards the first visit response of PR or CR.&#xD;
Any patient who has not progressed or died by the date of DCO, or who has been lost to follow up, will be right-censored at the date of their last disease assessment.</description>
          <population>Evaluable for Response Set</population>
          <units>months</units>
          <param>Median</param>
          <dispersion>Inter-Quartile Range</dispersion>
          <analyzed_list>
            <analyzed>
              <units>Participants</units>
              <scope>Measure</scope>
              <count_list>
                <count group_id="O1" value="16"/>
                <count group_id="O2" value="11"/>
              </count_list>
            </analyzed>
          </analyzed_list>
          <class_list>
            <class>
              <category_list>
                <category>
                  <measurement_list>
                    <measurement group_id="O1" value="16.6" lower_limit="5.6" upper_limit="NA">The data is not available due to high percent (7/16, 43.75%) of patients censored.</measurement>
                    <measurement group_id="O2" value="22.2" lower_limit="10.8" upper_limit="NA">The data is not available due to high percent (8/11, 72.73%) of patients censored.</measurement>
                  </measurement_list>
                </category>
              </category_list>
            </class>
          </class_list>
        </measure>
      </outcome>
      <outcome>
        <type>Secondary</type>
        <title>Duration of Clinical Benefit</title>
        <description>Duration of clinical benefit (DoCB) will be evaluated only for patients who have CB, and is defined as the time from the date of randomisation until the date of disease progression or death from any cause, whichever is earlier.&#xD;
Any patient who has not progressed or died by the date of DCO or who has been lost to follow up will be right censored at the date of their last evaluable disease assessment.</description>
        <time_frame>36 months</time_frame>
        <population>FAS</population>
        <group_list>
          <group group_id="O1">
            <title>Fulvestrant 500 mg</title>
            <description>Fulvestrant 500 mg intramuscular (im) every 28 (± 3) days plus an additional 500 mg on Day 15 (± 3) of first month only</description>
          </group>
          <group group_id="O2">
            <title>Fulvestrant 250 mg</title>
            <description>Fulvestrant 250 mg im every 28 (± 3) days</description>
          </group>
        </group_list>
        <measure>
          <title>Duration of Clinical Benefit</title>
          <description>Duration of clinical benefit (DoCB) will be evaluated only for patients who have CB, and is defined as the time from the date of randomisation until the date of disease progression or death from any cause, whichever is earlier.&#xD;
Any patient who has not progressed or died by the date of DCO or who has been lost to follow up will be right censored at the date of their last evaluable disease assessment.</description>
          <population>FAS</population>
          <units>months</units>
          <param>Median</param>
          <dispersion>Inter-Quartile Range</dispersion>
          <analyzed_list>
            <analyzed>
              <units>Participants</units>
              <scope>Measure</scope>
              <count_list>
                <count group_id="O1" value="53"/>
                <count group_id="O2" value="36"/>
              </count_list>
            </analyzed>
          </analyzed_list>
          <class_list>
            <class>
              <category_list>
                <category>
                  <measurement_list>
                    <measurement group_id="O1" value="14.3" lower_limit="11.0" upper_limit="25.0"/>
                    <measurement group_id="O2" value="13.8" lower_limit="11.0" upper_limit="NA">The data is not available due to high percent (21/36, 58.33%) of patients censored.</measurement>
                  </measurement_list>
                </category>
              </category_list>
            </class>
          </class_list>
        </measure>
      </outcome>
    </outcome_list>

    <reported_events>
      <time_frame>Adverse Events will be collected from time of signature of informed consent throughout the treatment period and up to 8 weeks after the last injection of study medication.</time_frame>
      <group_list>
        <group group_id="E1">
          <title>Fulvestrant 500 mg</title>
          <description>Fulvestrant 500 mg intramuscular (im) every 28 (± 3) days plus an additional 500 mg on Day 15 (± 3) of first month only</description>
        </group>
        <group group_id="E2">
          <title>Fulvestrant 250 mg</title>
          <description>Fulvestrant 250 mg im every 28 (± 3) days</description>
        </group>
      </group_list>
      <serious_events>
        <default_vocab>MedDRA</default_vocab>
        <default_assessment>Non-systematic Assessment</default_assessment>
        <category_list>
          <category>
            <title>Total</title>
            <event_list>
              <event>
                <sub_title>Total, serious adverse events</sub_title>
                <counts group_id="E1" subjects_affected="4" subjects_at_risk="109"/>
                <counts group_id="E2" subjects_affected="9" subjects_at_risk="110"/>
              </event>
            </event_list>
          </category>
          <category>
            <title>Blood and lymphatic system disorders</title>
            <event_list>
              <event>
                <sub_title>Anaemia</sub_title>
                <counts group_id="E1" subjects_affected="0" subjects_at_risk="109"/>
                <counts group_id="E2" subjects_affected="1" subjects_at_risk="110"/>
              </event>
              <event>
                <sub_title>Haemolytic uraemic syndrome</sub_title>
                <counts group_id="E1" subjects_affected="0" subjects_at_risk="109"/>
                <counts group_id="E2" subjects_affected="0" subjects_at_risk="110"/>
              </event>
              <event>
                <sub_title>Leukopenia</sub_title>
                <counts group_id="E1" subjects_affected="0" subjects_at_risk="109"/>
                <counts group_id="E2" subjects_affected="0" subjects_at_risk="110"/>
              </event>
            </event_list>
          </category>
          <category>
            <title>Cardiac disorders</title>
            <event_list>
              <event>
                <sub_title>Cardiac failure</sub_title>
                <counts group_id="E1" events="0" subjects_affected="0" subjects_at_risk="109"/>
                <counts group_id="E2" events="1" subjects_affected="1" subjects_at_risk="110"/>
              </event>
            </event_list>
          </category>
          <category>
            <title>General disorders</title>
            <event_list>
              <event>
                <sub_title>Pyrexia</sub_title>
                <counts group_id="E1" subjects_affected="1" subjects_at_risk="109"/>
                <counts group_id="E2" subjects_affected="2" subjects_at_risk="110"/>
              </event>
            </event_list>
          </category>
          <category>
            <title>Hepatobiliary disorders</title>
            <event_list>
              <event>
                <sub_title>Hepatic function abnormal</sub_title>
                <counts group_id="E1" subjects_affected="1" subjects_at_risk="109"/>
                <counts group_id="E2" subjects_affected="0" subjects_at_risk="110"/>
              </event>
            </event_list>
          </category>
          <category>
            <title>Infections and infestations</title>
            <event_list>
              <event>
                <sub_title>Arthritis bacterial</sub_title>
                <counts group_id="E1" subjects_affected="0" subjects_at_risk="109"/>
                <counts group_id="E2" subjects_affected="2" subjects_at_risk="110"/>
              </event>
              <event>
                <sub_title>Lung infection</sub_title>
                <counts group_id="E1" subjects_affected="0" subjects_at_risk="109"/>
                <counts group_id="E2" subjects_affected="0" subjects_at_risk="110"/>
              </event>
            </event_list>
          </category>
          <category>
            <title>Investigations</title>
            <event_list>
              <event>
                <sub_title>Haemoglobin decreased</sub_title>
                <counts group_id="E1" subjects_affected="1" subjects_at_risk="109"/>
                <counts group_id="E2" subjects_affected="1" subjects_at_risk="110"/>
              </event>
              <event>
                <sub_title>Neutrophil count decreased</sub_title>
                <counts group_id="E1" subjects_affected="0" subjects_at_risk="109"/>
                <counts group_id="E2" subjects_affected="0" subjects_at_risk="110"/>
              </event>
              <event>
                <sub_title>Platelet count decreased</sub_title>
                <counts group_id="E1" subjects_affected="0" subjects_at_risk="109"/>
                <counts group_id="E2" subjects_affected="0" subjects_at_risk="110"/>
              </event>
            </event_list>
          </category>
          <category>
            <title>Metabolism and nutrition disorders</title>
            <event_list>
              <event>
                <sub_title>Hypoglycaemia</sub_title>
                <counts group_id="E1" subjects_affected="0" subjects_at_risk="109"/>
                <counts group_id="E2" subjects_affected="1" subjects_at_risk="110"/>
              </event>
            </event_list>
          </category>
          <category>
            <title>Musculoskeletal and connective tissue disorders</title>
            <event_list>
              <event>
                <sub_title>Bone pain</sub_title>
                <counts group_id="E1" subjects_affected="1" subjects_at_risk="109"/>
                <counts group_id="E2" subjects_affected="0" subjects_at_risk="110"/>
              </event>
            </event_list>
          </category>
          <category>
            <title>Nervous system disorders</title>
            <event_list>
              <event>
                <sub_title>Cerebral infarction</sub_title>
                <counts group_id="E1" subjects_affected="1" subjects_at_risk="109"/>
                <counts group_id="E2" subjects_affected="0" subjects_at_risk="110"/>
              </event>
            </event_list>
          </category>
          <category>
            <title>Respiratory, thoracic and mediastinal disorders</title>
            <event_list>
              <event>
                <sub_title>Dyspnoea</sub_title>
                <counts group_id="E1" subjects_affected="0" subjects_at_risk="109"/>
                <counts group_id="E2" subjects_affected="1" subjects_at_risk="110"/>
              </event>
            </event_list>
          </category>
        </category_list>
      </serious_events>
      <other_events>
        <frequency_threshold>0</frequency_threshold>
        <default_vocab>MedDRA</default_vocab>
        <default_assessment>Non-systematic Assessment</default_assessment>
        <category_list>
          <category>
            <title>Total</title>
            <event_list>
              <event>
                <sub_title>Total, other adverse events</sub_title>
                <counts group_id="E1" subjects_affected="68" subjects_at_risk="109"/>
                <counts group_id="E2" subjects_affected="65" subjects_at_risk="110"/>
              </event>
            </event_list>
          </category>
          <category>
            <title>Blood and lymphatic system disorders</title>
            <event_list>
              <event>
                <sub_title>ANAEMIA</sub_title>
                <counts group_id="E1" subjects_affected="2" subjects_at_risk="109"/>
                <counts group_id="E2" subjects_affected="3" subjects_at_risk="110"/>
              </event>
              <event>
                <sub_title>BONE MARROW FAILURE</sub_title>
                <counts group_id="E1" subjects_affected="2" subjects_at_risk="109"/>
                <counts group_id="E2" subjects_affected="1" subjects_at_risk="110"/>
              </event>
              <event>
                <sub_title>LEUKOPENIA</sub_title>
                <counts group_id="E1" subjects_affected="0" subjects_at_risk="109"/>
                <counts group_id="E2" subjects_affected="2" subjects_at_risk="110"/>
              </event>
              <event>
                <sub_title>THROMBOCYTOPENIA</sub_title>
                <counts group_id="E1" subjects_affected="1" subjects_at_risk="109"/>
                <counts group_id="E2" subjects_affected="1" subjects_at_risk="110"/>
              </event>
              <event>
                <sub_title>FEBRILE NEUTROPENIA</sub_title>
                <counts group_id="E1" subjects_affected="0" subjects_at_risk="109"/>
                <counts group_id="E2" subjects_affected="1" subjects_at_risk="110"/>
              </event>
              <event>
                <sub_title>HAEMOLYTIC URAEMIC SYNDROME</sub_title>
                <counts group_id="E1" subjects_affected="0" subjects_at_risk="109"/>
                <counts group_id="E2" subjects_affected="1" subjects_at_risk="110"/>
              </event>
              <event>
                <sub_title>LYMPHADENITIS</sub_title>
                <counts group_id="E1" subjects_affected="1" subjects_at_risk="109"/>
                <counts group_id="E2" subjects_affected="0" subjects_at_risk="110"/>
              </event>
              <event>
                <sub_title>NEUTROPENIA</sub_title>
                <counts group_id="E1" subjects_affected="0" subjects_at_risk="109"/>
                <counts group_id="E2" subjects_affected="1" subjects_at_risk="110"/>
              </event>
            </event_list>
          </category>
          <category>
            <title>Cardiac disorders</title>
            <event_list>
              <event>
                <sub_title>PALPITATIONS</sub_title>
                <counts group_id="E1" subjects_affected="1" subjects_at_risk="109"/>
                <counts group_id="E2" subjects_affected="2" subjects_at_risk="110"/>
              </event>
              <event>
                <sub_title>ACUTE CORONARY SYNDROME</sub_title>
                <counts group_id="E1" subjects_affected="1" subjects_at_risk="109"/>
                <counts group_id="E2" subjects_affected="0" subjects_at_risk="110"/>
              </event>
              <event>
                <sub_title>CARDIAC FAILURE</sub_title>
                <counts group_id="E1" subjects_affected="0" subjects_at_risk="109"/>
                <counts group_id="E2" subjects_affected="1" subjects_at_risk="110"/>
              </event>
              <event>
                <sub_title>SINUS TACHYCARDIA</sub_title>
                <counts group_id="E1" subjects_affected="1" subjects_at_risk="109"/>
                <counts group_id="E2" subjects_affected="0" subjects_at_risk="110"/>
              </event>
              <event>
                <sub_title>SUPRAVENTRICULAR EXTRASYSTOLES</sub_title>
                <counts group_id="E1" subjects_affected="1" subjects_at_risk="109"/>
                <counts group_id="E2" subjects_affected="0" subjects_at_risk="110"/>
              </event>
            </event_list>
          </category>
          <category>
            <title>Ear and labyrinth disorders</title>
            <event_list>
              <event>
                <sub_title>DEAFNESS UNILATERAL</sub_title>
                <counts group_id="E1" subjects_affected="0" subjects_at_risk="109"/>
                <counts group_id="E2" subjects_affected="1" subjects_at_risk="110"/>
              </event>
              <event>
                <sub_title>EAR PAIN</sub_title>
                <counts group_id="E1" subjects_affected="1" subjects_at_risk="109"/>
                <counts group_id="E2" subjects_affected="0" subjects_at_risk="110"/>
              </event>
              <event>
                <sub_title>TINNITUS</sub_title>
                <counts group_id="E1" subjects_affected="1" subjects_at_risk="109"/>
                <counts group_id="E2" subjects_affected="0" subjects_at_risk="110"/>
              </event>
              <event>
                <sub_title>VERTIGO</sub_title>
                <counts group_id="E1" subjects_affected="1" subjects_at_risk="109"/>
                <counts group_id="E2" subjects_affected="0" subjects_at_risk="110"/>
              </event>
            </event_list>
          </category>
          <category>
            <title>Eye disorders</title>
            <event_list>
              <event>
                <sub_title>EYELID OEDEMA</sub_title>
                <counts group_id="E1" subjects_affected="1" subjects_at_risk="109"/>
                <counts group_id="E2" subjects_affected="0" subjects_at_risk="110"/>
              </event>
            </event_list>
          </category>
          <category>
            <title>Gastrointestinal disorders</title>
            <event_list>
              <event>
                <sub_title>NAUSEA</sub_title>
                <counts group_id="E1" subjects_affected="6" subjects_at_risk="109"/>
                <counts group_id="E2" subjects_affected="7" subjects_at_risk="110"/>
              </event>
              <event>
                <sub_title>VOMITING</sub_title>
                <counts group_id="E1" subjects_affected="4" subjects_at_risk="109"/>
                <counts group_id="E2" subjects_affected="2" subjects_at_risk="110"/>
              </event>
              <event>
                <sub_title>DIARRHOEA</sub_title>
                <counts group_id="E1" subjects_affected="1" subjects_at_risk="109"/>
                <counts group_id="E2" subjects_affected="3" subjects_at_risk="110"/>
              </event>
              <event>
                <sub_title>ABDOMINAL PAIN</sub_title>
                <counts group_id="E1" subjects_affected="1" subjects_at_risk="109"/>
                <counts group_id="E2" subjects_affected="1" subjects_at_risk="110"/>
              </event>
              <event>
                <sub_title>CONSTIPATION</sub_title>
                <counts group_id="E1" subjects_affected="2" subjects_at_risk="109"/>
                <counts group_id="E2" subjects_affected="0" subjects_at_risk="110"/>
              </event>
              <event>
                <sub_title>ABDOMINAL DISCOMFORT</sub_title>
                <counts group_id="E1" subjects_affected="0" subjects_at_risk="109"/>
                <counts group_id="E2" subjects_affected="1" subjects_at_risk="110"/>
              </event>
              <event>
                <sub_title>ABDOMINAL PAIN LOWER</sub_title>
                <counts group_id="E1" subjects_affected="1" subjects_at_risk="109"/>
                <counts group_id="E2" subjects_affected="0" subjects_at_risk="110"/>
              </event>
              <event>
                <sub_title>ABDOMINAL PAIN UPPER</sub_title>
                <counts group_id="E1" subjects_affected="0" subjects_at_risk="109"/>
                <counts group_id="E2" subjects_affected="1" subjects_at_risk="110"/>
              </event>
              <event>
                <sub_title>ASCITES</sub_title>
                <counts group_id="E1" subjects_affected="0" subjects_at_risk="109"/>
                <counts group_id="E2" subjects_affected="1" subjects_at_risk="110"/>
              </event>
              <event>
                <sub_title>FAECES HARD</sub_title>
                <counts group_id="E1" subjects_affected="0" subjects_at_risk="109"/>
                <counts group_id="E2" subjects_affected="1" subjects_at_risk="110"/>
              </event>
              <event>
                <sub_title>GASTRITIS</sub_title>
                <counts group_id="E1" subjects_affected="1" subjects_at_risk="109"/>
                <counts group_id="E2" subjects_affected="0" subjects_at_risk="110"/>
              </event>
              <event>
                <sub_title>GINGIVAL PAIN</sub_title>
                <counts group_id="E1" subjects_affected="0" subjects_at_risk="109"/>
                <counts group_id="E2" subjects_affected="1" subjects_at_risk="110"/>
              </event>
              <event>
                <sub_title>HAEMATOCHEZIA</sub_title>
                <counts group_id="E1" subjects_affected="0" subjects_at_risk="109"/>
                <counts group_id="E2" subjects_affected="1" subjects_at_risk="110"/>
              </event>
              <event>
                <sub_title>MOUTH ULCERATION</sub_title>
                <counts group_id="E1" subjects_affected="1" subjects_at_risk="109"/>
                <counts group_id="E2" subjects_affected="0" subjects_at_risk="110"/>
              </event>
              <event>
                <sub_title>TOOTHACHE</sub_title>
                <counts group_id="E1" subjects_affected="1" subjects_at_risk="109"/>
                <counts group_id="E2" subjects_affected="0" subjects_at_risk="110"/>
              </event>
            </event_list>
          </category>
          <category>
            <title>General disorders</title>
            <event_list>
              <event>
                <sub_title>INJECTION SITE REACTION</sub_title>
                <counts group_id="E1" subjects_affected="12" subjects_at_risk="109"/>
                <counts group_id="E2" subjects_affected="13" subjects_at_risk="110"/>
              </event>
              <event>
                <sub_title>INJECTION SITE PAIN</sub_title>
                <counts group_id="E1" subjects_affected="8" subjects_at_risk="109"/>
                <counts group_id="E2" subjects_affected="10" subjects_at_risk="110"/>
              </event>
              <event>
                <sub_title>FATIGUE</sub_title>
                <counts group_id="E1" subjects_affected="9" subjects_at_risk="109"/>
                <counts group_id="E2" subjects_affected="7" subjects_at_risk="110"/>
              </event>
              <event>
                <sub_title>PYREXIA</sub_title>
                <counts group_id="E1" subjects_affected="11" subjects_at_risk="109"/>
                <counts group_id="E2" subjects_affected="6" subjects_at_risk="110"/>
              </event>
              <event>
                <sub_title>MALAISE</sub_title>
                <counts group_id="E1" subjects_affected="3" subjects_at_risk="109"/>
                <counts group_id="E2" subjects_affected="2" subjects_at_risk="110"/>
              </event>
              <event>
                <sub_title>OEDEMA PERIPHERAL</sub_title>
                <counts group_id="E1" subjects_affected="2" subjects_at_risk="109"/>
                <counts group_id="E2" subjects_affected="2" subjects_at_risk="110"/>
              </event>
              <event>
                <sub_title>INJECTION SITE PRURITUS</sub_title>
                <counts group_id="E1" subjects_affected="1" subjects_at_risk="109"/>
                <counts group_id="E2" subjects_affected="2" subjects_at_risk="110"/>
              </event>
              <event>
                <sub_title>ASTHENIA</sub_title>
                <counts group_id="E1" subjects_affected="1" subjects_at_risk="109"/>
                <counts group_id="E2" subjects_affected="1" subjects_at_risk="110"/>
              </event>
              <event>
                <sub_title>INJECTION SITE ANAESTHESIA</sub_title>
                <counts group_id="E1" subjects_affected="1" subjects_at_risk="109"/>
                <counts group_id="E2" subjects_affected="1" subjects_at_risk="110"/>
              </event>
              <event>
                <sub_title>INJECTION SITE MASS</sub_title>
                <counts group_id="E1" subjects_affected="1" subjects_at_risk="109"/>
                <counts group_id="E2" subjects_affected="1" subjects_at_risk="110"/>
              </event>
              <event>
                <sub_title>LOCAL SWELLING</sub_title>
                <counts group_id="E1" subjects_affected="2" subjects_at_risk="109"/>
                <counts group_id="E2" subjects_affected="0" subjects_at_risk="110"/>
              </event>
              <event>
                <sub_title>FACE OEDEMA</sub_title>
                <counts group_id="E1" subjects_affected="0" subjects_at_risk="109"/>
                <counts group_id="E2" subjects_affected="1" subjects_at_risk="110"/>
              </event>
              <event>
                <sub_title>INJECTION SITE INDURATION</sub_title>
                <counts group_id="E1" subjects_affected="0" subjects_at_risk="109"/>
                <counts group_id="E2" subjects_affected="1" subjects_at_risk="110"/>
              </event>
              <event>
                <sub_title>INJECTION SITE JOINT PAIN</sub_title>
                <counts group_id="E1" subjects_affected="0" subjects_at_risk="109"/>
                <counts group_id="E2" subjects_affected="1" subjects_at_risk="110"/>
              </event>
              <event>
                <sub_title>INJECTION SITE RASH</sub_title>
                <counts group_id="E1" subjects_affected="1" subjects_at_risk="109"/>
                <counts group_id="E2" subjects_affected="0" subjects_at_risk="110"/>
              </event>
              <event>
                <sub_title>INJECTION SITE SWELLING</sub_title>
                <counts group_id="E1" subjects_affected="0" subjects_at_risk="109"/>
                <counts group_id="E2" subjects_affected="1" subjects_at_risk="110"/>
              </event>
              <event>
                <sub_title>OEDEMA</sub_title>
                <counts group_id="E1" subjects_affected="0" subjects_at_risk="109"/>
                <counts group_id="E2" subjects_affected="1" subjects_at_risk="110"/>
              </event>
              <event>
                <sub_title>PAIN</sub_title>
                <counts group_id="E1" subjects_affected="1" subjects_at_risk="109"/>
                <counts group_id="E2" subjects_affected="0" subjects_at_risk="110"/>
              </event>
            </event_list>
          </category>
          <category>
            <title>Hepatobiliary disorders</title>
            <event_list>
              <event>
                <sub_title>HEPATIC FUNCTION ABNORMAL</sub_title>
                <counts group_id="E1" subjects_affected="2" subjects_at_risk="109"/>
                <counts group_id="E2" subjects_affected="2" subjects_at_risk="110"/>
              </event>
            </event_list>
          </category>
          <category>
            <title>Infections and infestations</title>
            <event_list>
              <event>
                <sub_title>NASOPHARYNGITIS</sub_title>
                <counts group_id="E1" subjects_affected="3" subjects_at_risk="109"/>
                <counts group_id="E2" subjects_affected="2" subjects_at_risk="110"/>
              </event>
              <event>
                <sub_title>UPPER RESPIRATORY TRACT INFECTION</sub_title>
                <counts group_id="E1" subjects_affected="2" subjects_at_risk="109"/>
                <counts group_id="E2" subjects_affected="2" subjects_at_risk="110"/>
              </event>
              <event>
                <sub_title>LUNG INFECTION</sub_title>
                <counts group_id="E1" subjects_affected="1" subjects_at_risk="109"/>
                <counts group_id="E2" subjects_affected="2" subjects_at_risk="110"/>
              </event>
              <event>
                <sub_title>URINARY TRACT INFECTION</sub_title>
                <counts group_id="E1" subjects_affected="1" subjects_at_risk="109"/>
                <counts group_id="E2" subjects_affected="1" subjects_at_risk="110"/>
              </event>
              <event>
                <sub_title>ARTHRITIS BACTERIAL</sub_title>
                <counts group_id="E1" subjects_affected="0" subjects_at_risk="109"/>
                <counts group_id="E2" subjects_affected="1" subjects_at_risk="110"/>
              </event>
              <event>
                <sub_title>BRONCHOPNEUMONIA</sub_title>
                <counts group_id="E1" subjects_affected="0" subjects_at_risk="109"/>
                <counts group_id="E2" subjects_affected="1" subjects_at_risk="110"/>
              </event>
              <event>
                <sub_title>INFLUENZA</sub_title>
                <counts group_id="E1" subjects_affected="1" subjects_at_risk="109"/>
                <counts group_id="E2" subjects_affected="0" subjects_at_risk="110"/>
              </event>
              <event>
                <sub_title>LARYNGITIS</sub_title>
                <counts group_id="E1" subjects_affected="1" subjects_at_risk="109"/>
                <counts group_id="E2" subjects_affected="0" subjects_at_risk="110"/>
              </event>
              <event>
                <sub_title>LIP INFECTION</sub_title>
                <counts group_id="E1" subjects_affected="1" subjects_at_risk="109"/>
                <counts group_id="E2" subjects_affected="0" subjects_at_risk="110"/>
              </event>
              <event>
                <sub_title>PHARYNGITIS</sub_title>
                <counts group_id="E1" subjects_affected="1" subjects_at_risk="109"/>
                <counts group_id="E2" subjects_affected="0" subjects_at_risk="110"/>
              </event>
              <event>
                <sub_title>URETHRITIS</sub_title>
                <counts group_id="E1" subjects_affected="1" subjects_at_risk="109"/>
                <counts group_id="E2" subjects_affected="0" subjects_at_risk="110"/>
              </event>
              <event>
                <sub_title>VIRAL RHINITIS</sub_title>
                <counts group_id="E1" subjects_affected="0" subjects_at_risk="109"/>
                <counts group_id="E2" subjects_affected="1" subjects_at_risk="110"/>
              </event>
              <event>
                <sub_title>VULVITIS</sub_title>
                <counts group_id="E1" subjects_affected="1" subjects_at_risk="109"/>
                <counts group_id="E2" subjects_affected="0" subjects_at_risk="110"/>
              </event>
            </event_list>
          </category>
          <category>
            <title>Injury, poisoning and procedural complications</title>
            <event_list>
              <event>
                <sub_title>FOREARM FRACTURE</sub_title>
                <counts group_id="E1" subjects_affected="1" subjects_at_risk="109"/>
                <counts group_id="E2" subjects_affected="0" subjects_at_risk="110"/>
              </event>
              <event>
                <sub_title>INJECTION RELATED REACTION</sub_title>
                <counts group_id="E1" subjects_affected="0" subjects_at_risk="109"/>
                <counts group_id="E2" subjects_affected="1" subjects_at_risk="110"/>
              </event>
              <event>
                <sub_title>LIGAMENT SPRAIN</sub_title>
                <counts group_id="E1" subjects_affected="0" subjects_at_risk="109"/>
                <counts group_id="E2" subjects_affected="1" subjects_at_risk="110"/>
              </event>
            </event_list>
          </category>
          <category>
            <title>Investigations</title>
            <event_list>
              <event>
                <sub_title>NEUTROPHIL COUNT DECREASED</sub_title>
                <counts group_id="E1" subjects_affected="4" subjects_at_risk="109"/>
                <counts group_id="E2" subjects_affected="4" subjects_at_risk="110"/>
              </event>
              <event>
                <sub_title>WHITE BLOOD CELL COUNT DECREASED</sub_title>
                <counts group_id="E1" subjects_affected="5" subjects_at_risk="109"/>
                <counts group_id="E2" subjects_affected="2" subjects_at_risk="110"/>
              </event>
              <event>
                <sub_title>ALANINE AMINOTRANSFERASE INCREASED</sub_title>
                <counts group_id="E1" subjects_affected="3" subjects_at_risk="109"/>
                <counts group_id="E2" subjects_affected="3" subjects_at_risk="110"/>
              </event>
              <event>
                <sub_title>ASPARTATE AMINOTRANSFERASE INCREASED</sub_title>
                <counts group_id="E1" subjects_affected="3" subjects_at_risk="109"/>
                <counts group_id="E2" subjects_affected="2" subjects_at_risk="110"/>
              </event>
              <event>
                <sub_title>PLATELET COUNT DECREASED</sub_title>
                <counts group_id="E1" subjects_affected="2" subjects_at_risk="109"/>
                <counts group_id="E2" subjects_affected="3" subjects_at_risk="110"/>
              </event>
              <event>
                <sub_title>WEIGHT DECREASED</sub_title>
                <counts group_id="E1" subjects_affected="1" subjects_at_risk="109"/>
                <counts group_id="E2" subjects_affected="1" subjects_at_risk="110"/>
              </event>
              <event>
                <sub_title>BLOOD ALKALINE PHOSPHATASE INCREASED</sub_title>
                <counts group_id="E1" subjects_affected="1" subjects_at_risk="109"/>
                <counts group_id="E2" subjects_affected="0" subjects_at_risk="110"/>
              </event>
              <event>
                <sub_title>BLOOD CREATININE INCREASED</sub_title>
                <counts group_id="E1" subjects_affected="0" subjects_at_risk="109"/>
                <counts group_id="E2" subjects_affected="1" subjects_at_risk="110"/>
              </event>
              <event>
                <sub_title>BLOOD FIBRINOGEN DECREASED</sub_title>
                <counts group_id="E1" subjects_affected="0" subjects_at_risk="109"/>
                <counts group_id="E2" subjects_affected="1" subjects_at_risk="110"/>
              </event>
              <event>
                <sub_title>ELECTROCARDIOGRAM ABNORMAL</sub_title>
                <counts group_id="E1" subjects_affected="1" subjects_at_risk="109"/>
                <counts group_id="E2" subjects_affected="0" subjects_at_risk="110"/>
              </event>
              <event>
                <sub_title>HAEMOGLOBIN DECREASED</sub_title>
                <counts group_id="E1" subjects_affected="1" subjects_at_risk="109"/>
                <counts group_id="E2" subjects_affected="0" subjects_at_risk="110"/>
              </event>
              <event>
                <sub_title>HEPATIC ENZYME INCREASED</sub_title>
                <counts group_id="E1" subjects_affected="1" subjects_at_risk="109"/>
                <counts group_id="E2" subjects_affected="0" subjects_at_risk="110"/>
              </event>
              <event>
                <sub_title>WHITE BLOOD CELL COUNT INCREASED</sub_title>
                <counts group_id="E1" subjects_affected="1" subjects_at_risk="109"/>
                <counts group_id="E2" subjects_affected="0" subjects_at_risk="110"/>
              </event>
            </event_list>
          </category>
          <category>
            <title>Metabolism and nutrition disorders</title>
            <event_list>
              <event>
                <sub_title>DECREASED APPETITE</sub_title>
                <counts group_id="E1" subjects_affected="4" subjects_at_risk="109"/>
                <counts group_id="E2" subjects_affected="3" subjects_at_risk="110"/>
              </event>
              <event>
                <sub_title>HYPERGLYCAEMIA</sub_title>
                <counts group_id="E1" subjects_affected="3" subjects_at_risk="109"/>
                <counts group_id="E2" subjects_affected="1" subjects_at_risk="110"/>
              </event>
              <event>
                <sub_title>HYPOGLYCAEMIA</sub_title>
                <counts group_id="E1" subjects_affected="1" subjects_at_risk="109"/>
                <counts group_id="E2" subjects_affected="1" subjects_at_risk="110"/>
              </event>
              <event>
                <sub_title>HYPERCALCAEMIA</sub_title>
                <counts group_id="E1" subjects_affected="0" subjects_at_risk="109"/>
                <counts group_id="E2" subjects_affected="1" subjects_at_risk="110"/>
              </event>
              <event>
                <sub_title>HYPERURICAEMIA</sub_title>
                <counts group_id="E1" subjects_affected="0" subjects_at_risk="109"/>
                <counts group_id="E2" subjects_affected="1" subjects_at_risk="110"/>
              </event>
            </event_list>
          </category>
          <category>
            <title>Musculoskeletal and connective tissue disorders</title>
            <event_list>
              <event>
                <sub_title>BACK PAIN</sub_title>
                <counts group_id="E1" subjects_affected="8" subjects_at_risk="109"/>
                <counts group_id="E2" subjects_affected="4" subjects_at_risk="110"/>
              </event>
              <event>
                <sub_title>ARTHRALGIA</sub_title>
                <counts group_id="E1" subjects_affected="3" subjects_at_risk="109"/>
                <counts group_id="E2" subjects_affected="1" subjects_at_risk="110"/>
              </event>
              <event>
                <sub_title>MUSCULOSKELETAL PAIN</sub_title>
                <counts group_id="E1" subjects_affected="4" subjects_at_risk="109"/>
                <counts group_id="E2" subjects_affected="0" subjects_at_risk="110"/>
              </event>
              <event>
                <sub_title>MYALGIA</sub_title>
                <counts group_id="E1" subjects_affected="3" subjects_at_risk="109"/>
                <counts group_id="E2" subjects_affected="1" subjects_at_risk="110"/>
              </event>
              <event>
                <sub_title>PAIN IN EXTREMITY</sub_title>
                <counts group_id="E1" subjects_affected="3" subjects_at_risk="109"/>
                <counts group_id="E2" subjects_affected="1" subjects_at_risk="110"/>
              </event>
              <event>
                <sub_title>FLANK PAIN</sub_title>
                <counts group_id="E1" subjects_affected="2" subjects_at_risk="109"/>
                <counts group_id="E2" subjects_affected="0" subjects_at_risk="110"/>
              </event>
              <event>
                <sub_title>MUSCULOSKELETAL CHEST PAIN</sub_title>
                <counts group_id="E1" subjects_affected="2" subjects_at_risk="109"/>
                <counts group_id="E2" subjects_affected="0" subjects_at_risk="110"/>
              </event>
              <event>
                <sub_title>NECK PAIN</sub_title>
                <counts group_id="E1" subjects_affected="1" subjects_at_risk="109"/>
                <counts group_id="E2" subjects_affected="1" subjects_at_risk="110"/>
              </event>
              <event>
                <sub_title>ARTHRITIS</sub_title>
                <counts group_id="E1" subjects_affected="0" subjects_at_risk="109"/>
                <counts group_id="E2" subjects_affected="1" subjects_at_risk="110"/>
              </event>
              <event>
                <sub_title>ARTHROPATHY</sub_title>
                <counts group_id="E1" subjects_affected="0" subjects_at_risk="109"/>
                <counts group_id="E2" subjects_affected="1" subjects_at_risk="110"/>
              </event>
              <event>
                <sub_title>JOINT SWELLING</sub_title>
                <counts group_id="E1" subjects_affected="1" subjects_at_risk="109"/>
                <counts group_id="E2" subjects_affected="0" subjects_at_risk="110"/>
              </event>
              <event>
                <sub_title>MUSCULAR WEAKNESS</sub_title>
                <counts group_id="E1" subjects_affected="1" subjects_at_risk="109"/>
                <counts group_id="E2" subjects_affected="0" subjects_at_risk="110"/>
              </event>
              <event>
                <sub_title>BONE PAIN</sub_title>
                <counts group_id="E1" subjects_affected="2" subjects_at_risk="109"/>
                <counts group_id="E2" subjects_affected="1" subjects_at_risk="110"/>
              </event>
            </event_list>
          </category>
          <category>
            <title>Nervous system disorders</title>
            <event_list>
              <event>
                <sub_title>HEADACHE</sub_title>
                <counts group_id="E1" subjects_affected="7" subjects_at_risk="109"/>
                <counts group_id="E2" subjects_affected="4" subjects_at_risk="110"/>
              </event>
              <event>
                <sub_title>DIZZINESS</sub_title>
                <counts group_id="E1" subjects_affected="1" subjects_at_risk="109"/>
                <counts group_id="E2" subjects_affected="2" subjects_at_risk="110"/>
              </event>
              <event>
                <sub_title>CEREBRAL INFARCTION</sub_title>
                <counts group_id="E1" subjects_affected="1" subjects_at_risk="109"/>
                <counts group_id="E2" subjects_affected="0" subjects_at_risk="110"/>
              </event>
              <event>
                <sub_title>EPILEPSY</sub_title>
                <counts group_id="E1" subjects_affected="1" subjects_at_risk="109"/>
                <counts group_id="E2" subjects_affected="0" subjects_at_risk="110"/>
              </event>
              <event>
                <sub_title>FACIAL NERVE DISORDER</sub_title>
                <counts group_id="E1" subjects_affected="1" subjects_at_risk="109"/>
                <counts group_id="E2" subjects_affected="0" subjects_at_risk="110"/>
              </event>
              <event>
                <sub_title>HAEMORRHAGE INTRACRANIAL</sub_title>
                <counts group_id="E1" subjects_affected="0" subjects_at_risk="109"/>
                <counts group_id="E2" subjects_affected="1" subjects_at_risk="110"/>
              </event>
              <event>
                <sub_title>HYPERSOMNIA</sub_title>
                <counts group_id="E1" subjects_affected="0" subjects_at_risk="109"/>
                <counts group_id="E2" subjects_affected="1" subjects_at_risk="110"/>
              </event>
              <event>
                <sub_title>HYPOAESTHESIA</sub_title>
                <counts group_id="E1" subjects_affected="1" subjects_at_risk="109"/>
                <counts group_id="E2" subjects_affected="0" subjects_at_risk="110"/>
              </event>
            </event_list>
          </category>
          <category>
            <title>Psychiatric disorders</title>
            <event_list>
              <event>
                <sub_title>INSOMNIA</sub_title>
                <counts group_id="E1" subjects_affected="2" subjects_at_risk="109"/>
                <counts group_id="E2" subjects_affected="1" subjects_at_risk="110"/>
              </event>
              <event>
                <sub_title>MENOPAUSAL DEPRESSION</sub_title>
                <counts group_id="E1" subjects_affected="1" subjects_at_risk="109"/>
                <counts group_id="E2" subjects_affected="0" subjects_at_risk="110"/>
              </event>
              <event>
                <sub_title>RESTLESSNESS</sub_title>
                <counts group_id="E1" subjects_affected="1" subjects_at_risk="109"/>
                <counts group_id="E2" subjects_affected="0" subjects_at_risk="110"/>
              </event>
            </event_list>
          </category>
          <category>
            <title>Reproductive system and breast disorders</title>
            <event_list>
              <event>
                <sub_title>BREAST SWELLING</sub_title>
                <counts group_id="E1" subjects_affected="1" subjects_at_risk="109"/>
                <counts group_id="E2" subjects_affected="0" subjects_at_risk="110"/>
              </event>
              <event>
                <sub_title>MENOPAUSAL SYMPTOMS</sub_title>
                <counts group_id="E1" subjects_affected="0" subjects_at_risk="109"/>
                <counts group_id="E2" subjects_affected="1" subjects_at_risk="110"/>
              </event>
            </event_list>
          </category>
          <category>
            <title>Respiratory, thoracic and mediastinal disorders</title>
            <event_list>
              <event>
                <sub_title>COUGH</sub_title>
                <counts group_id="E1" subjects_affected="2" subjects_at_risk="109"/>
                <counts group_id="E2" subjects_affected="6" subjects_at_risk="110"/>
              </event>
              <event>
                <sub_title>PRODUCTIVE COUGH</sub_title>
                <counts group_id="E1" subjects_affected="4" subjects_at_risk="109"/>
                <counts group_id="E2" subjects_affected="2" subjects_at_risk="110"/>
              </event>
              <event>
                <sub_title>DYSPNOEA</sub_title>
                <counts group_id="E1" subjects_affected="3" subjects_at_risk="109"/>
                <counts group_id="E2" subjects_affected="2" subjects_at_risk="110"/>
              </event>
              <event>
                <sub_title>DYSPHONIA</sub_title>
                <counts group_id="E1" subjects_affected="0" subjects_at_risk="109"/>
                <counts group_id="E2" subjects_affected="1" subjects_at_risk="110"/>
              </event>
              <event>
                <sub_title>EPISTAXIS</sub_title>
                <counts group_id="E1" subjects_affected="1" subjects_at_risk="109"/>
                <counts group_id="E2" subjects_affected="0" subjects_at_risk="110"/>
              </event>
              <event>
                <sub_title>LARYNGEAL PAIN</sub_title>
                <counts group_id="E1" subjects_affected="0" subjects_at_risk="109"/>
                <counts group_id="E2" subjects_affected="1" subjects_at_risk="110"/>
              </event>
              <event>
                <sub_title>OROPHARYNGEAL PAIN</sub_title>
                <counts group_id="E1" subjects_affected="1" subjects_at_risk="109"/>
                <counts group_id="E2" subjects_affected="0" subjects_at_risk="110"/>
              </event>
            </event_list>
          </category>
          <category>
            <title>Skin and subcutaneous tissue disorders</title>
            <event_list>
              <event>
                <sub_title>PRURITUS</sub_title>
                <counts group_id="E1" subjects_affected="3" subjects_at_risk="109"/>
                <counts group_id="E2" subjects_affected="1" subjects_at_risk="110"/>
              </event>
              <event>
                <sub_title>DERMATITIS ALLERGIC</sub_title>
                <counts group_id="E1" subjects_affected="1" subjects_at_risk="109"/>
                <counts group_id="E2" subjects_affected="0" subjects_at_risk="110"/>
              </event>
              <event>
                <sub_title>NIGHT SWEATS</sub_title>
                <counts group_id="E1" subjects_affected="1" subjects_at_risk="109"/>
                <counts group_id="E2" subjects_affected="0" subjects_at_risk="110"/>
              </event>
              <event>
                <sub_title>PRURITUS GENERALISED</sub_title>
                <counts group_id="E1" subjects_affected="1" subjects_at_risk="109"/>
                <counts group_id="E2" subjects_affected="0" subjects_at_risk="110"/>
              </event>
              <event>
                <sub_title>RASH</sub_title>
                <counts group_id="E1" subjects_affected="0" subjects_at_risk="109"/>
                <counts group_id="E2" subjects_affected="1" subjects_at_risk="110"/>
              </event>
              <event>
                <sub_title>RASH ERYTHEMATOUS</sub_title>
                <counts group_id="E1" subjects_affected="0" subjects_at_risk="109"/>
                <counts group_id="E2" subjects_affected="1" subjects_at_risk="110"/>
              </event>
              <event>
                <sub_title>RASH MACULO-PAPULAR</sub_title>
                <counts group_id="E1" subjects_affected="0" subjects_at_risk="109"/>
                <counts group_id="E2" subjects_affected="1" subjects_at_risk="110"/>
              </event>
              <event>
                <sub_title>RASH PRURITIC</sub_title>
                <counts group_id="E1" subjects_affected="1" subjects_at_risk="109"/>
                <counts group_id="E2" subjects_affected="0" subjects_at_risk="110"/>
              </event>
              <event>
                <sub_title>SKIN MASS</sub_title>
                <counts group_id="E1" subjects_affected="0" subjects_at_risk="109"/>
                <counts group_id="E2" subjects_affected="1" subjects_at_risk="110"/>
              </event>
              <event>
                <sub_title>URTICARIA</sub_title>
                <counts group_id="E1" subjects_affected="1" subjects_at_risk="109"/>
                <counts group_id="E2" subjects_affected="0" subjects_at_risk="110"/>
              </event>
            </event_list>
          </category>
          <category>
            <title>Vascular disorders</title>
            <event_list>
              <event>
                <sub_title>HYPERTENSION</sub_title>
                <counts group_id="E1" subjects_affected="3" subjects_at_risk="109"/>
                <counts group_id="E2" subjects_affected="1" subjects_at_risk="110"/>
              </event>
              <event>
                <sub_title>HOT FLUSH</sub_title>
                <counts group_id="E1" subjects_affected="0" subjects_at_risk="109"/>
                <counts group_id="E2" subjects_affected="1" subjects_at_risk="110"/>
              </event>
            </event_list>
          </category>
        </category_list>
      </other_events>
    </reported_events>

    <certain_agreements>
      <pi_employee>Principal Investigators are NOT employed by the organization sponsoring the study.</pi_employee>
      <restrictive_agreement>There is NOT an agreement between Principal Investigators and the Sponsor (or its agents) that restricts the PI's rights to discuss or publish trial results after the trial is completed. </restrictive_agreement>
    </certain_agreements>
    <limitations_and_caveats>China CONFIRM Study was planned as a bridge study to the CONFIRM Study and therefore was not formally powered to detect a statistically significant difference between two treatment groups.</limitations_and_caveats>
    <point_of_contact>
      <name_or_title>Guofei Dai</name_or_title>
      <organization>AstraZeneca China</organization>
      <phone>+86 21 60301242</phone>
      <email>guofei.dai@astrazeneca.com</email>
    </point_of_contact>
  </clinical_results>
</clinical_study>

