<?xml version="1.0" encoding="UTF-8"?>
<clinical_study rank="90">
  <!-- This xml conforms to an XML Schema at:
    https://clinicaltrials.gov/ct2/html/images/info/public.xsd -->
  <required_header>
    <download_date>ClinicalTrials.gov processed this data on May 26, 2023</download_date>
    <link_text>Link to the current ClinicalTrials.gov record.</link_text>
    <url>https://clinicaltrials.gov/show/NCT05730010</url>
  </required_header>
  <id_info>
    <org_study_id>CTO-IUSCCC-0803</org_study_id>
    <nct_id>NCT05730010</nct_id>
  </id_info>
  <brief_title>Discerning the Impact of ctDNA Detection on Patient Decision Making in Early Stage Breast Cancer: a Conjoint Analysis</brief_title>
  <official_title>Discerning the Impact of ctDNA Detection on Patient Decision Making in Early Stage Breast Cancer: a Conjoint Analysis</official_title>
  <sponsors>
    <lead_sponsor>
      <agency>Indiana University</agency>
      <agency_class>Other</agency_class>
    </lead_sponsor>
  </sponsors>
  <source>Indiana University</source>
  <oversight_info>
    <has_dmc>Yes</has_dmc>
    <is_fda_regulated_drug>No</is_fda_regulated_drug>
    <is_fda_regulated_device>No</is_fda_regulated_device>
  </oversight_info>
  <brief_summary>
    <textblock>
      This study will examine how ctDNA and additional prognostic genomic information in patients&#xD;
      with early stage breast cancer might influences patient decision- making regarding systemic&#xD;
      therapy options.&#xD;
    </textblock>
  </brief_summary>
  <detailed_description>
    <textblock>
      This study is an electronically delivered, one time cross sectional survey study. The&#xD;
      investigators want to understand how patients with triple negative breast cancer at high risk&#xD;
      for disease recurrence will prioritize additional benefit over toxicity when considering&#xD;
      treatment options, and if their knowledge of ctDNA positivity versus negativity will further&#xD;
      shift this balance toward benefit.&#xD;
    </textblock>
  </detailed_description>
  <overall_status>Recruiting</overall_status>
  <start_date type="Actual">January 18, 2023</start_date>
  <completion_date type="Anticipated">July 31, 2023</completion_date>
  <primary_completion_date type="Anticipated">July 31, 2023</primary_completion_date>
  <study_type>Observational</study_type>
  <has_expanded_access>No</has_expanded_access>
  <study_design_info>
    <observational_model>Case-Only</observational_model>
    <time_perspective>Cross-Sectional</time_perspective>
  </study_design_info>
  <primary_outcome>
    <measure>Examine whether knowledge of ctDNA negativity influences patient decision-making</measure>
    <time_frame>Once all surveys in the sample size are completed, 6 months anticipated</time_frame>
    <description>Ratings- based analysis will be used to examine whether knowledge of ctDNA negativity increases patient acceptability (and if so, by how much) of no therapy in the adjuvant setting, compared to standard of care capecitabine.</description>
  </primary_outcome>
  <secondary_outcome>
    <measure>Estimate at what degree of benefit a given treatment would be acceptable to patients</measure>
    <time_frame>Once all surveys in the sample size are completed, 6 months anticipated</time_frame>
    <description>When assuming risk of recurrence of ctDNA positivity, we will use ratings- based conjoint analysis to determine part-worth utilities of each attribute - potential toxicity and potential benefit. Comparison of part-worth utilities will be used to estimate at what degree of benefit a given treatment would be acceptable, which will inform future trials.</description>
  </secondary_outcome>
  <enrollment type="Anticipated">200</enrollment>
  <condition>Triple Negative Breast Cancer</condition>
  <eligibility>
    <study_pop>
      <textblock>
        Approximately 200 subjects will be recruited by Research Advocacy Network (RAN) and their&#xD;
        partner organizations through email and social media solicitation.&#xD;
      </textblock>
    </study_pop>
    <sampling_method>Probability Sample</sampling_method>
    <criteria>
      <textblock>
        Inclusion Criteria:&#xD;
&#xD;
          -  Self- reported history of non-metastatic breast cancer&#xD;
&#xD;
          -  Self- reported history of receiving chemotherapy for breast cancer&#xD;
&#xD;
          -  Self- reported history of chemotherapy completed at least 6 months ago but no more&#xD;
             than 10 years ago&#xD;
&#xD;
          -  Able to complete an online survey&#xD;
&#xD;
          -  English speaking&#xD;
&#xD;
        Exclusion Criteria:&#xD;
&#xD;
        N/A&#xD;
      </textblock>
    </criteria>
    <gender>All</gender>
    <minimum_age>18 Years</minimum_age>
    <maximum_age>N/A</maximum_age>
    <healthy_volunteers>No</healthy_volunteers>
  </eligibility>
  <overall_contact>
    <last_name>Tarah Ballinger, MD</last_name>
    <phone>(317) 944-3553</phone>
    <email>tarahb@iu.edu</email>
  </overall_contact>
  <location>
    <facility>
      <name>Indiana University Melvin and Bren Simon Comprehensive Cancer Center</name>
      <address>
        <city>Indianapolis</city>
        <state>Indiana</state>
        <zip>46202</zip>
        <country>United States</country>
      </address>
    </facility>
    <status>Recruiting</status>
    <investigator>
      <last_name>Tarah Ballinger, MD</last_name>
      <role>Principal Investigator</role>
    </investigator>
  </location>
  <location_countries>
    <country>United States</country>
  </location_countries>
  <verification_date>February 2023</verification_date>
  <study_first_submitted>January 31, 2023</study_first_submitted>
  <study_first_submitted_qc>February 14, 2023</study_first_submitted_qc>
  <study_first_posted type="Actual">February 15, 2023</study_first_posted>
  <last_update_submitted>February 14, 2023</last_update_submitted>
  <last_update_submitted_qc>February 14, 2023</last_update_submitted_qc>
  <last_update_posted type="Actual">February 15, 2023</last_update_posted>
  <responsible_party>
    <responsible_party_type>Principal Investigator</responsible_party_type>
    <investigator_affiliation>Indiana University</investigator_affiliation>
    <investigator_full_name>Tarah J Ballinger, MD</investigator_full_name>
    <investigator_title>Assistant Professor of Clinical Medicine</investigator_title>
  </responsible_party>
  <keyword>breast cancer, ctDNA</keyword>
  <condition_browse>
    <!-- CAUTION:  The following MeSH terms are assigned with an imperfect algorithm            -->
    <mesh_term>Breast Neoplasms</mesh_term>
    <mesh_term>Triple Negative Breast Neoplasms</mesh_term>
  </condition_browse>
  <!-- Results have not yet been posted for this study                                          -->
</clinical_study>

