<?xml version="1.0" encoding="UTF-8"?>
<clinical_study rank="228">
  <!-- This xml conforms to an XML Schema at:
    https://clinicaltrials.gov/ct2/html/images/info/public.xsd -->
  <required_header>
    <download_date>ClinicalTrials.gov processed this data on May 26, 2023</download_date>
    <link_text>Link to the current ClinicalTrials.gov record.</link_text>
    <url>https://clinicaltrials.gov/show/NCT00899548</url>
  </required_header>
  <id_info>
    <org_study_id>J0524</org_study_id>
    <secondary_id>P30CA006973</secondary_id>
    <secondary_id>JHOC-J0524</secondary_id>
    <secondary_id>JHOC-SKCCC-J0524</secondary_id>
    <secondary_id>CDR0000509417</secondary_id>
    <secondary_id>NA_00000717</secondary_id>
    <nct_id>NCT00899548</nct_id>
  </id_info>
  <brief_title>DNA in Predicting Response After Systemic Therapy in Women With Metastatic Breast Cancer</brief_title>
  <official_title>DNA Methylation in Serum as a Predictive Marker of Progression and Survival Following Systemic Therapy in Patients With Metastatic Breast Cancer</official_title>
  <sponsors>
    <lead_sponsor>
      <agency>Sidney Kimmel Comprehensive Cancer Center at Johns Hopkins</agency>
      <agency_class>Other</agency_class>
    </lead_sponsor>
    <collaborator>
      <agency>National Cancer Institute (NCI)</agency>
      <agency_class>NIH</agency_class>
    </collaborator>
  </sponsors>
  <source>Sidney Kimmel Comprehensive Cancer Center at Johns Hopkins</source>
  <oversight_info>
    <has_dmc>No</has_dmc>
  </oversight_info>
  <brief_summary>
    <textblock>
      RATIONALE: Studying samples of blood from patients with cancer and from healthy participants&#xD;
      in the laboratory may help doctors learn more about changes that may occur in DNA and&#xD;
      identify biomarkers related to cancer. It may also help doctors predict how well patients&#xD;
      will respond to systemic therapy.&#xD;
&#xD;
      PURPOSE: This laboratory study is looking at DNA in predicting response after systemic&#xD;
      therapy in women with metastatic breast cancer.&#xD;
    </textblock>
  </brief_summary>
  <detailed_description>
    <textblock>
      OBJECTIVES:&#xD;
&#xD;
      Primary&#xD;
&#xD;
        -  Identify a panel of methylated gene markers in serum from women with metastatic breast&#xD;
           cancer that is significantly different from that observed in healthy participants.&#xD;
&#xD;
        -  Assess changes in a panel of methylated gene markers from baseline, after 3-4 weeks, and&#xD;
           after 9-12 weeks of systemic therapy in patients with metastatic breast cancer.&#xD;
&#xD;
        -  Determine the potential effects of common exposures (i.e., alcohol, smoking,&#xD;
           medications, and dietary factors) on patterns of serum methylation in patients with&#xD;
           metastatic breast cancer and in healthy participants.&#xD;
&#xD;
        -  Develop a predictive model using DNA methylation profiles in serum that predicts&#xD;
           clinical outcome for an individual patient with metastatic disease.&#xD;
&#xD;
      Secondary&#xD;
&#xD;
        -  Correlate circulating tumor cells (CTCs) with clinical outcome in patients with&#xD;
           metastatic breast cancer.&#xD;
&#xD;
        -  Correlate CTCs with serum methylation in these patients.&#xD;
&#xD;
        -  Determine if the addition of CTCs to serum methylation results in an improved predictive&#xD;
           model.&#xD;
&#xD;
      OUTLINE: This is a prospective, multicenter study.&#xD;
&#xD;
      Patients and healthy participants fill out health assessment questionnaires at baseline, week&#xD;
      3-4, and week 9-12.&#xD;
&#xD;
      Patients undergo blood collection for methylated marker analysis at baseline, weeks 3-4, and&#xD;
      weeks 9-12 and circulating tumor cell levels at baseline and weeks 3-4. Healthy participants&#xD;
      undergo blood collection for methylated marker analysis at baseline. An additional cohort of&#xD;
      healthy participants undergo follow-up blood collection ≥ 1 week after baseline.&#xD;
&#xD;
      DNA methylation is measured by quantitative multiplex methylation-specific polymerase chain&#xD;
      reaction (QM-MSP) assay.&#xD;
&#xD;
      After completion of study procedures, patients are followed every 3-4 months.&#xD;
&#xD;
      PROJECTED ACCRUAL: A total of 150 patients and 150 healthy participants will be accrued for&#xD;
      this study.&#xD;
    </textblock>
  </detailed_description>
  <overall_status>Completed</overall_status>
  <start_date type="Actual">January 2007</start_date>
  <completion_date type="Actual">October 2016</completion_date>
  <primary_completion_date type="Actual">June 2010</primary_completion_date>
  <study_type>Observational</study_type>
  <has_expanded_access>No</has_expanded_access>
  <study_design_info>
    <observational_model>Cohort</observational_model>
    <time_perspective>Prospective</time_perspective>
  </study_design_info>
  <primary_outcome>
    <measure>Progression-free Survival in Patients With a High vs. Low Cumulative Methylation Index (CMI) Value</measure>
    <time_frame>from week 4 to up to 87 months</time_frame>
  </primary_outcome>
  <primary_outcome>
    <measure>Changes in Methylated Gene Markers as Measured by Cumulative Methylation Index</measure>
    <time_frame>baseline, week 4</time_frame>
    <description>log change in cumulative methylation index (CMI) from baseline to week 4. Individual gene methylation (M) is calculated as a methylation index (MI) where MI = (methylated copies)/(number of methylated genes + gene standard copies) * 100. The MI of each sample was averaged across duplicates. The cumulative methylation index (CMI) is the sum of the MI for all genes. The log change from based line to week 4 could increase or decrease. CMI was evaluated as a continuous marker for change from baseline.</description>
  </primary_outcome>
  <primary_outcome>
    <measure>Effects of Common Exposures (i.e., Alcohol, Smoking, Medications, and Dietary Factors) on Patterns of Serum Methylation</measure>
    <time_frame>9-12 weeks</time_frame>
  </primary_outcome>
  <primary_outcome>
    <measure>Creation of a Predictive Model of DNA Methylation Profiles</measure>
    <time_frame>9-12 weeks</time_frame>
  </primary_outcome>
  <secondary_outcome>
    <measure>Overall Survival in Patients With a High vs. Low CMI Value</measure>
    <time_frame>from week 4 to up to 3 years</time_frame>
  </secondary_outcome>
  <secondary_outcome>
    <measure>Correlation of CTCs With Serum Methylation</measure>
    <time_frame>3-4 weeks</time_frame>
  </secondary_outcome>
  <other_outcome>
    <measure>Determination if the Addition of CTCs to Serum Methylation Results in an Improved Predictive Model</measure>
    <time_frame>3-4 weeks</time_frame>
  </other_outcome>
  <number_of_groups>1</number_of_groups>
  <enrollment type="Actual">182</enrollment>
  <condition>Breast Cancer</condition>
  <arm_group>
    <arm_group_label>Metastatic breast cancer patients</arm_group_label>
    <description>DNA methylation analysis, microarray analysis, polymerase chain reaction, laboratory biomarker analysis</description>
  </arm_group>
  <intervention>
    <intervention_type>Genetic</intervention_type>
    <intervention_name>DNA methylation analysis</intervention_name>
    <description>laboratory analysis</description>
    <arm_group_label>Metastatic breast cancer patients</arm_group_label>
  </intervention>
  <intervention>
    <intervention_type>Genetic</intervention_type>
    <intervention_name>microarray analysis</intervention_name>
    <description>laboratory analysis</description>
    <arm_group_label>Metastatic breast cancer patients</arm_group_label>
  </intervention>
  <intervention>
    <intervention_type>Genetic</intervention_type>
    <intervention_name>polymerase chain reaction</intervention_name>
    <description>laboratory analysis</description>
    <arm_group_label>Metastatic breast cancer patients</arm_group_label>
  </intervention>
  <intervention>
    <intervention_type>Other</intervention_type>
    <intervention_name>laboratory biomarker analysis</intervention_name>
    <description>laboratory analysis</description>
    <arm_group_label>Metastatic breast cancer patients</arm_group_label>
  </intervention>
  <biospec_retention>Samples With DNA</biospec_retention>
  <biospec_descr>
    <textblock>
      Serum, plasma, DNA, RNA, whole blood&#xD;
    </textblock>
  </biospec_descr>
  <eligibility>
    <study_pop>
      <textblock>
        Metastatic breast cancer patients and women without a history of breast cancer (ie, healthy&#xD;
        women or &quot;normals')&#xD;
      </textblock>
    </study_pop>
    <sampling_method>Probability Sample</sampling_method>
    <criteria>
      <textblock>
        DISEASE CHARACTERISTICS:&#xD;
&#xD;
          -  Meets 1 of the following criteria:&#xD;
&#xD;
               -  Histologically and/or cytologically confirmed stage IV adenocarcinoma of the&#xD;
                  breast (patient)&#xD;
&#xD;
               -  No diagnosis of an abnormal breast biopsy (including atypical ductal or lobular&#xD;
                  hyperplasia), or new diagnosis of breast cancer or breast cancer recurrence&#xD;
                  within the past five years (healthy participant)&#xD;
&#xD;
          -  Evidence of disease progression AND initiating a new systemic treatment regimen with&#xD;
             trastuzumab (Herceptin®), chemotherapy, endocrine therapy, or investigational agent(s)&#xD;
             (patient)&#xD;
&#xD;
               -  Treatment may be given as a single agent or in combination&#xD;
&#xD;
          -  Measurable or evaluable disease (patient)&#xD;
&#xD;
               -  Measurable disease is defined as ≥ 1 measurable lesion identified by RECIST&#xD;
                  criteria&#xD;
&#xD;
               -  Patients with evaluable disease only must have ≥ 1 tumor marker (e.g.,&#xD;
                  carcinoembryonic antigen, CA 27-29, or CA 15-3) above normal level&#xD;
&#xD;
          -  Treated brain metastases (surgery or radiation therapy) allowed provided patient has&#xD;
             evidence of disease stability or presence of other site(s) of measurable or evaluable&#xD;
             disease (patient)&#xD;
&#xD;
               -  No leptomeningeal disease&#xD;
&#xD;
          -  Hormone receptor status not specified&#xD;
&#xD;
        PATIENT CHARACTERISTICS:&#xD;
&#xD;
          -  Female&#xD;
&#xD;
          -  Menopausal status not specified&#xD;
&#xD;
          -  ECOG performance status 0-2&#xD;
&#xD;
          -  No known cancer within the past 5 years other than basal cell or squamous cell&#xD;
             carcinoma of the skin and/or adequately treated cervical cancer (healthy participant)&#xD;
&#xD;
          -  Not pregnant or nursing&#xD;
&#xD;
        PRIOR CONCURRENT THERAPY:&#xD;
&#xD;
          -  See Disease Characteristics&#xD;
&#xD;
          -  Prior therapy in the preoperative, adjuvant, and/or metastatic setting allowed&#xD;
&#xD;
               -  Any number of prior regimens in any setting allowed&#xD;
&#xD;
          -  No prior radiation therapy to the only site of disease unless there is evidence of&#xD;
             post-radiation disease progression&#xD;
&#xD;
          -  No selective estrogen receptor modulator or aromatase inhibitor for breast cancer&#xD;
             prevention or therapy within the past 12 months (healthy participant)&#xD;
&#xD;
          -  Prior or concurrent use of raloxifene for osteopenia or osteoporosis therapy allowed&#xD;
             (healthy participant)&#xD;
&#xD;
          -  Concurrent participation in another clinical trial, including one involving an&#xD;
             investigational agent(s), allowed&#xD;
      </textblock>
    </criteria>
    <gender>Female</gender>
    <minimum_age>18 Years</minimum_age>
    <maximum_age>N/A</maximum_age>
    <healthy_volunteers>Accepts Healthy Volunteers</healthy_volunteers>
  </eligibility>
  <overall_official>
    <last_name>Antonio C. Wolff, MD</last_name>
    <role>Principal Investigator</role>
    <affiliation>Sidney Kimmel Comprehensive Cancer Center at Johns Hopkins</affiliation>
  </overall_official>
  <location>
    <facility>
      <name>Indiana University Melvin and Bren Simon Cancer Center</name>
      <address>
        <city>Indianapolis</city>
        <state>Indiana</state>
        <zip>46202-5289</zip>
        <country>United States</country>
      </address>
    </facility>
  </location>
  <location>
    <facility>
      <name>Sidney Kimmel Comprehensive Cancer Center at Johns Hopkins</name>
      <address>
        <city>Baltimore</city>
        <state>Maryland</state>
        <zip>21231-2410</zip>
        <country>United States</country>
      </address>
    </facility>
  </location>
  <location>
    <facility>
      <name>Mayo Clinic Cancer Center</name>
      <address>
        <city>Rochester</city>
        <state>Minnesota</state>
        <zip>55905</zip>
        <country>United States</country>
      </address>
    </facility>
  </location>
  <location>
    <facility>
      <name>Lineberger Comprehensive Cancer Center at University of North Carolina - Chapel Hill</name>
      <address>
        <city>Chapel Hill</city>
        <state>North Carolina</state>
        <zip>27599-7295</zip>
        <country>United States</country>
      </address>
    </facility>
  </location>
  <location_countries>
    <country>United States</country>
  </location_countries>
  <results_reference>
    <citation>Visvanathan K, Fackler MS, Zhang Z, Lopez-Bujanda ZA, Jeter SC, Sokoll LJ, Garrett-Mayer E, Cope LM, Umbricht CB, Euhus DM, Forero A, Storniolo AM, Nanda R, Lin NU, Carey LA, Ingle JN, Sukumar S, Wolff AC. Monitoring of Serum DNA Methylation as an Early Independent Marker of Response and Survival in Metastatic Breast Cancer: TBCRC 005 Prospective Biomarker Study. J Clin Oncol. 2017 Mar;35(7):751-758. doi: 10.1200/JCO.2015.66.2080. Epub 2016 Nov 21.</citation>
    <PMID>27870562</PMID>
  </results_reference>
  <verification_date>July 2019</verification_date>
  <study_first_submitted>May 9, 2009</study_first_submitted>
  <study_first_submitted_qc>May 9, 2009</study_first_submitted_qc>
  <study_first_posted type="Estimate">May 12, 2009</study_first_posted>
  <results_first_submitted>November 1, 2017</results_first_submitted>
  <results_first_submitted_qc>July 25, 2019</results_first_submitted_qc>
  <results_first_posted type="Actual">July 26, 2019</results_first_posted>
  <last_update_submitted>July 25, 2019</last_update_submitted>
  <last_update_submitted_qc>July 25, 2019</last_update_submitted_qc>
  <last_update_posted type="Actual">July 26, 2019</last_update_posted>
  <responsible_party>
    <responsible_party_type>Sponsor</responsible_party_type>
  </responsible_party>
  <keyword>stage IV breast cancer</keyword>
  <keyword>recurrent breast cancer</keyword>
  <condition_browse>
    <!-- CAUTION:  The following MeSH terms are assigned with an imperfect algorithm            -->
    <mesh_term>Breast Neoplasms</mesh_term>
  </condition_browse>
  <patient_data>
    <sharing_ipd>Yes</sharing_ipd>
    <ipd_description>Data set will be available upon review and approval by the Correlative Science Review Committee of the Translational Breast Cancer Research Consortium (TBCRC). Inquiries should be addressed to the study chair, Dr. Antonio Wolff</ipd_description>
    <ipd_time_frame>Not yet determined</ipd_time_frame>
    <ipd_access_criteria>Not yet determined</ipd_access_criteria>
  </patient_data>

  <clinical_results>

    <participant_flow>
      <recruitment_details>Participants were recruited at each of the participating institutions at Johns Hopkins and within the Translational Breast Cancer Research Consortium.</recruitment_details>
      <group_list>
        <group group_id="P1">
          <title>Metastatic Breast Cancer Patients</title>
          <description>Adult women with metastatic breast cancer.</description>
        </group>
      </group_list>
      <period_list>
        <period>
          <title>Overall Study</title>
          <milestone_list>
            <milestone>
              <title>STARTED</title>
              <participants_list>
                <participants group_id="P1" count="182"/>
              </participants_list>
            </milestone>
            <milestone>
              <title>COMPLETED</title>
              <participants_list>
                <participants group_id="P1" count="179"/>
              </participants_list>
            </milestone>
            <milestone>
              <title>NOT COMPLETED</title>
              <participants_list>
                <participants group_id="P1" count="3"/>
              </participants_list>
            </milestone>
          </milestone_list>
          <drop_withdraw_reason_list>
            <drop_withdraw_reason>
              <title>Physician Decision</title>
              <participants_list>
                <participants group_id="P1" count="3"/>
              </participants_list>
            </drop_withdraw_reason>
          </drop_withdraw_reason_list>
        </period>
      </period_list>
    </participant_flow>

    <baseline>
      <group_list>
        <group group_id="B1">
          <title>Metastatic Breast Cancer Patients</title>
          <description>Adult women with metastatic breast cancer.</description>
        </group>
      </group_list>
      <analyzed_list>
        <analyzed>
          <units>Participants</units>
          <scope>Overall</scope>
          <count_list>
            <count group_id="B1" value="182"/>
          </count_list>
        </analyzed>
      </analyzed_list>
      <measure_list>
        <measure>
          <title>Age</title>
          <units>years</units>
          <param>Median</param>
          <dispersion>Full Range</dispersion>
          <class_list>
            <class>
              <category_list>
                <category>
                  <measurement_list>
                    <measurement group_id="B1" value="56" lower_limit="28" upper_limit="90"/>
                  </measurement_list>
                </category>
              </category_list>
            </class>
          </class_list>
        </measure>
        <measure>
          <title>Sex: Female, Male</title>
          <units>Participants</units>
          <param>Count of Participants</param>
          <class_list>
            <class>
              <category_list>
                <category>
                  <title>Female</title>
                  <measurement_list>
                    <measurement group_id="B1" value="182"/>
                  </measurement_list>
                </category>
                <category>
                  <title>Male</title>
                  <measurement_list>
                    <measurement group_id="B1" value="0"/>
                  </measurement_list>
                </category>
              </category_list>
            </class>
          </class_list>
        </measure>
        <measure>
          <title>Region of Enrollment</title>
          <units>Participants</units>
          <param>Count of Participants</param>
          <class_list>
            <class>
              <title>United States</title>
              <category_list>
                <category>
                  <measurement_list>
                    <measurement group_id="B1" value="182"/>
                  </measurement_list>
                </category>
              </category_list>
            </class>
          </class_list>
        </measure>
      </measure_list>
    </baseline>

    <outcome_list>
      <outcome>
        <type>Primary</type>
        <title>Progression-free Survival in Patients With a High vs. Low Cumulative Methylation Index (CMI) Value</title>
        <time_frame>from week 4 to up to 87 months</time_frame>
        <population>141/179 participants who completed the study were evaluable for this outcome measure. Of these, 8 participants were excluded from analysis for events experienced before week 4, 2 participants had inadequate samples for analysis and data was not collected from 3 participants.</population>
        <group_list>
          <group group_id="O1">
            <title>Metastatic Breast Cancer Patients -- CMI High</title>
            <description>All subjects enrolled to the study with samples analyzed for the primary objective of DNA methylation in metastatic breast cancer patients who had a high CMI.</description>
          </group>
          <group group_id="O2">
            <title>Metastatic Breast Cancer Patients -- CMI Low</title>
            <description>All subjects enrolled to the study with samples analyzed for the primary objective of DNA methylation in metastatic breast cancer patients who had a low CMI.</description>
          </group>
        </group_list>
        <measure>
          <title>Progression-free Survival in Patients With a High vs. Low Cumulative Methylation Index (CMI) Value</title>
          <population>141/179 participants who completed the study were evaluable for this outcome measure. Of these, 8 participants were excluded from analysis for events experienced before week 4, 2 participants had inadequate samples for analysis and data was not collected from 3 participants.</population>
          <units>months</units>
          <param>Median</param>
          <dispersion>95% Confidence Interval</dispersion>
          <analyzed_list>
            <analyzed>
              <units>Participants</units>
              <scope>Measure</scope>
              <count_list>
                <count group_id="O1" value="71"/>
                <count group_id="O2" value="57"/>
              </count_list>
            </analyzed>
          </analyzed_list>
          <class_list>
            <class>
              <category_list>
                <category>
                  <measurement_list>
                    <measurement group_id="O1" value="2.1" lower_limit="1.7" upper_limit="3.2"/>
                    <measurement group_id="O2" value="5.8" lower_limit="4.7" upper_limit="7.4"/>
                  </measurement_list>
                </category>
              </category_list>
            </class>
          </class_list>
        </measure>
        <analysis_list>
          <analysis>
            <group_id_list>
              <group_id>O1</group_id>
              <group_id>O2</group_id>
            </group_id_list>
            <non_inferiority_type>Superiority</non_inferiority_type>
            <p_value>.0002</p_value>
            <method>Gehan</method>
            <method_desc>Distributions compared between using the Gehan test, which gives more weight to early differences.</method_desc>
            <param_type>Hazard Ratio (HR)</param_type>
            <param_value>1.76</param_value>
            <ci_percent>95</ci_percent>
            <ci_n_sides>2-Sided</ci_n_sides>
            <ci_lower_limit>1.23</ci_lower_limit>
            <ci_upper_limit>2.52</ci_upper_limit>
          </analysis>
        </analysis_list>
      </outcome>
      <outcome>
        <type>Primary</type>
        <title>Changes in Methylated Gene Markers as Measured by Cumulative Methylation Index</title>
        <description>log change in cumulative methylation index (CMI) from baseline to week 4. Individual gene methylation (M) is calculated as a methylation index (MI) where MI = (methylated copies)/(number of methylated genes + gene standard copies) * 100. The MI of each sample was averaged across duplicates. The cumulative methylation index (CMI) is the sum of the MI for all genes. The log change from based line to week 4 could increase or decrease. CMI was evaluated as a continuous marker for change from baseline.</description>
        <time_frame>baseline, week 4</time_frame>
        <population>Data to assess this outcome measure was only collected from 129/182 participants with metastatic breast cancer.</population>
        <group_list>
          <group group_id="O1">
            <title>Metastatic Breast Cancer Patients</title>
            <description>DNA methylation analysis, microarray analysis, polymerase chain reaction, laboratory biomarker analysis&#xD;
DNA methylation analysis: laboratory analysis&#xD;
microarray analysis: laboratory analysis&#xD;
polymerase chain reaction: laboratory analysis&#xD;
laboratory biomarker analysis: laboratory analysis</description>
          </group>
        </group_list>
        <measure>
          <title>Changes in Methylated Gene Markers as Measured by Cumulative Methylation Index</title>
          <description>log change in cumulative methylation index (CMI) from baseline to week 4. Individual gene methylation (M) is calculated as a methylation index (MI) where MI = (methylated copies)/(number of methylated genes + gene standard copies) * 100. The MI of each sample was averaged across duplicates. The cumulative methylation index (CMI) is the sum of the MI for all genes. The log change from based line to week 4 could increase or decrease. CMI was evaluated as a continuous marker for change from baseline.</description>
          <population>Data to assess this outcome measure was only collected from 129/182 participants with metastatic breast cancer.</population>
          <units>log CMI change</units>
          <param>Mean</param>
          <dispersion>Standard Deviation</dispersion>
          <analyzed_list>
            <analyzed>
              <units>Participants</units>
              <scope>Measure</scope>
              <count_list>
                <count group_id="O1" value="129"/>
              </count_list>
            </analyzed>
          </analyzed_list>
          <class_list>
            <class>
              <category_list>
                <category>
                  <measurement_list>
                    <measurement group_id="O1" value="-1.20" spread="1.84"/>
                  </measurement_list>
                </category>
              </category_list>
            </class>
          </class_list>
        </measure>
        <analysis_list>
          <analysis>
            <group_id_list>
              <group_id>O1</group_id>
            </group_id_list>
            <groups_desc>Hazard ratio</groups_desc>
            <non_inferiority_type>Other</non_inferiority_type>
            <p_value>0.001</p_value>
            <method>Regression, Cox</method>
            <param_type>Cox Proportional Hazard</param_type>
            <param_value>1.19</param_value>
            <ci_percent>95</ci_percent>
            <ci_n_sides>2-Sided</ci_n_sides>
            <ci_lower_limit>1.07</ci_lower_limit>
            <ci_upper_limit>1.32</ci_upper_limit>
          </analysis>
        </analysis_list>
      </outcome>
      <outcome>
        <type>Primary</type>
        <title>Effects of Common Exposures (i.e., Alcohol, Smoking, Medications, and Dietary Factors) on Patterns of Serum Methylation</title>
        <time_frame>9-12 weeks</time_frame>
        <population>Data was not collected to assess this outcome measure</population>
        <group_list>
          <group group_id="O1">
            <title>Metastatic Breast Cancer Patients</title>
            <description>DNA methylation analysis, microarray analysis, polymerase chain reaction, laboratory biomarker analysis&#xD;
DNA methylation analysis: laboratory analysis&#xD;
microarray analysis: laboratory analysis&#xD;
polymerase chain reaction: laboratory analysis&#xD;
laboratory biomarker analysis: laboratory analysis</description>
          </group>
        </group_list>
        <measure>
          <title>Effects of Common Exposures (i.e., Alcohol, Smoking, Medications, and Dietary Factors) on Patterns of Serum Methylation</title>
          <population>Data was not collected to assess this outcome measure</population>
          <analyzed_list>
            <analyzed>
              <units>Participants</units>
              <scope>Measure</scope>
              <count_list>
                <count group_id="O1" value="0"/>
              </count_list>
            </analyzed>
          </analyzed_list>
        </measure>
      </outcome>
      <outcome>
        <type>Primary</type>
        <title>Creation of a Predictive Model of DNA Methylation Profiles</title>
        <time_frame>9-12 weeks</time_frame>
        <population>Data was not collected to assess this outcome measure</population>
        <group_list>
          <group group_id="O1">
            <title>Metastatic Breast Cancer Patients</title>
            <description>DNA methylation analysis, microarray analysis, polymerase chain reaction, laboratory biomarker analysis&#xD;
DNA methylation analysis: laboratory analysis&#xD;
microarray analysis: laboratory analysis&#xD;
polymerase chain reaction: laboratory analysis&#xD;
laboratory biomarker analysis: laboratory analysis</description>
          </group>
        </group_list>
        <measure>
          <title>Creation of a Predictive Model of DNA Methylation Profiles</title>
          <population>Data was not collected to assess this outcome measure</population>
          <analyzed_list>
            <analyzed>
              <units>Participants</units>
              <scope>Measure</scope>
              <count_list>
                <count group_id="O1" value="0"/>
              </count_list>
            </analyzed>
          </analyzed_list>
        </measure>
      </outcome>
      <outcome>
        <type>Secondary</type>
        <title>Overall Survival in Patients With a High vs. Low CMI Value</title>
        <time_frame>from week 4 to up to 3 years</time_frame>
        <population>141/179 participants who completed the study were evaluable for this outcome measure. Of these, 7 participants were excluded from analysis for events experienced before week 4, 2 participants had inadequate samples for analysis and data was not collected from 3 participants.</population>
        <group_list>
          <group group_id="O1">
            <title>Metastatic Breast Cancer Patients -- CMI High</title>
            <description>All subjects enrolled to the study with samples analyzed for the primary objective of DNA methylation in metastatic breast cancer patients who had a high CMI.</description>
          </group>
          <group group_id="O2">
            <title>Metastatic Breast Cancer Patients -- CMI Low</title>
            <description>All subjects enrolled to the study with samples analyzed for the primary objective of DNA methylation in metastatic breast cancer patients who had a low CMI.</description>
          </group>
        </group_list>
        <measure>
          <title>Overall Survival in Patients With a High vs. Low CMI Value</title>
          <population>141/179 participants who completed the study were evaluable for this outcome measure. Of these, 7 participants were excluded from analysis for events experienced before week 4, 2 participants had inadequate samples for analysis and data was not collected from 3 participants.</population>
          <units>months</units>
          <param>Median</param>
          <dispersion>95% Confidence Interval</dispersion>
          <analyzed_list>
            <analyzed>
              <units>Participants</units>
              <scope>Measure</scope>
              <count_list>
                <count group_id="O1" value="62"/>
                <count group_id="O2" value="67"/>
              </count_list>
            </analyzed>
          </analyzed_list>
          <class_list>
            <class>
              <category_list>
                <category>
                  <measurement_list>
                    <measurement group_id="O1" value="12.3" lower_limit="8.4" upper_limit="16.5"/>
                    <measurement group_id="O2" value="21.7" lower_limit="19.3" upper_limit="28.3"/>
                  </measurement_list>
                </category>
              </category_list>
            </class>
          </class_list>
        </measure>
        <analysis_list>
          <analysis>
            <group_id_list>
              <group_id>O1</group_id>
              <group_id>O2</group_id>
            </group_id_list>
            <non_inferiority_type>Superiority</non_inferiority_type>
            <p_value>.001</p_value>
            <method>Gehan</method>
            <method_desc>Distributions compared between using the Gehan test, which gives more weight to early differences.</method_desc>
            <param_type>Hazard Ratio (HR)</param_type>
            <param_value>1.70</param_value>
            <ci_percent>95</ci_percent>
            <ci_n_sides>2-Sided</ci_n_sides>
            <ci_lower_limit>1.18</ci_lower_limit>
            <ci_upper_limit>2.45</ci_upper_limit>
          </analysis>
        </analysis_list>
      </outcome>
      <outcome>
        <type>Secondary</type>
        <title>Correlation of CTCs With Serum Methylation</title>
        <time_frame>3-4 weeks</time_frame>
        <population>Data was not collected for this outcome measure</population>
        <group_list>
          <group group_id="O1">
            <title>Metastatic Breast Cancer Patients With Measured CMI and CTC</title>
            <description>Subjects who had measured values of both CMI and CTC</description>
          </group>
        </group_list>
        <measure>
          <title>Correlation of CTCs With Serum Methylation</title>
          <population>Data was not collected for this outcome measure</population>
          <analyzed_list>
            <analyzed>
              <units>Participants</units>
              <scope>Measure</scope>
              <count_list>
                <count group_id="O1" value="0"/>
              </count_list>
            </analyzed>
          </analyzed_list>
        </measure>
      </outcome>
      <outcome>
        <type>Other Pre-specified</type>
        <title>Determination if the Addition of CTCs to Serum Methylation Results in an Improved Predictive Model</title>
        <time_frame>3-4 weeks</time_frame>
      </outcome>
      <outcome>
        <type>Post-Hoc</type>
        <title>Overall Survival in Participants With High CTC vs. Low CTC</title>
        <description>overall survival in participants with high or low cumulative tumor cells (CTC). &quot;high CTC&quot; refers to &gt;5 cells/7.5mL and &quot;low CTC&quot; refers to &lt;5 cells/7.5mL.</description>
        <time_frame>4 weeks</time_frame>
        <population>Data for this outcome measure was collected from only 96 participants.</population>
        <group_list>
          <group group_id="O1">
            <title>Metastatic Breast Cancer Patients With Measured CTC Values</title>
            <description>Subjects with metastatic breast cancer who had measured values of CTC</description>
          </group>
        </group_list>
        <measure>
          <title>Overall Survival in Participants With High CTC vs. Low CTC</title>
          <description>overall survival in participants with high or low cumulative tumor cells (CTC). &quot;high CTC&quot; refers to &gt;5 cells/7.5mL and &quot;low CTC&quot; refers to &lt;5 cells/7.5mL.</description>
          <population>Data for this outcome measure was collected from only 96 participants.</population>
          <units>months</units>
          <param>Median</param>
          <dispersion>95% Confidence Interval</dispersion>
          <analyzed_list>
            <analyzed>
              <units>Participants</units>
              <scope>Measure</scope>
              <count_list>
                <count group_id="O1" value="96"/>
              </count_list>
            </analyzed>
          </analyzed_list>
          <class_list>
            <class>
              <title>High CTC (&gt;5 cells/7.5 mL)</title>
              <category_list>
                <category>
                  <measurement_list>
                    <measurement group_id="O1" value="8.1" lower_limit="4.9" upper_limit="18.8"/>
                  </measurement_list>
                </category>
              </category_list>
            </class>
            <class>
              <title>Low CTC (&lt;5 cells/7.5 mL)</title>
              <category_list>
                <category>
                  <measurement_list>
                    <measurement group_id="O1" value="20.8" lower_limit="17.5" upper_limit="26.6"/>
                  </measurement_list>
                </category>
              </category_list>
            </class>
          </class_list>
        </measure>
      </outcome>
    </outcome_list>

    <reported_events>
      <time_frame>up to 12 weeks from time of consenting to study</time_frame>
      <group_list>
        <group group_id="E1">
          <title>Metastatic Breast Cancer Patients</title>
          <description>Adult women with metastatic breast cancer.</description>
        </group>
      </group_list>
      <serious_events>
        <default_vocab>CTCAE (3.0)</default_vocab>
        <default_assessment>Non-systematic Assessment</default_assessment>
        <category_list>
          <category>
            <title>Total</title>
            <event_list>
              <event>
                <sub_title>Total, all-cause mortality</sub_title>
                <counts group_id="E1" subjects_affected="3" subjects_at_risk="182"/>
              </event>
              <event>
                <sub_title>Total, serious adverse events</sub_title>
                <counts group_id="E1" subjects_affected="3" subjects_at_risk="182"/>
              </event>
            </event_list>
          </category>
          <category>
            <title>Neoplasms benign, malignant and unspecified (incl cysts and polyps)</title>
            <event_list>
              <event>
                <sub_title>Death</sub_title>
                <description>Disease progression NOS</description>
                <counts group_id="E1" events="3" subjects_affected="3" subjects_at_risk="182"/>
              </event>
            </event_list>
          </category>
        </category_list>
      </serious_events>
      <other_events>
        <frequency_threshold>5</frequency_threshold>
        <category_list>
          <category>
            <title>Total</title>
            <event_list>
              <event>
                <sub_title>Total, other adverse events</sub_title>
                <counts group_id="E1" subjects_affected="0" subjects_at_risk="182"/>
              </event>
            </event_list>
          </category>
        </category_list>
      </other_events>
    </reported_events>

    <certain_agreements>
      <pi_employee>All Principal Investigators ARE employed by the organization sponsoring the study.</pi_employee>
      <restrictive_agreement>There is NOT an agreement between Principal Investigators and the Sponsor (or its agents) that restricts the PI's rights to discuss or publish trial results after the trial is completed. </restrictive_agreement>
    </certain_agreements>
    <point_of_contact>
      <name_or_title>Antonio C. Wolff, M.D.</name_or_title>
      <organization>Sidney Kimmel Comprehensive Cancer Center at Johns Hopkins</organization>
      <phone>410-614-4192</phone>
      <email>awolff@jhmi.edu</email>
    </point_of_contact>
  </clinical_results>
</clinical_study>

