<?xml version="1.0" encoding="UTF-8"?>
<clinical_study rank="474">
  <!-- This xml conforms to an XML Schema at:
    https://clinicaltrials.gov/ct2/html/images/info/public.xsd -->
  <required_header>
    <download_date>ClinicalTrials.gov processed this data on May 26, 2023</download_date>
    <link_text>Link to the current ClinicalTrials.gov record.</link_text>
    <url>https://clinicaltrials.gov/show/NCT02644382</url>
  </required_header>
  <id_info>
    <org_study_id>15-288</org_study_id>
    <secondary_id>1K01HS023680-01A1</secondary_id>
    <nct_id>NCT02644382</nct_id>
  </id_info>
  <brief_title>Improving Surgical Decision-making in Young Women With Breast Cancer</brief_title>
  <official_title>Improving Surgical Decision-making in Young Women With Breast Cancer</official_title>
  <sponsors>
    <lead_sponsor>
      <agency>Dana-Farber Cancer Institute</agency>
      <agency_class>Other</agency_class>
    </lead_sponsor>
    <collaborator>
      <agency>National Institutes of Health (NIH)</agency>
      <agency_class>NIH</agency_class>
    </collaborator>
    <collaborator>
      <agency>Agency for Healthcare Research and Quality (AHRQ)</agency>
      <agency_class>U.S. Fed</agency_class>
    </collaborator>
  </sponsors>
  <source>Dana-Farber Cancer Institute</source>
  <oversight_info>
    <has_dmc>No</has_dmc>
    <is_fda_regulated_drug>No</is_fda_regulated_drug>
    <is_fda_regulated_device>No</is_fda_regulated_device>
  </oversight_info>
  <brief_summary>
    <textblock>
      The overall goal of this study is to qualitatively assess the surgical decision-making&#xD;
      process from both the patient and physician perspective&#xD;
&#xD;
        1. Conduct short in-person interviews with young women prior to surgery&#xD;
&#xD;
        2. Conduct focus groups with breast cancer survivors about their surgical decision and&#xD;
           experience&#xD;
&#xD;
        3. Interview surgical oncologists, plastic surgeons, medical and radiation oncologists&#xD;
           about their experiences and how they communicate with breast cancer patients about local&#xD;
           therapy decisions&#xD;
&#xD;
        4. To survey women about surgical decision-making prior to and after their consult in&#xD;
           conjunction with pilot testing of a web-based decision aid to support high quality&#xD;
           surgical decision-making in newly diagnosed young women with breast cancer.&#xD;
    </textblock>
  </brief_summary>
  <detailed_description>
    <textblock>
      Breast cancer in young women: Breast cancer is the most common cancer diagnosed in women&#xD;
      younger than age 40 in the United States, with approximately 14,000 new cases each year.&#xD;
      Young women face unique psychosocial challenges, most notably fertility, sexuality, and image&#xD;
      concerns and are at a life stage where education, career, and family are important&#xD;
      priorities. Concern about these issues may contribute to the greater psychosocial distress&#xD;
      seen in younger women at both diagnosis and in follow-up compared with older women.&#xD;
      Importantly, these concerns may also influence treatment decisions including receipt of&#xD;
      chemotherapy, adherence to endocrine therapy, and surgical decisions. Thus, attending to the&#xD;
      unique issues of young women may enhance not only quality of care and quality of life (QOL)&#xD;
      but also potentially disease outcomes.&#xD;
&#xD;
      Surgical management of breast cancer: Standard loco-regional management of breast cancer&#xD;
      entails partial mastectomy (i.e., breast conserving surgery) followed by radiation or&#xD;
      mastectomy with or without radiation. The decision depends on a number of factors including&#xD;
      extent of disease, family history, BRCA mutation status, and personal preference. In recent&#xD;
      years, an increasing number of women have elected to undergo contralateral prophylactic&#xD;
      mastectomy (CPM) in conjunction with surgery of the affected breast (usually choosing&#xD;
      bilateral mastectomy), despite a lack of clear evidence for survival benefit from this&#xD;
      procedure in the vast majority of women. In weighing the benefits and risks of CPM, one must&#xD;
      consider the absolute risk reduction of a new primary breast cancer (usually relatively&#xD;
      modest in the average risk survivor), the long and short-term risks of this additional&#xD;
      surgery including potential complications (bilateral mastectomy is associated with a greater&#xD;
      risk of surgical complications) and the impact on QOL. At the same time, one must consider&#xD;
      the competing risk of systemic recurrence of a woman's initial breast cancer. Young women, in&#xD;
      particular, have the greatest risk of systemic recurrence and death from their original&#xD;
      cancer, lowering the likelihood of benefit of CPM in preventing a new primary breast cancer.&#xD;
      However, while CPM rates have increased among all breast cancer patients, increased rates of&#xD;
      CPM are particularly pronounced among the youngest women with breast cancer, with several&#xD;
      studies identifying young age at diagnosis as one of the strongest determinants of&#xD;
      CPM.Physicians and researchers have been observing and discussing this trend for a number of&#xD;
      years and yet little has been done to intervene.&#xD;
&#xD;
      The goal of the proposed research is to better understand and improve the surgical decision&#xD;
      process in young women with breast cancer. Using qualitative research methods, we will&#xD;
      comprehensively assess patient experiences - both patients who have had CPM and patients who&#xD;
      did not - as well as physician perspectives regarding this decision. Based on these findings,&#xD;
      the investigators will determine how to best improve the quality of the process, e.g., by&#xD;
      correcting misperceptions, setting realistic expectations regarding the impact of surgery&#xD;
      (including reconstruction) on QOL, improving communication with health care providers, and&#xD;
      better management of anxiety surrounding diagnosis. This qualitative research is designed to&#xD;
      build on prior quantitative analyses, by gaining an in depth perspective through focus groups&#xD;
      and interviews, about certain issues identified as impacting the surgical decision process,&#xD;
      including anxiety, fear of recurrence, and patient-physician communication.&#xD;
&#xD;
      Collectively, results from the qualitative assessment will inform a future phase of this&#xD;
      research involving the design and subsequent development of a decision aid to help women make&#xD;
      informed decisions about their breast cancer surgery.&#xD;
&#xD;
      The goal of this second phase of the research is to survey women about surgical&#xD;
      decision-making prior to and after their consult in conjunction with pilot testing of a&#xD;
      web-based decision aid to support high quality surgical decision-making in newly diagnosed&#xD;
      young women with breast cancer.&#xD;
    </textblock>
  </detailed_description>
  <overall_status>Completed</overall_status>
  <start_date type="Actual">February 19, 2016</start_date>
  <completion_date type="Actual">April 10, 2020</completion_date>
  <primary_completion_date type="Actual">April 10, 2020</primary_completion_date>
  <study_type>Observational</study_type>
  <has_expanded_access>No</has_expanded_access>
  <study_design_info>
    <observational_model>Other</observational_model>
    <time_perspective>Other</time_perspective>
  </study_design_info>
  <primary_outcome>
    <measure>Thematic summary from the data gathered from the use of a moderator guide (series of probing questions) that inquires about the experiences surrounding the surgical decision-making process from both the patient and physician perspective</measure>
    <time_frame>1 year</time_frame>
    <description>The goal of the proposed research is to better understand and improve the surgical decision process in young women with breast cancer. Using qualitative research methods, we will comprehensively assess patient experiences - both patients who have had CPM and patients who did not - as well as physician perspectives regarding this decision.</description>
  </primary_outcome>
  <primary_outcome>
    <measure>Breast cancer knowledge</measure>
    <time_frame>2 weeks</time_frame>
    <description>Knowledge will be assessed using selected questions from the Breast Cancer Surgery Decision Quality Instrument (BCS-DQI), an instrument designed to evaluate the quality of breast cancer treatment decisions as well as additional true/false questions related to side effects of radiation.</description>
  </primary_outcome>
  <primary_outcome>
    <measure>Decisional conflict</measure>
    <time_frame>2 weeks</time_frame>
    <description>Decisional conflict will be measured with the SURE scale. The SURE scale is composed of four items from the Decisional Conflict Scale that measure patients' uncertainty about which treatment choice and factors contributing to uncertainty.</description>
  </primary_outcome>
  <primary_outcome>
    <measure>Anxiety</measure>
    <time_frame>2 weeks</time_frame>
    <description>Anxiety will be assessed using the PROMIS Emotional Distress - Anxiety - Short Form.</description>
  </primary_outcome>
  <primary_outcome>
    <measure>Treatment goals and preferences</measure>
    <time_frame>2 weeks</time_frame>
    <description>have been adapted from the BCS-DQI. We will ask women to mark on a scale (not important - very important) the importance of several reasons in relation to their decision about surgery as well as concerns (not all concerned-very concerned) about local therapy.</description>
  </primary_outcome>
  <primary_outcome>
    <measure>Perception of decision process</measure>
    <time_frame>2 weeks</time_frame>
    <description>Perception of the decision process will be assessed with an adapted version of the Control Preferences Scale.</description>
  </primary_outcome>
  <secondary_outcome>
    <measure>Usability of decision aid (DA)</measure>
    <time_frame>2 weeks-1 month</time_frame>
    <description>Assessment of what patients did and did not like about the DA, ways they think the DA can be improved, and how they felt the DA affected communication with their physician.</description>
  </secondary_outcome>
  <number_of_groups>5</number_of_groups>
  <enrollment type="Actual">145</enrollment>
  <condition>Breast Cancer</condition>
  <arm_group>
    <arm_group_label>Key Informant interviews</arm_group_label>
    <description>20 in-person or phone qualitative interviews with patients.</description>
  </arm_group>
  <arm_group>
    <arm_group_label>Focus Groups</arm_group_label>
    <description>four qualitative focus groups of 6-10 women each.</description>
  </arm_group>
  <arm_group>
    <arm_group_label>Physician Interviews</arm_group_label>
    <description>physician qualitative interviews over the telephone.</description>
  </arm_group>
  <arm_group>
    <arm_group_label>Usual care cohort (pilot)</arm_group_label>
    <description>50 women who will be surveyed before and after their surgical consult</description>
  </arm_group>
  <arm_group>
    <arm_group_label>Decision aid cohort (pilot)</arm_group_label>
    <description>50 women who will be surveyed before and after their surgical consult and will also be sent a web-based decision aid</description>
  </arm_group>
  <intervention>
    <intervention_type>Other</intervention_type>
    <intervention_name>qualitative data collection</intervention_name>
    <description>qualitative data collection</description>
    <arm_group_label>Focus Groups</arm_group_label>
    <arm_group_label>Key Informant interviews</arm_group_label>
    <arm_group_label>Physician Interviews</arm_group_label>
  </intervention>
  <intervention>
    <intervention_type>Other</intervention_type>
    <intervention_name>survey</intervention_name>
    <description>survey pre and post-surgical consult</description>
    <arm_group_label>Decision aid cohort (pilot)</arm_group_label>
    <arm_group_label>Usual care cohort (pilot)</arm_group_label>
  </intervention>
  <intervention>
    <intervention_type>Other</intervention_type>
    <intervention_name>decision aid</intervention_name>
    <description>web-based decision aid post-surgical consult</description>
    <arm_group_label>Decision aid cohort (pilot)</arm_group_label>
  </intervention>
  <eligibility>
    <study_pop>
      <textblock>
        Young Women with a history of breast cancer and providers who care for them.&#xD;
      </textblock>
    </study_pop>
    <sampling_method>Non-Probability Sample</sampling_method>
    <criteria>
      <textblock>
        Inclusion Criteria:&#xD;
&#xD;
        Patients for key informant interviews-&#xD;
&#xD;
          1. Newly diagnosed women with Stage 0-3 breast cancer&#xD;
&#xD;
          2. Between the ages of 18 and 40 who are seen at DFCI and have not yet had their primary&#xD;
             breast cancer surgery.&#xD;
&#xD;
        Patients for focus groups:&#xD;
&#xD;
          1. diagnosis of Stage 0-3 breast cancer at age 40 and younger&#xD;
&#xD;
          2. currently between the ages of 18-43&#xD;
&#xD;
          3. English-speaking&#xD;
&#xD;
          4. 1-3 years from diagnosis&#xD;
&#xD;
          5. Had breast cancer surgery&#xD;
&#xD;
          6. no evidence of recurrent or metastatic disease.&#xD;
&#xD;
        Providers:&#xD;
&#xD;
        Must care for women who have breast cancer. Can be surgeons, surgical oncologists, medical&#xD;
        and/or radiation oncologists&#xD;
&#xD;
        Patients for Surgical Decision Making Pilot&#xD;
&#xD;
          1. Women with newly-diagnosed, unilateral Stage 0-3 breast cancer&#xD;
&#xD;
          2. Between the ages of 18 and 40&#xD;
&#xD;
          3. Who are seen by a surgeon at DFCI/BWH or Faulkner Hospital&#xD;
&#xD;
          4. English speaking&#xD;
&#xD;
          5. Have not yet had their primary breast cancer surgery&#xD;
      </textblock>
    </criteria>
    <gender>Female</gender>
    <minimum_age>18 Years</minimum_age>
    <maximum_age>80 Years</maximum_age>
    <healthy_volunteers>Accepts Healthy Volunteers</healthy_volunteers>
  </eligibility>
  <overall_official>
    <last_name>Shoshana Rosenberg, ScD</last_name>
    <role>Principal Investigator</role>
    <affiliation>Dana-Farber Cancer Institute</affiliation>
  </overall_official>
  <reference>
    <citation>Rosenberg SM, Greaney ML, Patenaude AF, Sepucha KR, Meyer ME, Partridge AH. &quot;I don't want to take chances.&quot;: A qualitative exploration of surgical decision making in young breast cancer survivors. Psychooncology. 2018 Jun;27(6):1524-1529. doi: 10.1002/pon.4683. Epub 2018 Apr 6.</citation>
    <PMID>29476578</PMID>
  </reference>
  <reference>
    <citation>Rosenberg SM, Greaney ML, Patenaude AF, Partridge AH. Factors Affecting Surgical Decisions in Newly Diagnosed Young Women with Early-Stage Breast Cancer. J Adolesc Young Adult Oncol. 2019 Aug;8(4):463-468. doi: 10.1089/jayao.2019.0002. Epub 2019 Apr 3.</citation>
    <PMID>30942651</PMID>
  </reference>
  <verification_date>June 2020</verification_date>
  <study_first_submitted>December 20, 2015</study_first_submitted>
  <study_first_submitted_qc>December 29, 2015</study_first_submitted_qc>
  <study_first_posted type="Estimate">December 31, 2015</study_first_posted>
  <last_update_submitted>June 26, 2020</last_update_submitted>
  <last_update_submitted_qc>June 26, 2020</last_update_submitted_qc>
  <last_update_posted type="Actual">June 29, 2020</last_update_posted>
  <responsible_party>
    <responsible_party_type>Principal Investigator</responsible_party_type>
    <investigator_affiliation>Dana-Farber Cancer Institute</investigator_affiliation>
    <investigator_full_name>Shoshana M. Rosenberg</investigator_full_name>
    <investigator_title>Principal Investigator</investigator_title>
  </responsible_party>
  <keyword>breast cancer</keyword>
  <keyword>decision making</keyword>
  <keyword>surgery</keyword>
  <keyword>qualitative</keyword>
  <condition_browse>
    <!-- CAUTION:  The following MeSH terms are assigned with an imperfect algorithm            -->
    <mesh_term>Breast Neoplasms</mesh_term>
  </condition_browse>
  <patient_data>
    <sharing_ipd>No</sharing_ipd>
  </patient_data>
  <!-- Results have not yet been posted for this study                                          -->
</clinical_study>

