<?xml version="1.0" encoding="UTF-8"?>
<clinical_study rank="189">
  <!-- This xml conforms to an XML Schema at:
    https://clinicaltrials.gov/ct2/html/images/info/public.xsd -->
  <required_header>
    <download_date>ClinicalTrials.gov processed this data on May 26, 2023</download_date>
    <link_text>Link to the current ClinicalTrials.gov record.</link_text>
    <url>https://clinicaltrials.gov/show/NCT00896623</url>
  </required_header>
  <id_info>
    <org_study_id>CDR0000529126</org_study_id>
    <secondary_id>SWOG-8897-ICSC</secondary_id>
    <nct_id>NCT00896623</nct_id>
  </id_info>
  <brief_title>SWOG 8897-A DNA Analysis in Predicting Treatment Outcome in Women With Breast Cancer in SWOG 8897</brief_title>
  <official_title>Pharmacogenetics in Relation to Breast Cancer Outcomes in SWOG 8897</official_title>
  <sponsors>
    <lead_sponsor>
      <agency>SWOG Cancer Research Network</agency>
      <agency_class>Other</agency_class>
    </lead_sponsor>
    <collaborator>
      <agency>National Cancer Institute (NCI)</agency>
      <agency_class>NIH</agency_class>
    </collaborator>
  </sponsors>
  <source>SWOG Cancer Research Network</source>
  <oversight_info>
    <has_dmc>No</has_dmc>
  </oversight_info>
  <brief_summary>
    <textblock>
      RATIONALE: Studying samples of tissue from patients with cancer in the laboratory may help&#xD;
      doctors learn more about changes that occur in DNA and identify biomarkers related to cancer.&#xD;
      It may also help doctors predict a patient's response to treatment.&#xD;
&#xD;
      PURPOSE: This laboratory study is looking at DNA in tissue samples from women with breast&#xD;
      cancer to see if it can predict treatment outcome.&#xD;
    </textblock>
  </brief_summary>
  <detailed_description>
    <textblock>
      OBJECTIVES:&#xD;
&#xD;
        -  Determine if polymorphisms resulting in greater activation of cyclophosphamide (CYP2B6,&#xD;
           CYP3A4, and CYP3A5) are associated with disease-free survival and treatment toxicities&#xD;
           in women with breast cancer.&#xD;
&#xD;
        -  Determine if polymorphisms resulting in less production of quinone-related oxidative&#xD;
           damage of doxorubicin hydrochloride (NQO1, NQO2, NOS2, NOS3, CBR3) are associated with&#xD;
           disease-free survival and treatment toxicities in these patients.&#xD;
&#xD;
      OUTLINE: This is a multicenter study.&#xD;
&#xD;
      Tissue samples archived on clinical trial SWOG-8897 are genotyped for polymorphisms in the&#xD;
      CYP3A4, CYP3A5, CYP2B6, NQO1, NQO2, NOS2, NOS3, and CBR3 genes by matrix-assisted laser&#xD;
      desorption ionization-time-of-flight mass spectrometry. Variant alleles are correlated with&#xD;
      patient outcome.&#xD;
&#xD;
      PROJECTED ACCRUAL: A total of 1,577 patients will be accrued for this study.&#xD;
    </textblock>
  </detailed_description>
  <overall_status>Completed</overall_status>
  <start_date>December 2006</start_date>
  <completion_date type="Actual">June 2007</completion_date>
  <primary_completion_date type="Actual">June 2007</primary_completion_date>
  <study_type>Observational</study_type>
  <has_expanded_access>No</has_expanded_access>
  <study_design_info>
    <observational_model>Other</observational_model>
    <time_perspective>Retrospective</time_perspective>
  </study_design_info>
  <primary_outcome>
    <measure>Differences in outcome according to common variant alleles</measure>
    <time_frame>Through study follow-up an average of 10.8 years</time_frame>
  </primary_outcome>
  <enrollment type="Actual">1577</enrollment>
  <condition>Breast Cancer</condition>
  <intervention>
    <intervention_type>Genetic</intervention_type>
    <intervention_name>mutation analysis</intervention_name>
  </intervention>
  <intervention>
    <intervention_type>Genetic</intervention_type>
    <intervention_name>polymorphism analysis</intervention_name>
  </intervention>
  <intervention>
    <intervention_type>Other</intervention_type>
    <intervention_name>surface-enhanced laser desorption/ionization-time of flight mass spectrometry</intervention_name>
  </intervention>
  <eligibility>
    <study_pop>
      <textblock>
        patients enrolled to SWOG 8897 consenting to banking&#xD;
      </textblock>
    </study_pop>
    <sampling_method>Non-Probability Sample</sampling_method>
    <criteria>
      <textblock>
        DISEASE CHARACTERISTICS:&#xD;
&#xD;
          -  Diagnosis of breast cancer&#xD;
&#xD;
               -  Node-negative breast cancer&#xD;
&#xD;
          -  Enrolled on clinical trial SWOG-8897&#xD;
&#xD;
               -  Archived tissue from patients with normal lymph nodes in the low-risk group&#xD;
                  receiving no treatment and those in the intermediate group receiving treatment&#xD;
&#xD;
          -  Hormone receptor status known&#xD;
&#xD;
        PATIENT CHARACTERISTICS:&#xD;
&#xD;
          -  Female&#xD;
&#xD;
          -  Pre- or post-menopausal&#xD;
&#xD;
        PRIOR CONCURRENT THERAPY:&#xD;
&#xD;
          -  Not specified&#xD;
      </textblock>
    </criteria>
    <gender>Female</gender>
    <minimum_age>18 Years</minimum_age>
    <maximum_age>N/A</maximum_age>
    <healthy_volunteers>No</healthy_volunteers>
  </eligibility>
  <overall_official>
    <last_name>Christine B. Ambrosone, PhD</last_name>
    <role>Study Chair</role>
    <affiliation>Roswell Park Cancer Institute</affiliation>
  </overall_official>
  <results_reference>
    <citation>Yao S, Barlow WE, Albain KS, Choi JY, Zhao H, Livingston RB, Davis W, Rae JM, Yeh IT, Hutchins LF, Ravdin PM, Martino S, Lyss AP, Osborne CK, Abeloff MD, Hortobagyi GN, Hayes DF, Ambrosone CB. Manganese superoxide dismutase polymorphism, treatment-related toxicity and disease-free survival in SWOG 8897 clinical trial for breast cancer. Breast Cancer Res Treat. 2010 Nov;124(2):433-9. doi: 10.1007/s10549-010-0840-0. Epub 2010 Mar 23.</citation>
    <PMID>20309628</PMID>
  </results_reference>
  <results_reference>
    <citation>Yao S, Barlow WE, Albain KS, Choi JY, Zhao H, Livingston RB, Davis W, Rae JM, Yeh IT, Hutchins LF, Ravdin PM, Martino S, Lyss AP, Osborne CK, Abeloff M, Hortobagyi GN, Hayes DF, Ambrosone CB. Gene polymorphisms in cyclophosphamide metabolism pathway,treatment-related toxicity, and disease-free survival in SWOG 8897 clinical trial for breast cancer. Clin Cancer Res. 2010 Dec 15;16(24):6169-76. doi: 10.1158/1078-0432.CCR-10-0281.</citation>
    <PMID>21169260</PMID>
  </results_reference>
  <verification_date>February 2017</verification_date>
  <study_first_submitted>May 9, 2009</study_first_submitted>
  <study_first_submitted_qc>May 9, 2009</study_first_submitted_qc>
  <study_first_posted type="Estimate">May 12, 2009</study_first_posted>
  <last_update_submitted>February 15, 2017</last_update_submitted>
  <last_update_submitted_qc>February 15, 2017</last_update_submitted_qc>
  <last_update_posted type="Actual">February 17, 2017</last_update_posted>
  <responsible_party>
    <responsible_party_type>Sponsor</responsible_party_type>
  </responsible_party>
  <keyword>stage I breast cancer</keyword>
  <keyword>stage II breast cancer</keyword>
  <condition_browse>
    <!-- CAUTION:  The following MeSH terms are assigned with an imperfect algorithm            -->
    <mesh_term>Breast Neoplasms</mesh_term>
  </condition_browse>
  <patient_data>
    <sharing_ipd>Yes</sharing_ipd>
    <ipd_description>https://swog.org/Visitors/Download/Policies/Policy43.pdf</ipd_description>
  </patient_data>
  <!-- Results have not yet been posted for this study                                          -->
</clinical_study>

