<?xml version="1.0" encoding="UTF-8"?>
<clinical_study rank="223">
  <!-- This xml conforms to an XML Schema at:
    https://clinicaltrials.gov/ct2/html/images/info/public.xsd -->
  <required_header>
    <download_date>ClinicalTrials.gov processed this data on May 26, 2023</download_date>
    <link_text>Link to the current ClinicalTrials.gov record.</link_text>
    <url>https://clinicaltrials.gov/show/NCT05586256</url>
  </required_header>
  <id_info>
    <org_study_id>FAST-F-PG01</org_study_id>
    <nct_id>NCT05586256</nct_id>
  </id_info>
  <brief_title>Ultra-hypofractionated Radiotherapy in Breast Cancer Patients</brief_title>
  <official_title>Ultra-hypofractionated Adjuvant Radiotherapy After Breast Conserving Surgery in Breast Cancer Patients</official_title>
  <sponsors>
    <lead_sponsor>
      <agency>University Of Perugia</agency>
      <agency_class>Other</agency_class>
    </lead_sponsor>
  </sponsors>
  <source>University Of Perugia</source>
  <oversight_info>
    <has_dmc>Yes</has_dmc>
    <is_fda_regulated_drug>No</is_fda_regulated_drug>
    <is_fda_regulated_device>No</is_fda_regulated_device>
  </oversight_info>
  <brief_summary>
    <textblock>
      The present multicenter, retrospective and prospective observational study, aims to evaluate&#xD;
      an ultra-hypofractionated whole breast irradiation schedule (WBI, 26 Gy in 5 fractions), in&#xD;
      order to confirm literature data (FAST-F study) in the clinical practice.&#xD;
&#xD;
      Patient population included women affected by early stage breast cancer (BC), both invasive&#xD;
      and ductal carcinoma in situ, receiving ultra-hypofractionated WBI (with or without a tumor&#xD;
      bed boost) after breast conserving surgery (BCS). Main exclusion criteria are mastectomy and&#xD;
      regional nodal irradiation. Neoadjuvant and/or adjuvant systemic therapies are allowed. The&#xD;
      primary otcome is acute and chronic toxicity evaluation. Secondary outcomes are: overall&#xD;
      servival (OS), disease-free survival (DFS), rates of local and loco-regional recurrences,&#xD;
      distant metastasis occurrence, cosmetic outcome and quality of life (QoL) assessment. Acute&#xD;
      and late toxicities will be scored according to the Common Terminology Criteria for Adverse&#xD;
      Events (CTCAE) scale version 5.0. Cosmetic assessment will be graded according to the Harvard&#xD;
      scale. Frontal photographs of both breasts will be used to evaluate toxicity and cosmetic&#xD;
      results. For QoL assessment the EORTC (European Organisation for Research and Treatment of&#xD;
      Cancer), QLQ-C30 and EORTC-QLQ-BR23 questionnaires will be administered.&#xD;
    </textblock>
  </brief_summary>
  <detailed_description>
    <textblock>
      The present multicenter retrospective and prospective observational study aims to evaluate&#xD;
      feasibility, toxicity, efficacy, cosmetic outcome and QoL in early stage BC patients treated&#xD;
      with BC followed by ultra-hypofractionated WBI (with or without a tumor bed boost). This&#xD;
      study was designed to confirm literature data (FAST-Forward trial) in the clinical practice&#xD;
      (&quot;real life&quot;study). All enrolled patients will be treated with an ultra-hypofractionated WBI&#xD;
      schedule (26 Gy delivered in 5 consecutive fractions, single dose 5.2 Gy), according to&#xD;
      FAST-Forward trial. Whole breast irradiation should be followed or not by a tumor bed boost&#xD;
      (sequential: 7.6 Gy in 2 consecutive fractions, single dose 3.8 Gy or simultaneous&#xD;
      intergrated boost: 30 Gy in 5 consecutive fractions, single dose 6 Gy). Either&#xD;
      three-dimensional conformal radiotherapy (3DCRT), intensity-modulated radiotherapy (IMRT),&#xD;
      volumetric modulated arc therapy (VMAT) or helicoildal techniques are allowed. Breath control&#xD;
      techniques may be used at the discretion of each partecipating centre. Main exclusion&#xD;
      criteria are mastectomy and needs for regional nodal irradiation. Neoadjuvant and/or adjuvant&#xD;
      systemic therapies are allowed.&#xD;
&#xD;
      The primary outcome of this study is acute and chronic toxicity evaluation. Secondary&#xD;
      outcomes are: OS, DFS, rates of local and loco-regional recurrence, distant metastasis&#xD;
      occurence, cosmetic outcome and QoL assessment. Acute and late toxicities will be scored&#xD;
      according to the Common Terminology Criteria for Adverse Events (CTCAE) scale version 5.0 at&#xD;
      each follow-up visit.&#xD;
&#xD;
      Regarding prospectively enrolled patient cosmetic assessment will be graded (by the physician&#xD;
      and the patient) according to the Harvard scale and performed before the start of&#xD;
      radiotherapy (RT), 6 months and 1, 2 and 5 years after the end of RT; frontal photographs of&#xD;
      both breasts will be taken before the start of R, 6 months and 1, 2 and 5 years after the end&#xD;
      of RT. In particular, two photographs will be taken of the patient's trunk region, one with&#xD;
      the hands resting on the hips, the other with the arms raised above the head (avoiding&#xD;
      patients face). Photographic documentation will be evaluated according to the consensus&#xD;
      scoring method described by Haviland et al. For QoL assessment the EORTC (European&#xD;
      Organisation for Research and Treatment of Cancer), QLQ-C30 and EORTC-QLQ-BR23 will be&#xD;
      administered before the start of RT,1 month after the end of RT and then at 1, 2 and 5 years&#xD;
      after the end of RT.&#xD;
&#xD;
      Follow-up visits are scheduled as follows: one month after the end of RT and then every 4-6&#xD;
      months for 5 years. Laboratory test (blood count, biochemical, with or without CEA and&#xD;
      Ca15.3), mammography and breast ultrasound scans will be scheduled 4-6 months after the end&#xD;
      of RT and then yearly. Additional exams will be prescribed during the follow up in order to&#xD;
      detected any disease reccurence.&#xD;
    </textblock>
  </detailed_description>
  <overall_status>Recruiting</overall_status>
  <start_date type="Actual">July 21, 2021</start_date>
  <completion_date type="Anticipated">July 21, 2026</completion_date>
  <primary_completion_date type="Anticipated">July 21, 2023</primary_completion_date>
  <study_type>Observational</study_type>
  <has_expanded_access>No</has_expanded_access>
  <study_design_info>
    <observational_model>Cohort</observational_model>
    <time_perspective>Other</time_perspective>
  </study_design_info>
  <primary_outcome>
    <measure>Acute toxicity</measure>
    <time_frame>1-6 months after RT</time_frame>
    <description>Evaluation of acute toxicity to confirm the results obtained in the prospective randomized FAST-Forward study. Acute toxicity will be scored according to the Common Terminology Criteria for Adverse Events (CTCAE) scale version 5.0</description>
  </primary_outcome>
  <primary_outcome>
    <measure>Late toxicity</measure>
    <time_frame>from 6 months after RT to 60 months</time_frame>
    <description>Evaluation of chronic late toxicity to confirm the results obtained in the prospective randomized FAST-Forward study. Late will be scored according to the Common Terminology Criteria for Adverse Events (CTCAE) scale version 5.0</description>
  </primary_outcome>
  <secondary_outcome>
    <measure>overall survival</measure>
    <time_frame>1 month after RT and then every 4-6 months for 5 years</time_frame>
    <description>overall survival</description>
  </secondary_outcome>
  <secondary_outcome>
    <measure>disease-free survival</measure>
    <time_frame>1 month after RT and then every 4-6 months for 5 years</time_frame>
    <description>disease-free survival</description>
  </secondary_outcome>
  <secondary_outcome>
    <measure>rates of local and loco-regional recurrence</measure>
    <time_frame>1 month after RT and then every 4-6 months for 5 years</time_frame>
    <description>rates of local and loco-regional recurrence</description>
  </secondary_outcome>
  <secondary_outcome>
    <measure>distant metastasis occurence</measure>
    <time_frame>1 month after RT and then every 4-6 months for 5 years</time_frame>
    <description>distant metastasis occurence</description>
  </secondary_outcome>
  <secondary_outcome>
    <measure>cosmetic outcome</measure>
    <time_frame>at baseline and then after 6 months and then 1, 2 and 5 years</time_frame>
    <description>Breast cosmetic result will be graded according to Harvard scale of breast cosmesis (1. Excellent - 2. Good - 3. Fair - 4. Poor)</description>
  </secondary_outcome>
  <secondary_outcome>
    <measure>QoL assessment</measure>
    <time_frame>at baseline and then after 6 months and then 1, 2 and 5 years</time_frame>
    <description>EORTC QLQ-C30</description>
  </secondary_outcome>
  <secondary_outcome>
    <measure>QoL assessment</measure>
    <time_frame>at baseline and then after 6 months and then 1, 2 and 5 years</time_frame>
    <description>EORTC-QLQ-BR23</description>
  </secondary_outcome>
  <secondary_outcome>
    <measure>photographic assessment</measure>
    <time_frame>at baseline and then after 6 months and then 1, 2 and 5 years</time_frame>
    <description>consensus scoring method described by Haviland et al.</description>
  </secondary_outcome>
  <enrollment type="Anticipated">300</enrollment>
  <condition>Female Breast Cancer</condition>
  <intervention>
    <intervention_type>Radiation</intervention_type>
    <intervention_name>ultra-hypofractionated whole breast irradiation</intervention_name>
    <description>All enrolled patients will be treated with an ultra-ipofractionated whole breast irradiation schedule (26 Gy delivered in 5 consecutive fractions, single dose 5.2 Gy), according to FAST-Forward trial. Whole bresat irradiation should be followed or not by a tumor bed boost (sequential: 7.6 Gy in 2 consecutive fractions, single dose 3.8 Gy or simultaneous intergrated boost: 30 Gy in 5 consecutive fractions, single dose 6 Gy). Either three-dimensional conformal radiotherapy (3DCRT), intensity-modulated radiotherapy (IMRT), volumetric modulated arc therapy (VMAT) or helicoildal techniques are allowed. Breath control techniques may be used at the discretion of each partecipating centre.&#xD;
Main exclusion critereria are mastectomy and regional nodal irradiation. Neoadjuvant and/or adjuvant systemic therapies are allowed.</description>
  </intervention>
  <eligibility>
    <study_pop>
      <textblock>
        Patients affected by early stage breast cancer (both invasive and ductal carcinoma in situ)&#xD;
        receiving ultra-hypofractionated whole breast irradiation (with or without a tumor bed&#xD;
        boost) after breast conserving surgery. Main exclusion critereria are mastectomy and&#xD;
        regional nodal irradiation .Neoadjuvant and/or adjuvant systemic therapies are allowed.&#xD;
      </textblock>
    </study_pop>
    <sampling_method>Non-Probability Sample</sampling_method>
    <criteria>
      <textblock>
        Inclusion Criteria:&#xD;
&#xD;
          -  Female patients&#xD;
&#xD;
          -  Age ≥ 18 years.&#xD;
&#xD;
          -  Early stage breast cancer treated with breast conserving surgery&#xD;
&#xD;
          -  Whole breast irradiation without regional nodal irradiation&#xD;
&#xD;
          -  Infiltrating carcinomas&#xD;
&#xD;
          -  CDIS&#xD;
&#xD;
          -  Written informed consent&#xD;
&#xD;
        Exclusion Criteria:&#xD;
&#xD;
          -  Age&lt;18 years.&#xD;
&#xD;
          -  Regional nodal radiotherapy.&#xD;
&#xD;
          -  Distant metastases.&#xD;
&#xD;
          -  Previous history of malignancy except basaloid skin tumours and CIN. Previous history&#xD;
             of breast cancer is not an exclusion criteria if treated with curative intent and if&#xD;
             patient is disease free at least 5 years from diagnosis.&#xD;
&#xD;
          -  Presence of absolute radiotherapy contraindications (pregnancy, inability to maintain&#xD;
             the correct treatment position) and relative radiotherapy contraindications&#xD;
             (connective tissue diseases including rheumatoid arthritis, scleroderma, systemic&#xD;
             lupus erythematosus, dermatomyositis and vasculitis, especially if the disease is in&#xD;
             an active phase)&#xD;
&#xD;
          -  Patient's refusal to use data for research purposes.&#xD;
      </textblock>
    </criteria>
    <gender>Female</gender>
    <minimum_age>18 Years</minimum_age>
    <maximum_age>99 Years</maximum_age>
    <healthy_volunteers>No</healthy_volunteers>
  </eligibility>
  <overall_official>
    <last_name>Cynthia Aristei, MD</last_name>
    <role>Principal Investigator</role>
    <affiliation>Radiation Oncology Section, Department of Medicine and Surgery, University of Perugia</affiliation>
  </overall_official>
  <overall_contact>
    <last_name>Cynthia Aristei, MD</last_name>
    <phone>+390755783254</phone>
    <email>cynthia.aristei@unipg.it</email>
  </overall_contact>
  <overall_contact_backup>
    <last_name>Isabella Palumbo, MD</last_name>
    <phone>+390755783254</phone>
    <email>isabella.palumbo@unipg.it</email>
  </overall_contact_backup>
  <location>
    <facility>
      <name>Radiation Oncology Section, Department of Medicine and Surgery, University of Perugia</name>
      <address>
        <city>Perugia</city>
        <zip>06132</zip>
        <country>Italy</country>
      </address>
    </facility>
    <status>Recruiting</status>
    <contact>
      <last_name>Cynthia Aristei, MD</last_name>
      <phone>+390755783254</phone>
      <email>cynthia.aristei@unipg.it</email>
    </contact>
    <contact_backup>
      <last_name>Isabella Palumbo, MD</last_name>
      <phone>+390755783254</phone>
      <email>isabella.palumbo@unipg.it</email>
    </contact_backup>
    <investigator>
      <last_name>Cynthia Aristei, MD</last_name>
      <role>Principal Investigator</role>
    </investigator>
    <investigator>
      <last_name>Isabella Palumbo, MD</last_name>
      <role>Sub-Investigator</role>
    </investigator>
  </location>
  <location_countries>
    <country>Italy</country>
  </location_countries>
  <reference>
    <citation>Mariam NBG, Song YP, Joseph N, Hoskin P, Reeves K, Porta N, James N, Choudhury A. Hypofractionation: less is more? Oncotarget. 2021 Aug 17;12(17):1729-1733. doi: 10.18632/oncotarget.28023. eCollection 2021 Aug 17.</citation>
    <PMID>34434502</PMID>
  </reference>
  <reference>
    <citation>Haviland JS, Ashton A, Broad B, Gothard L, Owen JR, Tait D, Sydenham MA, Yarnold JR, Bliss JM. Evaluation of a method for grading late photographic change in breast appearance after radiotherapy for early breast cancer. Clin Oncol (R Coll Radiol). 2008 Sep;20(7):497-501. doi: 10.1016/j.clon.2008.03.017. Epub 2008 May 27.</citation>
    <PMID>18502105</PMID>
  </reference>
  <reference>
    <citation>Harris JR, Levene MB, Svensson G, Hellman S. Analysis of cosmetic results following primary radiation therapy for stages I and II carcinoma of the breast. Int J Radiat Oncol Biol Phys. 1979 Feb;5(2):257-61. doi: 10.1016/0360-3016(79)90729-6. No abstract available.</citation>
    <PMID>110740</PMID>
  </reference>
  <verification_date>October 2022</verification_date>
  <study_first_submitted>October 5, 2022</study_first_submitted>
  <study_first_submitted_qc>October 16, 2022</study_first_submitted_qc>
  <study_first_posted type="Actual">October 19, 2022</study_first_posted>
  <last_update_submitted>October 16, 2022</last_update_submitted>
  <last_update_submitted_qc>October 16, 2022</last_update_submitted_qc>
  <last_update_posted type="Actual">October 19, 2022</last_update_posted>
  <responsible_party>
    <responsible_party_type>Principal Investigator</responsible_party_type>
    <investigator_affiliation>University Of Perugia</investigator_affiliation>
    <investigator_full_name>Cynthia Aristei</investigator_full_name>
    <investigator_title>Professor</investigator_title>
  </responsible_party>
  <keyword>early stage breast cancer</keyword>
  <keyword>breast conserving surgery</keyword>
  <keyword>ultra-hypofractionated whole breast irradiation</keyword>
  <condition_browse>
    <!-- CAUTION:  The following MeSH terms are assigned with an imperfect algorithm            -->
    <mesh_term>Breast Neoplasms</mesh_term>
  </condition_browse>
  <patient_data>
    <sharing_ipd>No</sharing_ipd>
  </patient_data>
  <!-- Results have not yet been posted for this study                                          -->
</clinical_study>

