<?xml version="1.0" encoding="UTF-8"?>
<clinical_study rank="484">
  <!-- This xml conforms to an XML Schema at:
    https://clinicaltrials.gov/ct2/html/images/info/public.xsd -->
  <required_header>
    <download_date>ClinicalTrials.gov processed this data on May 26, 2023</download_date>
    <link_text>Link to the current ClinicalTrials.gov record.</link_text>
    <url>https://clinicaltrials.gov/show/NCT02710058</url>
  </required_header>
  <id_info>
    <org_study_id>15-246</org_study_id>
    <nct_id>NCT02710058</nct_id>
  </id_info>
  <brief_title>Experience of Arab American Women With Breast Cancer: In-depth Interviews</brief_title>
  <official_title>Experience of Arab American Women With Breast Cancer: In-depth Interviews A Qualitative Study to Explore the Influence of the Arab Culture on Coping With Breast Cancer</official_title>
  <sponsors>
    <lead_sponsor>
      <agency>Memorial Sloan Kettering Cancer Center</agency>
      <agency_class>Other</agency_class>
    </lead_sponsor>
  </sponsors>
  <source>Memorial Sloan Kettering Cancer Center</source>
  <brief_summary>
    <textblock>
      The investigators are conducting a study entitled 'Experience of Arab American Women with&#xD;
      Breast Cancer: In-depth Interviews' through which they hope to learn more about Arab women's&#xD;
      experience with breast cancer.&#xD;
    </textblock>
  </brief_summary>
  <overall_status>Completed</overall_status>
  <start_date type="Actual">October 8, 2015</start_date>
  <completion_date type="Actual">July 9, 2019</completion_date>
  <primary_completion_date type="Actual">July 9, 2019</primary_completion_date>
  <study_type>Observational</study_type>
  <has_expanded_access>No</has_expanded_access>
  <study_design_info>
    <observational_model>Cohort</observational_model>
    <time_perspective>Prospective</time_perspective>
  </study_design_info>
  <primary_outcome>
    <measure>Understanding the influence of Arab culture on health behavior</measure>
    <time_frame>6 months</time_frame>
    <description>particularly with regard to breast cancer by in-depth interviews</description>
  </primary_outcome>
  <number_of_groups>1</number_of_groups>
  <enrollment type="Actual">8</enrollment>
  <condition>Breast Cancer</condition>
  <arm_group>
    <arm_group_label>Arab American Women with Breast Cancer</arm_group_label>
    <description>We conducted a study using an evaluation assessment survey to assess the impact of the AMBER support groups on quality of life parameters, compliance with treatment appointments, and patient/family support. After reviewing preliminary results, we identified several recurrent themes, such as the need for health information, discrepancies around the extent of family support and disease disclosure, and an overall satisfaction with the support groups. To further examine these themes, we are initiating a qualitative research study using an in-depth interview guide. A trained interviewer bilingual in Arabic and English will conduct 10-15 in-depth interviews, to saturation, with AMBER's support group participants over a 6 month period.</description>
  </arm_group>
  <intervention>
    <intervention_type>Behavioral</intervention_type>
    <intervention_name>one-time qualitative assessment</intervention_name>
    <description>The study involves a one-time qualitative assessment to explore key cultural influences on AMBER breast cancer survivors' health behavior. We will focus on self-efficacy in healthcare, coping with breast cancer, social networks of support, and culturally-sensitive support groups. The study investigator will administer questions from the structured interview guide, estimated to take 90 minutes.</description>
    <arm_group_label>Arab American Women with Breast Cancer</arm_group_label>
  </intervention>
  <eligibility>
    <study_pop>
      <textblock>
        This study is open to current and previous AMBER support group participants held at the MSK&#xD;
        Brooklyn Infusion Center.&#xD;
      </textblock>
    </study_pop>
    <sampling_method>Non-Probability Sample</sampling_method>
    <criteria>
      <textblock>
        Inclusion Criteria:&#xD;
&#xD;
          -  AMBER participant diagnosed with breast cancer who attended at least 1 support group&#xD;
             meeting&#xD;
&#xD;
          -  Aged 18 to 85&#xD;
&#xD;
          -  Arabic-speaking&#xD;
&#xD;
        Exclusion Criteria:&#xD;
&#xD;
        None&#xD;
      </textblock>
    </criteria>
    <gender>Female</gender>
    <minimum_age>18 Years</minimum_age>
    <maximum_age>85 Years</maximum_age>
    <healthy_volunteers>No</healthy_volunteers>
  </eligibility>
  <overall_official>
    <last_name>Francesca Gany, MD, MS</last_name>
    <role>Principal Investigator</role>
    <affiliation>Memorial Sloan Kettering Cancer Center</affiliation>
  </overall_official>
  <location>
    <facility>
      <name>MSKCC Brooklyn Infusion Center</name>
      <address>
        <city>Brooklyn</city>
        <state>New York</state>
        <zip>11217</zip>
        <country>United States</country>
      </address>
    </facility>
  </location>
  <location_countries>
    <country>United States</country>
  </location_countries>
  <link>
    <url>https://www.mskcc.org/</url>
    <description>Memorial Sloan Kettering Cancer Center</description>
  </link>
  <verification_date>July 2019</verification_date>
  <study_first_submitted>March 3, 2016</study_first_submitted>
  <study_first_submitted_qc>March 10, 2016</study_first_submitted_qc>
  <study_first_posted type="Estimate">March 16, 2016</study_first_posted>
  <last_update_submitted>July 11, 2019</last_update_submitted>
  <last_update_submitted_qc>July 11, 2019</last_update_submitted_qc>
  <last_update_posted type="Actual">July 12, 2019</last_update_posted>
  <responsible_party>
    <responsible_party_type>Sponsor</responsible_party_type>
  </responsible_party>
  <keyword>support group</keyword>
  <keyword>15-246</keyword>
  <keyword>The Arab American Breast Cancer Education and Referral Program (AMBER)</keyword>
  <condition_browse>
    <!-- CAUTION:  The following MeSH terms are assigned with an imperfect algorithm            -->
    <mesh_term>Breast Neoplasms</mesh_term>
  </condition_browse>
  <!-- Results have not yet been posted for this study                                          -->
</clinical_study>

