<?xml version="1.0" encoding="UTF-8"?>
<clinical_study rank="131">
  <!-- This xml conforms to an XML Schema at:
    https://clinicaltrials.gov/ct2/html/images/info/public.xsd -->
  <required_header>
    <download_date>ClinicalTrials.gov processed this data on May 26, 2023</download_date>
    <link_text>Link to the current ClinicalTrials.gov record.</link_text>
    <url>https://clinicaltrials.gov/show/NCT02336737</url>
  </required_header>
  <id_info>
    <org_study_id>US-001</org_study_id>
    <nct_id>NCT02336737</nct_id>
  </id_info>
  <brief_title>SentiMag® Intraoperative Comparison in Breast Cancer</brief_title>
  <acronym>SentiMagIC</acronym>
  <official_title>A Pivotal, Prospective, Open-Label, Multicenter Paired Comparison Study Of SentiMag/SiennaXP And The Standard Of Care In Patients With Breast Cancer Who Are Undergoing Lymph Node Mapping As Part Of A Sentinel Node Biopsy Procedure</official_title>
  <sponsors>
    <lead_sponsor>
      <agency>Endomagnetics Inc</agency>
      <agency_class>Industry</agency_class>
    </lead_sponsor>
    <collaborator>
      <agency>Regulatory and Clinical Research Institute Inc</agency>
      <agency_class>Other</agency_class>
    </collaborator>
  </sponsors>
  <source>Endomagnetics Ltd.</source>
  <oversight_info>
    <has_dmc>No</has_dmc>
  </oversight_info>
  <brief_summary>
    <textblock>
      The purpose of this pivotal study is to provide prospective evidence that the&#xD;
      SentiMag®/SiennaXP® is safe and non-inferior to the current standard of care for lymph node&#xD;
      localization in patients with breast cancer as part of a sentinel lymph node biopsy (SLNB)&#xD;
      procedure and to summarize measures of product safety and performance.&#xD;
    </textblock>
  </brief_summary>
  <detailed_description>
    <textblock>
      This is a pivotal, prospective, open label, multicenter, paired comparison of the SentiMag®&#xD;
      and SiennaXP® magnetic sentinel node localization system with the standard of care&#xD;
      (radioisotope with blue dye) for lymph node localization in the detection of lymph nodes in&#xD;
      patients with breast cancer undergoing a sentinel lymph node biopsy. The trial is designed to&#xD;
      provide powered evidence that the lymph node detection rate of the SentiMag® and SiennaXP®&#xD;
      system is non-inferior to the standard of care in patients with breast cancer.&#xD;
    </textblock>
  </detailed_description>
  <overall_status>Completed</overall_status>
  <start_date>January 2015</start_date>
  <completion_date type="Actual">December 2015</completion_date>
  <primary_completion_date type="Actual">December 2015</primary_completion_date>
  <phase>N/A</phase>
  <study_type>Interventional</study_type>
  <has_expanded_access>No</has_expanded_access>
  <study_design_info>
    <allocation>N/A</allocation>
    <intervention_model>Single Group Assignment</intervention_model>
    <primary_purpose>Diagnostic</primary_purpose>
    <masking>None (Open Label)</masking>
  </study_design_info>
  <primary_outcome>
    <measure>Number of Participants With Detected Lymph Nodes</measure>
    <time_frame>During surgical procedure &lt;1 hour</time_frame>
    <description>The proportion of lymph nodes detected intraoperatively by SentiMag and SiennaXP in relation the proportion of lymph nodes detected by the combination of Technetium Sulfur Colloid and Isosulfan blue dye</description>
  </primary_outcome>
  <primary_outcome>
    <measure>Safety of SiennaXP and SentiMag® as Indicated by Adverse Events and Serious Adverse Events and Their Relatedness to the Detection Method or Procedure.</measure>
    <time_frame>3-6 weeks</time_frame>
    <description>Number of Participants with Adverse Events relating to Sienna XP Injection</description>
  </primary_outcome>
  <secondary_outcome>
    <measure>Nodal Concordance: Number of Nodes Identified by Both Test and Control Out of Nodes Identified by Control</measure>
    <time_frame>Intraoperative &lt;1 hour</time_frame>
    <description>The number of nodes identified by both SiennaXP and Control out of nodes identified by Control</description>
  </secondary_outcome>
  <secondary_outcome>
    <measure>Number of Participants With Lymph Nodes Detected by Combined Radioisotope,Blue Dye and Magnetic Technique</measure>
    <time_frame>Intraoperative &lt;1 hour</time_frame>
    <description>The per patient detection rate for a combination of all methods (magnetic, combined radioisotope and blue dye; radioisotope alone; blue dye alone)</description>
  </secondary_outcome>
  <number_of_arms>1</number_of_arms>
  <enrollment type="Actual">160</enrollment>
  <condition>Breast Cancer</condition>
  <arm_group>
    <arm_group_label>SiennaXP injection</arm_group_label>
    <arm_group_type>Experimental</arm_group_type>
    <description>Single injection of SiennaXP in addition to comparator single dose of radioisotope (Technetium Tc99m Sulfur Colloid) and single dose of isosulfan blue dye.&#xD;
Lymph node localization using the SentiMag handheld intraoperative localization system in addition to localization with standard of care handheld gamma probe.</description>
  </arm_group>
  <intervention>
    <intervention_type>Device</intervention_type>
    <intervention_name>SiennaXP</intervention_name>
    <description>Sub-cutaneous injection of SiennaXP magnetic marker, followed by lymph node localization using the SentiMag handheld magnetic probe</description>
    <arm_group_label>SiennaXP injection</arm_group_label>
  </intervention>
  <intervention>
    <intervention_type>Drug</intervention_type>
    <intervention_name>Technetium Tc99m Sulfur Colloid</intervention_name>
    <description>Injection of a single dose of radioisotope (Technetium Tc99m Sulfur Colloid)</description>
    <arm_group_label>SiennaXP injection</arm_group_label>
    <other_name>Radioisotope</other_name>
  </intervention>
  <intervention>
    <intervention_type>Drug</intervention_type>
    <intervention_name>Isosulfan blue dye</intervention_name>
    <description>Injection of a single dose of isosulfan blue dye</description>
    <arm_group_label>SiennaXP injection</arm_group_label>
    <other_name>Blue dye</other_name>
  </intervention>
  <eligibility>
    <criteria>
      <textblock>
        Inclusion Criteria:&#xD;
&#xD;
          -  Subjects with a diagnosis of primary breast cancer or subjects with pure ductal&#xD;
             carcinoma in situ (DCIS).&#xD;
&#xD;
          -  Subjects scheduled for surgical intervention, with a sentinel lymph node biopsy&#xD;
             procedure being a part of the surgical plan.&#xD;
&#xD;
          -  Subjects aged 18 years or more at the time of consent.&#xD;
&#xD;
          -  Subjects with an ECOG (Eastern Cooperative Oncology Group) performance status of Grade&#xD;
             0 - 2.&#xD;
&#xD;
          -  Subject has a clinical negative node status (i.e. T0-3, N0, M0).&#xD;
&#xD;
        Exclusion Criteria:&#xD;
&#xD;
          -  The subject is pregnant or lactating.&#xD;
&#xD;
          -  The subject has clinical or radiological evidence of metastatic cancer including&#xD;
             palpably abnormal or enlarged lymph nodes.&#xD;
&#xD;
          -  The subject has a known hypersensitivity to Isosulfan Blue Dye.&#xD;
&#xD;
          -  The subject has participated in another investigational drug study within 30 days of&#xD;
             scheduled surgery.&#xD;
&#xD;
          -  Subject has had either a) previous axilla surgery, b) reduction mammoplasty, or c)&#xD;
             lymphatic function that is impaired in the surgeon's judgment.&#xD;
&#xD;
          -  Subject has had preoperative radiation therapy to the affected breast or axilla.&#xD;
&#xD;
          -  Subject has received a Feraheme® (ferumoxytol) Injection within the past 6 months.&#xD;
&#xD;
          -  Subject has intolerance or hypersensitivity to iron or dextran compounds or to&#xD;
             SiennaXP.&#xD;
&#xD;
          -  Subject has an iron overload disease.&#xD;
&#xD;
          -  Subject has pacemaker or other implantable device in the chest wall.&#xD;
      </textblock>
    </criteria>
    <gender>All</gender>
    <minimum_age>18 Years</minimum_age>
    <maximum_age>N/A</maximum_age>
    <healthy_volunteers>No</healthy_volunteers>
  </eligibility>
  <overall_official>
    <last_name>Michael D Alvarado, MD</last_name>
    <role>Principal Investigator</role>
    <affiliation>University of CA, San Francisco Carol Franc Buck Breast Care, Dept of Surgery</affiliation>
  </overall_official>
  <location>
    <facility>
      <name>University of California San Diego Moores Cancer Center</name>
      <address>
        <city>La Jolla</city>
        <state>California</state>
        <zip>92093-0698</zip>
        <country>United States</country>
      </address>
    </facility>
  </location>
  <location>
    <facility>
      <name>University of California Davis Comprehensive Cancer Center</name>
      <address>
        <city>Sacramento</city>
        <state>California</state>
        <zip>95817</zip>
        <country>United States</country>
      </address>
    </facility>
  </location>
  <location>
    <facility>
      <name>UCSF Carol Franc Buck Breast Care Center</name>
      <address>
        <city>San Francisco</city>
        <state>California</state>
        <zip>94115</zip>
        <country>United States</country>
      </address>
    </facility>
  </location>
  <location>
    <facility>
      <name>Coordinated Health Breast Care Specialists</name>
      <address>
        <city>Allentown</city>
        <state>Pennsylvania</state>
        <zip>18104</zip>
        <country>United States</country>
      </address>
    </facility>
  </location>
  <location>
    <facility>
      <name>Dallas Surgical Group</name>
      <address>
        <city>Dallas</city>
        <state>Texas</state>
        <zip>75230</zip>
        <country>United States</country>
      </address>
    </facility>
  </location>
  <location>
    <facility>
      <name>University of Texas MD Anderson Cancer Center</name>
      <address>
        <city>Houston</city>
        <state>Texas</state>
        <zip>77030-4008</zip>
        <country>United States</country>
      </address>
    </facility>
  </location>
  <location_countries>
    <country>United States</country>
  </location_countries>
  <reference>
    <citation>Douek M, Klaase J, Monypenny I, Kothari A, Zechmeister K, Brown D, Wyld L, Drew P, Garmo H, Agbaje O, Pankhurst Q, Anninga B, Grootendorst M, Ten Haken B, Hall-Craggs MA, Purushotham A, Pinder S; SentiMAG Trialists Group. Sentinel node biopsy using a magnetic tracer versus standard technique: the SentiMAG Multicentre Trial. Ann Surg Oncol. 2014 Apr;21(4):1237-45. doi: 10.1245/s10434-013-3379-6. Epub 2013 Dec 10.</citation>
    <PMID>24322530</PMID>
  </reference>
  <reference>
    <citation>Thill M, Kurylcio A, Welter R, van Haasteren V, Grosse B, Berclaz G, Polkowski W, Hauser N. The Central-European SentiMag study: sentinel lymph node biopsy with superparamagnetic iron oxide (SPIO) vs. radioisotope. Breast. 2014 Apr;23(2):175-9. doi: 10.1016/j.breast.2014.01.004. Epub 2014 Jan 29.</citation>
    <PMID>24484967</PMID>
  </reference>
  <verification_date>November 2020</verification_date>
  <study_first_submitted>January 7, 2015</study_first_submitted>
  <study_first_submitted_qc>January 8, 2015</study_first_submitted_qc>
  <study_first_posted type="Estimate">January 13, 2015</study_first_posted>
  <results_first_submitted>August 12, 2020</results_first_submitted>
  <results_first_submitted_qc>October 9, 2020</results_first_submitted_qc>
  <results_first_posted type="Actual">November 3, 2020</results_first_posted>
  <disposition_first_submitted>February 6, 2017</disposition_first_submitted>
  <disposition_first_submitted_qc>February 6, 2017</disposition_first_submitted_qc>
  <disposition_first_posted type="Estimate">February 7, 2017</disposition_first_posted>
  <last_update_submitted>November 6, 2020</last_update_submitted>
  <last_update_submitted_qc>November 6, 2020</last_update_submitted_qc>
  <last_update_posted type="Actual">November 23, 2020</last_update_posted>
  <responsible_party>
    <responsible_party_type>Sponsor</responsible_party_type>
  </responsible_party>
  <keyword>breast cancer</keyword>
  <keyword>sentinel lymph node biopsy</keyword>
  <condition_browse>
    <!-- CAUTION:  The following MeSH terms are assigned with an imperfect algorithm            -->
    <mesh_term>Breast Neoplasms</mesh_term>
  </condition_browse>
  <intervention_browse>
    <!-- CAUTION:  The following MeSH terms are assigned with an imperfect algorithm            -->
    <mesh_term>Technetium Tc 99m Sulfur Colloid</mesh_term>
  </intervention_browse>

  <clinical_results>

    <participant_flow>
      <group_list>
        <group group_id="P1">
          <title>SiennaXP Injection</title>
          <description>Single injection of SiennaXP in addition to comparator single dose of radioisotope (Technetium Tc99m Sulfur Colloid) and single dose of isosulfan blue dye.&#xD;
Lymph node localization using the SentiMag handheld intraoperative localization system in addition to localization with standard of care handheld gamma probe.&#xD;
SiennaXP: Sub-cutaneous injection of SiennaXP magnetic marker, followed by lymph node localization using the SentiMag handheld magnetic probe&#xD;
Technetium Tc99m Sulfur Colloid: Injection of a single dose of radioisotope (Technetium Tc99m Sulfur Colloid)&#xD;
Isosulfan blue dye: Injection of a single dose of isosulfan blue dye</description>
        </group>
      </group_list>
      <period_list>
        <period>
          <title>Overall Study</title>
          <milestone_list>
            <milestone>
              <title>STARTED</title>
              <participants_list>
                <participants group_id="P1" count="160"/>
              </participants_list>
            </milestone>
            <milestone>
              <title>COMPLETED</title>
              <participants_list>
                <participants group_id="P1" count="147"/>
              </participants_list>
            </milestone>
            <milestone>
              <title>NOT COMPLETED</title>
              <participants_list>
                <participants group_id="P1" count="13"/>
              </participants_list>
            </milestone>
          </milestone_list>
          <drop_withdraw_reason_list>
            <drop_withdraw_reason>
              <title>Withdrawal by Subject</title>
              <participants_list>
                <participants group_id="P1" count="5"/>
              </participants_list>
            </drop_withdraw_reason>
            <drop_withdraw_reason>
              <title>Physician Decision</title>
              <participants_list>
                <participants group_id="P1" count="8"/>
              </participants_list>
            </drop_withdraw_reason>
          </drop_withdraw_reason_list>
        </period>
      </period_list>
    </participant_flow>

    <baseline>
      <group_list>
        <group group_id="B1">
          <title>SiennaXP Injection</title>
          <description>Single injection of SiennaXP in addition to comparator single dose of radioisotope (Technetium Tc99m Sulfur Colloid) and single dose of isosulfan blue dye.&#xD;
Lymph node localization using the SentiMag handheld intraoperative localization system in addition to localization with standard of care handheld gamma probe.&#xD;
SiennaXP: Sub-cutaneous injection of SiennaXP magnetic marker, followed by lymph node localization using the SentiMag handheld magnetic probe&#xD;
Technetium Tc99m Sulfur Colloid: Injection of a single dose of radioisotope (Technetium Tc99m Sulfur Colloid)</description>
        </group>
      </group_list>
      <analyzed_list>
        <analyzed>
          <units>Participants</units>
          <scope>Overall</scope>
          <count_list>
            <count group_id="B1" value="147"/>
          </count_list>
        </analyzed>
        <analyzed>
          <units>Sentinel Lymph Nodes (SLN)</units>
          <scope>Overall</scope>
          <count_list>
            <count group_id="B1" value="369"/>
          </count_list>
        </analyzed>
      </analyzed_list>
      <measure_list>
        <measure>
          <title>Age</title>
          <units>Participants</units>
          <param>Count of Participants</param>
          <units_analyzed>Participants</units_analyzed>
          <class_list>
            <class>
              <category_list>
                <category>
                  <title>&lt;=18 years</title>
                  <measurement_list>
                    <measurement group_id="B1" value="0"/>
                  </measurement_list>
                </category>
                <category>
                  <title>Between 18 and 65 years</title>
                  <measurement_list>
                    <measurement group_id="B1" value="90"/>
                  </measurement_list>
                </category>
                <category>
                  <title>&gt;=65 years</title>
                  <measurement_list>
                    <measurement group_id="B1" value="57"/>
                  </measurement_list>
                </category>
              </category_list>
            </class>
          </class_list>
        </measure>
        <measure>
          <title>Age</title>
          <units>Years</units>
          <param>Mean</param>
          <dispersion>Standard Deviation</dispersion>
          <units_analyzed>Participants</units_analyzed>
          <class_list>
            <class>
              <category_list>
                <category>
                  <measurement_list>
                    <measurement group_id="B1" value="61.1" spread="12.3"/>
                  </measurement_list>
                </category>
              </category_list>
            </class>
          </class_list>
        </measure>
        <measure>
          <title>Sex: Female, Male</title>
          <description>Sex of study subject was recorded</description>
          <units>Participants</units>
          <param>Count of Participants</param>
          <units_analyzed>Participants</units_analyzed>
          <class_list>
            <class>
              <category_list>
                <category>
                  <title>Female</title>
                  <measurement_list>
                    <measurement group_id="B1" value="147"/>
                  </measurement_list>
                </category>
                <category>
                  <title>Male</title>
                  <measurement_list>
                    <measurement group_id="B1" value="0"/>
                  </measurement_list>
                </category>
              </category_list>
            </class>
          </class_list>
        </measure>
        <measure>
          <title>Ethnicity (NIH/OMB)</title>
          <description>Study subjects self-reported their ethnicity</description>
          <units>Participants</units>
          <param>Count of Participants</param>
          <units_analyzed>Participants</units_analyzed>
          <class_list>
            <class>
              <category_list>
                <category>
                  <title>Hispanic or Latino</title>
                  <measurement_list>
                    <measurement group_id="B1" value="17"/>
                  </measurement_list>
                </category>
                <category>
                  <title>Not Hispanic or Latino</title>
                  <measurement_list>
                    <measurement group_id="B1" value="130"/>
                  </measurement_list>
                </category>
                <category>
                  <title>Unknown or Not Reported</title>
                  <measurement_list>
                    <measurement group_id="B1" value="0"/>
                  </measurement_list>
                </category>
              </category_list>
            </class>
          </class_list>
        </measure>
        <measure>
          <title>Race (NIH/OMB)</title>
          <description>Study subjects self reported their race</description>
          <units>Participants</units>
          <param>Count of Participants</param>
          <units_analyzed>Participants</units_analyzed>
          <class_list>
            <class>
              <category_list>
                <category>
                  <title>American Indian or Alaska Native</title>
                  <measurement_list>
                    <measurement group_id="B1" value="0"/>
                  </measurement_list>
                </category>
                <category>
                  <title>Asian</title>
                  <measurement_list>
                    <measurement group_id="B1" value="7"/>
                  </measurement_list>
                </category>
                <category>
                  <title>Native Hawaiian or Other Pacific Islander</title>
                  <measurement_list>
                    <measurement group_id="B1" value="0"/>
                  </measurement_list>
                </category>
                <category>
                  <title>Black or African American</title>
                  <measurement_list>
                    <measurement group_id="B1" value="11"/>
                  </measurement_list>
                </category>
                <category>
                  <title>White</title>
                  <measurement_list>
                    <measurement group_id="B1" value="121"/>
                  </measurement_list>
                </category>
                <category>
                  <title>More than one race</title>
                  <measurement_list>
                    <measurement group_id="B1" value="0"/>
                  </measurement_list>
                </category>
                <category>
                  <title>Unknown or Not Reported</title>
                  <measurement_list>
                    <measurement group_id="B1" value="8"/>
                  </measurement_list>
                </category>
              </category_list>
            </class>
          </class_list>
        </measure>
        <measure>
          <title>Region of Enrollment</title>
          <description>Country where study was being conducted</description>
          <units>subjects</units>
          <param>Number</param>
          <units_analyzed>Participants</units_analyzed>
          <class_list>
            <class>
              <title>United States</title>
              <category_list>
                <category>
                  <measurement_list>
                    <measurement group_id="B1" value="147"/>
                  </measurement_list>
                </category>
              </category_list>
            </class>
          </class_list>
        </measure>
      </measure_list>
    </baseline>

    <outcome_list>
      <outcome>
        <type>Primary</type>
        <title>Number of Participants With Detected Lymph Nodes</title>
        <description>The proportion of lymph nodes detected intraoperatively by SentiMag and SiennaXP in relation the proportion of lymph nodes detected by the combination of Technetium Sulfur Colloid and Isosulfan blue dye</description>
        <time_frame>During surgical procedure &lt;1 hour</time_frame>
        <population>146/147 were evaluated for the primary objective. One (1) subject had missing data and therefore was not included in the primary endpoint analysis</population>
        <group_list>
          <group group_id="O1">
            <title>SiennaXP Injection</title>
            <description>Single injection of SiennaXP in addition to comparator single dose of radioisotope (Technetium Tc99m Sulfur Colloid) and single dose of isosulfan blue dye.&#xD;
Lymph node localization using the SentiMag handheld intraoperative localization system in addition to localization with standard of care handheld gamma probe.&#xD;
SiennaXP: Sub-cutaneous injection of SiennaXP magnetic marker, followed by lymph node localization using the SentiMag handheld magnetic probe&#xD;
Technetium Tc99m Sulfur Colloid: Injection of a single dose of radioisotope (Technetium Tc99m Sulfur Colloid)&#xD;
Isosulfan blue dye: Injection of a single dose of isosulfan blue dye</description>
          </group>
        </group_list>
        <measure>
          <title>Number of Participants With Detected Lymph Nodes</title>
          <description>The proportion of lymph nodes detected intraoperatively by SentiMag and SiennaXP in relation the proportion of lymph nodes detected by the combination of Technetium Sulfur Colloid and Isosulfan blue dye</description>
          <population>146/147 were evaluated for the primary objective. One (1) subject had missing data and therefore was not included in the primary endpoint analysis</population>
          <units>Participants</units>
          <param>Count of Participants</param>
          <analyzed_list>
            <analyzed>
              <units>Participants</units>
              <scope>Measure</scope>
              <count_list>
                <count group_id="O1" value="146"/>
              </count_list>
            </analyzed>
          </analyzed_list>
          <class_list>
            <class>
              <category_list>
                <category>
                  <measurement_list>
                    <measurement group_id="O1" value="145"/>
                  </measurement_list>
                </category>
              </category_list>
            </class>
          </class_list>
        </measure>
      </outcome>
      <outcome>
        <type>Primary</type>
        <title>Safety of SiennaXP and SentiMag® as Indicated by Adverse Events and Serious Adverse Events and Their Relatedness to the Detection Method or Procedure.</title>
        <description>Number of Participants with Adverse Events relating to Sienna XP Injection</description>
        <time_frame>3-6 weeks</time_frame>
        <population>Number of subjects experiencing Sienna XP injection-related adverse events from enrollment through subject exit or completion</population>
        <group_list>
          <group group_id="O1">
            <title>SiennaXP Injection</title>
            <description>Single injection of SiennaXP in addition to comparator single dose of radioisotope (Technetium Tc99m Sulfur Colloid) and single dose of isosulfan blue dye.&#xD;
Lymph node localization using the SentiMag handheld intraoperative localization system in addition to localization with standard of care handheld gamma probe.&#xD;
SiennaXP: Sub-cutaneous injection of SiennaXP magnetic marker, followed by lymph node localization using the SentiMag handheld magnetic probe&#xD;
Technetium Tc99m Sulfur Colloid: Injection of a single dose of radioisotope (Technetium Tc99m Sulfur Colloid)&#xD;
Isosulfan blue dye: Injection of a single dose of isosulfan blue dye</description>
          </group>
        </group_list>
        <measure>
          <title>Safety of SiennaXP and SentiMag® as Indicated by Adverse Events and Serious Adverse Events and Their Relatedness to the Detection Method or Procedure.</title>
          <description>Number of Participants with Adverse Events relating to Sienna XP Injection</description>
          <population>Number of subjects experiencing Sienna XP injection-related adverse events from enrollment through subject exit or completion</population>
          <units>Participants</units>
          <param>Count of Participants</param>
          <analyzed_list>
            <analyzed>
              <units>Participants</units>
              <scope>Measure</scope>
              <count_list>
                <count group_id="O1" value="160"/>
              </count_list>
            </analyzed>
          </analyzed_list>
          <class_list>
            <class>
              <category_list>
                <category>
                  <measurement_list>
                    <measurement group_id="O1" value="20"/>
                  </measurement_list>
                </category>
              </category_list>
            </class>
          </class_list>
        </measure>
      </outcome>
      <outcome>
        <type>Secondary</type>
        <title>Nodal Concordance: Number of Nodes Identified by Both Test and Control Out of Nodes Identified by Control</title>
        <description>The number of nodes identified by both SiennaXP and Control out of nodes identified by Control</description>
        <time_frame>Intraoperative &lt;1 hour</time_frame>
        <group_list>
          <group group_id="O1">
            <title>SiennaXP Injection</title>
            <description>Single injection of SiennaXP in addition to comparator single dose of radioisotope (Technetium Tc99m Sulfur Colloid) and single dose of isosulfan blue dye.&#xD;
Lymph node localization using the SentiMag handheld intraoperative localization system in addition to localization with standard of care handheld gamma probe.&#xD;
SiennaXP: Sub-cutaneous injection of SiennaXP magnetic marker, followed by lymph node localization using the SentiMag handheld magnetic probe&#xD;
Technetium Tc99m Sulfur Colloid: Injection of a single dose of radioisotope (Technetium Tc99m Sulfur Colloid)&#xD;
Isosulfan blue dye: Injection of a single dose of isosulfan blue dye</description>
          </group>
        </group_list>
        <measure>
          <title>Nodal Concordance: Number of Nodes Identified by Both Test and Control Out of Nodes Identified by Control</title>
          <description>The number of nodes identified by both SiennaXP and Control out of nodes identified by Control</description>
          <units>percentage of concordance</units>
          <param>Number</param>
          <dispersion>95% Confidence Interval</dispersion>
          <analyzed_list>
            <analyzed>
              <units>Participants</units>
              <scope>Measure</scope>
              <count_list>
                <count group_id="O1" value="147"/>
              </count_list>
            </analyzed>
          </analyzed_list>
          <class_list>
            <class>
              <category_list>
                <category>
                  <measurement_list>
                    <measurement group_id="O1" value="94.5" lower_limit="92.1" upper_limit="96.9"/>
                  </measurement_list>
                </category>
              </category_list>
            </class>
          </class_list>
        </measure>
      </outcome>
      <outcome>
        <type>Secondary</type>
        <title>Number of Participants With Lymph Nodes Detected by Combined Radioisotope,Blue Dye and Magnetic Technique</title>
        <description>The per patient detection rate for a combination of all methods (magnetic, combined radioisotope and blue dye; radioisotope alone; blue dye alone)</description>
        <time_frame>Intraoperative &lt;1 hour</time_frame>
        <group_list>
          <group group_id="O1">
            <title>SiennaXP Injection</title>
            <description>Single injection of SiennaXP in addition to comparator single dose of radioisotope (Technetium Tc99m Sulfur Colloid) and single dose of isosulfan blue dye.&#xD;
Lymph node localization using the SentiMag handheld intraoperative localization system in addition to localization with standard of care handheld gamma probe.&#xD;
SiennaXP: Sub-cutaneous injection of SiennaXP magnetic marker, followed by lymph node localization using the SentiMag handheld magnetic probe&#xD;
Technetium Tc99m Sulfur Colloid: Injection of a single dose of radioisotope (Technetium Tc99m Sulfur Colloid)</description>
          </group>
        </group_list>
        <measure>
          <title>Number of Participants With Lymph Nodes Detected by Combined Radioisotope,Blue Dye and Magnetic Technique</title>
          <description>The per patient detection rate for a combination of all methods (magnetic, combined radioisotope and blue dye; radioisotope alone; blue dye alone)</description>
          <units>Participants</units>
          <param>Count of Participants</param>
          <analyzed_list>
            <analyzed>
              <units>Participants</units>
              <scope>Measure</scope>
              <count_list>
                <count group_id="O1" value="146"/>
              </count_list>
            </analyzed>
          </analyzed_list>
          <class_list>
            <class>
              <category_list>
                <category>
                  <measurement_list>
                    <measurement group_id="O1" value="145"/>
                  </measurement_list>
                </category>
              </category_list>
            </class>
          </class_list>
        </measure>
      </outcome>
    </outcome_list>

    <reported_events>
      <group_list>
        <group group_id="E1">
          <title>SiennaXP Injection</title>
          <description>Single injection of SiennaXP in addition to comparator single dose of radioisotope (Technetium Tc99m Sulfur Colloid) and single dose of isosulfan blue dye.&#xD;
Lymph node localization using the SentiMag handheld intraoperative localization system in addition to localization with standard of care handheld gamma probe.&#xD;
SiennaXP: Sub-cutaneous injection of SiennaXP magnetic marker, followed by lymph node localization using the SentiMag handheld magnetic probe&#xD;
Technetium Tc99m Sulfur Colloid: Injection of a single dose of radioisotope (Technetium Tc99m Sulfur Colloid)&#xD;
Isosulfan blue dye: Injection of a single dose of isosulfan blue dye</description>
        </group>
      </group_list>
      <serious_events>
        <category_list>
          <category>
            <title>Total</title>
            <event_list>
              <event>
                <sub_title>Total, all-cause mortality</sub_title>
                <counts group_id="E1" subjects_affected="0" subjects_at_risk="147"/>
              </event>
              <event>
                <sub_title>Total, serious adverse events</sub_title>
                <counts group_id="E1" subjects_affected="0" subjects_at_risk="147"/>
              </event>
            </event_list>
          </category>
        </category_list>
      </serious_events>
      <other_events>
        <frequency_threshold>0</frequency_threshold>
        <default_assessment>Systematic Assessment</default_assessment>
        <category_list>
          <category>
            <title>Total</title>
            <event_list>
              <event>
                <sub_title>Total, other adverse events</sub_title>
                <counts group_id="E1" subjects_affected="23" subjects_at_risk="147"/>
              </event>
            </event_list>
          </category>
          <category>
            <title>Skin and subcutaneous tissue disorders</title>
            <event_list>
              <event>
                <sub_title>Breast discolouration/hyperpigmentation</sub_title>
                <counts group_id="E1" events="23" subjects_affected="23" subjects_at_risk="147"/>
              </event>
            </event_list>
          </category>
        </category_list>
      </other_events>
    </reported_events>

    <certain_agreements>
      <pi_employee>Principal Investigators are NOT employed by the organization sponsoring the study.</pi_employee>
      <restrictive_agreement>There is NOT an agreement between Principal Investigators and the Sponsor (or its agents) that restricts the PI's rights to discuss or publish trial results after the trial is completed. </restrictive_agreement>
    </certain_agreements>
    <point_of_contact>
      <name_or_title>Clinical Develoment Director</name_or_title>
      <organization>Endomag</organization>
      <phone>+44 7851 247439</phone>
      <email>mwomack@endomag.com</email>
    </point_of_contact>
  </clinical_results>
</clinical_study>

