<?xml version="1.0" encoding="UTF-8"?>
<clinical_study rank="134">
  <!-- This xml conforms to an XML Schema at:
    https://clinicaltrials.gov/ct2/html/images/info/public.xsd -->
  <required_header>
    <download_date>ClinicalTrials.gov processed this data on May 26, 2023</download_date>
    <link_text>Link to the current ClinicalTrials.gov record.</link_text>
    <url>https://clinicaltrials.gov/show/NCT04379908</url>
  </required_header>
  <id_info>
    <org_study_id>Health-EpiGEICAM</org_study_id>
    <nct_id>NCT04379908</nct_id>
  </id_info>
  <brief_title>Healthy Lifestyles and Quality of Life in Women With Breast Cancer</brief_title>
  <official_title>Healthy Lifestyles and Quality of Life in Women With Breast Cancer (Health-EpiGEICAM)</official_title>
  <sponsors>
    <lead_sponsor>
      <agency>Spanish Breast Cancer Research Group</agency>
      <agency_class>Other</agency_class>
    </lead_sponsor>
    <collaborator>
      <agency>Asociación Española contra el Cáncer</agency>
      <agency_class>Other</agency_class>
    </collaborator>
  </sponsors>
  <source>Spanish Breast Cancer Research Group</source>
  <oversight_info>
    <has_dmc>No</has_dmc>
    <is_fda_regulated_drug>No</is_fda_regulated_drug>
    <is_fda_regulated_device>No</is_fda_regulated_device>
  </oversight_info>
  <brief_summary>
    <textblock>
      A cross-sectional, multicenter, and observational study designed to update clinical,&#xD;
      pathological, and lifestyle information for a cohort of approximately 1245 breast cancer&#xD;
      patients included in the epiGEICAM-01 study.&#xD;
    </textblock>
  </brief_summary>
  <detailed_description>
    <textblock>
      In 2007, GEICAM started the EpiGEICAM case-control study, to investigate the association of&#xD;
      diet and other lifestyle factors with breast cancer risk. In this study, we were able to&#xD;
      identify two dietary patterns related with breast cancer in an opposite way. Thus, while&#xD;
      women with high adherence to the so-called &quot;Western&quot; diet had an excess risk of breast&#xD;
      cancer, high adherence to the &quot;Mediterranean&quot; pattern reduced the risk of breast cancer,&#xD;
      being this effect particularly marked for triple negative tumors. Regarding physical&#xD;
      activity, our preliminary results show a positive association between sedentarism and breast&#xD;
      cancer risk. This project will focus on breast cancer patients included in that study in&#xD;
      order to explore their degree of adherence to lifestyle behaviour recommendations and their&#xD;
      association with the quality of life of these women.&#xD;
&#xD;
      Survivors will be re-surveyed to assess tobacco, alcohol, diet, obesity and health-related&#xD;
      quality of life, using a specific questionnaire witch contains the following information:&#xD;
&#xD;
        -  Sociodemographic information.&#xD;
&#xD;
        -  Anthropometric data (weight, height).&#xD;
&#xD;
        -  Clinical and gynecological data.&#xD;
&#xD;
        -  Assessment of lifestyle habits: including tobacco consumption and diet.&#xD;
&#xD;
        -  Physical activity questionnaire, with the International Physical Activity Questionnaire&#xD;
           (IPAQ).&#xD;
&#xD;
        -  Questionnaire to know the preference of patients on receiving information about their&#xD;
           treatment in physical exercise.&#xD;
&#xD;
        -  General Short Form-36 (SF36) quality of life questionnaire already used at the time of&#xD;
           diagnosis.&#xD;
&#xD;
        -  Specific Fatigue and Quality of Life Questionnaires: Functional Assessment of Cancer&#xD;
           Therapy - Breast Cancer (FACT-B) and Functional Assessment of Cancer Therapy - Fatigue&#xD;
           (FACT-F).&#xD;
&#xD;
        -  Coping questionnaires: COPE-28 and Brief Resilience Scale (BRS).&#xD;
    </textblock>
  </detailed_description>
  <overall_status>Completed</overall_status>
  <start_date type="Actual">November 7, 2017</start_date>
  <completion_date type="Actual">April 4, 2019</completion_date>
  <primary_completion_date type="Actual">April 4, 2019</primary_completion_date>
  <study_type>Observational [Patient Registry]</study_type>
  <has_expanded_access>No</has_expanded_access>
  <study_design_info>
    <observational_model>Case-Only</observational_model>
    <time_perspective>Cross-Sectional</time_perspective>
  </study_design_info>
  <target_duration>1 Day</target_duration>
  <primary_outcome>
    <measure>Degree of adherence of breast cancer survivors to international guidelines regarding modifiable lifestyles by questionnaires</measure>
    <time_frame>After completing the survey, an average of 1 week</time_frame>
    <description>The scores that measure the degree of compliance with the World Cancer Research Fund (WCRF) / American Institute for Cancer Research (AICR) recommendations and those included in the European Code Against Cancer 4th edition (CECC4) at the time of diagnosis (time 1) and those obtained in the second interview (time 2) will be calculated and described. Differences will be described using basic descriptive statistics and the statistical significance of the differences found using the paired samples hypothesis contrast test (repeated measurements on the same woman). To assess which factors are associated with changes in the degree of compliance, repeated measures mixed models will be used, considering each woman as a term with random effects.&#xD;
The specific questionnaires that will be used are Anthropometric data, Assessment of lifestyle habits, International Physical Activity Questionnaire (IPAQ).</description>
  </primary_outcome>
  <primary_outcome>
    <measure>Quantify changes in modifiable lifestyles by questionnaires</measure>
    <time_frame>After completing the survey, an average of 1 week</time_frame>
    <description>The scores that measure the degree of compliance with the World Cancer Research Fund (WCRF) / American Institute for Cancer Research (AICR) recommendations and those included in the European Code Against Cancer 4th edition (CECC4) at the time of diagnosis (time 1) and those obtained in the second interview (time 2) will be calculated and described. Differences will be described using basic descriptive statistics and the statistical significance of the differences found using the paired samples hypothesis contrast test (repeated measurements on the same woman). To assess which factors are associated with changes in the degree of compliance, repeated measures mixed models will be used, considering each woman as a term with random effects.&#xD;
The specific questionnaire that will be used is Assessment of lifestyle habits</description>
  </primary_outcome>
  <primary_outcome>
    <measure>Differences in adherence to recommendations of survivors of breast cancer</measure>
    <time_frame>After completing the survey, an average of 1 week</time_frame>
    <description>The scores that measure the degree of compliance with the World Cancer Research Fund (WCRF) / American Institute for Cancer Research (AICR) recommendations and those included in the European Code Against Cancer 4th edition (CECC4) at the time of diagnosis (time 1) and those obtained in the second interview (time 2) will be calculated and described. Differences will be described using basic descriptive statistics and the statistical significance of the differences found using the paired samples hypothesis contrast test (repeated measurements on the same woman). To assess which factors are associated with changes in the degree of compliance, repeated measures mixed models will be used, considering each woman as a term with random effects.&#xD;
The specific questionnaires that will be used are Sociodemographic information, Clinical and gynecological data and Coping questionnaires: COPE-28 and Brief Resilience Scale (BRS).</description>
  </primary_outcome>
  <primary_outcome>
    <measure>Estimate the health-related quality of life (HRQL) of these patients in all its dimensions and compare it with that observed in the general population and with the self-reported by these women at the time of diagnosis</measure>
    <time_frame>After completing the survey, an average of 1 week</time_frame>
    <description>The HRQL will be estimated at the present time and at diagnosis, computing the Short Form-36 Health Survey scores in the 8 dimensions included in the questionnaire and the two summarizing components. To compare the HRQL observed in these women with those of the Spanish population, standardized values of these dimensions will be used, considering the mean and standard deviation observed in the general population. The Functional Assessment of Cancer Therapy - Breast Cancer (FACT-B) and the Functional Assessment of Cancer Therapy - Fatigue (FACT-F) questionnaire will be assessed according to the FACT scoring standards.&#xD;
The higher the number of points, the better the quality of life. To obtain the score, the negative questions are reverted; then the answers of the domains are added up, and a proportional average is carried out in case of non answered items.</description>
  </primary_outcome>
  <primary_outcome>
    <measure>Adherence effect to the WCRF, AICR and CECC4 recommendations on the HRQL</measure>
    <time_frame>After completing the survey, an average of 1 week</time_frame>
    <description>Adherence effect to recommendations (measuring each of them separately and global adherence) has a positive impact on the HRQL of these women.&#xD;
Global adherence score to the WCRF / AICR recommendations and to those included in the CECC4 on each of the HRQL dimensions will be quantified, using multiple regression models including age adjustment variables, the time from diagnosis, stage, situation with respect to the tumor (without disease or with disease) and socioeconomic status, as well as all those that act as confounding factors (those that are associated with HRQL and the degree of adherence to the recommendations ). Outcome variable: HRQL dimensions; Main exposure variable: Index of compliance with the recommendations.&#xD;
The specific questionnaires that will be used are General Short Form-36 quality of life questionnaire, Functional Assessment of Cancer Therapy - Breast Cancer (FACT-B) and Functional Assessment of Cancer Therapy - Fatigue (FACT-F).</description>
  </primary_outcome>
  <primary_outcome>
    <measure>Compliance effect to the WCRF, AICR and CECC4 recommendations on survival of these women.</measure>
    <time_frame>After completing the survey, an average of 1 week</time_frame>
    <description>Cox regression models will be used to explore the influence that initial adherence to these recommendations has had on disease-free survival and overall survival for these women. Result variable: Time until the occurrence of the event / censorship; Main exposure variable: Degree of initial compliance with the recommendations.&#xD;
Disease-free survival is defined as the time from initially diagnosis to the first documented progression disease, or death from any cause, whichever occurs first.&#xD;
Overall survival is defined as the time from the date of initially diagnosis to the date of death from any cause.</description>
  </primary_outcome>
  <enrollment type="Actual">801</enrollment>
  <condition>Breast Cancer</condition>
  <biospec_retention>Samples With DNA</biospec_retention>
  <biospec_descr>
    <textblock>
      Samples of stored primary tumor tissue will be collected (if available) in order to obtain&#xD;
      high-quality molecular data to gain a better understanding of breast cancer.&#xD;
    </textblock>
  </biospec_descr>
  <eligibility>
    <study_pop>
      <textblock>
        Women with breast cancer who have previously participated in the epiGEICAM-01 study.&#xD;
      </textblock>
    </study_pop>
    <sampling_method>Non-Probability Sample</sampling_method>
    <criteria>
      <textblock>
        Inclusion Criteria:&#xD;
&#xD;
          -  Women who participated in the case cohort in the epiGEICAM-01 clinical epidemiological&#xD;
             study&#xD;
&#xD;
          -  Capable and willing women to provide their written informed consent. If the patient&#xD;
             has died, the biological sample and clinical data may be analyzed in those cases in&#xD;
             which there is no express opposition from the patient or her relatives for&#xD;
             participation in this type of study. The document of previous instructions will be&#xD;
             consulted and, failing that, the criteria of the closest relative of the deceased will&#xD;
             be recorded.&#xD;
&#xD;
          -  Capable and willing women to complete the questionnaires provided in the study (except&#xD;
             deceased).&#xD;
&#xD;
        Exclusion Criteria: None&#xD;
      </textblock>
    </criteria>
    <gender>Female</gender>
    <minimum_age>18 Years</minimum_age>
    <maximum_age>N/A</maximum_age>
    <healthy_volunteers>No</healthy_volunteers>
  </eligibility>
  <overall_official>
    <last_name>Study Director</last_name>
    <role>Study Director</role>
    <affiliation>Instituto de Salud Carlos III</affiliation>
  </overall_official>
  <overall_official>
    <last_name>Study Director</last_name>
    <role>Study Director</role>
    <affiliation>Hospital General Universitario Gregorio Marañón</affiliation>
  </overall_official>
  <location>
    <facility>
      <name>Hospital Mutua de Terrassa</name>
      <address>
        <city>Terrassa</city>
        <state>Barcelona</state>
        <zip>08221</zip>
        <country>Spain</country>
      </address>
    </facility>
  </location>
  <location>
    <facility>
      <name>Consorci Sanitari de Terrassa</name>
      <address>
        <city>Terrassa</city>
        <state>Barcelona</state>
        <country>Spain</country>
      </address>
    </facility>
  </location>
  <location>
    <facility>
      <name>Complejo Hospitalario Universitario A Coruña (CHUAC)</name>
      <address>
        <city>A Coruña</city>
        <state>Galicia</state>
        <country>Spain</country>
      </address>
    </facility>
  </location>
  <location>
    <facility>
      <name>Hospital Universitario Fundación Alcorcón</name>
      <address>
        <city>Alcorcón</city>
        <state>Madrid</state>
        <zip>28922</zip>
        <country>Spain</country>
      </address>
    </facility>
  </location>
  <location>
    <facility>
      <name>Centro Oncológico de Galicia</name>
      <address>
        <city>A Coruña</city>
        <zip>15009</zip>
        <country>Spain</country>
      </address>
    </facility>
  </location>
  <location>
    <facility>
      <name>Hospital General Universitario de Alicante</name>
      <address>
        <city>Alicante</city>
        <zip>03010</zip>
        <country>Spain</country>
      </address>
    </facility>
  </location>
  <location>
    <facility>
      <name>Hospital Universitario Virgen de los Lirios</name>
      <address>
        <city>Alicante</city>
        <zip>03804</zip>
        <country>Spain</country>
      </address>
    </facility>
  </location>
  <location>
    <facility>
      <name>Hospital Clinic i Provincial</name>
      <address>
        <city>Barcelona</city>
        <zip>08036</zip>
        <country>Spain</country>
      </address>
    </facility>
  </location>
  <location>
    <facility>
      <name>Hospital Universitario de Burgos</name>
      <address>
        <city>Burgos</city>
        <zip>09006</zip>
        <country>Spain</country>
      </address>
    </facility>
  </location>
  <location>
    <facility>
      <name>Hospital Puerta del Mar</name>
      <address>
        <city>Cadiz</city>
        <zip>11009</zip>
        <country>Spain</country>
      </address>
    </facility>
  </location>
  <location>
    <facility>
      <name>ICO de Girona, Hospital Dr. Josep Trueta</name>
      <address>
        <city>Gerona</city>
        <zip>17007</zip>
        <country>Spain</country>
      </address>
    </facility>
  </location>
  <location>
    <facility>
      <name>Complejo Hospitalario de Jaén</name>
      <address>
        <city>Jaen</city>
        <zip>23007</zip>
        <country>Spain</country>
      </address>
    </facility>
  </location>
  <location>
    <facility>
      <name>Hospital Clínico San Carlos</name>
      <address>
        <city>Madrid</city>
        <zip>28040</zip>
        <country>Spain</country>
      </address>
    </facility>
  </location>
  <location>
    <facility>
      <name>Hospital Universitario Virgen del Rocío</name>
      <address>
        <city>Sevilla</city>
        <zip>41013</zip>
        <country>Spain</country>
      </address>
    </facility>
  </location>
  <location>
    <facility>
      <name>Hospital Universitario Virgen de la Salud</name>
      <address>
        <city>Toledo</city>
        <zip>45071</zip>
        <country>Spain</country>
      </address>
    </facility>
  </location>
  <location>
    <facility>
      <name>Instituto Valenciano de Oncología</name>
      <address>
        <city>Valencia</city>
        <zip>46009</zip>
        <country>Spain</country>
      </address>
    </facility>
  </location>
  <location>
    <facility>
      <name>Hospital Clinico Universitario de Valencia</name>
      <address>
        <city>Valencia</city>
        <zip>46010</zip>
        <country>Spain</country>
      </address>
    </facility>
  </location>
  <location>
    <facility>
      <name>Hospital Universitario Miguel Servet</name>
      <address>
        <city>Zaragoza</city>
        <zip>50009</zip>
        <country>Spain</country>
      </address>
    </facility>
  </location>
  <location_countries>
    <country>Spain</country>
  </location_countries>
  <link>
    <url>http://www.geicam.org</url>
    <description>Spanish Breast Cancer Research Group (GEICAM) is a Spanish Breast Cancer Research Group</description>
  </link>
  <results_reference>
    <citation>Lope V, Guerrero-Zotano A, Ruiz-Moreno E, Bermejo B, Antolin S, Montano A, Baena-Canada JM, Ramos Vazquez M, Fernandez de Larrea-Baz N, Chacon JI, Garcia-Saenz JA, Olier C, Munoz M, Anton A, Sanchez Rovira P, Arcusa Lanza A, Gonzalez S, Oltra A, Brunet J, Gavila Gregori J, Martinez MT, Calvo L, Rosell L, Bezares S, Pastor-Barriuso R, Perez-Gomez B, Martin M, Pollan M. Clinical and Sociodemographic Determinants of Adherence to World Cancer Research Fund/American Institute for Cancer Research (WCRF/AICR) Recommendations in Breast Cancer Survivors-Health-EpiGEICAM Study. Cancers (Basel). 2022 Sep 27;14(19):4705. doi: 10.3390/cancers14194705.</citation>
    <PMID>36230628</PMID>
  </results_reference>
  <verification_date>March 2023</verification_date>
  <study_first_submitted>April 29, 2020</study_first_submitted>
  <study_first_submitted_qc>May 4, 2020</study_first_submitted_qc>
  <study_first_posted type="Actual">May 8, 2020</study_first_posted>
  <last_update_submitted>March 13, 2023</last_update_submitted>
  <last_update_submitted_qc>March 13, 2023</last_update_submitted_qc>
  <last_update_posted type="Actual">March 15, 2023</last_update_posted>
  <responsible_party>
    <responsible_party_type>Sponsor</responsible_party_type>
  </responsible_party>
  <keyword>Lifestyle</keyword>
  <keyword>Quality of life</keyword>
  <keyword>Breast cancer</keyword>
  <condition_browse>
    <!-- CAUTION:  The following MeSH terms are assigned with an imperfect algorithm            -->
    <mesh_term>Breast Neoplasms</mesh_term>
  </condition_browse>
  <!-- Results have not yet been posted for this study                                          -->
</clinical_study>

