<?xml version="1.0" encoding="UTF-8"?>
<clinical_study rank="85">
  <!-- This xml conforms to an XML Schema at:
    https://clinicaltrials.gov/ct2/html/images/info/public.xsd -->
  <required_header>
    <download_date>ClinicalTrials.gov processed this data on May 26, 2023</download_date>
    <link_text>Link to the current ClinicalTrials.gov record.</link_text>
    <url>https://clinicaltrials.gov/show/NCT04874064</url>
  </required_header>
  <id_info>
    <org_study_id>TRICIA</org_study_id>
    <nct_id>NCT04874064</nct_id>
  </id_info>
  <brief_title>TRIple Negative Breast Cancer Markers In Liquid Biopsies Using Artificial Intelligence</brief_title>
  <acronym>TRICIA</acronym>
  <official_title>Triple Negative Breast Cancer Markers in Liquid Biopsies Using Artificial Intelligence (TRICIA Study)</official_title>
  <sponsors>
    <lead_sponsor>
      <agency>Jewish General Hospital</agency>
      <agency_class>Other</agency_class>
    </lead_sponsor>
    <collaborator>
      <agency>Exactis Innovation</agency>
      <agency_class>Other</agency_class>
    </collaborator>
  </sponsors>
  <source>Jewish General Hospital</source>
  <oversight_info>
    <has_dmc>No</has_dmc>
    <is_fda_regulated_drug>No</is_fda_regulated_drug>
    <is_fda_regulated_device>No</is_fda_regulated_device>
  </oversight_info>
  <brief_summary>
    <textblock>
      Triple negative breast cancer (TNBC) is the most aggressive of breast cancers and it is&#xD;
      usually treated with chemotherapy even before surgery. In many cases, the chemotherapy&#xD;
      completely &quot;melts&quot; the tumor and these patients do well. When the tumor is not eliminated by&#xD;
      the chemotherapy, the patient receive more chemotherapy after surgery to decrease the chances&#xD;
      of it coming back. Yet many of these patients don't need that extra chemotherapy and will do&#xD;
      well in any case. One of the most exciting recent developments in cancer is the use of&#xD;
      &quot;liquid biopsies&quot;. It turns out that the tumor's DNA, RNA and proteins can be detected in&#xD;
      small vesicles found in the patient's blood. Thanks to advances in Artificial Intelligence,&#xD;
      there is now informatics tools to integrate many types of molecular information. Our&#xD;
      industrial partner, MIMs, will apply novel informatics tools to generate a test using all the&#xD;
      molecular information obtained from blood vesicles and tissue that will be able to find out&#xD;
      early if tumor has spread outside of the breast, and how much tumor is left after surgery.&#xD;
      The goal is hope to develop a multi-dimensional test for TNBC patients that can be used to&#xD;
      decide how much treatment they need and if treatment given after surgery is working.&#xD;
    </textblock>
  </brief_summary>
  <detailed_description>
    <textblock>
      Rationale: The most aggressive form of breast cancer is triple negative breast cancer (TNBC),&#xD;
      so called because these tumors do not express hormone receptors or HER2 receptor, and&#xD;
      therefore have no readily targetable molecules. Chemotherapy is the only treatment, with&#xD;
      chemoresistance signaling a very poor outcome even in early TNBC. The presence of residual&#xD;
      tumor at surgery (non-pathological complete response or non-pCR) signals chemoresistance and&#xD;
      poor prognosis, with about 30-40% of these patients dying of TNBC within the first 5 years&#xD;
      after surgery. A recent clinical trial showed that the addition of further chemotherapy&#xD;
      (Capecitabine) results in improved survival in these patients with non-pCR, although only&#xD;
      about 15% of such patients do benefit. One of the most urgent unmet needs is to identify&#xD;
      patients who will do well despite non-pCR (so as to avoid extra chemotherapy) and who will do&#xD;
      poorly despite it, and also to identify factors of poor prognosis that may lead to novel&#xD;
      therapeutic strategies in this group.&#xD;
&#xD;
      Current state of advancement of the technology: Until now, no biomarker except BRCA1/2&#xD;
      mutations has demonstrated clinical utility in the treatment of TNBC, likely due to the&#xD;
      complex biology and heterogeneity of the disease. With the recent advances in Artificial&#xD;
      Intelligence methodology, combining and integrating several layers of molecular data to&#xD;
      predict outcome, until now challenging, becomes a reality. The hypothesize is that combining&#xD;
      multi-dimensional data of tumor and plasma EVs can facilitate the development of prognostic&#xD;
      and predictive signatures in this very aggressive disease.&#xD;
&#xD;
      Preliminary data: Thanks to our Q-CROC-03 biopsy driven clinical trial where tumor and plasma&#xD;
      from patients with TNBC resistant to chemotherapy were collected. Whole exome seq data were&#xD;
      translated to generate personalized circulating tumor DNA (ctDNA) assays. Our data shows a&#xD;
      potential prognostic value to the detection of ctDNA after pre-operative chemotherapy. There&#xD;
      is a collaboration established with Rodney Ouellette (ACRI) to isolate and profile&#xD;
      extracellular vesicles (EVs) from plasma.&#xD;
&#xD;
      Objectives: The objective of the present study is to develop signatures of good and poor&#xD;
      outcome as well of tumor response to chemotherapy in TNBCs by integrating multidimensional&#xD;
      profiling of both tumor and liquid biopsies making use of Artificial Intelligence (AI) tools.&#xD;
&#xD;
      Experimental approach: EVs profiling from plasma collected in the Q-CROC-03 trial and the JGH&#xD;
      biobank (prior, during and after chemotherapy treatment) will be performed. Profiling will&#xD;
      include Whole Genome Sequencing (GWS), proteomics, transcriptomics and miRNA analysis. In&#xD;
      collaboration with our industrial partner, My Intelligent Machines (MIMs), experts in&#xD;
      bioinformatics and AI, machine-learning algorithms will be developed to integrate OMICs data&#xD;
      from resistant tumors with matched plasma EVs data and generate a tumor/plasma signature&#xD;
      associated with poor outcome. In parallel, in collaboration with the EXACTIS Innovation&#xD;
      Network, patients recruitment, collection of residual tumors post chemotherapy and matched&#xD;
      serial plasma samples during capecitabine treatment after surgery to perform the validation&#xD;
      of the signature identified, the tumor/EV signature will be associated with patient survival.&#xD;
&#xD;
      Milestones of the proposed project: 1. Profiling of EVs from plasma. 2. Profiling of&#xD;
      chemoresistant tumors 3. Development of algorithms to integrate multidimensional data from&#xD;
      tumor and EVs.&#xD;
&#xD;
      The developed signatures will be IP protected. Academic and industrial partners will have&#xD;
      shared IP (respective % to be determined). Prognostic tests will be developed on identified&#xD;
      biomarkers and distributed through MIMsOmic Platform. MIMsOmic is an AI-powered platform&#xD;
      commercialized by MIMs and enabling an easy, efficient and cost-effective delivery of&#xD;
      clinical tests involving Omic data analysis.&#xD;
&#xD;
      The present project will develop a biomarker signature of poor prognosis for the most&#xD;
      aggressive type of breast cancer. This signature will allow the identification of patients&#xD;
      who should not be treated with post-surgery chemotherapy, and avoid unnecessary exposure to&#xD;
      the toxicity associated with this drug.&#xD;
    </textblock>
  </detailed_description>
  <overall_status>Recruiting</overall_status>
  <start_date type="Actual">December 5, 2019</start_date>
  <completion_date type="Anticipated">June 2023</completion_date>
  <primary_completion_date type="Anticipated">June 2022</primary_completion_date>
  <study_type>Observational</study_type>
  <has_expanded_access>No</has_expanded_access>
  <study_design_info>
    <observational_model>Cohort</observational_model>
    <time_perspective>Prospective</time_perspective>
  </study_design_info>
  <primary_outcome>
    <measure>Develop signatures of good and poor outcome as well of tumor response to chemotherapy in TNBCs by integrating multidimensional profiling of both tumor and liquid biopsies making use of Artificial Intelligence (AI) tools</measure>
    <time_frame>3 years</time_frame>
  </primary_outcome>
  <enrollment type="Anticipated">130</enrollment>
  <condition>Breast Cancer</condition>
  <intervention>
    <intervention_type>Other</intervention_type>
    <intervention_name>Liquid Biopsy</intervention_name>
    <description>Blood collection and access to residual tumor.</description>
  </intervention>
  <biospec_retention>Samples With DNA</biospec_retention>
  <biospec_descr>
    <textblock>
      Tissue and blood sample DNA&#xD;
    </textblock>
  </biospec_descr>
  <eligibility>
    <study_pop>
      <textblock>
        This study will be conducted in patients with a diagnosis of breast cancer and&#xD;
        pathologically identified as triple negative (not expressing estrogen receptor (ER),&#xD;
        progesterone receptor (PR) and HER2 protein, and not showing ERBB2 gene amplification) who&#xD;
        will be undergoing neoadjuvant treatment and has residual tumor.&#xD;
      </textblock>
    </study_pop>
    <sampling_method>Probability Sample</sampling_method>
    <criteria>
      <textblock>
        Inclusion Criteria:&#xD;
&#xD;
          -  Triple negative (ER negative, PR negative and Her2 negative as defined by local&#xD;
             standards). ER &lt;10% is acceptable.&#xD;
&#xD;
          -  Patients who have completed a minimum of 8 weeks of neoadjuvant chemotherapy.&#xD;
&#xD;
          -  A cohort of TNBC patients who are awaiting surgery that have clinical or radiological&#xD;
             evidence of residual tumor prior to surgery. This evaluation will be made at the&#xD;
             discretion of the treating physician.&#xD;
&#xD;
        OR A second cohort of TNBC patients will be recruited after surgery, in which pathological&#xD;
        evaluation has demonstrated the presence of residual tumor post-surgery.&#xD;
&#xD;
          -  Patients who can come to the clinic for standard of care follow-up within 6 weeks&#xD;
             post-surgery and in the next 6 months after surgery.&#xD;
&#xD;
          -  Patients who are willing to provide serial blood samples.&#xD;
&#xD;
          -  Participants must be willing and able to comply with scheduled visits, treatment&#xD;
             schedule, laboratory testing, and other requirements of the study.&#xD;
&#xD;
        Exclusion Criteria:&#xD;
&#xD;
          -  Clinical or radiological evidence of metastatic disease.&#xD;
&#xD;
          -  Patient with a recurrence of breast cancer.&#xD;
&#xD;
          -  Patients who have not had neoadjuvant chemotherapy or less than 8 weeks of neoadjuvant&#xD;
             chemotherapy.&#xD;
&#xD;
          -  Patient who received radiotherapy treatment prior to surgery.&#xD;
&#xD;
          -  Patients who are not capable of signing or understanding the informed consent form.&#xD;
&#xD;
          -  Known infection with HIV or hepatitis.&#xD;
      </textblock>
    </criteria>
    <gender>All</gender>
    <minimum_age>18 Years</minimum_age>
    <maximum_age>N/A</maximum_age>
    <healthy_volunteers>No</healthy_volunteers>
  </eligibility>
  <overall_official>
    <last_name>Mark Basik, Dr</last_name>
    <role>Principal Investigator</role>
    <affiliation>Study Principal Investigator</affiliation>
  </overall_official>
  <overall_contact>
    <last_name>Adriana Aguilar, PhD</last_name>
    <phone>514-340-8222</phone>
    <phone_ext>23365</phone_ext>
    <email>nanaaguilar@gmail.com</email>
  </overall_contact>
  <overall_contact_backup>
    <last_name>Josiane Lafleur, MSc</last_name>
    <phone>514-340-8222</phone>
    <phone_ext>23365</phone_ext>
    <email>josiane.lafleur.jgh@gmail.com</email>
  </overall_contact_backup>
  <location>
    <facility>
      <name>St. Joseph's Health Care London</name>
      <address>
        <city>London</city>
        <state>Ontario</state>
        <zip>N6A 4V2</zip>
        <country>Canada</country>
      </address>
    </facility>
    <status>Recruiting</status>
    <contact>
      <last_name>Kalan S. Lynn, MSc</last_name>
      <phone>519-646-6100</phone>
      <phone_ext>61384</phone_ext>
      <email>kalan.lynn@lhsc.on.ca</email>
    </contact>
    <investigator>
      <last_name>Muriel Brackstone, Dr</last_name>
      <role>Sub-Investigator</role>
    </investigator>
  </location>
  <location>
    <facility>
      <name>The Ottawa Hospital Cancer Center</name>
      <address>
        <city>Ottawa</city>
        <state>Ontario</state>
        <zip>K1H 8L6</zip>
        <country>Canada</country>
      </address>
    </facility>
    <status>Recruiting</status>
    <contact>
      <last_name>Nathalie Tremblay</last_name>
      <phone>613-737-7700</phone>
      <phone_ext>77265</phone_ext>
      <email>natremblay@ohri.ca</email>
    </contact>
    <investigator>
      <last_name>Terry Ng, Dr</last_name>
      <role>Sub-Investigator</role>
    </investigator>
  </location>
  <location>
    <facility>
      <name>Sunnybrook Health Sciences Centre</name>
      <address>
        <city>Toronto</city>
        <state>Ontario</state>
        <zip>M4N 3M5</zip>
        <country>Canada</country>
      </address>
    </facility>
    <status>Recruiting</status>
    <contact>
      <last_name>Donna Morgan</last_name>
      <phone>416-480-6100</phone>
      <phone_ext>6921</phone_ext>
      <email>donna.morgan1@sunnybrook.ca</email>
    </contact>
    <investigator>
      <last_name>Rossanna Pezo, Dr</last_name>
      <role>Sub-Investigator</role>
    </investigator>
  </location>
  <location>
    <facility>
      <name>Jewish General Hospital</name>
      <address>
        <city>Montreal</city>
        <state>Quebec</state>
        <zip>H3T 1E1</zip>
        <country>Canada</country>
      </address>
    </facility>
    <status>Recruiting</status>
    <contact>
      <last_name>Josiane Lafleur</last_name>
      <phone>514-340-8222</phone>
      <phone_ext>23365</phone_ext>
      <email>josiane.lafleur.jgh@gmail.com</email>
    </contact>
    <investigator>
      <last_name>Mark Basik, Dr</last_name>
      <role>Principal Investigator</role>
    </investigator>
  </location>
  <location_countries>
    <country>Canada</country>
  </location_countries>
  <verification_date>May 2021</verification_date>
  <study_first_submitted>April 30, 2021</study_first_submitted>
  <study_first_submitted_qc>April 30, 2021</study_first_submitted_qc>
  <study_first_posted type="Actual">May 5, 2021</study_first_posted>
  <last_update_submitted>May 4, 2021</last_update_submitted>
  <last_update_submitted_qc>May 4, 2021</last_update_submitted_qc>
  <last_update_posted type="Actual">May 7, 2021</last_update_posted>
  <responsible_party>
    <responsible_party_type>Principal Investigator</responsible_party_type>
    <investigator_affiliation>Jewish General Hospital</investigator_affiliation>
    <investigator_full_name>Mark Basik</investigator_full_name>
    <investigator_title>Breast Surgeon</investigator_title>
  </responsible_party>
  <keyword>Breast Cancer</keyword>
  <keyword>Liquid Biopsy</keyword>
  <keyword>Artificial Intelligence</keyword>
  <condition_browse>
    <!-- CAUTION:  The following MeSH terms are assigned with an imperfect algorithm            -->
    <mesh_term>Breast Neoplasms</mesh_term>
    <mesh_term>Triple Negative Breast Neoplasms</mesh_term>
  </condition_browse>
  <patient_data>
    <sharing_ipd>No</sharing_ipd>
  </patient_data>
  <!-- Results have not yet been posted for this study                                          -->
</clinical_study>

